step,type,amount,nameOrig,oldbalanceOrg,newbalanceOrig,nameDest,oldbalanceDest,newbalanceDest,isFraud,isFlaggedFraud,errorBalanceOrig,errorBalanceDest,transaction_id,user_id,payment_type,currency,is_synthetic_test_event,timestamp
11,PAYMENT,712.67,C883993370,2913.11,2200.44,M434889710,0.0,0.0,0,0,0.0,712.67,ef5afb92-d1a5-4cab-808b-111022f56479,C883993370,PAYMENT,USD,False,2026-10-01T11:00:00+00:00
28,PAYMENT,3582.75,C398552270,31310.42,27727.67,M966967595,0.0,0.0,0,0,0.0,3582.75,6f68f429-5012-43e9-86f7-d857461f794c,C398552270,PAYMENT,USD,False,2026-10-02T04:00:00+00:00
75,CASH_OUT,44349.32,C548371040,73607.92,29258.6,C310659326,18991.99,63341.31,0,0,0.0,0.0,816fb043-e407-47ea-84c3-df0f918817f7,C548371040,CASH_OUT,USD,False,2026-10-04T03:00:00+00:00
51,CASH_IN,19964.04,C556554255,5366.34,25330.38,C158662128,73090.5,53126.46,0,0,-39928.08,39928.08,4d4783ba-871c-47c8-bebe-84e5e51d9fd8,C556554255,CASH_IN,USD,False,2026-10-03T03:00:00+00:00
54,TRANSFER,62225.37,C449392419,83846.04,21620.67,C556195626,37178.87,99404.24,0,0,-0.0,0.0,361874e0-3dee-4d69-8a92-6cc1c8610c2a,C449392419,TRANSFER,USD,False,2026-10-03T06:00:00+00:00
77,CASH_IN,29957.17,C376689804,10121.72,40078.89,C858132279,4403.79,0.0,0,0,-59914.34,34360.96,932e52b4-32a8-45b9-9721-7a1430aad7c7,C376689804,CASH_IN,USD,False,2026-10-04T05:00:00+00:00
27,CASH_OUT,9003.31,C323296343,10051.09,1047.78,C731747336,1615.91,10619.22,0,0,0.0,0.0,8748219f-36a8-4daf-a1ad-59c68570fd3c,C323296343,CASH_OUT,USD,False,2026-10-02T03:00:00+00:00
54,CASH_OUT,81965.23,C888807316,229143.86,147178.63,C747737533,24411.47,106376.7,0,0,0.0,0.0,f1d3f80d-b988-4548-b1a9-48056bc96b16,C888807316,CASH_OUT,USD,False,2026-10-03T06:00:00+00:00
9,CASH_IN,27954.73,C501325710,3756.56,31711.29,C207203508,99353.54,71398.81,0,0,-55909.46,55909.46,84b25d7a-f057-483a-99af-c319ab165fe0,C501325710,CASH_IN,USD,False,2026-10-01T09:00:00+00:00
26,CASH_OUT,6667.28,C265004433,12243.96,5576.68,C305843534,35580.16,42247.44,0,0,-0.0,0.0,6f4971c1-c03a-4f61-a373-149979969606,C265004433,CASH_OUT,USD,False,2026-10-02T02:00:00+00:00
18,PAYMENT,972.35,C711275724,8200.12,7227.77,M958426164,0.0,0.0,0,0,0.0,972.35,3a31701f-5a89-458e-8539-5104f688c880,C711275724,PAYMENT,USD,False,2026-10-01T18:00:00+00:00
4,PAYMENT,2651.61,C234015614,4635.84,1984.23,M552351635,0.0,0.0,0,0,0.0,2651.61,2e9c0ca5-6a41-4d5e-a1a4-aa8fd9956a5a,C234015614,PAYMENT,USD,False,2026-10-01T04:00:00+00:00
61,TRANSFER,28977.91,C590433737,52362.58,23384.67,C359248723,29214.71,58192.62,0,0,0.0,-0.0,aea93005-e6cc-4b44-bba2-8c000efbb12a,C590433737,TRANSFER,USD,False,2026-10-03T13:00:00+00:00
76,CASH_IN,5857.6,C617511527,7653.46,13511.06,C172535838,79076.95,73219.35,0,0,-11715.2,11715.2,84af186b-9465-4008-bfb1-c81ef1f80e3c,C617511527,CASH_IN,USD,False,2026-10-04T04:00:00+00:00
3,PAYMENT,1880.75,C417327448,9749.46,7868.71,M674932626,0.0,0.0,0,0,-0.0,1880.75,9710d43e-a2d6-45ed-9a6b-4d5983e7c0fa,C417327448,PAYMENT,USD,False,2026-10-01T03:00:00+00:00
69,CASH_IN,33043.62,C180133173,6590.89,39634.51,C212022836,29543.35,0.0,0,0,-66087.24,62586.97,72048316-7306-44ed-8272-cf64024a9c86,C180133173,CASH_IN,USD,False,2026-10-03T21:00:00+00:00
62,CASH_OUT,6115.33,C422308625,15449.44,9334.11,C351580981,45043.28,51158.61,0,0,0.0,0.0,550afb83-51ce-47fd-bd6f-2f938524245e,C422308625,CASH_OUT,USD,False,2026-10-03T14:00:00+00:00
36,PAYMENT,4634.31,C814585584,18084.3,13449.99,M527990502,0.0,0.0,0,0,-0.0,4634.31,8678402c-e049-4e25-9b67-a617c8ebbe8e,C814585584,PAYMENT,USD,False,2026-10-02T12:00:00+00:00
19,PAYMENT,2999.19,C469989543,16555.06,13555.87,M772558716,0.0,0.0,0,0,0.0,2999.19,a0b8fcd3-47a3-4220-8da8-93539fc32f98,C469989543,PAYMENT,USD,False,2026-10-01T19:00:00+00:00
72,PAYMENT,4175.39,C886517796,22138.44,17963.05,M913643760,0.0,0.0,0,0,0.0,4175.39,d27ace97-96f2-4cb0-9ad6-c1d5e7751ff8,C886517796,PAYMENT,USD,False,2026-10-04T00:00:00+00:00
44,CASH_IN,38611.79,C623293606,13264.96,51876.75,C589965577,67133.26,28521.47,0,0,-77223.58,77223.58,a735801e-945a-4593-adfd-3f0bf30186c5,C623293606,CASH_IN,USD,False,2026-10-02T20:00:00+00:00
80,PAYMENT,880.46,C493454438,6465.98,5585.52,M699996680,0.0,0.0,0,0,-0.0,880.46,39e6e79c-fbb2-49eb-ace4-ebcf97088b80,C493454438,PAYMENT,USD,False,2026-10-04T08:00:00+00:00
79,TRANSFER,224147.99,C402354833,868139.36,643991.37,C459179236,73882.37,298030.36,0,0,0.0,0.0,01fa04c5-275c-4df8-aaed-b16209d847ad,C402354833,TRANSFER,USD,False,2026-10-04T07:00:00+00:00
98,CASH_OUT,13300.16,C588365604,21899.35,8599.19,C371011200,48509.24,61809.4,0,0,-0.0,-0.0,1f7a97f0-fdec-4c29-8594-bc85b1519656,C588365604,CASH_OUT,USD,False,2026-10-05T02:00:00+00:00
48,CASH_IN,18770.49,C294200673,6340.51,25111.0,C979364546,29354.61,10584.12,0,0,-37540.98,37540.98,8b9c2042-dd6a-4da1-9cfe-a1dfc0130121,C294200673,CASH_IN,USD,False,2026-10-03T00:00:00+00:00
35,CASH_OUT,61341.45,C871245472,165958.29,104616.84,C382525328,31929.7,93271.15,0,0,0.0,0.0,0c47b84e-b87a-4235-8c50-233d7868c957,C871245472,CASH_OUT,USD,False,2026-10-02T11:00:00+00:00
42,DEBIT,1055.7,C613646933,5095.59,4039.89,C436889280,2352.35,3408.05,0,0,0.0,0.0,3ef40d99-d43e-4222-9e25-3bd5f5e9feea,C613646933,DEBIT,USD,False,2026-10-02T18:00:00+00:00
35,CASH_OUT,7943.85,C849755715,10363.75,2419.9,C263085781,32381.51,40325.36,0,0,-0.0,0.0,ac0f790b-6014-4dc8-99cf-b93afab07dc6,C849755715,CASH_OUT,USD,False,2026-10-02T11:00:00+00:00
73,CASH_IN,23018.82,C814025317,10651.81,33670.63,C406770994,46567.31,23548.49,0,0,-46037.64,46037.64,61c6346d-020e-4b73-b682-ffa30b9ad494,C814025317,CASH_IN,USD,False,2026-10-04T01:00:00+00:00
25,TRANSFER,4906.51,C557739343,6245.04,1338.53,C314365568,4076.43,8982.94,0,0,-0.0,0.0,54d86a65-4cca-49ae-bcaf-059e424af02b,C557739343,TRANSFER,USD,False,2026-10-02T01:00:00+00:00
34,CASH_IN,45087.0,C735917832,9961.2,55048.2,C873742895,13725.03,0.0,0,0,-90174.0,58812.03,7697df2b-2d60-47c6-8953-0c4064d762ab,C735917832,CASH_IN,USD,False,2026-10-02T10:00:00+00:00
87,CASH_IN,19223.12,C456192204,2799.01,22022.13,C894295332,98859.32,79636.2,0,0,-38446.24,38446.24,ea59ff5d-d5b7-4691-9aee-0e3a0d7ebfa9,C456192204,CASH_IN,USD,False,2026-10-04T15:00:00+00:00
36,DEBIT,1462.15,C894109265,3813.08,2350.93,C792623829,1948.73,3410.88,0,0,0.0,0.0,be926b00-6699-4bcb-8356-5a3347df8d17,C894109265,DEBIT,USD,False,2026-10-02T12:00:00+00:00
22,CASH_IN,46106.8,C363801051,5749.47,51856.27,C193619024,57766.37,11659.57,0,0,-92213.6,92213.6,013c2d75-f0cc-4c7a-8753-d579e40e1712,C363801051,CASH_IN,USD,False,2026-10-01T22:00:00+00:00
2,PAYMENT,1887.76,C749096700,5111.97,3224.21,M587065766,0.0,0.0,0,0,0.0,1887.76,ba696426-2da6-4204-8318-b75c3d470b40,C749096700,PAYMENT,USD,False,2026-10-01T02:00:00+00:00
47,CASH_IN,48278.03,C659350437,3346.36,51624.39,C544517369,85566.97,37288.94,0,0,-96556.06,96556.06,08180865-d1dd-4a5e-a72c-2f90d027a89b,C659350437,CASH_IN,USD,False,2026-10-02T23:00:00+00:00
15,CASH_OUT,136386.81,C257460250,342514.61,206127.8,C204226974,6779.94,143166.75,0,0,0.0,0.0,61c38912-ff33-4a76-80a2-17851689ccd6,C257460250,CASH_OUT,USD,False,2026-10-01T15:00:00+00:00
96,CASH_OUT,48012.47,C118756147,50325.49,2313.02,C732679040,38284.51,86296.98,0,0,-0.0,0.0,45d8ec8e-78db-49fa-888e-73a337d88fb8,C118756147,CASH_OUT,USD,False,2026-10-05T00:00:00+00:00
93,CASH_OUT,25400.69,C239652351,70497.77,45097.08,C367475998,45852.66,71253.35,0,0,0.0,0.0,1e4adcfe-5779-4a18-bd45-bed23da0fe3e,C239652351,CASH_OUT,USD,False,2026-10-04T21:00:00+00:00
96,PAYMENT,2918.8,C969988383,9420.88,6502.08,M482906258,0.0,0.0,0,0,-0.0,2918.8,4c04cd5c-6fc9-4974-8842-7792ff3f7841,C969988383,PAYMENT,USD,False,2026-10-05T00:00:00+00:00
88,PAYMENT,1411.18,C192884274,6255.37,4844.19,M569951184,0.0,0.0,0,0,0.0,1411.18,7cb67546-ba07-4c3e-993a-9625c1cdd40d,C192884274,PAYMENT,USD,False,2026-10-04T16:00:00+00:00
50,CASH_IN,38132.78,C941961746,15340.32,53473.1,C648406718,81732.46,43599.68,0,0,-76265.56,76265.56,f35def2c-ebb3-43b3-b748-d6d15ede9732,C941961746,CASH_IN,USD,False,2026-10-03T02:00:00+00:00
66,CASH_OUT,80116.76,C142188165,232201.37,152084.61,C629346462,29705.93,109822.69,0,0,0.0,0.0,a7cdde22-b85f-4b1a-8014-ad3a01371471,C142188165,CASH_OUT,USD,False,2026-10-03T18:00:00+00:00
6,CASH_OUT,130999.56,C852595857,321043.71,190044.15,C571146233,10860.83,141860.39,0,0,0.0,-0.0,84c04d8a-ab4b-490e-a4ac-be62240fd576,C852595857,CASH_OUT,USD,False,2026-10-01T06:00:00+00:00
7,CASH_OUT,107703.08,C190761870,306512.75,198809.67,C388224594,31476.45,139179.53,0,0,-0.0,0.0,02d3fc42-5c98-4bc8-8990-4c1000ee1712,C190761870,CASH_OUT,USD,False,2026-10-01T07:00:00+00:00
70,CASH_OUT,89745.7,C186373782,221588.22,131842.52,C563887247,30185.68,119931.38,0,0,0.0,0.0,ec9afeeb-ac3a-44bc-ab9b-1e9464e1416a,C186373782,CASH_OUT,USD,False,2026-10-03T22:00:00+00:00
50,CASH_OUT,106254.65,C258120538,263591.03,157336.38,C116989506,35600.74,141855.39,0,0,0.0,-0.0,665f62db-faad-4a8b-ba09-36ae99d1d112,C258120538,CASH_OUT,USD,False,2026-10-03T02:00:00+00:00
60,PAYMENT,1924.32,C909547419,11625.93,9701.61,M736220988,0.0,0.0,0,0,0.0,1924.32,582889de-3b3d-4970-94a0-f2b0d04209c3,C909547419,PAYMENT,USD,False,2026-10-03T12:00:00+00:00
41,TRANSFER,440199.96,C544343478,440199.96,0.0,C596542717,74.75,440274.71,1,0,0.0,0.0,d206dd07-70bd-4967-9da3-cc56f9614d77,C544343478,TRANSFER,USD,False,2026-10-02T17:00:00+00:00
61,CASH_OUT,142523.95,C901972909,176977.86,34453.91,C224504262,37997.77,180521.72,0,0,-0.0,0.0,5ea58c6e-6b67-4241-9d83-05ae6ab1f676,C901972909,CASH_OUT,USD,False,2026-10-03T13:00:00+00:00
6,PAYMENT,1537.67,C960734521,4714.74,3177.07,M786298234,0.0,0.0,0,0,-0.0,1537.67,fd1ec093-a7a7-4e1d-a345-2524f6c9f7ac,C960734521,PAYMENT,USD,False,2026-10-01T06:00:00+00:00
70,CASH_OUT,5654.6,C510453846,6856.78,1202.18,C213568279,33370.74,39025.34,0,0,-0.0,0.0,e2a4d2bd-a5a6-4501-a602-371aafbc9a90,C510453846,CASH_OUT,USD,False,2026-10-03T22:00:00+00:00
68,CASH_OUT,120225.48,C729949812,125803.73,5578.25,C676427933,20257.59,140483.07,0,0,0.0,0.0,d8e749e4-96ec-40fd-ab8f-15d46474c4b4,C729949812,CASH_OUT,USD,False,2026-10-03T20:00:00+00:00
58,PAYMENT,4357.38,C152042316,8284.07,3926.69,M436695455,0.0,0.0,0,0,-0.0,4357.38,0b0b388b-2b7a-4e71-a712-5ec61bc79cf8,C152042316,PAYMENT,USD,False,2026-10-03T10:00:00+00:00
29,PAYMENT,2308.13,C300612515,17437.71,15129.58,M744338106,0.0,0.0,0,0,-0.0,2308.13,88fb1e92-f10d-402f-95b1-7cc7e7cb2cb2,C300612515,PAYMENT,USD,False,2026-10-02T05:00:00+00:00
3,PAYMENT,4088.41,C290840712,26453.64,22365.23,M838054504,0.0,0.0,0,0,0.0,4088.41,51842814-96ba-482d-89ac-aa6c613e8b03,C290840712,PAYMENT,USD,False,2026-10-01T03:00:00+00:00
13,CASH_OUT,49215.31,C379071239,54708.86,5493.55,C743701616,24275.41,73490.72,0,0,0.0,0.0,b4d10926-2bb3-4b53-b541-1fd504e914dc,C379071239,CASH_OUT,USD,False,2026-10-01T13:00:00+00:00
89,CASH_IN,35824.28,C302219015,19385.61,55209.89,C952115057,80193.59,44369.31,0,0,-71648.56,71648.56,459fabb6-f60d-4ba2-8912-f10d98fc5a6b,C302219015,CASH_IN,USD,False,2026-10-04T17:00:00+00:00
8,CASH_IN,6169.03,C598050069,16110.18,22279.21,C512611145,75715.17,69546.14,0,0,-12338.06,12338.06,1b5a9f87-a58d-4b51-931a-2439187be505,C598050069,CASH_IN,USD,False,2026-10-01T08:00:00+00:00
16,PAYMENT,3129.24,C536793882,3292.97,163.73,M438122827,0.0,0.0,0,0,0.0,3129.24,c70d8475-b4ba-4137-9f2f-2978123ba2fb,C536793882,PAYMENT,USD,False,2026-10-01T16:00:00+00:00
10,CASH_OUT,98604.26,C676005280,183911.79,85307.53,C868926861,15797.14,114401.4,0,0,0.0,0.0,54e73729-66ad-48a7-ab84-b5dff9cdd68c,C676005280,CASH_OUT,USD,False,2026-10-01T10:00:00+00:00
20,CASH_OUT,19024.32,C139749508,31656.27,12631.95,C733701411,5018.23,24042.55,0,0,0.0,0.0,5df679df-5905-4741-aa71-f9cfdf7ef280,C139749508,CASH_OUT,USD,False,2026-10-01T20:00:00+00:00
84,CASH_OUT,55619.58,C551706031,133224.78,77605.2,C146641502,21447.81,77067.39,0,0,0.0,0.0,49688fc4-d094-4feb-9ae4-cff44502dc1a,C551706031,CASH_OUT,USD,False,2026-10-04T12:00:00+00:00
61,PAYMENT,2291.04,C788218722,16680.1,14389.06,M792414545,0.0,0.0,0,0,-0.0,2291.04,2c5d198f-b350-405b-85ee-39cd62d16fce,C788218722,PAYMENT,USD,False,2026-10-03T13:00:00+00:00
49,TRANSFER,333121.18,C546981755,333121.18,0.0,C189010628,2368.18,335489.36,1,0,0.0,0.0,4db7c8b5-6b79-41cc-81a0-14ae1c13793c,C546981755,TRANSFER,USD,False,2026-10-03T01:00:00+00:00
43,TRANSFER,149791.1,C171924274,554823.94,405032.84,C784635297,58290.04,208081.14,0,0,-0.0,0.0,15769d8c-60d4-4af3-b892-8623aae116b7,C171924274,TRANSFER,USD,False,2026-10-02T19:00:00+00:00
14,PAYMENT,1798.0,C714097318,17861.74,16063.74,M417690559,0.0,0.0,0,0,0.0,1798.0,913fa4fc-0552-4818-9cc5-f6b837ae8716,C714097318,PAYMENT,USD,False,2026-10-01T14:00:00+00:00
67,PAYMENT,4662.03,C433913647,40247.85,35585.82,M837716816,0.0,0.0,0,0,0.0,4662.03,cc0e450c-4a54-4013-a1c1-00bf58f0a5e9,C433913647,PAYMENT,USD,False,2026-10-03T19:00:00+00:00
30,PAYMENT,510.98,C428388010,926.86,415.88,M875177891,0.0,0.0,0,0,0.0,510.98,4db0bea3-256c-468c-8a0d-bf59aeff14c1,C428388010,PAYMENT,USD,False,2026-10-02T06:00:00+00:00
49,TRANSFER,267436.36,C595097385,267436.36,0.0,C726177624,4228.57,271664.93,1,0,0.0,0.0,8de808e3-66fe-4d1a-8585-e1b41cfa8ddd,C595097385,TRANSFER,USD,False,2026-10-03T01:00:00+00:00
68,CASH_IN,12416.69,C447874612,8203.94,20620.63,C576812652,99342.43,86925.74,0,0,-24833.38,24833.38,ec3a1b70-d21a-426f-bc94-db79ae052135,C447874612,CASH_IN,USD,False,2026-10-03T20:00:00+00:00
58,PAYMENT,2228.33,C865975088,18483.15,16254.82,M194264587,0.0,0.0,0,0,0.0,2228.33,d3cc7e78-94c9-4ac8-9194-b8d11c7c9619,C865975088,PAYMENT,USD,False,2026-10-03T10:00:00+00:00
25,CASH_IN,12708.6,C624218465,12530.74,25239.34,C111198809,40151.38,27442.78,0,0,-25417.2,25417.2,53a31bbe-8a81-466e-be25-948b39555989,C624218465,CASH_IN,USD,False,2026-10-02T01:00:00+00:00
73,TRANSFER,816436.88,C992085406,816436.88,0.0,C209452620,4021.19,820458.07,1,0,0.0,0.0,f46f627f-6812-47f7-9986-17d48b94ffc8,C992085406,TRANSFER,USD,False,2026-10-04T01:00:00+00:00
61,TRANSFER,132356.89,C699267885,308513.55,176156.66,C998851802,59574.19,191931.08,0,0,-0.0,0.0,d06553cd-5dfa-4fa1-8dfc-6f144201b58a,C699267885,TRANSFER,USD,False,2026-10-03T13:00:00+00:00
10,CASH_IN,13157.63,C807878474,9675.13,22832.76,C676126506,18121.93,4964.3,0,0,-26315.26,26315.26,76d7c193-8328-4570-a4f5-a1d07c28ce09,C807878474,CASH_IN,USD,False,2026-10-01T10:00:00+00:00
65,CASH_OUT,87325.38,C972568129,221666.79,134341.41,C535009817,10638.03,97963.41,0,0,0.0,0.0,92d1eacf-6182-45b2-ba9b-ffac4d1d77cb,C972568129,CASH_OUT,USD,False,2026-10-03T17:00:00+00:00
60,PAYMENT,3552.49,C288060513,11488.52,7936.03,M866039298,0.0,0.0,0,0,0.0,3552.49,c8aa59c0-0c0a-4dea-8477-c23bb1dc5916,C288060513,PAYMENT,USD,False,2026-10-03T12:00:00+00:00
1,CASH_IN,2812.61,C533878789,7072.24,9884.85,C538932531,80731.7,77919.09,0,0,-5625.22,5625.22,1f171a60-18e6-42fc-8043-f44305268fb3,C533878789,CASH_IN,USD,False,2026-10-01T01:00:00+00:00
7,PAYMENT,3252.24,C653444307,15950.26,12698.02,M737150229,0.0,0.0,0,0,0.0,3252.24,4cb3f43e-1e2e-4e56-ae4b-9ce56124be3e,C653444307,PAYMENT,USD,False,2026-10-01T07:00:00+00:00
43,CASH_IN,37400.16,C570979210,15891.21,53291.37,C502361074,53171.37,15771.21,0,0,-74800.32,74800.32,a10c8fe6-80ab-4634-a597-3b753dbab8e0,C570979210,CASH_IN,USD,False,2026-10-02T19:00:00+00:00
71,PAYMENT,4013.66,C749978386,17488.45,13474.79,M344998923,0.0,0.0,0,0,0.0,4013.66,582f05f5-6148-4c75-8ee9-a4fc22d1e05d,C749978386,PAYMENT,USD,False,2026-10-03T23:00:00+00:00
80,CASH_OUT,10109.12,C267990152,21414.27,11305.15,C783268661,11301.48,21410.6,0,0,0.0,0.0,129ddf7a-9894-4a48-82a9-3cdae6b3c18f,C267990152,CASH_OUT,USD,False,2026-10-04T08:00:00+00:00
59,CASH_IN,40935.73,C120916084,4172.18,45107.91,C317124660,71950.6,31014.87,0,0,-81871.46,81871.46,0294dd48-2a9b-42f9-b299-2efb0cca3d38,C120916084,CASH_IN,USD,False,2026-10-03T11:00:00+00:00
25,PAYMENT,1599.15,C671526798,11258.2,9659.05,M573644294,0.0,0.0,0,0,0.0,1599.15,43b54b7f-d98b-4544-83b6-78723eceaa6e,C671526798,PAYMENT,USD,False,2026-10-02T01:00:00+00:00
68,TRANSFER,28572.02,C871767632,89252.02,60680.0,C626485141,65400.02,93972.04,0,0,0.0,0.0,c1b90f53-e14f-4cd6-b4db-f02eb3f21d67,C871767632,TRANSFER,USD,False,2026-10-03T20:00:00+00:00
2,PAYMENT,4755.08,C832934806,47499.71,42744.63,M191844510,0.0,0.0,0,0,0.0,4755.08,3275753f-1bdd-42c5-9ff8-e8b4e3df30cb,C832934806,PAYMENT,USD,False,2026-10-01T02:00:00+00:00
48,CASH_IN,15132.13,C117385244,10041.7,25173.83,C429601610,86908.06,71775.93,0,0,-30264.26,30264.26,a6c3a78e-6308-443b-94c3-e5be1577d3cb,C117385244,CASH_IN,USD,False,2026-10-03T00:00:00+00:00
40,CASH_OUT,89958.81,C717352585,160381.27,70422.46,C391004031,37651.92,127610.73,0,0,-0.0,0.0,c383c5e7-35b2-467a-a3e4-2af4f8fd6b23,C717352585,CASH_OUT,USD,False,2026-10-02T16:00:00+00:00
53,PAYMENT,4731.58,C148690765,47142.37,42410.79,M426808977,0.0,0.0,0,0,0.0,4731.58,aa2a54e8-46bb-48b6-85bb-392dbbb92bcd,C148690765,PAYMENT,USD,False,2026-10-03T05:00:00+00:00
54,PAYMENT,389.22,C940381893,3696.81,3307.59,M370260533,0.0,0.0,0,0,0.0,389.22,7bf58802-65bd-4cce-90bf-191cb7c7c8b0,C940381893,PAYMENT,USD,False,2026-10-03T06:00:00+00:00
99,PAYMENT,4806.39,C464707961,34290.48,29484.09,M592684748,0.0,0.0,0,0,0.0,4806.39,9256afcb-6b73-4f18-b77c-bfbb2fba569f,C464707961,PAYMENT,USD,False,2026-10-05T03:00:00+00:00
31,PAYMENT,1370.48,C911905612,12393.41,11022.93,M576797391,0.0,0.0,0,0,0.0,1370.48,1e75a27a-4376-4807-acac-0ea3c4d31f28,C911905612,PAYMENT,USD,False,2026-10-02T07:00:00+00:00
23,PAYMENT,3360.39,C232506072,26078.67,22718.28,M845945754,0.0,0.0,0,0,0.0,3360.39,848772c9-78b2-497e-b470-a22a8e4e2ee7,C232506072,PAYMENT,USD,False,2026-10-01T23:00:00+00:00
26,CASH_IN,16757.56,C375176652,17958.56,34716.12,C451175939,39870.61,23113.05,0,0,-33515.12,33515.12,195a831c-de61-44ee-83d6-eac209899d44,C375176652,CASH_IN,USD,False,2026-10-02T02:00:00+00:00
89,CASH_IN,18145.38,C538994061,8521.43,26666.81,C266192234,58951.65,40806.27,0,0,-36290.76,36290.76,918278da-7bcb-47e8-8baf-691813ac0c64,C538994061,CASH_IN,USD,False,2026-10-04T17:00:00+00:00
11,CASH_OUT,27149.3,C283545717,46116.01,18966.71,C775571436,33694.15,60843.45,0,0,0.0,0.0,b8b63c01-fa0b-40dc-925c-f18b044e4833,C283545717,CASH_OUT,USD,False,2026-10-01T11:00:00+00:00
74,CASH_IN,42862.7,C330122826,4502.24,47364.94,C795118868,21466.37,0.0,0,0,-85725.4,64329.07,acaa76e3-e9cf-475a-a500-8cc08023a36e,C330122826,CASH_IN,USD,False,2026-10-04T02:00:00+00:00
92,CASH_OUT,127871.06,C335168266,311222.69,183351.63,C240214044,24901.35,152772.41,0,0,0.0,0.0,1a09e13f-9807-4aad-8fc8-763bf6157d1c,C335168266,CASH_OUT,USD,False,2026-10-04T20:00:00+00:00
13,PAYMENT,2120.94,C758788486,20425.36,18304.42,M617515162,0.0,0.0,0,0,0.0,2120.94,304c8730-179f-4382-a0b7-a75269f8df1d,C758788486,PAYMENT,USD,False,2026-10-01T13:00:00+00:00
11,CASH_IN,32676.04,C836238982,13289.45,45965.49,C268344618,58940.32,26264.28,0,0,-65352.08,65352.08,53e7bc63-f170-4cfb-8824-9960fdfb16b0,C836238982,CASH_IN,USD,False,2026-10-01T11:00:00+00:00
44,PAYMENT,1687.19,C907031284,15691.77,14004.58,M909485041,0.0,0.0,0,0,0.0,1687.19,5280fe48-b62d-4e6f-80a2-1447058feaa5,C907031284,PAYMENT,USD,False,2026-10-02T20:00:00+00:00
4,PAYMENT,1392.47,C962792554,3597.96,2205.49,M691316191,0.0,0.0,0,0,0.0,1392.47,e472dbcd-e65c-43b3-862f-b77bf976200f,C962792554,PAYMENT,USD,False,2026-10-01T04:00:00+00:00
89,PAYMENT,626.81,C412293724,4652.69,4025.88,M475057454,0.0,0.0,0,0,-0.0,626.81,c98157d8-d1b0-46ce-a3ac-5385c635fa91,C412293724,PAYMENT,USD,False,2026-10-04T17:00:00+00:00
100,PAYMENT,2024.04,C561574330,19523.19,17499.15,M701133026,0.0,0.0,0,0,-0.0,2024.04,165e61a1-b16e-4ace-a103-9f9e65723ddd,C561574330,PAYMENT,USD,False,2026-10-05T04:00:00+00:00
55,CASH_OUT,123484.59,C337308920,145571.11,22086.52,C501223842,41452.95,164937.54,0,0,-0.0,-0.0,eb10f29c-be90-4081-aaff-e1ac735e0e81,C337308920,CASH_OUT,USD,False,2026-10-03T07:00:00+00:00
19,CASH_IN,31660.09,C992652729,16848.96,48509.05,C517256515,30357.24,0.0,0,0,-63320.18,62017.33,54c34398-5458-409d-856c-70dbc8b8376b,C992652729,CASH_IN,USD,False,2026-10-01T19:00:00+00:00
51,PAYMENT,4921.88,C832487266,20179.26,15257.38,M161676939,0.0,0.0,0,0,-0.0,4921.88,66c39fa1-7711-4a34-8d9e-009e7739118f,C832487266,PAYMENT,USD,False,2026-10-03T03:00:00+00:00
4,CASH_OUT,81882.06,C773412230,238547.03,156664.97,C789242701,24147.24,106029.3,0,0,0.0,0.0,51b6b61b-d1ff-4be1-b5a3-0557202bae4d,C773412230,CASH_OUT,USD,False,2026-10-01T04:00:00+00:00
58,CASH_IN,43081.67,C898493949,5183.83,48265.5,C583258726,25476.73,0.0,0,0,-86163.34,68558.4,98c52f52-84b7-463f-8ecf-8052d8e54a1e,C898493949,CASH_IN,USD,False,2026-10-03T10:00:00+00:00
63,PAYMENT,3503.78,C474628744,20896.12,17392.34,M402791679,0.0,0.0,0,0,0.0,3503.78,ff802a74-6adc-4256-97e9-adff87348534,C474628744,PAYMENT,USD,False,2026-10-03T15:00:00+00:00
54,PAYMENT,2991.69,C730479792,8586.31,5594.62,M254231505,0.0,0.0,0,0,-0.0,2991.69,effd951b-55b4-400c-b5db-982207045faa,C730479792,PAYMENT,USD,False,2026-10-03T06:00:00+00:00
10,PAYMENT,4554.5,C984761546,30984.77,26430.27,M713634721,0.0,0.0,0,0,0.0,4554.5,6e03c9f0-0ccf-411b-9649-192672df17c2,C984761546,PAYMENT,USD,False,2026-10-01T10:00:00+00:00
15,CASH_OUT,126880.36,C595254481,321753.75,194873.39,C403071541,30222.01,157102.37,0,0,0.0,0.0,efb9920c-b07b-4e35-a730-0d4c9bbbb1a1,C595254481,CASH_OUT,USD,False,2026-10-01T15:00:00+00:00
28,PAYMENT,1657.75,C537656494,7861.0,6203.25,M600282414,0.0,0.0,0,0,0.0,1657.75,8c0c5493-4d00-4854-a4a2-ffa6e39860d9,C537656494,PAYMENT,USD,False,2026-10-02T04:00:00+00:00
48,CASH_OUT,21313.49,C278182815,50513.99,29200.5,C661836740,40140.69,61454.18,0,0,-0.0,0.0,915ad068-8a46-4f5b-bde8-cec19eade2c9,C278182815,CASH_OUT,USD,False,2026-10-03T00:00:00+00:00
4,CASH_IN,23946.95,C276357223,19.56,23966.51,C340233288,67103.92,43156.97,0,0,-47893.9,47893.9,9ef84b1e-c2f7-4fcb-b5e9-63173668f00b,C276357223,CASH_IN,USD,False,2026-10-01T04:00:00+00:00
27,PAYMENT,2624.36,C808207780,3981.36,1357.0,M588191420,0.0,0.0,0,0,0.0,2624.36,e3390dff-ffc2-4819-85a1-2850b4855fee,C808207780,PAYMENT,USD,False,2026-10-02T03:00:00+00:00
4,PAYMENT,3109.54,C990389081,25011.63,21902.09,M559077447,0.0,0.0,0,0,0.0,3109.54,db8d16a5-a4c2-46ae-a743-a80a15904839,C990389081,PAYMENT,USD,False,2026-10-01T04:00:00+00:00
66,CASH_OUT,69752.01,C201451808,149057.01,79305.0,C873426975,12669.02,82421.03,0,0,0.0,0.0,2c4fc256-5534-428f-99df-fb2a14bcf967,C201451808,CASH_OUT,USD,False,2026-10-03T18:00:00+00:00
16,CASH_OUT,9257.23,C851739050,13625.72,4368.49,C633074594,20254.23,29511.46,0,0,0.0,0.0,ca272313-d447-49b4-b002-13a0d78516c6,C851739050,CASH_OUT,USD,False,2026-10-01T16:00:00+00:00
61,CASH_OUT,119368.2,C472928235,316024.67,196656.47,C799582326,25231.98,144600.18,0,0,-0.0,0.0,0e2458e1-52ce-4207-8d61-d09f20d58407,C472928235,CASH_OUT,USD,False,2026-10-03T13:00:00+00:00
95,DEBIT,860.16,C773393647,1168.34,308.18,C476719621,243.89,1104.05,0,0,-0.0,0.0,fbdc44e0-11df-4049-a206-85eaf694a058,C773393647,DEBIT,USD,False,2026-10-04T23:00:00+00:00
22,CASH_OUT,77366.26,C404713332,173186.04,95819.78,C779615069,4669.36,82035.62,0,0,0.0,0.0,a75a647a-b5b4-4c15-ab19-5af00e24d552,C404713332,CASH_OUT,USD,False,2026-10-01T22:00:00+00:00
63,PAYMENT,2383.72,C895948448,12136.01,9752.29,M398902947,0.0,0.0,0,0,0.0,2383.72,e9ae852c-609a-4ba2-9b10-5e687f5fc6b1,C895948448,PAYMENT,USD,False,2026-10-03T15:00:00+00:00
21,CASH_OUT,32803.65,C670034425,34717.52,1913.87,C943057199,12397.07,45200.72,0,0,-0.0,0.0,01d92ae5-8bda-43f6-a4af-c3aa344b8464,C670034425,CASH_OUT,USD,False,2026-10-01T21:00:00+00:00
91,PAYMENT,633.28,C443527807,2745.62,2112.34,M656046834,0.0,0.0,0,0,0.0,633.28,906c0ab4-1412-41ad-8bfc-65fe64e0e3ee,C443527807,PAYMENT,USD,False,2026-10-04T19:00:00+00:00
13,CASH_IN,23501.05,C875685667,18286.61,41787.66,C443847870,37699.79,14198.74,0,0,-47002.1,47002.1,20d39655-450d-4eac-8b3b-ac4eb5130739,C875685667,CASH_IN,USD,False,2026-10-01T13:00:00+00:00
33,CASH_OUT,133608.82,C407133414,169170.35,35561.53,C743594369,28114.56,161723.38,0,0,0.0,0.0,74bc5357-4926-42b8-bd31-78b53eaa200c,C407133414,CASH_OUT,USD,False,2026-10-02T09:00:00+00:00
84,PAYMENT,4269.88,C256094585,26485.36,22215.48,M816182084,0.0,0.0,0,0,0.0,4269.88,3ef7e9ab-a66b-48cc-8820-4591ec9dd232,C256094585,PAYMENT,USD,False,2026-10-04T12:00:00+00:00
93,CASH_OUT,19893.61,C267374517,46756.84,26863.23,C174353909,19539.58,39433.19,0,0,-0.0,0.0,5a31343d-6a96-46b8-8ea9-16fb0ba2ad32,C267374517,CASH_OUT,USD,False,2026-10-04T21:00:00+00:00
35,PAYMENT,4723.14,C825656872,17709.54,12986.4,M373229374,0.0,0.0,0,0,0.0,4723.14,7d6d1235-a292-4b4d-bf13-b82bffdf521d,C825656872,PAYMENT,USD,False,2026-10-02T11:00:00+00:00
47,CASH_OUT,69014.93,C989817696,129125.16,60110.23,C264272995,36689.77,105704.7,0,0,0.0,-0.0,98bb30fd-d929-434d-980e-f6d79dd9818b,C989817696,CASH_OUT,USD,False,2026-10-02T23:00:00+00:00
61,CASH_OUT,113636.91,C514565115,247628.71,133991.8,C839219373,28009.38,141646.29,0,0,0.0,0.0,393f0a7f-9372-4d22-865f-e2e7af63e597,C514565115,CASH_OUT,USD,False,2026-10-03T13:00:00+00:00
61,PAYMENT,2338.33,C858021852,23282.32,20943.99,M224579869,0.0,0.0,0,0,-0.0,2338.33,71a6557e-8316-404a-a56a-34a2a5031cc7,C858021852,PAYMENT,USD,False,2026-10-03T13:00:00+00:00
34,PAYMENT,1574.35,C869005091,7182.3,5607.95,M385201412,0.0,0.0,0,0,0.0,1574.35,a4a3be50-7fa6-41e5-bf9f-fe411cfe2d5a,C869005091,PAYMENT,USD,False,2026-10-02T10:00:00+00:00
40,TRANSFER,129124.49,C790387684,491479.21,362354.72,C138041733,71399.51,200524.0,0,0,0.0,0.0,50170ce2-2788-490a-b41f-fe34c55f470d,C790387684,TRANSFER,USD,False,2026-10-02T16:00:00+00:00
34,CASH_IN,17928.2,C316544937,5907.02,23835.22,C539972403,4901.17,0.0,0,0,-35856.4,22829.37,6a487c58-ac4b-4868-9da7-165e10566661,C316544937,CASH_IN,USD,False,2026-10-02T10:00:00+00:00
69,CASH_OUT,13657.22,C628236720,22747.5,9090.28,C842798005,11190.31,24847.53,0,0,0.0,0.0,df63e8dd-3ab3-441a-a1e3-8a9861731d0d,C628236720,CASH_OUT,USD,False,2026-10-03T21:00:00+00:00
64,PAYMENT,2037.32,C421929419,20029.47,17992.15,M128075963,0.0,0.0,0,0,0.0,2037.32,b3895d6b-46a0-4613-84ae-a3885f143b19,C421929419,PAYMENT,USD,False,2026-10-03T16:00:00+00:00
40,DEBIT,1101.87,C842554204,1437.83,335.96,C173647708,862.29,1964.16,0,0,0.0,-0.0,2cd7742a-ff6f-4606-a71b-2217e64fa13d,C842554204,DEBIT,USD,False,2026-10-02T16:00:00+00:00
99,CASH_OUT,85465.28,C432423268,252097.58,166632.3,C950724093,9722.55,95187.83,0,0,0.0,0.0,1332d861-05df-479c-a14b-1c4ca633f733,C432423268,CASH_OUT,USD,False,2026-10-05T03:00:00+00:00
79,CASH_OUT,49151.03,C791948631,86873.9,37722.87,C820869266,7988.44,57139.47,0,0,-0.0,0.0,d0917b92-9da5-4867-b797-5dcf2ebfbdd2,C791948631,CASH_OUT,USD,False,2026-10-04T07:00:00+00:00
21,CASH_OUT,64824.39,C655662313,67914.62,3090.23,C575646523,10322.66,75147.05,0,0,-0.0,0.0,55d5a0c5-6697-4bc3-b3bf-036886891c58,C655662313,CASH_OUT,USD,False,2026-10-01T21:00:00+00:00
14,CASH_OUT,3851.19,C606244434,6377.62,2526.43,C702806585,30504.11,34355.3,0,0,0.0,0.0,00b89776-124b-4954-865f-471b0d44a8e3,C606244434,CASH_OUT,USD,False,2026-10-01T14:00:00+00:00
98,PAYMENT,4730.46,C519863392,20375.55,15645.09,M741626788,0.0,0.0,0,0,0.0,4730.46,a9d283d7-0411-41ec-8404-237e2efb7c9a,C519863392,PAYMENT,USD,False,2026-10-05T02:00:00+00:00
6,PAYMENT,809.84,C736028462,4546.27,3736.43,M775963880,0.0,0.0,0,0,0.0,809.84,786a07b3-b525-4273-bd11-2c8039a6f104,C736028462,PAYMENT,USD,False,2026-10-01T06:00:00+00:00
59,CASH_OUT,11912.15,C506448196,31672.14,19759.99,C414797776,30925.99,42838.14,0,0,-0.0,0.0,24f84e7f-ddcb-4bed-a886-ac36e8916d14,C506448196,CASH_OUT,USD,False,2026-10-03T11:00:00+00:00
6,CASH_OUT,69795.23,C539946808,115073.88,45278.65,C595682408,39812.58,109607.81,0,0,0.0,0.0,f63e5763-e2dc-45bb-aed8-01d53f629663,C539946808,CASH_OUT,USD,False,2026-10-01T06:00:00+00:00
25,CASH_IN,33265.07,C681283349,8639.86,41904.93,C415883799,57378.74,24113.67,0,0,-66530.14,66530.14,abf397c8-03e4-4bc9-9d4f-896e2138360b,C681283349,CASH_IN,USD,False,2026-10-02T01:00:00+00:00
7,TRANSFER,66299.92,C180575920,188175.87,121875.95,C838650189,64998.84,131298.76,0,0,0.0,0.0,0a6f7c3d-88bd-4dbc-9d4b-e52de40a0217,C180575920,TRANSFER,USD,False,2026-10-01T07:00:00+00:00
35,CASH_OUT,112860.05,C262275325,134687.78,21827.73,C816688804,33407.06,146267.11,0,0,-0.0,0.0,86436e4d-008d-4bad-be56-2e01a70ecc6d,C262275325,CASH_OUT,USD,False,2026-10-02T11:00:00+00:00
9,PAYMENT,3139.53,C719175016,16001.49,12861.96,M632734398,0.0,0.0,0,0,0.0,3139.53,004d55b0-38a8-45c2-9b9e-4c36ed147b60,C719175016,PAYMENT,USD,False,2026-10-01T09:00:00+00:00
36,CASH_OUT,2669.68,C407829477,6395.8,3726.12,C973120912,21528.66,24198.34,0,0,0.0,0.0,b3ecc832-d76a-4f4c-90dc-829fec5922fe,C407829477,CASH_OUT,USD,False,2026-10-02T12:00:00+00:00
54,TRANSFER,229036.67,C534004656,742987.9,513951.23,C135412408,5788.3,234824.97,0,0,0.0,0.0,78f5ab86-b66f-4210-9c11-68b31af791e1,C534004656,TRANSFER,USD,False,2026-10-03T06:00:00+00:00
8,PAYMENT,4997.52,C167089505,9721.73,4724.21,M316514058,0.0,0.0,0,0,-0.0,4997.52,06f8e3a3-f617-4859-b265-eec95dcf9b48,C167089505,PAYMENT,USD,False,2026-10-01T08:00:00+00:00
91,PAYMENT,1886.73,C755030693,9508.62,7621.89,M917165913,0.0,0.0,0,0,0.0,1886.73,a5df8dae-1378-4504-9924-1c41fa8eca64,C755030693,PAYMENT,USD,False,2026-10-04T19:00:00+00:00
9,TRANSFER,88110.96,C399708182,193759.1,105648.14,C646970178,78491.97,166602.93,0,0,0.0,0.0,117ba5cb-8054-4cd0-bb25-e60014c67d35,C399708182,TRANSFER,USD,False,2026-10-01T09:00:00+00:00
37,PAYMENT,3014.07,C475452581,30088.86,27074.79,M362255365,0.0,0.0,0,0,0.0,3014.07,d67bb3a7-fa14-478f-a8d9-e75dfb4435cd,C475452581,PAYMENT,USD,False,2026-10-02T13:00:00+00:00
99,CASH_OUT,112215.86,C464088549,177219.39,65003.53,C265459293,43871.49,156087.35,0,0,0.0,0.0,5f044712-ec39-4749-9fbb-1bdc8c2b0642,C464088549,CASH_OUT,USD,False,2026-10-05T03:00:00+00:00
16,CASH_IN,15582.22,C154715416,19021.24,34603.46,C898836185,42964.51,27382.29,0,0,-31164.44,31164.44,75ea7478-2fd8-4e96-bec6-500422b8bf31,C154715416,CASH_IN,USD,False,2026-10-01T16:00:00+00:00
22,CASH_OUT,111537.08,C190822582,318904.37,207367.29,C695024527,40417.35,151954.43,0,0,-0.0,0.0,37f146ef-c5b0-4d17-a70c-2739f282de90,C190822582,CASH_OUT,USD,False,2026-10-01T22:00:00+00:00
90,CASH_OUT,113539.91,C418046292,153939.25,40399.34,C677946218,30923.55,144463.46,0,0,0.0,0.0,e8551cfb-d1df-4101-9498-b73d2f6a3522,C418046292,CASH_OUT,USD,False,2026-10-04T18:00:00+00:00
13,CASH_OUT,79920.77,C433986301,94578.22,14657.45,C714115556,44576.43,124497.2,0,0,-0.0,0.0,137d7f1a-2876-4536-8020-7d283fe63b67,C433986301,CASH_OUT,USD,False,2026-10-01T13:00:00+00:00
70,CASH_IN,15300.22,C330818526,12004.05,27304.27,C811695954,48480.14,33179.92,0,0,-30600.44,30600.44,dcd2db2c-ad94-41ec-8214-99cdd7b6c026,C330818526,CASH_IN,USD,False,2026-10-03T22:00:00+00:00
75,CASH_OUT,35740.64,C421599311,72726.82,36986.18,C153009953,22080.83,57821.47,0,0,0.0,0.0,9e9b2f4f-1c15-4e6e-9a86-b4f863f945bb,C421599311,CASH_OUT,USD,False,2026-10-04T03:00:00+00:00
44,CASH_OUT,40889.78,C610960165,76412.62,35522.84,C577752067,18961.77,59851.55,0,0,0.0,0.0,2e631213-2559-4615-94b6-410849d09171,C610960165,CASH_OUT,USD,False,2026-10-02T20:00:00+00:00
68,CASH_OUT,126090.35,C700856380,210671.55,84581.2,C919748917,19673.55,145763.9,0,0,-0.0,0.0,fd882627-a8f9-41f7-8ead-d8227460a884,C700856380,CASH_OUT,USD,False,2026-10-03T20:00:00+00:00
44,CASH_OUT,118405.12,C156227043,197653.51,79248.39,C795038832,16484.54,134889.66,0,0,0.0,0.0,ae201e6b-e6e0-4c0b-88c4-1eb317cb9b54,C156227043,CASH_OUT,USD,False,2026-10-02T20:00:00+00:00
26,CASH_OUT,102322.99,C507365179,106026.03,3703.04,C892339400,24108.67,126431.66,0,0,-0.0,0.0,ea98b8e8-0701-4432-afc2-ae5caad014c6,C507365179,CASH_OUT,USD,False,2026-10-02T02:00:00+00:00
15,CASH_IN,24001.94,C118660989,13821.01,37822.95,C434549462,14762.38,0.0,0,0,-48003.88,38764.32,71995257-d85a-4012-96bc-f5430810c1c4,C118660989,CASH_IN,USD,False,2026-10-01T15:00:00+00:00
82,PAYMENT,2608.89,C935021998,8226.39,5617.5,M772966010,0.0,0.0,0,0,0.0,2608.89,81958632-a6b5-4900-aaf0-2e218558fbcb,C935021998,PAYMENT,USD,False,2026-10-04T10:00:00+00:00
20,CASH_OUT,44349.28,C307438285,70579.48,26230.2,C193583075,20078.87,64428.15,0,0,-0.0,-0.0,c90d06e0-9722-4f71-bd18-a41c45998105,C307438285,CASH_OUT,USD,False,2026-10-01T20:00:00+00:00
61,CASH_IN,27125.94,C195243242,17110.77,44236.71,C362380248,80765.36,53639.42,0,0,-54251.88,54251.88,91d0e970-e6aa-4c10-92dd-9dcfe585d524,C195243242,CASH_IN,USD,False,2026-10-03T13:00:00+00:00
92,PAYMENT,590.56,C434747862,5824.34,5233.78,M396665658,0.0,0.0,0,0,0.0,590.56,5d617785-29b6-43cf-b909-8040b914834c,C434747862,PAYMENT,USD,False,2026-10-04T20:00:00+00:00
83,CASH_OUT,7874.23,C797964448,14686.2,6811.97,C446817822,49755.32,57629.55,0,0,0.0,0.0,7e98a59a-57e4-499f-b0ba-3e7162d2ace2,C797964448,CASH_OUT,USD,False,2026-10-04T11:00:00+00:00
3,PAYMENT,775.43,C728966342,1060.89,285.46,M521927856,0.0,0.0,0,0,0.0,775.43,4771177a-0239-4373-86b1-9058f40307b2,C728966342,PAYMENT,USD,False,2026-10-01T03:00:00+00:00
82,PAYMENT,3805.07,C223915446,20255.64,16450.57,M703743777,0.0,0.0,0,0,0.0,3805.07,67a45abf-3e48-4e4d-b1e8-c2b2121e8ade,C223915446,PAYMENT,USD,False,2026-10-04T10:00:00+00:00
1,CASH_IN,5657.38,C694826938,18872.79,24530.17,C818080430,29747.93,24090.55,0,0,-11314.76,11314.76,9939f41b-fa16-426e-a02f-acb85b435876,C694826938,CASH_IN,USD,False,2026-10-01T01:00:00+00:00
16,PAYMENT,2535.98,C288008739,19072.26,16536.28,M720948691,0.0,0.0,0,0,0.0,2535.98,c661d143-d400-4ee1-a27a-715645e01ddf,C288008739,PAYMENT,USD,False,2026-10-01T16:00:00+00:00
53,CASH_IN,25849.25,C915499713,16420.35,42269.6,C501483027,52011.7,26162.45,0,0,-51698.5,51698.5,68776984-9be7-406a-96da-76f87d22f6cd,C915499713,CASH_IN,USD,False,2026-10-03T05:00:00+00:00
83,CASH_IN,32573.94,C384172112,11442.74,44016.68,C923515952,62192.73,29618.79,0,0,-65147.88,65147.88,bda4bfab-dfa0-4f1c-b226-0a6a0392228e,C384172112,CASH_IN,USD,False,2026-10-04T11:00:00+00:00
83,CASH_IN,47925.14,C178112745,12853.01,60778.15,C240797507,82755.93,34830.79,0,0,-95850.28,95850.28,728bf0f3-5100-4e67-82c6-816ac6b1b216,C178112745,CASH_IN,USD,False,2026-10-04T11:00:00+00:00
38,TRANSFER,25114.92,C325257040,39616.51,14501.59,C576153570,199.03,25313.95,0,0,0.0,-0.0,47e430cb-5361-4009-853b-a32af21e2dae,C325257040,TRANSFER,USD,False,2026-10-02T14:00:00+00:00
36,CASH_OUT,119998.29,C849098886,220052.02,100053.73,C598177231,21241.65,141239.94,0,0,0.0,0.0,7dc26f4a-c1ff-44ce-b6e3-50b9b1bbc1ec,C849098886,CASH_OUT,USD,False,2026-10-02T12:00:00+00:00
83,CASH_OUT,133541.96,C708646894,191447.37,57905.41,C370940044,1190.63,134732.59,0,0,0.0,0.0,fc4b70db-33a8-462b-8df8-73665133b981,C708646894,CASH_OUT,USD,False,2026-10-04T11:00:00+00:00
92,CASH_IN,33377.48,C409978278,6038.52,39416.0,C173924480,78958.43,45580.95,0,0,-66754.96,66754.96,b19f5afc-0e3e-4798-92e2-f82f718c864a,C409978278,CASH_IN,USD,False,2026-10-04T20:00:00+00:00
44,PAYMENT,3003.76,C527693141,17455.43,14451.67,M451788060,0.0,0.0,0,0,0.0,3003.76,89477946-ff58-4403-bf30-fc5e089713e7,C527693141,PAYMENT,USD,False,2026-10-02T20:00:00+00:00
78,TRANSFER,100690.36,C344638483,309148.18,208457.82,C343753541,6300.63,106990.99,0,0,0.0,0.0,7b4a8319-2f73-4639-bdbd-ce01bb9a05db,C344638483,TRANSFER,USD,False,2026-10-04T06:00:00+00:00
19,CASH_OUT,133909.71,C105953697,371054.49,237144.78,C926830795,38921.02,172830.73,0,0,0.0,-0.0,c2090104-552f-4b08-be42-ce8f1a85e58f,C105953697,CASH_OUT,USD,False,2026-10-01T19:00:00+00:00
68,CASH_OUT,14694.91,C144042329,33428.69,18733.78,C670471890,47809.18,62504.09,0,0,0.0,0.0,ba4b9cbf-4a03-482a-8a8d-69c540f0228c,C144042329,CASH_OUT,USD,False,2026-10-03T20:00:00+00:00
16,TRANSFER,232801.69,C534395495,334338.53,101536.84,C925190102,36643.26,269444.95,0,0,0.0,0.0,7a2bc08f-c5f2-43fa-8cea-ed31525902e6,C534395495,TRANSFER,USD,False,2026-10-01T16:00:00+00:00
11,PAYMENT,673.44,C749169801,2909.24,2235.8,M802355819,0.0,0.0,0,0,-0.0,673.44,015a15d4-7024-47c4-b818-be4d7f4f2f83,C749169801,PAYMENT,USD,False,2026-10-01T11:00:00+00:00
1,CASH_OUT,52003.94,C413551421,129020.22,77016.28,C738722684,42024.38,94028.32,0,0,0.0,0.0,3310f4ec-3e83-4599-a50f-b7b84fe07df0,C413551421,CASH_OUT,USD,False,2026-10-01T01:00:00+00:00
37,CASH_OUT,13510.16,C925412179,19784.82,6274.66,C716470999,36934.33,50444.49,0,0,0.0,0.0,bfb3e10f-d5cf-4860-974e-d34cbedd96d2,C925412179,CASH_OUT,USD,False,2026-10-02T13:00:00+00:00
34,PAYMENT,4261.56,C800138394,13062.77,8801.21,M976963890,0.0,0.0,0,0,0.0,4261.56,bea77bbf-48cd-4e41-823f-6d6e00c25cc1,C800138394,PAYMENT,USD,False,2026-10-02T10:00:00+00:00
90,CASH_IN,45441.39,C333275639,19847.79,65289.18,C541606556,55729.57,10288.18,0,0,-90882.78,90882.78,e5cc1710-009f-478b-a25b-bd946d8c873d,C333275639,CASH_IN,USD,False,2026-10-04T18:00:00+00:00
82,CASH_IN,20066.94,C553688034,19007.18,39074.12,C297493711,26428.94,6362.0,0,0,-40133.88,40133.88,a18ea915-4979-4db0-9944-e8c7bea80182,C553688034,CASH_IN,USD,False,2026-10-04T10:00:00+00:00
3,CASH_OUT,44022.42,C234605410,120105.84,76083.42,C724039816,48050.44,92072.86,0,0,0.0,0.0,db085d36-ccff-4aa5-b099-bc1673864615,C234605410,CASH_OUT,USD,False,2026-10-01T03:00:00+00:00
39,CASH_OUT,556689.44,C539382623,556689.44,0.0,C701508999,3885.31,560574.75,1,0,0.0,0.0,e42f82e5-c333-40fa-bf0b-a183c1ce46c1,C539382623,CASH_OUT,USD,False,2026-10-02T15:00:00+00:00
89,DEBIT,1905.05,C252078773,5778.84,3873.79,C864580285,3210.23,5115.28,0,0,0.0,0.0,cd690d5b-2e65-48b9-81ca-09a7c0b903c2,C252078773,DEBIT,USD,False,2026-10-04T17:00:00+00:00
4,TRANSFER,298139.2,C723052768,298139.2,0.0,C185327987,1564.36,299703.56,1,0,0.0,0.0,451c5097-a708-469c-91c1-df8224961819,C723052768,TRANSFER,USD,False,2026-10-01T04:00:00+00:00
70,PAYMENT,4875.56,C343873669,9752.25,4876.69,M991289421,0.0,0.0,0,0,0.0,4875.56,d5c21224-ad8f-4be0-a5b6-dac182ef3d40,C343873669,PAYMENT,USD,False,2026-10-03T22:00:00+00:00
10,PAYMENT,774.26,C169749378,2425.38,1651.12,M960557964,0.0,0.0,0,0,0.0,774.26,52a018cb-21c1-4f9c-8b50-1a26b6dd902b,C169749378,PAYMENT,USD,False,2026-10-01T10:00:00+00:00
77,CASH_OUT,78310.11,C270068104,223431.77,145121.66,C373268387,9642.26,87952.37,0,0,-0.0,0.0,1a7fbb6d-4826-4010-b78e-e5c66cf9b71e,C270068104,CASH_OUT,USD,False,2026-10-04T05:00:00+00:00
27,PAYMENT,4195.39,C857651237,20968.83,16773.44,M722290025,0.0,0.0,0,0,0.0,4195.39,88bfd099-f281-4110-85b8-c61445c44796,C857651237,PAYMENT,USD,False,2026-10-02T03:00:00+00:00
72,CASH_OUT,105942.44,C296371277,247104.52,141162.08,C629349488,42090.73,148033.17,0,0,0.0,0.0,54e90372-d4ea-493a-8ffc-b6ab74663f7c,C296371277,CASH_OUT,USD,False,2026-10-04T00:00:00+00:00
28,CASH_OUT,117289.99,C539984049,125211.76,7921.77,C611485321,38376.49,155666.48,0,0,-0.0,0.0,5fb81f81-e219-404e-a9b3-0e8c8596e8d9,C539984049,CASH_OUT,USD,False,2026-10-02T04:00:00+00:00
76,TRANSFER,180079.91,C117456362,368888.28,188808.37,C244635938,66791.56,246871.47,0,0,0.0,0.0,b4dc2300-3a27-4643-baf6-431de6e49b0c,C117456362,TRANSFER,USD,False,2026-10-04T04:00:00+00:00
94,CASH_IN,32372.29,C265673777,16383.22,48755.51,C459282088,13175.36,0.0,0,0,-64744.58,45547.65,c2acf12c-47ad-4f70-8ca2-f763c5fc5218,C265673777,CASH_IN,USD,False,2026-10-04T22:00:00+00:00
23,DEBIT,464.46,C987525153,1211.24,746.78,C999567277,864.05,1328.51,0,0,0.0,0.0,7c22fcd0-03a8-4dde-9e13-1846ed2903b0,C987525153,DEBIT,USD,False,2026-10-01T23:00:00+00:00
100,PAYMENT,3218.02,C691458123,21214.66,17996.64,M163884670,0.0,0.0,0,0,0.0,3218.02,41423e8d-a742-4bba-bd3f-e3d587679e5b,C691458123,PAYMENT,USD,False,2026-10-05T04:00:00+00:00
97,CASH_OUT,125636.19,C779936769,156597.77,30961.58,C732231115,44587.72,170223.91,0,0,-0.0,0.0,a3be66fd-28fb-4d7f-b265-5886a246af0e,C779936769,CASH_OUT,USD,False,2026-10-05T01:00:00+00:00
39,CASH_OUT,762.28,C356144513,1474.43,712.15,C684511231,9522.17,10284.45,0,0,0.0,0.0,3b9afe8f-8a06-4531-b852-82f8ebe68418,C356144513,CASH_OUT,USD,False,2026-10-02T15:00:00+00:00
66,CASH_OUT,76541.81,C669732591,130025.44,53483.63,C933468715,36368.96,112910.77,0,0,0.0,-0.0,0481b9f7-eb3a-41af-92dc-2345001131b4,C669732591,CASH_OUT,USD,False,2026-10-03T18:00:00+00:00
48,TRANSFER,142280.68,C400574412,164475.86,22195.18,C995439936,69366.96,211647.64,0,0,-0.0,0.0,ebe1e834-ef5d-459e-9ad8-a8eec09bff9a,C400574412,TRANSFER,USD,False,2026-10-03T00:00:00+00:00
9,CASH_IN,49445.48,C470806406,5082.05,54527.53,C399417352,91762.19,42316.71,0,0,-98890.96,98890.96,b7faef52-1148-4d20-8cf6-0b17e43058c9,C470806406,CASH_IN,USD,False,2026-10-01T09:00:00+00:00
70,PAYMENT,4241.14,C223464702,24987.12,20745.98,M290284883,0.0,0.0,0,0,0.0,4241.14,b7824f82-c2cb-4a8b-98c9-b838759689d7,C223464702,PAYMENT,USD,False,2026-10-03T22:00:00+00:00
63,CASH_IN,49659.71,C392366415,12801.68,62461.39,C704559978,80154.55,30494.84,0,0,-99319.42,99319.42,65426f27-1430-40fd-9cd2-a814609f47bd,C392366415,CASH_IN,USD,False,2026-10-03T15:00:00+00:00
93,PAYMENT,3004.05,C408839723,5805.04,2800.99,M477577220,0.0,0.0,0,0,0.0,3004.05,61669966-46ee-4e6a-abba-80a4bbd16799,C408839723,PAYMENT,USD,False,2026-10-04T21:00:00+00:00
5,PAYMENT,3183.26,C992084063,27213.49,24030.23,M422210519,0.0,0.0,0,0,0.0,3183.26,b5c052eb-e254-4d05-a57b-3ab02d3ad26a,C992084063,PAYMENT,USD,False,2026-10-01T05:00:00+00:00
6,PAYMENT,2689.29,C646642852,26211.78,23522.49,M212389230,0.0,0.0,0,0,-0.0,2689.29,c92e4dc7-25c4-4b31-9cd8-355b6aea6291,C646642852,PAYMENT,USD,False,2026-10-01T06:00:00+00:00
19,CASH_OUT,33960.07,C407998770,60091.92,26131.85,C834887664,44211.2,78171.27,0,0,0.0,-0.0,df8d5e83-ac19-48f8-928c-c178d100aa95,C407998770,CASH_OUT,USD,False,2026-10-01T19:00:00+00:00
25,CASH_IN,12723.79,C331533041,5625.18,18348.97,C830147472,63257.93,50534.14,0,0,-25447.58,25447.58,a76a3a49-25cb-41aa-b4aa-2b7aaac605a5,C331533041,CASH_IN,USD,False,2026-10-02T01:00:00+00:00
91,CASH_OUT,72722.44,C346237076,79349.08,6626.64,C433790545,41241.2,113963.64,0,0,-0.0,0.0,d81be711-0a1f-41a3-8682-f72684d18f26,C346237076,CASH_OUT,USD,False,2026-10-04T19:00:00+00:00
46,PAYMENT,3256.56,C912350050,16408.61,13152.05,M233949085,0.0,0.0,0,0,0.0,3256.56,2d0110a3-ac6e-4a05-8e0f-c1ce478fc9e6,C912350050,PAYMENT,USD,False,2026-10-02T22:00:00+00:00
69,CASH_IN,46927.3,C398736038,9086.89,56014.19,C646692980,27692.62,0.0,0,0,-93854.6,74619.92,abf5bc75-9dd1-40c1-a261-cf82003a6ab5,C398736038,CASH_IN,USD,False,2026-10-03T21:00:00+00:00
3,CASH_OUT,53992.13,C470638661,107007.81,53015.68,C122005392,36208.92,90201.05,0,0,0.0,-0.0,84f0ddfb-35c0-44c1-b025-3252c4f8184a,C470638661,CASH_OUT,USD,False,2026-10-01T03:00:00+00:00
63,PAYMENT,2932.64,C751444364,5610.02,2677.38,M163690958,0.0,0.0,0,0,0.0,2932.64,ef01d728-1858-428a-b10c-574d6772fd13,C751444364,PAYMENT,USD,False,2026-10-03T15:00:00+00:00
37,CASH_IN,45855.98,C648767863,15449.71,61305.69,C710263266,70301.77,24445.79,0,0,-91711.96,91711.96,88f2ca64-bbf0-4078-8b79-ae0f0a942c49,C648767863,CASH_IN,USD,False,2026-10-02T13:00:00+00:00
2,CASH_IN,25664.14,C948950616,14155.08,39819.22,C640970200,52982.25,27318.11,0,0,-51328.28,51328.28,e4848f73-1597-4584-9cc6-cba2e01a1ddf,C948950616,CASH_IN,USD,False,2026-10-01T02:00:00+00:00
74,CASH_IN,49010.19,C548579110,19825.47,68835.66,C143012678,73614.15,24603.96,0,0,-98020.38,98020.38,1eced3b4-94c6-439b-8e79-4e78fff6900b,C548579110,CASH_IN,USD,False,2026-10-04T02:00:00+00:00
92,CASH_OUT,201.3,C754119408,435.12,233.82,C412924792,12091.87,12293.17,0,0,0.0,0.0,30581f27-4499-4941-b01f-b92085260f3e,C754119408,CASH_OUT,USD,False,2026-10-04T20:00:00+00:00
50,TRANSFER,235328.65,C994513638,753935.08,518606.43,C800616743,63677.81,299006.46,0,0,-0.0,-0.0,4e0c77c3-e8e0-40d1-9a9d-6f1737171e3a,C994513638,TRANSFER,USD,False,2026-10-03T02:00:00+00:00
73,CASH_OUT,124823.21,C131264549,207335.05,82511.84,C308322646,16896.84,141720.05,0,0,-0.0,0.0,363892e8-a79c-4808-a5e6-486d96e70a76,C131264549,CASH_OUT,USD,False,2026-10-04T01:00:00+00:00
94,PAYMENT,2982.05,C993915858,23682.34,20700.29,M908212264,0.0,0.0,0,0,0.0,2982.05,c5018ece-b69e-437a-90a8-ebf5c56c1e60,C993915858,PAYMENT,USD,False,2026-10-04T22:00:00+00:00
19,PAYMENT,1454.89,C824921422,13088.24,11633.35,M332579277,0.0,0.0,0,0,0.0,1454.89,0bb2a5c9-a638-444a-bdab-7bb7b21c9bcb,C824921422,PAYMENT,USD,False,2026-10-01T19:00:00+00:00
59,CASH_OUT,95695.52,C763395529,270387.97,174692.45,C761982621,32964.22,128659.74,0,0,-0.0,0.0,312d5f64-5a28-4f73-ab71-2f5f33c8773c,C763395529,CASH_OUT,USD,False,2026-10-03T11:00:00+00:00
77,CASH_OUT,86214.27,C220381391,118402.01,32187.74,C985171102,19621.16,105835.43,0,0,-0.0,0.0,ef93d28e-cf8e-4bd2-a764-c03c1ce266f8,C220381391,CASH_OUT,USD,False,2026-10-04T05:00:00+00:00
57,CASH_OUT,76724.98,C329460134,215011.14,138286.16,C952266893,39801.24,116526.22,0,0,0.0,0.0,051b0181-0868-4005-a1b3-c036ad175799,C329460134,CASH_OUT,USD,False,2026-10-03T09:00:00+00:00
34,PAYMENT,439.48,C976955647,3507.35,3067.87,M226042285,0.0,0.0,0,0,0.0,439.48,d9f78dd0-ed4b-4972-bfde-78ec3fd8986f,C976955647,PAYMENT,USD,False,2026-10-02T10:00:00+00:00
89,PAYMENT,1220.02,C821298838,9589.81,8369.79,M153761008,0.0,0.0,0,0,-0.0,1220.02,51f83a18-34e5-41c1-a054-b9f28fbc12a3,C821298838,PAYMENT,USD,False,2026-10-04T17:00:00+00:00
92,CASH_IN,4554.47,C588212379,13834.35,18388.82,C447972640,90809.08,86254.61,0,0,-9108.94,9108.94,66c12d3d-39b5-4fd8-b9fd-6dcdc12103c8,C588212379,CASH_IN,USD,False,2026-10-04T20:00:00+00:00
44,CASH_OUT,70951.78,C846152610,121859.95,50908.17,C585877250,25443.79,96395.57,0,0,0.0,0.0,e0fde1d5-335d-4851-ab32-1d2e29d11218,C846152610,CASH_OUT,USD,False,2026-10-02T20:00:00+00:00
22,PAYMENT,3570.04,C658626924,20626.95,17056.91,M827075412,0.0,0.0,0,0,0.0,3570.04,fb4a093d-9608-472e-8c00-2c2c88a9d9a6,C658626924,PAYMENT,USD,False,2026-10-01T22:00:00+00:00
71,TRANSFER,407446.98,C709915949,407446.98,0.0,C632549609,2291.24,409738.22,1,0,0.0,0.0,2f5c29c3-583e-4739-bff2-4690da94563a,C709915949,TRANSFER,USD,False,2026-10-03T23:00:00+00:00
8,CASH_OUT,3541.8,C851273091,6892.18,3350.38,C699049741,19899.69,23441.49,0,0,0.0,-0.0,ded499b5-e254-4d4d-a948-9ce502bf6641,C851273091,CASH_OUT,USD,False,2026-10-01T08:00:00+00:00
14,CASH_OUT,7144.41,C719648027,9256.4,2111.99,C438897511,43072.15,50216.56,0,0,0.0,0.0,ff0856b1-58b6-438d-85d9-ee751de175a1,C719648027,CASH_OUT,USD,False,2026-10-01T14:00:00+00:00
48,CASH_OUT,149668.29,C629741991,208165.37,58497.08,C933101205,45022.16,194690.45,0,0,-0.0,0.0,e18953ce-1573-4205-a5a1-a9cae3d69610,C629741991,CASH_OUT,USD,False,2026-10-03T00:00:00+00:00
35,PAYMENT,422.54,C289091970,1464.16,1041.62,M174366341,0.0,0.0,0,0,0.0,422.54,79f95aae-3e3a-4721-97c2-1858d0680ea6,C289091970,PAYMENT,USD,False,2026-10-02T11:00:00+00:00
65,CASH_OUT,55777.11,C675021545,117198.99,61421.88,C690813637,36516.5,92293.61,0,0,0.0,0.0,679e2b89-90fb-4ec6-bfe8-94085c4ab30c,C675021545,CASH_OUT,USD,False,2026-10-03T17:00:00+00:00
4,PAYMENT,4612.16,C278654244,44678.55,40066.39,M740864045,0.0,0.0,0,0,0.0,4612.16,083da848-36c3-4d40-849c-6b544405a3c4,C278654244,PAYMENT,USD,False,2026-10-01T04:00:00+00:00
45,PAYMENT,435.37,C549944766,3420.33,2984.96,M718044438,0.0,0.0,0,0,0.0,435.37,f3aeaff3-1335-49f2-9e97-314400f14590,C549944766,PAYMENT,USD,False,2026-10-02T21:00:00+00:00
3,PAYMENT,1518.76,C952177409,13039.49,11520.73,M401019924,0.0,0.0,0,0,0.0,1518.76,a3b71b70-f4ee-4c67-95ca-d269c63663ec,C952177409,PAYMENT,USD,False,2026-10-01T03:00:00+00:00
55,TRANSFER,145116.14,C827842037,351792.03,206675.89,C777420300,30095.86,175212.0,0,0,0.0,0.0,85de6664-c31e-4109-9262-91b08c6e04d1,C827842037,TRANSFER,USD,False,2026-10-03T07:00:00+00:00
80,PAYMENT,4797.19,C691754292,6068.88,1271.69,M233484474,0.0,0.0,0,0,0.0,4797.19,d97b569c-62c5-4b69-89b9-2e2aba86430f,C691754292,PAYMENT,USD,False,2026-10-04T08:00:00+00:00
82,PAYMENT,3718.67,C699169292,31230.28,27511.61,M546626348,0.0,0.0,0,0,0.0,3718.67,b2689304-245c-4b48-990e-4ef7b8b13b9a,C699169292,PAYMENT,USD,False,2026-10-04T10:00:00+00:00
100,PAYMENT,4020.44,C427064197,20397.89,16377.45,M460430809,0.0,0.0,0,0,-0.0,4020.44,6b16fea5-898c-4861-97b6-0ec29b978d26,C427064197,PAYMENT,USD,False,2026-10-05T04:00:00+00:00
90,CASH_IN,4618.77,C163352767,7436.03,12054.8,C716715369,1101.54,0.0,0,0,-9237.54,5720.31,5086d93a-ef5e-412f-9644-a0577d9e0c16,C163352767,CASH_IN,USD,False,2026-10-04T18:00:00+00:00
41,PAYMENT,621.7,C839378623,3833.25,3211.55,M858622505,0.0,0.0,0,0,0.0,621.7,317f8095-be59-4573-84b7-78058ccf9b67,C839378623,PAYMENT,USD,False,2026-10-02T17:00:00+00:00
98,PAYMENT,4963.8,C159578887,7868.99,2905.19,M672164274,0.0,0.0,0,0,-0.0,4963.8,da41eb65-373e-45c7-afbd-58fcfcd9747b,C159578887,PAYMENT,USD,False,2026-10-05T02:00:00+00:00
59,CASH_OUT,84358.71,C999396143,133296.2,48937.49,C121940697,11809.39,96168.1,0,0,0.0,0.0,8fe8cfa5-43c9-41e4-b73e-f00f74af04cc,C999396143,CASH_OUT,USD,False,2026-10-03T11:00:00+00:00
39,CASH_OUT,123058.62,C297615674,187115.93,64057.31,C687035323,30638.0,153696.62,0,0,0.0,0.0,01bd66be-b189-4fa7-812f-4963c0b037e9,C297615674,CASH_OUT,USD,False,2026-10-02T15:00:00+00:00
74,CASH_OUT,105685.43,C341000851,119262.28,13576.85,C268613888,32118.31,137803.74,0,0,0.0,0.0,439b73d7-0f50-40e3-9d88-3940eb306394,C341000851,CASH_OUT,USD,False,2026-10-04T02:00:00+00:00
85,PAYMENT,440.2,C845184155,3674.92,3234.72,M500255521,0.0,0.0,0,0,0.0,440.2,31ad137d-1b6c-4d41-91a0-296d78abb09b,C845184155,PAYMENT,USD,False,2026-10-04T13:00:00+00:00
28,CASH_OUT,69165.19,C653590410,185950.74,116785.55,C680411499,5284.56,74449.75,0,0,-0.0,0.0,0733d58f-8452-465b-8137-2b285f31e772,C653590410,CASH_OUT,USD,False,2026-10-02T04:00:00+00:00
14,PAYMENT,934.86,C875707160,1009.44,74.58,M480676189,0.0,0.0,0,0,0.0,934.86,7e6d92c3-832d-4bc7-87b7-6e147da35883,C875707160,PAYMENT,USD,False,2026-10-01T14:00:00+00:00
94,CASH_IN,3117.82,C379648695,11562.82,14680.64,C608052255,57713.14,54595.32,0,0,-6235.64,6235.64,9686c434-ae8d-41cf-bbbe-d56aa5b2878d,C379648695,CASH_IN,USD,False,2026-10-04T22:00:00+00:00
74,PAYMENT,1991.93,C120639018,18895.73,16903.8,M560069558,0.0,0.0,0,0,0.0,1991.93,8f7cdde6-2c8e-4c37-a531-b7c28a69dc95,C120639018,PAYMENT,USD,False,2026-10-04T02:00:00+00:00
52,CASH_OUT,148535.93,C361142486,237649.95,89114.02,C342512383,41403.1,189939.03,0,0,0.0,0.0,f477ca0a-32fa-49f6-be47-3f2da75c4006,C361142486,CASH_OUT,USD,False,2026-10-03T04:00:00+00:00
22,CASH_OUT,142992.36,C347975484,262842.91,119850.55,C357987293,40205.34,183197.7,0,0,-0.0,-0.0,56a86878-afea-4e99-8a13-4e5cc74b59b2,C347975484,CASH_OUT,USD,False,2026-10-01T22:00:00+00:00
12,CASH_OUT,47126.43,C588346218,62345.67,15219.24,C417406866,14005.87,61132.3,0,0,-0.0,0.0,3eb158ed-c0d4-4ba0-a2a7-d084f848129c,C588346218,CASH_OUT,USD,False,2026-10-01T12:00:00+00:00
52,CASH_OUT,84451.81,C457035929,129635.4,45183.59,C171227412,38201.53,122653.34,0,0,0.0,0.0,4e42ccaa-5773-402f-81ef-98c5fe142c5c,C457035929,CASH_OUT,USD,False,2026-10-03T04:00:00+00:00
100,CASH_IN,20106.38,C284546479,2811.91,22918.29,C103701483,12195.08,0.0,0,0,-40212.76,32301.46,190822ba-7a1e-42b0-8e2b-2ba50e4ccff4,C284546479,CASH_IN,USD,False,2026-10-05T04:00:00+00:00
61,CASH_OUT,12002.8,C574460059,12160.59,157.79,C744354734,44108.39,56111.19,0,0,0.0,0.0,1058717b-a6b8-4f63-8937-e804c1c651b7,C574460059,CASH_OUT,USD,False,2026-10-03T13:00:00+00:00
51,CASH_OUT,83533.32,C967399130,210360.15,126826.83,C648180525,20200.61,103733.93,0,0,-0.0,0.0,5c4db68d-2462-4913-986e-72f57304fe94,C967399130,CASH_OUT,USD,False,2026-10-03T03:00:00+00:00
9,PAYMENT,1857.65,C760695708,4244.41,2386.76,M892793340,0.0,0.0,0,0,-0.0,1857.65,39a0f452-bd69-420d-83b4-6f51d59fd346,C760695708,PAYMENT,USD,False,2026-10-01T09:00:00+00:00
24,CASH_OUT,82852.3,C555400410,146601.3,63749.0,C583232960,11287.05,94139.35,0,0,-0.0,0.0,e2ca3c2c-509e-4ba2-8c85-4a79a722bc61,C555400410,CASH_OUT,USD,False,2026-10-02T00:00:00+00:00
27,CASH_OUT,143946.79,C546461873,416790.86,272844.07,C363459738,44851.94,188798.73,0,0,-0.0,0.0,12dd6b97-32e8-4119-b2ae-9eea72ce1c49,C546461873,CASH_OUT,USD,False,2026-10-02T03:00:00+00:00
79,PAYMENT,4416.09,C701419950,41692.36,37276.27,M102099126,0.0,0.0,0,0,0.0,4416.09,fae83c3a-236b-4c0e-81c5-6b619008236a,C701419950,PAYMENT,USD,False,2026-10-04T07:00:00+00:00
42,PAYMENT,4348.18,C199939858,27942.09,23593.91,M663665435,0.0,0.0,0,0,0.0,4348.18,9dc2f8d5-478b-4f7c-a378-054b67fc8fc9,C199939858,PAYMENT,USD,False,2026-10-02T18:00:00+00:00
67,PAYMENT,4048.66,C103813398,35152.37,31103.71,M432562086,0.0,0.0,0,0,0.0,4048.66,81d5cbd0-d364-476b-adee-7e6fa5553329,C103813398,PAYMENT,USD,False,2026-10-03T19:00:00+00:00
10,TRANSFER,219890.6,C767224411,782129.69,562239.09,C538913198,35359.83,255250.43,0,0,0.0,0.0,f6ad9628-dd31-46d5-9ba1-e41589ade652,C767224411,TRANSFER,USD,False,2026-10-01T10:00:00+00:00
33,PAYMENT,4066.51,C504330388,4186.08,119.57,M522067474,0.0,0.0,0,0,-0.0,4066.51,d1c599ee-cca9-453e-a3cb-85c20460c4a7,C504330388,PAYMENT,USD,False,2026-10-02T09:00:00+00:00
42,CASH_OUT,12787.85,C337605395,36689.59,23901.74,C339253601,27536.5,40324.35,0,0,-0.0,0.0,d3fc8e1f-9f05-4fe1-9a28-233aff3f4e5c,C337605395,CASH_OUT,USD,False,2026-10-02T18:00:00+00:00
46,PAYMENT,275.42,C635428127,2645.19,2369.77,M731101007,0.0,0.0,0,0,0.0,275.42,1b52a4a1-9312-45e0-b954-1187131cb92c,C635428127,PAYMENT,USD,False,2026-10-02T22:00:00+00:00
92,CASH_IN,30670.72,C519930083,16996.88,47667.6,C969714515,42090.22,11419.5,0,0,-61341.44,61341.44,74155567-8b1b-4267-a46a-6bf4a2a5348d,C519930083,CASH_IN,USD,False,2026-10-04T20:00:00+00:00
41,CASH_OUT,103605.99,C543412542,207589.0,103983.01,C540639384,30573.9,134179.89,0,0,0.0,0.0,91c47635-bb41-4f5d-b913-1957a6a17427,C543412542,CASH_OUT,USD,False,2026-10-02T17:00:00+00:00
24,CASH_OUT,71177.38,C634732161,95448.35,24270.97,C953399697,45602.43,116779.81,0,0,0.0,0.0,346ebb4c-226c-4f44-a751-935336351314,C634732161,CASH_OUT,USD,False,2026-10-02T00:00:00+00:00
61,CASH_OUT,23563.99,C491066799,39827.18,16263.19,C305609325,2445.61,26009.6,0,0,-0.0,0.0,22446e32-d0fc-4802-be75-308a6ef13baf,C491066799,CASH_OUT,USD,False,2026-10-03T13:00:00+00:00
54,PAYMENT,1126.81,C988866898,2524.29,1397.48,M902080160,0.0,0.0,0,0,0.0,1126.81,4c3750b2-7e5e-496b-b9ba-495922f82604,C988866898,PAYMENT,USD,False,2026-10-03T06:00:00+00:00
84,PAYMENT,3697.11,C812164507,5239.59,1542.48,M913368384,0.0,0.0,0,0,0.0,3697.11,cadea453-2de4-44f3-9044-d83c1483897f,C812164507,PAYMENT,USD,False,2026-10-04T12:00:00+00:00
73,CASH_OUT,107215.45,C304953071,140941.68,33726.23,C592456949,12086.38,119301.83,0,0,-0.0,0.0,f0eaf5b5-76ab-487e-aa44-5878f452c802,C304953071,CASH_OUT,USD,False,2026-10-04T01:00:00+00:00
58,CASH_IN,2409.8,C113663756,918.49,3328.29,C328550315,35146.43,32736.63,0,0,-4819.6,4819.6,34e8c331-2780-46c1-b760-af9c2eef83ec,C113663756,CASH_IN,USD,False,2026-10-03T10:00:00+00:00
76,PAYMENT,3475.67,C106215913,33664.7,30189.03,M550834148,0.0,0.0,0,0,0.0,3475.67,4b84ff65-af36-4b19-85af-085f20c38801,C106215913,PAYMENT,USD,False,2026-10-04T04:00:00+00:00
58,PAYMENT,3038.01,C717137562,10786.31,7748.3,M368846550,0.0,0.0,0,0,-0.0,3038.01,903047bc-9fd1-4f4e-b080-496353ad28b5,C717137562,PAYMENT,USD,False,2026-10-03T10:00:00+00:00
9,PAYMENT,3555.34,C969930526,30727.45,27172.11,M124250578,0.0,0.0,0,0,0.0,3555.34,61b63f4e-2bd5-4841-87f8-2b783a7f0c28,C969930526,PAYMENT,USD,False,2026-10-01T09:00:00+00:00
63,PAYMENT,2857.21,C134163406,12849.99,9992.78,M997969776,0.0,0.0,0,0,-0.0,2857.21,b1757740-96fc-470e-aafd-6d1a71672d55,C134163406,PAYMENT,USD,False,2026-10-03T15:00:00+00:00
44,CASH_OUT,46345.75,C148993264,66859.31,20513.56,C540031795,43781.1,90126.85,0,0,-0.0,0.0,b9ecd179-90b2-48d0-bcb9-3c31003dd8c3,C148993264,CASH_OUT,USD,False,2026-10-02T20:00:00+00:00
40,TRANSFER,33256.02,C748017800,42844.88,9588.86,C814596978,29396.55,62652.57,0,0,0.0,-0.0,1526a203-ab84-4181-96c3-422bea91da24,C748017800,TRANSFER,USD,False,2026-10-02T16:00:00+00:00
83,CASH_OUT,134410.64,C298393790,183944.45,49533.81,C846952406,14728.43,149139.07,0,0,0.0,0.0,bf40f946-07b4-4f4e-ab6c-06ef559a00ed,C298393790,CASH_OUT,USD,False,2026-10-04T11:00:00+00:00
77,CASH_OUT,129617.64,C246574716,329922.29,200304.65,C396618390,42720.62,172338.26,0,0,-0.0,0.0,28b7b4f6-214d-499b-b60a-57213e206cd6,C246574716,CASH_OUT,USD,False,2026-10-04T05:00:00+00:00
82,TRANSFER,194493.28,C859674935,549659.2,355165.92,C828228055,56542.94,251036.22,0,0,-0.0,0.0,4ff0c2d8-3139-4f9a-bca8-b4711211ad57,C859674935,TRANSFER,USD,False,2026-10-04T10:00:00+00:00
57,PAYMENT,2348.46,C827608540,9523.72,7175.26,M259276659,0.0,0.0,0,0,-0.0,2348.46,d3ee2fc6-9031-4559-9556-075b20daf221,C827608540,PAYMENT,USD,False,2026-10-03T09:00:00+00:00
52,PAYMENT,3199.18,C633856589,14218.01,11018.83,M912354926,0.0,0.0,0,0,0.0,3199.18,b1217fb5-1a9b-45a0-aaee-23ec0c5bc1d6,C633856589,PAYMENT,USD,False,2026-10-03T04:00:00+00:00
22,CASH_OUT,90478.78,C184390294,159211.81,68733.03,C100498689,10943.55,101422.33,0,0,0.0,0.0,c9f04041-55b5-4c56-bcb1-d632195620c4,C184390294,CASH_OUT,USD,False,2026-10-01T22:00:00+00:00
36,PAYMENT,440.72,C512369856,958.29,517.57,M214209107,0.0,0.0,0,0,-0.0,440.72,40fb7c44-7821-447b-9ff4-ca4a3a64661f,C512369856,PAYMENT,USD,False,2026-10-02T12:00:00+00:00
44,TRANSFER,208015.74,C368183364,743327.29,535311.55,C922930671,23205.18,231220.92,0,0,0.0,-0.0,f4a4febc-e38e-4c0c-82b7-b1d24dcf8c42,C368183364,TRANSFER,USD,False,2026-10-02T20:00:00+00:00
91,PAYMENT,518.64,C853473348,1016.7,498.06,M200296964,0.0,0.0,0,0,0.0,518.64,81e14210-0ea0-48d2-ae99-fcc906d9684c,C853473348,PAYMENT,USD,False,2026-10-04T19:00:00+00:00
22,PAYMENT,733.97,C208772981,4443.68,3709.71,M863543207,0.0,0.0,0,0,0.0,733.97,1535eacc-90b3-40f6-b6f6-7a13d2794564,C208772981,PAYMENT,USD,False,2026-10-01T22:00:00+00:00
7,CASH_OUT,33015.01,C219274240,92115.74,59100.73,C157056243,28761.53,61776.54,0,0,0.0,0.0,e902a76b-9907-422f-9936-8be65e0ea4ef,C219274240,CASH_OUT,USD,False,2026-10-01T07:00:00+00:00
58,CASH_OUT,93472.36,C735898551,108461.94,14989.58,C153148771,40379.39,133851.75,0,0,0.0,0.0,cfe1a879-d450-4cfc-b700-0ca550f2b900,C735898551,CASH_OUT,USD,False,2026-10-03T10:00:00+00:00
46,PAYMENT,3495.25,C375929276,28049.0,24553.75,M207076912,0.0,0.0,0,0,0.0,3495.25,d2539e47-b718-4b4c-9c88-92cc8d288d32,C375929276,PAYMENT,USD,False,2026-10-02T22:00:00+00:00
14,CASH_IN,31146.25,C450520909,12531.8,43678.05,C523612240,94771.31,63625.06,0,0,-62292.5,62292.5,4752c415-2c43-4a07-b227-cc9936809cc5,C450520909,CASH_IN,USD,False,2026-10-01T14:00:00+00:00
15,PAYMENT,1234.27,C411575520,8048.67,6814.4,M828901766,0.0,0.0,0,0,0.0,1234.27,11429628-c552-4c7a-ae5d-d72392402ccf,C411575520,PAYMENT,USD,False,2026-10-01T15:00:00+00:00
55,TRANSFER,243294.02,C391872669,518868.5,275574.48,C659957480,76085.84,319379.86,0,0,0.0,0.0,9f6e0ccc-570a-4081-ad24-d94d99c65441,C391872669,TRANSFER,USD,False,2026-10-03T07:00:00+00:00
97,PAYMENT,635.46,C829488325,4456.87,3821.41,M592683540,0.0,0.0,0,0,0.0,635.46,345ffbaa-8738-4944-95df-1cbe0861486e,C829488325,PAYMENT,USD,False,2026-10-05T01:00:00+00:00
24,PAYMENT,612.1,C985021510,821.72,209.62,M728225072,0.0,0.0,0,0,0.0,612.1,d6135ec4-43d9-4a75-a153-ea33f10b5df6,C985021510,PAYMENT,USD,False,2026-10-02T00:00:00+00:00
17,CASH_OUT,121592.66,C682711970,221096.08,99503.42,C332727080,11809.38,133402.04,0,0,-0.0,0.0,ce15b727-aaa1-4f27-82ef-2abb9088ee9b,C682711970,CASH_OUT,USD,False,2026-10-01T17:00:00+00:00
8,CASH_OUT,142059.04,C810271047,363414.97,221355.93,C854256866,10941.76,153000.8,0,0,-0.0,0.0,d675f4ce-888c-41b0-a4cc-f2952fe0112a,C810271047,CASH_OUT,USD,False,2026-10-01T08:00:00+00:00
12,CASH_IN,48032.25,C659116527,17454.03,65486.28,C757611451,68965.81,20933.56,0,0,-96064.5,96064.5,f8d0c7bb-374e-43bb-9d3e-960a893db6c8,C659116527,CASH_IN,USD,False,2026-10-01T12:00:00+00:00
5,CASH_IN,14493.15,C848413676,15753.96,30247.11,C130338531,42222.7,27729.55,0,0,-28986.3,28986.3,b93b82e4-936c-485d-bdfc-d3b37a04c0f5,C848413676,CASH_IN,USD,False,2026-10-01T05:00:00+00:00
51,CASH_IN,48260.94,C927672827,3641.64,51902.58,C134770706,32503.47,0.0,0,0,-96521.88,80764.41,a1e3244f-1e4e-4170-b9f7-e5b89a3545be,C927672827,CASH_IN,USD,False,2026-10-03T03:00:00+00:00
19,CASH_OUT,32920.99,C941251439,63494.55,30573.56,C367080413,7662.91,40583.9,0,0,0.0,-0.0,8c73d1da-0e9d-48ba-a078-b54040b39813,C941251439,CASH_OUT,USD,False,2026-10-01T19:00:00+00:00
28,CASH_OUT,97997.27,C985697597,113176.12,15178.85,C100981851,44946.1,142943.37,0,0,-0.0,0.0,03d0c392-f8df-4d96-b43d-7c0cf30a1ad4,C985697597,CASH_OUT,USD,False,2026-10-02T04:00:00+00:00
96,PAYMENT,1892.39,C941871156,4126.81,2234.42,M530303043,0.0,0.0,0,0,0.0,1892.39,8ba910c4-c902-426b-b2c3-f0681d41c150,C941871156,PAYMENT,USD,False,2026-10-05T00:00:00+00:00
17,TRANSFER,200665.7,C955518714,359505.1,158839.4,C181130687,52613.99,253279.69,0,0,-0.0,0.0,3947c73e-3422-4620-b2e1-8cb93af6d532,C955518714,TRANSFER,USD,False,2026-10-01T17:00:00+00:00
100,CASH_OUT,38089.74,C171964161,70231.2,32141.46,C227724737,17875.71,55965.45,0,0,0.0,0.0,25f7bff0-f4a9-48ce-aa19-ff7f94e23b22,C171964161,CASH_OUT,USD,False,2026-10-05T04:00:00+00:00
35,PAYMENT,2206.04,C631790821,7795.06,5589.02,M742994944,0.0,0.0,0,0,0.0,2206.04,b5b5e5cd-0d62-4d65-b73a-841cb91e989a,C631790821,PAYMENT,USD,False,2026-10-02T11:00:00+00:00
21,CASH_IN,44793.69,C963174951,7521.24,52314.93,C594124534,86087.16,41293.47,0,0,-89587.38,89587.38,166a0446-6460-4197-bc02-ee254385e440,C963174951,CASH_IN,USD,False,2026-10-01T21:00:00+00:00
35,CASH_OUT,111492.26,C198096189,296723.8,185231.54,C887414873,3183.45,114675.71,0,0,-0.0,-0.0,6b69e05a-d404-46cc-9c39-5615b002c8af,C198096189,CASH_OUT,USD,False,2026-10-02T11:00:00+00:00
25,CASH_OUT,45067.16,C602965098,90417.12,45349.96,C122188902,25361.44,70428.6,0,0,-0.0,0.0,a745380f-c515-43e9-9e62-184c344294ac,C602965098,CASH_OUT,USD,False,2026-10-02T01:00:00+00:00
24,CASH_IN,9037.88,C846482380,8944.66,17982.54,C695627964,32115.31,23077.43,0,0,-18075.76,18075.76,1b5c9619-5335-481a-998f-9612eecd06d5,C846482380,CASH_IN,USD,False,2026-10-02T00:00:00+00:00
60,TRANSFER,143188.46,C753651567,501790.57,358602.11,C438421460,17831.96,161020.42,0,0,0.0,-0.0,149470bd-4b48-4657-bf12-abde6d595281,C753651567,TRANSFER,USD,False,2026-10-03T12:00:00+00:00
44,PAYMENT,25.4,C117484425,67.11,41.71,M178634632,0.0,0.0,0,0,0.0,25.4,526c014f-c133-44bd-9c63-cba673acbdc0,C117484425,PAYMENT,USD,False,2026-10-02T20:00:00+00:00
22,PAYMENT,3001.34,C201731201,21810.25,18808.91,M777395712,0.0,0.0,0,0,0.0,3001.34,9a3a040d-233f-4ea7-b402-d92fbb1f5de4,C201731201,PAYMENT,USD,False,2026-10-01T22:00:00+00:00
22,PAYMENT,1308.87,C179994634,4181.15,2872.28,M660737567,0.0,0.0,0,0,-0.0,1308.87,ed8baf47-f5ea-43a1-9bd7-31aabfeddf5d,C179994634,PAYMENT,USD,False,2026-10-01T22:00:00+00:00
95,CASH_OUT,13854.48,C132917811,19815.59,5961.11,C669601448,20991.62,34846.1,0,0,0.0,0.0,02d6e5e3-7b9e-40a3-868e-b16bd21b1506,C132917811,CASH_OUT,USD,False,2026-10-04T23:00:00+00:00
9,PAYMENT,1230.04,C557838178,11972.56,10742.52,M792690988,0.0,0.0,0,0,0.0,1230.04,0e5cfeb5-e96e-4fd7-8f44-384f0d06cc05,C557838178,PAYMENT,USD,False,2026-10-01T09:00:00+00:00
7,CASH_OUT,99329.29,C151497057,265431.7,166102.41,C801762883,2411.75,101741.04,0,0,0.0,0.0,60be3ee6-83d7-4cd0-b25b-fa145c44c772,C151497057,CASH_OUT,USD,False,2026-10-01T07:00:00+00:00
77,PAYMENT,4779.88,C212613246,12084.85,7304.97,M215358719,0.0,0.0,0,0,0.0,4779.88,98ae03e5-982f-4d97-bb2d-9b86b183e1fe,C212613246,PAYMENT,USD,False,2026-10-04T05:00:00+00:00
52,CASH_OUT,29751.68,C959891968,48583.94,18832.26,C541618988,12284.92,42036.6,0,0,0.0,0.0,529b8919-d1e2-4e31-8db2-ab12e4b7f155,C959891968,CASH_OUT,USD,False,2026-10-03T04:00:00+00:00
82,TRANSFER,31729.99,C394689553,90217.4,58487.41,C425155441,7474.27,39204.26,0,0,-0.0,0.0,7208f997-424a-406f-b4e7-6c6f4fcc5b16,C394689553,TRANSFER,USD,False,2026-10-04T10:00:00+00:00
54,TRANSFER,192179.23,C364309534,246549.75,54370.52,C826824988,26292.62,218471.85,0,0,-0.0,0.0,0ae4e44b-4f1d-4dea-a94d-705450d102c5,C364309534,TRANSFER,USD,False,2026-10-03T06:00:00+00:00
84,CASH_IN,3684.03,C287061643,2774.88,6458.91,C712696696,57218.84,53534.81,0,0,-7368.06,7368.06,d5f8ca6d-254d-47c8-8496-71761db9f71a,C287061643,CASH_IN,USD,False,2026-10-04T12:00:00+00:00
93,CASH_OUT,87316.98,C205787377,234952.71,147635.73,C405904044,31806.63,119123.61,0,0,-0.0,0.0,1cc5f3b1-250b-42b2-a0e0-4d81491262de,C205787377,CASH_OUT,USD,False,2026-10-04T21:00:00+00:00
81,CASH_IN,19803.4,C908417746,4634.46,24437.86,C578948886,72902.33,53098.93,0,0,-39606.8,39606.8,1e431a2e-0772-4968-b4fc-228f454f03df,C908417746,CASH_IN,USD,False,2026-10-04T09:00:00+00:00
45,TRANSFER,190285.92,C240409084,510908.87,320622.95,C652955706,25529.27,215815.19,0,0,-0.0,0.0,34cd54a4-da7a-4c13-9b7b-98b57239e494,C240409084,TRANSFER,USD,False,2026-10-02T21:00:00+00:00
46,CASH_OUT,142525.81,C747643947,288305.35,145779.54,C620263193,7368.7,149894.51,0,0,-0.0,0.0,93e9feaf-16a1-47ff-bcc5-b1da0dc17cee,C747643947,CASH_OUT,USD,False,2026-10-02T22:00:00+00:00
82,PAYMENT,433.11,C414741200,1511.93,1078.82,M233875825,0.0,0.0,0,0,0.0,433.11,d865c2b9-ca7f-4c7f-99da-fbd6b1703b0a,C414741200,PAYMENT,USD,False,2026-10-04T10:00:00+00:00
18,PAYMENT,4959.44,C604661559,12232.93,7273.49,M640198103,0.0,0.0,0,0,0.0,4959.44,cca8501f-1bae-450d-a4d4-fc8b0cdf20ec,C604661559,PAYMENT,USD,False,2026-10-01T18:00:00+00:00
6,CASH_OUT,131982.77,C863093090,392645.93,260663.16,C343723943,6251.21,138233.98,0,0,0.0,-0.0,98c210ae-ad13-4995-975d-636823162957,C863093090,CASH_OUT,USD,False,2026-10-01T06:00:00+00:00
80,PAYMENT,2225.75,C751437877,4565.04,2339.29,M539967390,0.0,0.0,0,0,0.0,2225.75,b77ec900-7339-4c43-a092-f1147b321e2b,C751437877,PAYMENT,USD,False,2026-10-04T08:00:00+00:00
29,PAYMENT,2520.31,C387073305,8806.74,6286.43,M554116688,0.0,0.0,0,0,0.0,2520.31,f049e6b2-c9c9-498e-9f35-9dbf1697331d,C387073305,PAYMENT,USD,False,2026-10-02T05:00:00+00:00
10,CASH_IN,49204.51,C361861195,265.7,49470.21,C855291929,3103.87,0.0,0,0,-98409.02,52308.38,f8b91d65-223f-43f3-ab24-b1bf97dc7ca1,C361861195,CASH_IN,USD,False,2026-10-01T10:00:00+00:00
63,PAYMENT,360.82,C731691986,3583.76,3222.94,M141690057,0.0,0.0,0,0,0.0,360.82,06b310d3-a5f9-42a9-a0eb-fb68654bbf1b,C731691986,PAYMENT,USD,False,2026-10-03T15:00:00+00:00
98,PAYMENT,3430.34,C737819952,32433.06,29002.72,M951093177,0.0,0.0,0,0,0.0,3430.34,4b1ff2c4-7130-4cb3-b5ad-3d1c785305bb,C737819952,PAYMENT,USD,False,2026-10-05T02:00:00+00:00
77,PAYMENT,223.19,C169163934,323.38,100.19,M383706664,0.0,0.0,0,0,0.0,223.19,8742ca6e-d02b-4fe3-810a-66b4731ff51a,C169163934,PAYMENT,USD,False,2026-10-04T05:00:00+00:00
28,CASH_OUT,112577.09,C785534409,307379.85,194802.76,C583119861,39526.22,152103.31,0,0,-0.0,0.0,2e3766ee-51c0-443e-bcba-33cbe34cb3b7,C785534409,CASH_OUT,USD,False,2026-10-02T04:00:00+00:00
61,CASH_OUT,137419.31,C574840200,411418.43,273999.12,C294872482,21794.25,159213.56,0,0,0.0,0.0,852b8440-e6df-44fb-a7b1-1cd1526a9cc6,C574840200,CASH_OUT,USD,False,2026-10-03T13:00:00+00:00
43,CASH_OUT,235175.12,C580755996,235175.12,0.0,C399913343,1166.47,236341.59,1,0,0.0,0.0,ae3df683-01cf-4942-8366-2d80567e1c6a,C580755996,CASH_OUT,USD,False,2026-10-02T19:00:00+00:00
93,PAYMENT,2693.86,C802980150,3751.16,1057.3,M143430175,0.0,0.0,0,0,-0.0,2693.86,f8c4af25-451e-4012-b9f8-c7ddc231be13,C802980150,PAYMENT,USD,False,2026-10-04T21:00:00+00:00
35,PAYMENT,1346.84,C526834569,2285.44,938.6,M989944350,0.0,0.0,0,0,0.0,1346.84,2cff530d-cb77-4c4f-b2f6-75e3d19bed50,C526834569,PAYMENT,USD,False,2026-10-02T11:00:00+00:00
74,CASH_IN,3043.5,C175311805,16298.66,19342.16,C363619558,58906.52,55863.02,0,0,-6087.0,6087.0,f9c5000b-8918-440b-b2c4-683d7969487b,C175311805,CASH_IN,USD,False,2026-10-04T02:00:00+00:00
5,CASH_OUT,142809.04,C206128657,162001.93,19192.89,C644834323,27664.22,170473.26,0,0,-0.0,0.0,25ba0197-a78a-4fce-bd23-63d789cd48ea,C206128657,CASH_OUT,USD,False,2026-10-01T05:00:00+00:00
59,CASH_OUT,36282.66,C462261918,38774.71,2492.05,C603885031,15490.68,51773.34,0,0,-0.0,0.0,fc81d3b8-3dbb-4661-8f53-975d671dde13,C462261918,CASH_OUT,USD,False,2026-10-03T11:00:00+00:00
94,CASH_OUT,124911.35,C370630544,348350.28,223438.93,C612243896,29081.76,153993.11,0,0,0.0,0.0,9771a88b-a68f-4f72-a11b-7b128f178bca,C370630544,CASH_OUT,USD,False,2026-10-04T22:00:00+00:00
95,PAYMENT,1636.03,C813975499,11468.19,9832.16,M267072428,0.0,0.0,0,0,0.0,1636.03,4005a1b3-a7e9-4840-be39-3a4507e1d591,C813975499,PAYMENT,USD,False,2026-10-04T23:00:00+00:00
98,PAYMENT,1326.91,C326586581,3202.52,1875.61,M187174381,0.0,0.0,0,0,0.0,1326.91,92c7af08-ef55-4635-bbbf-a56b0017c751,C326586581,PAYMENT,USD,False,2026-10-05T02:00:00+00:00
1,CASH_OUT,59787.3,C907115040,136981.94,77194.64,C182967632,6904.0,66691.3,0,0,0.0,0.0,af619677-822e-483c-8464-19c84596034d,C907115040,CASH_OUT,USD,False,2026-10-01T01:00:00+00:00
89,CASH_OUT,51281.43,C955377778,135419.47,84138.04,C896686228,11128.22,62409.65,0,0,0.0,0.0,0d115e1f-32c9-4c6b-b883-6ba4ff5d5417,C955377778,CASH_OUT,USD,False,2026-10-04T17:00:00+00:00
45,PAYMENT,1398.75,C376049186,11041.62,9642.87,M607039565,0.0,0.0,0,0,0.0,1398.75,540c6e4c-59a0-4eed-94e3-1ae017b142c2,C376049186,PAYMENT,USD,False,2026-10-02T21:00:00+00:00
63,PAYMENT,4869.74,C973094351,35139.85,30270.11,M487329582,0.0,0.0,0,0,0.0,4869.74,cdff9cce-c577-416b-893b-34cf4c75c487,C973094351,PAYMENT,USD,False,2026-10-03T15:00:00+00:00
30,CASH_IN,2412.36,C897281186,1768.32,4180.68,C490879384,37362.42,34950.06,0,0,-4824.72,4824.72,495bbb6c-a50b-449c-9530-0f7b7da0d6a7,C897281186,CASH_IN,USD,False,2026-10-02T06:00:00+00:00
46,CASH_IN,6099.44,C331336425,11727.39,17826.83,C347635067,50511.06,44411.62,0,0,-12198.88,12198.88,72ece655-f394-4d5c-8f86-6ac2141fefc6,C331336425,CASH_IN,USD,False,2026-10-02T22:00:00+00:00
29,PAYMENT,1626.42,C861292088,10575.76,8949.34,M168421465,0.0,0.0,0,0,0.0,1626.42,2505dde3-e2a5-4f14-a883-7fbb4d51c874,C861292088,PAYMENT,USD,False,2026-10-02T05:00:00+00:00
87,PAYMENT,94.49,C673781871,193.71,99.22,M524056989,0.0,0.0,0,0,0.0,94.49,65753b5c-4df2-470d-af7e-4903010c2a8e,C673781871,PAYMENT,USD,False,2026-10-04T15:00:00+00:00
64,PAYMENT,2704.99,C745844522,8158.77,5453.78,M124204804,0.0,0.0,0,0,0.0,2704.99,c879e32b-066b-4336-9cda-6b3004b4cbf7,C745844522,PAYMENT,USD,False,2026-10-03T16:00:00+00:00
95,PAYMENT,599.83,C807899575,3010.76,2410.93,M346715058,0.0,0.0,0,0,0.0,599.83,4fb69047-2fe7-4a17-b1ab-f09bf1c84ea0,C807899575,PAYMENT,USD,False,2026-10-04T23:00:00+00:00
12,CASH_IN,10203.74,C224560633,15653.82,25857.56,C245203810,10678.35,474.61,0,0,-20407.48,20407.48,74041d0c-8b95-4f2f-9d3f-e9542ed77ce2,C224560633,CASH_IN,USD,False,2026-10-01T12:00:00+00:00
54,PAYMENT,529.29,C904463500,4138.54,3609.25,M776823445,0.0,0.0,0,0,0.0,529.29,88a193cd-5827-4213-a7aa-9d2993b70233,C904463500,PAYMENT,USD,False,2026-10-03T06:00:00+00:00
78,PAYMENT,4503.37,C168270327,40849.89,36346.52,M537020273,0.0,0.0,0,0,0.0,4503.37,e3f34002-64ee-4f11-aa85-dbba6cd9472b,C168270327,PAYMENT,USD,False,2026-10-04T06:00:00+00:00
24,PAYMENT,50.71,C971440353,358.92,308.21,M402778221,0.0,0.0,0,0,0.0,50.71,16aa00c7-6acf-4a9e-aa8e-4bc718e5ac4e,C971440353,PAYMENT,USD,False,2026-10-02T00:00:00+00:00
64,CASH_IN,17622.64,C458375577,14797.19,32419.83,C677925180,83787.33,66164.69,0,0,-35245.28,35245.28,fe32e8c3-960b-4cbf-a15e-d0443cf2d397,C458375577,CASH_IN,USD,False,2026-10-03T16:00:00+00:00
47,PAYMENT,943.55,C824041303,3961.09,3017.54,M251777961,0.0,0.0,0,0,0.0,943.55,96b704e9-80f7-4138-8849-76442644fae8,C824041303,PAYMENT,USD,False,2026-10-02T23:00:00+00:00
9,CASH_IN,32775.06,C890255993,18614.02,51389.08,C964751031,71851.66,39076.6,0,0,-65550.12,65550.12,5e595d1d-34e2-4269-aee6-1cbe7b6396e9,C890255993,CASH_IN,USD,False,2026-10-01T09:00:00+00:00
57,PAYMENT,3659.54,C220597977,8251.57,4592.03,M143036559,0.0,0.0,0,0,0.0,3659.54,073aed2a-4de8-4ec0-ab3f-01375d0f6655,C220597977,PAYMENT,USD,False,2026-10-03T09:00:00+00:00
20,PAYMENT,1057.1,C749431082,2994.1,1937.0,M468164906,0.0,0.0,0,0,0.0,1057.1,b324b6d1-2b97-4720-b0ef-7284dca06f15,C749431082,PAYMENT,USD,False,2026-10-01T20:00:00+00:00
84,PAYMENT,3080.18,C625432379,3987.13,906.95,M400368694,0.0,0.0,0,0,0.0,3080.18,5a4bed2c-f941-4af5-9328-5255e1c595f3,C625432379,PAYMENT,USD,False,2026-10-04T12:00:00+00:00
21,CASH_OUT,39047.26,C547519474,68003.19,28955.93,C752126276,23884.63,62931.89,0,0,0.0,0.0,96db063d-9856-47c7-aed5-a8b8933ab33e,C547519474,CASH_OUT,USD,False,2026-10-01T21:00:00+00:00
90,CASH_OUT,84053.72,C221509873,236919.36,152865.64,C523706090,29033.12,113086.84,0,0,-0.0,0.0,97d358ff-f7a9-49ce-a08b-c958648df97d,C221509873,CASH_OUT,USD,False,2026-10-04T18:00:00+00:00
95,CASH_OUT,27718.25,C529832349,47831.56,20113.31,C107221330,3686.56,31404.81,0,0,-0.0,0.0,b7a4c22f-81cd-4e66-a64c-08a9c7a45fd5,C529832349,CASH_OUT,USD,False,2026-10-04T23:00:00+00:00
4,TRANSFER,56782.88,C400855850,209615.47,152832.59,C466990085,52554.54,109337.42,0,0,0.0,0.0,fa09d772-1798-4e2c-ba41-5d1e63c12d1c,C400855850,TRANSFER,USD,False,2026-10-01T04:00:00+00:00
74,PAYMENT,4501.94,C585733343,19789.41,15287.47,M938967476,0.0,0.0,0,0,0.0,4501.94,30b15443-033a-4611-9759-0a910e8f5fb3,C585733343,PAYMENT,USD,False,2026-10-04T02:00:00+00:00
62,CASH_OUT,80938.97,C747975975,226138.46,145199.49,C101288710,38743.52,119682.49,0,0,0.0,-0.0,2100af2b-91e3-4fa2-8e81-8cf8a797759b,C747975975,CASH_OUT,USD,False,2026-10-03T14:00:00+00:00
27,TRANSFER,56252.49,C465851880,84206.91,27954.42,C669200353,9550.39,65802.88,0,0,0.0,0.0,4802d77d-0cb4-4bd9-9117-b5e13f061e4e,C465851880,TRANSFER,USD,False,2026-10-02T03:00:00+00:00
6,PAYMENT,614.36,C255026264,1723.37,1109.01,M926468012,0.0,0.0,0,0,-0.0,614.36,99a206b0-961a-4a84-b369-49aff70eea53,C255026264,PAYMENT,USD,False,2026-10-01T06:00:00+00:00
91,CASH_OUT,16920.1,C705771555,35452.66,18532.56,C989889367,25274.35,42194.45,0,0,0.0,0.0,362a6de2-2f9d-4e98-a7ef-dc9bffffd7a2,C705771555,CASH_OUT,USD,False,2026-10-04T19:00:00+00:00
3,CASH_IN,42709.41,C558914339,18129.14,60838.55,C914817912,30722.92,0.0,0,0,-85418.82,73432.33,4179fb55-0ac2-4343-a09f-5ccbab38ffdc,C558914339,CASH_IN,USD,False,2026-10-01T03:00:00+00:00
67,PAYMENT,544.49,C306675241,3461.09,2916.6,M113194760,0.0,0.0,0,0,0.0,544.49,2c219e13-46fd-4fe2-829b-ebccccb261ab,C306675241,PAYMENT,USD,False,2026-10-03T19:00:00+00:00
6,CASH_OUT,83897.82,C569762050,200857.72,116959.9,C682756272,9488.79,93386.61,0,0,0.0,0.0,087b25af-6c8d-47c4-acce-7621915e50a0,C569762050,CASH_OUT,USD,False,2026-10-01T06:00:00+00:00
33,CASH_OUT,75101.37,C895266380,114326.84,39225.47,C280023141,14961.61,90062.98,0,0,0.0,0.0,996e4f8d-5bcc-4b53-9dae-8040dc95f0a5,C895266380,CASH_OUT,USD,False,2026-10-02T09:00:00+00:00
38,TRANSFER,97911.39,C369919207,117871.45,19960.06,C484297783,69717.87,167629.26,0,0,-0.0,0.0,500194ca-31b5-4281-a17c-3570afe61048,C369919207,TRANSFER,USD,False,2026-10-02T14:00:00+00:00
65,CASH_OUT,6497.07,C832888487,7238.5,741.43,C791346700,39529.53,46026.6,0,0,0.0,0.0,a33b5b72-17a6-47de-897a-c86e5250deea,C832888487,CASH_OUT,USD,False,2026-10-03T17:00:00+00:00
96,PAYMENT,1893.71,C420552711,2590.39,696.68,M752962225,0.0,0.0,0,0,-0.0,1893.71,721ae64e-b91f-47c4-bee8-a499f5bbf7c2,C420552711,PAYMENT,USD,False,2026-10-05T00:00:00+00:00
76,PAYMENT,4972.86,C493770320,37267.45,32294.59,M475783148,0.0,0.0,0,0,-0.0,4972.86,2a359547-3255-4460-9902-7e434efbac0f,C493770320,PAYMENT,USD,False,2026-10-04T04:00:00+00:00
51,PAYMENT,2299.6,C213567378,6102.98,3803.38,M373558458,0.0,0.0,0,0,-0.0,2299.6,92e450ae-76a7-425e-8eb2-e3a9529cb19b,C213567378,PAYMENT,USD,False,2026-10-03T03:00:00+00:00
51,CASH_OUT,390562.42,C230528618,390562.42,0.0,C616139379,3190.37,393752.79,1,0,0.0,0.0,effd9c65-ef8a-4753-b377-9fe01fcceda7,C230528618,CASH_OUT,USD,False,2026-10-03T03:00:00+00:00
45,PAYMENT,384.78,C194775843,2016.5,1631.72,M910010550,0.0,0.0,0,0,0.0,384.78,a5aaf859-46ce-4cef-8ba3-3cecff41d220,C194775843,PAYMENT,USD,False,2026-10-02T21:00:00+00:00
19,PAYMENT,4776.79,C408840720,19667.34,14890.55,M184857208,0.0,0.0,0,0,0.0,4776.79,77942478-5732-469a-a94b-4d7b3a1656dc,C408840720,PAYMENT,USD,False,2026-10-01T19:00:00+00:00
98,CASH_OUT,120708.52,C847353229,168863.18,48154.66,C729419251,20097.68,140806.2,0,0,-0.0,0.0,eb5f2905-8cab-4c87-a710-0aae880da625,C847353229,CASH_OUT,USD,False,2026-10-05T02:00:00+00:00
35,PAYMENT,4343.37,C795788741,34892.51,30549.14,M608140620,0.0,0.0,0,0,0.0,4343.37,0d671964-ef68-4b91-8fe9-4d3f99f857ed,C795788741,PAYMENT,USD,False,2026-10-02T11:00:00+00:00
54,CASH_OUT,66749.18,C766633565,85128.26,18379.08,C361082984,2203.54,68952.72,0,0,0.0,-0.0,9baf8277-68c8-486a-b028-4823184ab2a8,C766633565,CASH_OUT,USD,False,2026-10-03T06:00:00+00:00
13,CASH_OUT,125319.29,C283276335,330291.57,204972.28,C168673962,5316.56,130635.85,0,0,0.0,-0.0,bb6d41bd-5dd6-41f2-a1a3-1d31e6af7ace,C283276335,CASH_OUT,USD,False,2026-10-01T13:00:00+00:00
87,PAYMENT,508.24,C723852830,3311.19,2802.95,M488267537,0.0,0.0,0,0,0.0,508.24,42c90f62-7387-40ec-ac92-4bbf9f4cff9a,C723852830,PAYMENT,USD,False,2026-10-04T15:00:00+00:00
73,TRANSFER,199733.25,C127913919,568442.39,368709.14,C332129971,7158.02,206891.27,0,0,0.0,0.0,d64c7724-d968-42a3-bcf6-c3f7e5b649e8,C127913919,TRANSFER,USD,False,2026-10-04T01:00:00+00:00
29,CASH_IN,23841.3,C815039775,2461.96,26303.26,C820052632,14439.89,0.0,0,0,-47682.6,38281.19,eb48cfef-8e83-4157-8708-1314b2fe463e,C815039775,CASH_IN,USD,False,2026-10-02T05:00:00+00:00
68,CASH_IN,39563.78,C880474837,12241.45,51805.23,C649397669,16830.07,0.0,0,0,-79127.56,56393.85,3a3a328c-a74a-46bd-8788-ae9144f28475,C880474837,CASH_IN,USD,False,2026-10-03T20:00:00+00:00
43,PAYMENT,1063.32,C677678962,6070.91,5007.59,M686718533,0.0,0.0,0,0,0.0,1063.32,4b6a76b1-1349-4f21-ac5d-c9832066aa2b,C677678962,PAYMENT,USD,False,2026-10-02T19:00:00+00:00
5,PAYMENT,1438.95,C993027458,12631.46,11192.51,M792205349,0.0,0.0,0,0,-0.0,1438.95,d3c1f1e0-e9b3-4229-8470-e0d916b5b83a,C993027458,PAYMENT,USD,False,2026-10-01T05:00:00+00:00
95,PAYMENT,1363.42,C586145040,12941.57,11578.15,M180195016,0.0,0.0,0,0,0.0,1363.42,2278c7b8-dfa2-4b10-96a7-963bb83fe547,C586145040,PAYMENT,USD,False,2026-10-04T23:00:00+00:00
18,PAYMENT,4307.64,C446667253,21198.51,16890.87,M877661121,0.0,0.0,0,0,0.0,4307.64,fbbfcc0f-29ed-4cc4-96e0-3936abdcc849,C446667253,PAYMENT,USD,False,2026-10-01T18:00:00+00:00
7,CASH_IN,15238.5,C861913813,3273.89,18512.39,C802907889,14618.53,0.0,0,0,-30477.0,29857.03,d6f25e6e-81dd-4902-af65-3ba4e76cee6c,C861913813,CASH_IN,USD,False,2026-10-01T07:00:00+00:00
100,PAYMENT,3944.52,C262806001,11204.71,7260.19,M466116319,0.0,0.0,0,0,-0.0,3944.52,d199b7c6-9e6f-4e1e-b347-811a801e5689,C262806001,PAYMENT,USD,False,2026-10-05T04:00:00+00:00
39,CASH_IN,2855.8,C735032128,1483.81,4339.61,C644748834,46712.51,43856.71,0,0,-5711.6,5711.6,87361443-5dfd-4fe1-bb24-9e59693aaa25,C735032128,CASH_IN,USD,False,2026-10-02T15:00:00+00:00
85,DEBIT,1477.39,C968545231,3172.34,1694.95,C129311097,504.3,1981.69,0,0,0.0,0.0,7f354366-216b-4a76-a265-dbfbc0c1164a,C968545231,DEBIT,USD,False,2026-10-04T13:00:00+00:00
13,PAYMENT,778.05,C378740514,1097.46,319.41,M786649106,0.0,0.0,0,0,0.0,778.05,138719a2-2ccd-4e78-9f48-0e1313ada5c2,C378740514,PAYMENT,USD,False,2026-10-01T13:00:00+00:00
81,CASH_OUT,722147.51,C473644589,722147.51,0.0,C330255706,3588.17,725735.68,1,0,0.0,0.0,6136c3b6-7a43-43d8-8369-3352078b8a74,C473644589,CASH_OUT,USD,False,2026-10-04T09:00:00+00:00
17,CASH_OUT,122651.18,C535602000,148893.94,26242.76,C955512146,27807.49,150458.67,0,0,0.0,-0.0,b1210aab-f812-4208-85eb-fe0900ac061e,C535602000,CASH_OUT,USD,False,2026-10-01T17:00:00+00:00
38,CASH_OUT,91616.2,C220036881,262052.01,170435.81,C867574023,40433.17,132049.37,0,0,0.0,0.0,3f73410f-473b-4626-811f-e58c62d1cd3c,C220036881,CASH_OUT,USD,False,2026-10-02T14:00:00+00:00
33,CASH_IN,2650.0,C482032339,10181.52,12831.52,C561487197,19156.99,16506.99,0,0,-5300.0,5300.0,1b2d06e3-b726-4c78-a0c2-ccae51e8209e,C482032339,CASH_IN,USD,False,2026-10-02T09:00:00+00:00
68,PAYMENT,3758.44,C850829666,16220.93,12462.49,M366865257,0.0,0.0,0,0,0.0,3758.44,a7e9d903-ecf3-4a73-a7b3-2bc2e7fb2e00,C850829666,PAYMENT,USD,False,2026-10-03T20:00:00+00:00
9,PAYMENT,2894.04,C817231001,22953.85,20059.81,M726938297,0.0,0.0,0,0,-0.0,2894.04,63863603-9bb2-4730-bff0-df409d03180d,C817231001,PAYMENT,USD,False,2026-10-01T09:00:00+00:00
83,PAYMENT,1004.38,C530207385,3840.24,2835.86,M428079168,0.0,0.0,0,0,-0.0,1004.38,443cb95e-b7c2-46ce-82e1-f050c8dafd5e,C530207385,PAYMENT,USD,False,2026-10-04T11:00:00+00:00
71,CASH_OUT,15390.62,C811793751,28708.69,13318.07,C110107303,24625.8,40016.42,0,0,-0.0,0.0,43fee510-ed8e-472a-be8d-ce31171d15fd,C811793751,CASH_OUT,USD,False,2026-10-03T23:00:00+00:00
59,CASH_OUT,7909.61,C918164904,10816.23,2906.62,C788904718,22170.25,30079.86,0,0,0.0,0.0,161b6d69-c468-4f7f-a117-c00181432dae,C918164904,CASH_OUT,USD,False,2026-10-03T11:00:00+00:00
34,CASH_IN,39944.24,C863759729,43.58,39987.82,C947027818,93376.4,53432.16,0,0,-79888.48,79888.48,bcd0ccec-8823-4dd5-8aa8-1189897a5782,C863759729,CASH_IN,USD,False,2026-10-02T10:00:00+00:00
94,TRANSFER,182741.13,C813307041,331637.06,148895.93,C726357673,59352.63,242093.76,0,0,0.0,0.0,444beae2-514f-465e-ba0c-18ae5c0c0b0b,C813307041,TRANSFER,USD,False,2026-10-04T22:00:00+00:00
79,CASH_OUT,132046.01,C175594355,372503.42,240457.41,C909870047,17068.86,149114.87,0,0,-0.0,0.0,6516d4da-50b7-4c45-aba9-59e48b9e0f3b,C175594355,CASH_OUT,USD,False,2026-10-04T07:00:00+00:00
2,CASH_OUT,23041.99,C737038349,55649.9,32607.91,C763679437,46029.72,69071.71,0,0,0.0,0.0,ca471b60-1837-4407-bca0-5f1a5f8378bf,C737038349,CASH_OUT,USD,False,2026-10-01T02:00:00+00:00
43,CASH_OUT,88052.9,C787774320,247934.58,159881.68,C188708282,16437.65,104490.55,0,0,0.0,-0.0,2bf98c4f-5faf-4a7c-9941-0f8c6813352d,C787774320,CASH_OUT,USD,False,2026-10-02T19:00:00+00:00
47,CASH_OUT,85445.52,C183251892,89439.86,3994.34,C504859260,29735.08,115180.6,0,0,-0.0,0.0,00fb526e-629f-4ecc-8624-4ddf59dc1222,C183251892,CASH_OUT,USD,False,2026-10-02T23:00:00+00:00
40,PAYMENT,3193.75,C316601552,10101.88,6908.13,M134753576,0.0,0.0,0,0,-0.0,3193.75,907b664c-e745-4fc2-a462-f64805548b8e,C316601552,PAYMENT,USD,False,2026-10-02T16:00:00+00:00
57,TRANSFER,13005.18,C856652902,30522.6,17517.42,C486660965,26845.08,39850.26,0,0,0.0,0.0,ecdead76-7a3c-48a8-9021-5ba419bf2c24,C856652902,TRANSFER,USD,False,2026-10-03T09:00:00+00:00
87,CASH_IN,6779.08,C205824138,7942.63,14721.71,C491171952,79267.99,72488.91,0,0,-13558.16,13558.16,0956a186-7d94-4153-8a0c-d57acfc75beb,C205824138,CASH_IN,USD,False,2026-10-04T15:00:00+00:00
76,PAYMENT,1891.8,C439854673,7381.41,5489.61,M519082280,0.0,0.0,0,0,0.0,1891.8,f6722338-e1de-499d-b3cd-2e66f13f54e6,C439854673,PAYMENT,USD,False,2026-10-04T04:00:00+00:00
64,CASH_OUT,33163.82,C761026097,46604.53,13440.71,C963775406,16867.16,50030.98,0,0,0.0,-0.0,eb3fc084-e337-4e00-8d08-d0d54769c2c7,C761026097,CASH_OUT,USD,False,2026-10-03T16:00:00+00:00
86,CASH_OUT,39763.34,C429744237,97498.65,57735.31,C152811136,8434.68,48198.02,0,0,0.0,0.0,883f75e3-57f5-4752-ab7d-eaf64a07e2a2,C429744237,CASH_OUT,USD,False,2026-10-04T14:00:00+00:00
48,CASH_IN,3429.95,C980752567,16866.19,20296.14,C558835473,7427.66,3997.71,0,0,-6859.9,6859.9,3e085c29-b4f9-48cb-8187-41806a077a9a,C980752567,CASH_IN,USD,False,2026-10-03T00:00:00+00:00
16,CASH_IN,45608.59,C396500148,5191.53,50800.12,C551627750,99368.88,53760.29,0,0,-91217.18,91217.18,72bd78ce-90e8-4694-b091-12056b67330c,C396500148,CASH_IN,USD,False,2026-10-01T16:00:00+00:00
45,DEBIT,837.7,C693563318,2895.73,2058.03,C897518821,3381.09,4218.79,0,0,-0.0,0.0,d04335f0-7bea-44e5-9a69-2112af48b314,C693563318,DEBIT,USD,False,2026-10-02T21:00:00+00:00
17,PAYMENT,4294.02,C777451739,4379.07,85.05,M415740351,0.0,0.0,0,0,-0.0,4294.02,c4ffedc9-329b-46be-9ece-6739d3396c5f,C777451739,PAYMENT,USD,False,2026-10-01T17:00:00+00:00
59,PAYMENT,946.46,C395976645,7467.01,6520.55,M878488534,0.0,0.0,0,0,0.0,946.46,e151ff4b-d14f-4659-ae04-29c789420076,C395976645,PAYMENT,USD,False,2026-10-03T11:00:00+00:00
35,TRANSFER,108858.41,C522846709,326659.06,217800.65,C441214469,27045.11,135903.52,0,0,0.0,0.0,45ea9df3-c34d-4092-80a5-21e593982d01,C522846709,TRANSFER,USD,False,2026-10-02T11:00:00+00:00
21,PAYMENT,4812.56,C875291270,37237.07,32424.51,M107390903,0.0,0.0,0,0,0.0,4812.56,256fa0dd-8977-4959-8e8b-bcb962a95825,C875291270,PAYMENT,USD,False,2026-10-01T21:00:00+00:00
57,PAYMENT,4020.9,C524097377,34397.58,30376.68,M154433654,0.0,0.0,0,0,0.0,4020.9,170ef781-c316-431b-9990-b4ca4b5287da,C524097377,PAYMENT,USD,False,2026-10-03T09:00:00+00:00
96,PAYMENT,2922.97,C153839920,27109.04,24186.07,M639931481,0.0,0.0,0,0,0.0,2922.97,f3804e92-996a-4170-82c9-512acc2d5cf7,C153839920,PAYMENT,USD,False,2026-10-05T00:00:00+00:00
44,PAYMENT,4112.54,C551034639,20158.48,16045.94,M213321496,0.0,0.0,0,0,-0.0,4112.54,953a7769-1b7c-4451-975f-41d9e7c852a3,C551034639,PAYMENT,USD,False,2026-10-02T20:00:00+00:00
14,CASH_IN,15394.66,C328939416,6400.32,21794.98,C427903381,53509.55,38114.89,0,0,-30789.32,30789.32,3da67b0e-b108-4afa-8412-f02efa2a1346,C328939416,CASH_IN,USD,False,2026-10-01T14:00:00+00:00
72,CASH_IN,6963.37,C319808475,4772.65,11736.02,C459628007,12242.21,5278.84,0,0,-13926.74,13926.74,e15ce316-617c-42f9-8f58-4140f4d13c34,C319808475,CASH_IN,USD,False,2026-10-04T00:00:00+00:00
82,CASH_IN,17956.93,C821413281,16908.38,34865.31,C422331737,84223.23,66266.3,0,0,-35913.86,35913.86,8c13cc08-b055-4578-b119-28aa08967b00,C821413281,CASH_IN,USD,False,2026-10-04T10:00:00+00:00
11,CASH_OUT,97890.69,C877562137,188307.48,90416.79,C583409569,366.14,98256.83,0,0,0.0,0.0,9b073730-27bd-4244-b48a-fff957e69071,C877562137,CASH_OUT,USD,False,2026-10-01T11:00:00+00:00
30,PAYMENT,2065.91,C892150738,9048.26,6982.35,M314700940,0.0,0.0,0,0,0.0,2065.91,abb6efb8-6ab2-4a32-b2da-c54b60cf062e,C892150738,PAYMENT,USD,False,2026-10-02T06:00:00+00:00
3,PAYMENT,4025.57,C378930456,4461.72,436.15,M813749161,0.0,0.0,0,0,0.0,4025.57,f8d106ad-dd78-4bae-944c-7b0658f86b48,C378930456,PAYMENT,USD,False,2026-10-01T03:00:00+00:00
18,PAYMENT,1881.01,C407855703,16101.3,14220.29,M118376979,0.0,0.0,0,0,-0.0,1881.01,7bf72bc3-7583-4dfd-8d7d-b04cda9d058d,C407855703,PAYMENT,USD,False,2026-10-01T18:00:00+00:00
77,PAYMENT,2202.65,C989248079,9257.14,7054.49,M593490527,0.0,0.0,0,0,0.0,2202.65,08cf2e1a-7ecb-4d36-86aa-2eb3cbb22092,C989248079,PAYMENT,USD,False,2026-10-04T05:00:00+00:00
81,CASH_OUT,99097.17,C349302636,262060.56,162963.39,C420857909,27062.97,126160.14,0,0,0.0,0.0,7c6034d0-259e-4269-a378-d6523eabe825,C349302636,CASH_OUT,USD,False,2026-10-04T09:00:00+00:00
36,CASH_OUT,76756.01,C889116616,170717.67,93961.66,C160868961,9816.63,86572.64,0,0,0.0,0.0,0d16a5f6-43d0-4a03-81f2-db6abe9f300d,C889116616,CASH_OUT,USD,False,2026-10-02T12:00:00+00:00
13,PAYMENT,1708.88,C629669831,9670.72,7961.84,M705731415,0.0,0.0,0,0,-0.0,1708.88,9819ccf4-9e05-4a47-a70b-04ba800d0a62,C629669831,PAYMENT,USD,False,2026-10-01T13:00:00+00:00
56,PAYMENT,3137.99,C983221403,19943.27,16805.28,M995616775,0.0,0.0,0,0,0.0,3137.99,a30edb96-3ca8-42cc-ac2b-ad438e2065e4,C983221403,PAYMENT,USD,False,2026-10-03T08:00:00+00:00
19,CASH_IN,2526.5,C804351176,13092.02,15618.52,C222886061,19241.29,16714.79,0,0,-5053.0,5053.0,27c99169-30b4-495c-85ff-fa3a3fef7b01,C804351176,CASH_IN,USD,False,2026-10-01T19:00:00+00:00
74,CASH_OUT,143769.58,C539450487,152734.27,8964.69,C726412812,16948.21,160717.79,0,0,0.0,-0.0,4b2c2a5f-0888-4c18-b815-9b2686c56cca,C539450487,CASH_OUT,USD,False,2026-10-04T02:00:00+00:00
57,PAYMENT,685.14,C711508721,887.57,202.43,M147083737,0.0,0.0,0,0,0.0,685.14,1cd49b84-3c0d-4f88-a22d-814e9de240d1,C711508721,PAYMENT,USD,False,2026-10-03T09:00:00+00:00
76,CASH_IN,24330.29,C795801932,3683.74,28014.03,C617696817,5231.43,0.0,0,0,-48660.58,29561.72,cdb969ab-db06-4c72-865c-349f9c876e3a,C795801932,CASH_IN,USD,False,2026-10-04T04:00:00+00:00
36,CASH_OUT,118003.94,C113275526,256676.53,138672.59,C769003354,39084.28,157088.22,0,0,0.0,0.0,264d8cfb-d5b6-417f-bbb1-856b3dbb3dc8,C113275526,CASH_OUT,USD,False,2026-10-02T12:00:00+00:00
40,PAYMENT,4755.11,C619043864,44116.56,39361.45,M799436182,0.0,0.0,0,0,0.0,4755.11,9b2d2a76-d348-4da0-9805-88d4152edf04,C619043864,PAYMENT,USD,False,2026-10-02T16:00:00+00:00
6,PAYMENT,4559.8,C261129188,8919.37,4359.57,M127418311,0.0,0.0,0,0,0.0,4559.8,7dbfdfb7-607e-4733-b0ee-dba1107b4e92,C261129188,PAYMENT,USD,False,2026-10-01T06:00:00+00:00
16,CASH_IN,226.47,C317810361,5062.22,5288.69,C921837488,46405.62,46179.15,0,0,-452.94,452.94,443b8fac-87c6-4491-a195-84ba164548b9,C317810361,CASH_IN,USD,False,2026-10-01T16:00:00+00:00
82,CASH_OUT,33641.67,C989757654,90469.93,56828.26,C867751816,47506.55,81148.22,0,0,-0.0,0.0,9462b826-c7f4-4fcc-b3d2-b6df6609f8d7,C989757654,CASH_OUT,USD,False,2026-10-04T10:00:00+00:00
10,CASH_OUT,63320.35,C793927248,118435.09,55114.74,C911964858,40669.72,103990.07,0,0,0.0,0.0,bd777a9e-ced5-4a30-8492-db2fd9e5db83,C793927248,CASH_OUT,USD,False,2026-10-01T10:00:00+00:00
1,PAYMENT,1254.42,C805054799,5717.93,4463.51,M605408862,0.0,0.0,0,0,0.0,1254.42,ad65ac9c-856b-43b2-9805-2306606fcef9,C805054799,PAYMENT,USD,False,2026-10-01T01:00:00+00:00
51,CASH_OUT,104685.14,C278981663,264562.34,159877.2,C222222579,32150.1,136835.24,0,0,0.0,0.0,79902492-f6db-4ae0-aa87-704d7f40a1b5,C278981663,CASH_OUT,USD,False,2026-10-03T03:00:00+00:00
77,CASH_IN,666.41,C513646070,7755.99,8422.4,C544325176,9385.25,8718.84,0,0,-1332.82,1332.82,5a8a81f2-e380-4cfa-8260-e4f2780bdbdd,C513646070,CASH_IN,USD,False,2026-10-04T05:00:00+00:00
76,PAYMENT,884.62,C813865691,3892.35,3007.73,M499902513,0.0,0.0,0,0,0.0,884.62,ce8906dd-e507-4d8b-bfed-dbed45d5e2d6,C813865691,PAYMENT,USD,False,2026-10-04T04:00:00+00:00
99,PAYMENT,1623.17,C703104265,14602.54,12979.37,M114551406,0.0,0.0,0,0,0.0,1623.17,e99a3e8e-ca12-401f-8455-d9c31777c597,C703104265,PAYMENT,USD,False,2026-10-05T03:00:00+00:00
3,PAYMENT,1923.8,C202631097,12721.06,10797.26,M259295459,0.0,0.0,0,0,0.0,1923.8,bb26f957-d844-4b8f-81b0-637c17d75206,C202631097,PAYMENT,USD,False,2026-10-01T03:00:00+00:00
61,TRANSFER,235010.16,C696331764,290623.88,55613.72,C965612470,45893.13,280903.29,0,0,0.0,0.0,62fd09db-ec87-4cd6-a14e-40e1b8a6a2e6,C696331764,TRANSFER,USD,False,2026-10-03T13:00:00+00:00
5,CASH_IN,10018.66,C338836384,6993.17,17011.83,C594246837,82233.1,72214.44,0,0,-20037.32,20037.32,666504d6-7742-45cc-8788-46313baa357b,C338836384,CASH_IN,USD,False,2026-10-01T05:00:00+00:00
74,CASH_OUT,86189.88,C903761910,208246.38,122056.5,C681628162,42105.68,128295.56,0,0,0.0,0.0,8ca8cf9e-8361-4d8d-b488-880a37581f2b,C903761910,CASH_OUT,USD,False,2026-10-04T02:00:00+00:00
46,TRANSFER,157892.58,C539025895,553320.97,395428.39,C895317860,23143.29,181035.87,0,0,0.0,0.0,acf7182b-7baf-489a-97df-bcc99e7dcc78,C539025895,TRANSFER,USD,False,2026-10-02T22:00:00+00:00
85,CASH_OUT,117630.99,C517520043,274951.87,157320.88,C224963823,3273.18,120904.17,0,0,0.0,0.0,8f6f03ba-dbe4-4032-b914-1d1dd4344503,C517520043,CASH_OUT,USD,False,2026-10-04T13:00:00+00:00
45,TRANSFER,29892.42,C812516703,110803.59,80911.17,C252961256,45301.43,75193.85,0,0,0.0,0.0,ddf8e3f2-3bd3-4e5b-8e8c-f6372ef03db7,C812516703,TRANSFER,USD,False,2026-10-02T21:00:00+00:00
96,CASH_IN,39669.38,C967298880,915.59,40584.97,C709937556,80374.94,40705.56,0,0,-79338.76,79338.76,37404f25-510f-4398-8bc3-24da60d6c3b6,C967298880,CASH_IN,USD,False,2026-10-05T00:00:00+00:00
91,DEBIT,387.93,C976189113,1494.88,1106.95,C880126986,3462.96,3850.89,0,0,0.0,0.0,af56e7fa-e631-4265-a1e7-3a4aa89860cd,C976189113,DEBIT,USD,False,2026-10-04T19:00:00+00:00
41,CASH_OUT,57518.57,C752078737,122760.97,65242.4,C314448547,18698.02,76216.59,0,0,0.0,0.0,7ef8789d-b5ec-4da0-b6d9-706be9e6a580,C752078737,CASH_OUT,USD,False,2026-10-02T17:00:00+00:00
84,PAYMENT,2230.49,C130942528,15717.41,13486.92,M799444677,0.0,0.0,0,0,0.0,2230.49,e9950a0c-1b4a-4749-9229-1a1488331675,C130942528,PAYMENT,USD,False,2026-10-04T12:00:00+00:00
40,CASH_OUT,50924.08,C277394348,61140.49,10216.41,C821752427,45882.64,96806.72,0,0,-0.0,0.0,bb84a2fe-da8e-4011-80f5-7ea91632dc58,C277394348,CASH_OUT,USD,False,2026-10-02T16:00:00+00:00
100,CASH_OUT,5189.89,C976661230,9365.66,4175.77,C497307638,6585.43,11775.32,0,0,-0.0,0.0,d2ca09aa-262b-4484-8821-d23926e1949d,C976661230,CASH_OUT,USD,False,2026-10-05T04:00:00+00:00
23,CASH_OUT,89481.17,C140395469,178942.23,89461.06,C870086298,47514.9,136996.07,0,0,0.0,0.0,c9a7f1d6-ac49-483c-85f8-bb6bfeddf214,C140395469,CASH_OUT,USD,False,2026-10-01T23:00:00+00:00
82,CASH_OUT,127930.92,C759730914,367068.59,239137.67,C565708117,36330.75,164261.67,0,0,0.0,-0.0,3de44f30-13a1-452f-bd1a-fbc60228d492,C759730914,CASH_OUT,USD,False,2026-10-04T10:00:00+00:00
75,CASH_OUT,101560.7,C531434021,304319.4,202758.7,C478967068,39529.34,141090.04,0,0,0.0,-0.0,809a317f-8acc-4b30-be89-9be9210a0437,C531434021,CASH_OUT,USD,False,2026-10-04T03:00:00+00:00
97,CASH_IN,27846.35,C704057953,9022.95,36869.3,C683074425,85863.78,58017.43,0,0,-55692.7,55692.7,f71205e1-f10b-49fd-9062-66bc24da64de,C704057953,CASH_IN,USD,False,2026-10-05T01:00:00+00:00
66,PAYMENT,624.77,C615196616,739.6,114.83,M306780716,0.0,0.0,0,0,0.0,624.77,406953c6-257b-4121-be67-4e21f792eaa5,C615196616,PAYMENT,USD,False,2026-10-03T18:00:00+00:00
6,CASH_IN,42857.06,C996995844,19042.93,61899.99,C700161968,49364.23,6507.17,0,0,-85714.12,85714.12,445aace3-edad-4b6e-9b19-56c9bca1a5b7,C996995844,CASH_IN,USD,False,2026-10-01T06:00:00+00:00
60,CASH_IN,2731.16,C605234798,11671.49,14402.65,C781178315,94485.8,91754.64,0,0,-5462.32,5462.32,2ea2d0e8-7040-4bbe-bf61-fc57895fb536,C605234798,CASH_IN,USD,False,2026-10-03T12:00:00+00:00
35,PAYMENT,4523.56,C454153192,4674.35,150.79,M717015275,0.0,0.0,0,0,-0.0,4523.56,f073576d-1989-4562-bd10-777dcf06d955,C454153192,PAYMENT,USD,False,2026-10-02T11:00:00+00:00
13,CASH_OUT,124680.29,C903930813,173626.55,48946.26,C713363781,10965.56,135645.85,0,0,-0.0,0.0,1c1b3788-8399-49b6-8b69-c8ed531b5f50,C903930813,CASH_OUT,USD,False,2026-10-01T13:00:00+00:00
14,CASH_IN,36152.78,C823831302,14815.6,50968.38,C345247378,1254.28,0.0,0,0,-72305.56,37407.06,8137a7d3-f6d8-4809-90d4-f4a6c073138f,C823831302,CASH_IN,USD,False,2026-10-01T14:00:00+00:00
11,PAYMENT,2499.09,C784136920,24330.22,21831.13,M759992800,0.0,0.0,0,0,0.0,2499.09,a796e075-59c0-421c-88e8-6faeb23b86f0,C784136920,PAYMENT,USD,False,2026-10-01T11:00:00+00:00
91,PAYMENT,4541.8,C553992074,17440.11,12898.31,M118628435,0.0,0.0,0,0,0.0,4541.8,b6cd44aa-7caa-4b25-bb15-ec2dfadb63e2,C553992074,PAYMENT,USD,False,2026-10-04T19:00:00+00:00
83,TRANSFER,127828.52,C733113217,429312.9,301484.38,C150857432,22109.09,149937.61,0,0,0.0,0.0,06419ad6-a870-4b5c-a8b1-1fc92ed039d6,C733113217,TRANSFER,USD,False,2026-10-04T11:00:00+00:00
75,PAYMENT,1001.54,C924269032,4754.12,3752.58,M245696833,0.0,0.0,0,0,0.0,1001.54,ae858fff-f4ce-4c63-a22c-7ae2ab6bb2bc,C924269032,PAYMENT,USD,False,2026-10-04T03:00:00+00:00
51,PAYMENT,1902.55,C765926290,9440.47,7537.92,M453842723,0.0,0.0,0,0,-0.0,1902.55,557589d8-c075-4383-be70-67f7448a92ad,C765926290,PAYMENT,USD,False,2026-10-03T03:00:00+00:00
21,PAYMENT,2766.36,C846586430,4739.6,1973.24,M368855421,0.0,0.0,0,0,0.0,2766.36,d14aa1e3-e0cb-4a3c-9bc3-6cd9dc5e738e,C846586430,PAYMENT,USD,False,2026-10-01T21:00:00+00:00
8,PAYMENT,1819.12,C761572282,17480.47,15661.35,M535445261,0.0,0.0,0,0,0.0,1819.12,155bc4f2-75d8-4ddf-bb5e-fe6703b41d76,C761572282,PAYMENT,USD,False,2026-10-01T08:00:00+00:00
71,CASH_OUT,33058.86,C918568394,96955.01,63896.15,C965124849,19163.6,52222.46,0,0,-0.0,0.0,60be2f58-bbb2-41dc-b1df-8bbbdd1d14c2,C918568394,CASH_OUT,USD,False,2026-10-03T23:00:00+00:00
52,DEBIT,578.22,C854967947,2433.92,1855.7,C751385807,4435.99,5014.21,0,0,0.0,0.0,d585970f-74b1-4dcc-89bc-6c816e42fc32,C854967947,DEBIT,USD,False,2026-10-03T04:00:00+00:00
22,CASH_OUT,22208.9,C807175601,35591.2,13382.3,C284757079,4018.76,26227.66,0,0,-0.0,0.0,1566bd86-b9fc-4b0c-8d94-6cd4a3e2fa2a,C807175601,CASH_OUT,USD,False,2026-10-01T22:00:00+00:00
58,TRANSFER,66594.7,C837389510,96630.35,30035.65,C711422741,5828.97,72423.67,0,0,0.0,0.0,3346a76a-466b-4a59-ba09-b2b225953af5,C837389510,TRANSFER,USD,False,2026-10-03T10:00:00+00:00
1,CASH_OUT,144027.1,C716188585,207975.88,63948.78,C936085478,26731.1,170758.2,0,0,0.0,0.0,93ac4833-3017-4fb2-b4a3-d933faf8b200,C716188585,CASH_OUT,USD,False,2026-10-01T01:00:00+00:00
56,CASH_OUT,131535.97,C951494641,148270.94,16734.97,C495996250,7225.0,138760.97,0,0,0.0,0.0,43dc96be-ffd7-4541-b4ae-b7df1e4c6488,C951494641,CASH_OUT,USD,False,2026-10-03T08:00:00+00:00
100,CASH_OUT,143336.35,C162673405,310629.11,167292.76,C929922494,20775.63,164111.98,0,0,-0.0,0.0,efb6cc00-98b3-4b3f-856d-25b0b93aaff0,C162673405,CASH_OUT,USD,False,2026-10-05T04:00:00+00:00
20,CASH_IN,49679.6,C908271285,7663.34,57342.94,C927176115,66406.06,16726.46,0,0,-99359.2,99359.2,58ca26a6-9eb1-4f4d-bf00-97053ffa5a7a,C908271285,CASH_IN,USD,False,2026-10-01T20:00:00+00:00
37,CASH_IN,2707.0,C232538144,101.8,2808.8,C428373339,35873.3,33166.3,0,0,-5414.0,5414.0,74e93b23-cb24-4301-99e9-ace2085fcd19,C232538144,CASH_IN,USD,False,2026-10-02T13:00:00+00:00
51,CASH_IN,38449.64,C878624463,7988.59,46438.23,C490169075,92811.6,54361.96,0,0,-76899.28,76899.28,3919dc8e-eb12-450e-bd4f-0cd58967ab68,C878624463,CASH_IN,USD,False,2026-10-03T03:00:00+00:00
1,PAYMENT,1754.34,C247874417,14152.91,12398.57,M404154049,0.0,0.0,0,0,0.0,1754.34,39509903-70c9-4d7a-9c84-6fd6e718da0a,C247874417,PAYMENT,USD,False,2026-10-01T01:00:00+00:00
94,CASH_IN,7240.38,C386802725,18299.9,25540.28,C918308048,10225.77,2985.39,0,0,-14480.76,14480.76,b2c5ca09-f8a5-4872-8de7-ed6f3874c4fe,C386802725,CASH_IN,USD,False,2026-10-04T22:00:00+00:00
93,CASH_OUT,138861.09,C534387896,408388.42,269527.33,C523751880,18657.24,157518.33,0,0,-0.0,0.0,68951ca3-9d0d-41af-a82e-0f4a20ac27c7,C534387896,CASH_OUT,USD,False,2026-10-04T21:00:00+00:00
71,PAYMENT,3020.1,C850417561,19456.7,16436.6,M892593375,0.0,0.0,0,0,0.0,3020.1,9ee45f71-ceef-4e7e-b3cc-587128746253,C850417561,PAYMENT,USD,False,2026-10-03T23:00:00+00:00
72,CASH_OUT,41857.38,C918841563,109433.72,67576.34,C342836476,42257.76,84115.14,0,0,0.0,0.0,8c7f85e2-2119-4e1c-8c14-54e555658a60,C918841563,CASH_OUT,USD,False,2026-10-04T00:00:00+00:00
33,CASH_OUT,21330.94,C414770435,33212.85,11881.91,C568037375,45798.14,67129.08,0,0,0.0,0.0,57520cca-bd38-4f57-b6be-50f029f9d35a,C414770435,CASH_OUT,USD,False,2026-10-02T09:00:00+00:00
97,CASH_IN,47112.49,C680702735,8480.31,55592.8,C754623401,21017.42,0.0,0,0,-94224.98,68129.91,2aecf3e5-c87e-49ed-8a03-f9d44b905183,C680702735,CASH_IN,USD,False,2026-10-05T01:00:00+00:00
20,CASH_IN,42411.09,C326144079,4501.43,46912.52,C970180403,73836.83,31425.74,0,0,-84822.18,84822.18,19cd3115-7802-497a-939e-c1fb9ffcc4f7,C326144079,CASH_IN,USD,False,2026-10-01T20:00:00+00:00
84,CASH_OUT,2215.93,C271566508,6350.45,4134.52,C767262095,21194.82,23410.75,0,0,0.0,0.0,2e5659e0-cd34-4345-a37c-728a368882ca,C271566508,CASH_OUT,USD,False,2026-10-04T12:00:00+00:00
74,CASH_OUT,141117.7,C249465081,271224.13,130106.43,C941776099,16780.72,157898.42,0,0,0.0,0.0,f22c1363-1cb1-45e2-8e3e-fa82de642daf,C249465081,CASH_OUT,USD,False,2026-10-04T02:00:00+00:00
61,CASH_IN,21955.11,C513798741,14716.86,36671.97,C721849498,52610.31,30655.2,0,0,-43910.22,43910.22,c5eb0165-beef-40e9-aba3-cc4615c6411a,C513798741,CASH_IN,USD,False,2026-10-03T13:00:00+00:00
49,CASH_OUT,112819.31,C762822951,307902.57,195083.26,C350302083,39373.74,152193.05,0,0,0.0,0.0,7792cf80-25cb-40ab-99d3-d6e41e3a4c10,C762822951,CASH_OUT,USD,False,2026-10-03T01:00:00+00:00
94,CASH_IN,22948.06,C711032415,6531.77,29479.83,C182180063,4790.45,0.0,0,0,-45896.12,27738.51,0f2a3730-88e5-4c1e-b3d9-eaeb931bd9fa,C711032415,CASH_IN,USD,False,2026-10-04T22:00:00+00:00
25,CASH_OUT,114273.81,C854698869,157023.2,42749.39,C302076618,16070.27,130344.08,0,0,0.0,0.0,963ad160-2912-4d5c-acbc-c391778c264d,C854698869,CASH_OUT,USD,False,2026-10-02T01:00:00+00:00
90,CASH_OUT,73533.86,C199226690,127009.62,53475.76,C721370276,38618.53,112152.39,0,0,-0.0,0.0,c4d5e792-eed8-449a-bb47-2a35ca688f81,C199226690,CASH_OUT,USD,False,2026-10-04T18:00:00+00:00
93,PAYMENT,868.65,C618116050,7897.09,7028.44,M986594254,0.0,0.0,0,0,0.0,868.65,38fb23a7-dc9e-4f74-9572-a5a4d68897ab,C618116050,PAYMENT,USD,False,2026-10-04T21:00:00+00:00
48,CASH_OUT,58330.64,C648494024,74414.42,16083.78,C740407346,19185.5,77516.14,0,0,-0.0,0.0,e5f878eb-45fa-455e-ac08-129f29511bf4,C648494024,CASH_OUT,USD,False,2026-10-03T00:00:00+00:00
82,PAYMENT,3760.32,C585038697,12483.93,8723.61,M662498203,0.0,0.0,0,0,0.0,3760.32,3d1b511a-19bc-4624-a47d-e5fd84c73358,C585038697,PAYMENT,USD,False,2026-10-04T10:00:00+00:00
61,CASH_OUT,114111.18,C708424215,289250.95,175139.77,C163278782,12601.19,126712.37,0,0,0.0,0.0,47c5a66d-da09-47cd-86fb-999c540dc67b,C708424215,CASH_OUT,USD,False,2026-10-03T13:00:00+00:00
86,CASH_OUT,48849.92,C881538189,109889.89,61039.97,C958791185,31179.47,80029.39,0,0,0.0,0.0,a33a7c61-bf58-4ac2-86a9-96c4864c83e2,C881538189,CASH_OUT,USD,False,2026-10-04T14:00:00+00:00
96,PAYMENT,805.76,C133937268,7683.23,6877.47,M313665951,0.0,0.0,0,0,-0.0,805.76,7a51449b-85f2-4bec-be9f-dc544608fd67,C133937268,PAYMENT,USD,False,2026-10-05T00:00:00+00:00
59,CASH_IN,27898.44,C142342813,15451.42,43349.86,C673656773,27583.23,0.0,0,0,-55796.88,55481.67,541231bb-95a3-40ac-8ea5-2a356063d3dc,C142342813,CASH_IN,USD,False,2026-10-03T11:00:00+00:00
5,TRANSFER,164753.88,C655156538,399631.86,234877.98,C300172866,37379.75,202133.63,0,0,-0.0,0.0,23931486-d30b-40b7-9091-3a7d6fba5a64,C655156538,TRANSFER,USD,False,2026-10-01T05:00:00+00:00
16,CASH_OUT,121694.78,C545188049,149280.24,27585.46,C873368624,33761.47,155456.25,0,0,-0.0,0.0,a052dcb2-7b06-454e-ad6d-a7bb89d4757c,C545188049,CASH_OUT,USD,False,2026-10-01T16:00:00+00:00
96,CASH_IN,25687.96,C197450121,5164.28,30852.24,C326261010,47301.13,21613.17,0,0,-51375.92,51375.92,4805c621-8e93-4f38-9adc-1ada5460180b,C197450121,CASH_IN,USD,False,2026-10-05T00:00:00+00:00
42,PAYMENT,1787.62,C460936142,5667.66,3880.04,M914891152,0.0,0.0,0,0,0.0,1787.62,068607bb-45e5-4153-9f44-57e7bf0224ab,C460936142,PAYMENT,USD,False,2026-10-02T18:00:00+00:00
89,PAYMENT,2378.71,C900742774,21582.71,19204.0,M388390253,0.0,0.0,0,0,0.0,2378.71,70f164ae-0cab-4d90-b229-17099e007f01,C900742774,PAYMENT,USD,False,2026-10-04T17:00:00+00:00
39,CASH_OUT,47071.61,C679764298,84945.52,37873.91,C544866541,31248.19,78319.8,0,0,0.0,0.0,95f5f0d3-1932-48da-bf91-37796e994682,C679764298,CASH_OUT,USD,False,2026-10-02T15:00:00+00:00
62,CASH_IN,29026.96,C907751428,4195.88,33222.84,C854672588,74756.65,45729.69,0,0,-58053.92,58053.92,97a66f39-0d48-4997-b479-b0d7859bc1fc,C907751428,CASH_IN,USD,False,2026-10-03T14:00:00+00:00
62,CASH_IN,28913.25,C221508953,5569.52,34482.77,C880296481,9954.25,0.0,0,0,-57826.5,38867.5,24de51f5-6c8c-475f-bb6a-29a0ec9b1895,C221508953,CASH_IN,USD,False,2026-10-03T14:00:00+00:00
96,CASH_IN,45820.38,C278760246,15661.82,61482.2,C342590654,48604.23,2783.85,0,0,-91640.76,91640.76,0ab5892c-6c3d-415f-8d55-81b3f1419008,C278760246,CASH_IN,USD,False,2026-10-05T00:00:00+00:00
80,TRANSFER,226483.15,C699898819,311483.88,85000.73,C530225557,75015.41,301498.56,0,0,0.0,0.0,dfebbdfa-d998-4b0b-9b09-7cadf27a59d8,C699898819,TRANSFER,USD,False,2026-10-04T08:00:00+00:00
88,PAYMENT,3676.72,C286611097,16158.39,12481.67,M228155179,0.0,0.0,0,0,0.0,3676.72,88a83988-1074-41b4-8f1b-d4b41ff15ccf,C286611097,PAYMENT,USD,False,2026-10-04T16:00:00+00:00
47,CASH_OUT,132244.64,C588169687,391600.13,259355.49,C142847338,16203.56,148448.2,0,0,0.0,0.0,28145f28-522f-4381-99fc-44b6a874013a,C588169687,CASH_OUT,USD,False,2026-10-02T23:00:00+00:00
100,CASH_IN,27400.81,C628981921,8594.46,35995.27,C163749838,61712.54,34311.73,0,0,-54801.62,54801.62,ba5c0913-cb0c-4c0d-a96c-e5c5762dfc55,C628981921,CASH_IN,USD,False,2026-10-05T04:00:00+00:00
98,CASH_IN,48757.55,C701666987,8969.64,57727.19,C493002419,72015.26,23257.71,0,0,-97515.1,97515.1,b935e864-2332-4f19-8e67-1039a61ce9ca,C701666987,CASH_IN,USD,False,2026-10-05T02:00:00+00:00
18,CASH_IN,13678.21,C602533479,2252.94,15931.15,C968457290,17086.93,3408.72,0,0,-27356.42,27356.42,05f867ed-1e53-4178-846d-09917bca7f4f,C602533479,CASH_IN,USD,False,2026-10-01T18:00:00+00:00
15,PAYMENT,2326.79,C441811154,3697.56,1370.77,M537095027,0.0,0.0,0,0,0.0,2326.79,f3fda109-8147-44ad-8d68-c320c3cc6330,C441811154,PAYMENT,USD,False,2026-10-01T15:00:00+00:00
24,PAYMENT,384.61,C504782647,1281.86,897.25,M812154253,0.0,0.0,0,0,-0.0,384.61,10ce1e2a-4d28-4782-a424-c8bab7c66adc,C504782647,PAYMENT,USD,False,2026-10-02T00:00:00+00:00
18,PAYMENT,157.26,C554254200,576.67,419.41,M111258189,0.0,0.0,0,0,-0.0,157.26,b95a8cdc-ae6f-4b80-a762-5484d730419f,C554254200,PAYMENT,USD,False,2026-10-01T18:00:00+00:00
48,CASH_IN,2427.89,C231936295,18378.68,20806.57,C391395622,30998.59,28570.7,0,0,-4855.78,4855.78,12255755-653c-4f62-baf5-f6b8e1e34ad8,C231936295,CASH_IN,USD,False,2026-10-03T00:00:00+00:00
10,CASH_OUT,129456.78,C153132768,204890.74,75433.96,C620476229,1802.68,131259.46,0,0,-0.0,0.0,c1657f5c-376b-49f9-a194-f13be308216e,C153132768,CASH_OUT,USD,False,2026-10-01T10:00:00+00:00
39,CASH_IN,15966.73,C540513606,18222.76,34189.49,C991435903,63758.82,47792.09,0,0,-31933.46,31933.46,3d969f43-6f5c-4405-be10-a5f0804d13f4,C540513606,CASH_IN,USD,False,2026-10-02T15:00:00+00:00
17,CASH_OUT,31239.03,C165353422,67831.02,36591.99,C361929216,29063.52,60302.55,0,0,0.0,0.0,c0991d07-d2de-446c-935e-6a90d94b4b63,C165353422,CASH_OUT,USD,False,2026-10-01T17:00:00+00:00
72,CASH_IN,6399.4,C315594657,9379.14,15778.54,C138327414,11825.05,5425.65,0,0,-12798.8,12798.8,88abdf41-6081-45c4-9782-90c8d779571f,C315594657,CASH_IN,USD,False,2026-10-04T00:00:00+00:00
52,CASH_OUT,51759.97,C745025424,68535.47,16775.5,C294517040,42549.1,94309.07,0,0,0.0,0.0,9f320673-3396-4c87-ba3e-71fe2f51ed2c,C745025424,CASH_OUT,USD,False,2026-10-03T04:00:00+00:00
95,CASH_IN,13027.39,C441556087,14287.97,27315.36,C156368751,29129.88,16102.49,0,0,-26054.78,26054.78,ee7ec0aa-a8a7-4b6b-b00f-7eb23615ceca,C441556087,CASH_IN,USD,False,2026-10-04T23:00:00+00:00
91,CASH_OUT,115804.92,C475666832,294066.96,178262.04,C532326979,20335.98,136140.9,0,0,0.0,0.0,c666a657-37e5-4954-a3e4-cb58be366524,C475666832,CASH_OUT,USD,False,2026-10-04T19:00:00+00:00
83,PAYMENT,4267.44,C674050611,7357.54,3090.1,M465139645,0.0,0.0,0,0,0.0,4267.44,9875d182-ae83-4f9e-aafe-913e752bac9a,C674050611,PAYMENT,USD,False,2026-10-04T11:00:00+00:00
45,CASH_IN,3637.57,C519900806,5660.8,9298.37,C880346808,69941.26,66303.69,0,0,-7275.14,7275.14,e8918875-a2fe-4752-bd04-8971e90043c7,C519900806,CASH_IN,USD,False,2026-10-02T21:00:00+00:00
69,CASH_OUT,104084.84,C347415399,138797.86,34713.02,C670017400,7937.49,112022.33,0,0,-0.0,0.0,492d88dc-bc35-447d-ba05-6f2ab0c972a7,C347415399,CASH_OUT,USD,False,2026-10-03T21:00:00+00:00
93,TRANSFER,66683.56,C679955265,126178.76,59495.2,C402283096,7673.27,74356.83,0,0,0.0,0.0,ade1bf00-1400-47e0-ab19-8e87ce050921,C679955265,TRANSFER,USD,False,2026-10-04T21:00:00+00:00
81,CASH_IN,1441.47,C747066078,14764.55,16206.02,C458350207,55171.02,53729.55,0,0,-2882.94,2882.94,c161b4bb-d34e-4c75-906b-a092eda9eac2,C747066078,CASH_IN,USD,False,2026-10-04T09:00:00+00:00
60,CASH_IN,10445.03,C807947148,3874.38,14319.41,C156982428,79864.68,69419.65,0,0,-20890.06,20890.06,204a4f75-b1f9-4cd8-a92a-ead4d810aab9,C807947148,CASH_IN,USD,False,2026-10-03T12:00:00+00:00
79,CASH_OUT,107699.65,C968028454,318816.62,211116.97,C351532545,48364.83,156064.48,0,0,0.0,-0.0,89cd4272-445d-48de-b652-ffbcd4dcc9bd,C968028454,CASH_OUT,USD,False,2026-10-04T07:00:00+00:00
92,PAYMENT,4874.99,C928096889,37237.96,32362.97,M365388382,0.0,0.0,0,0,0.0,4874.99,9b51837e-e4ef-4dce-be8d-4c26a5e8607e,C928096889,PAYMENT,USD,False,2026-10-04T20:00:00+00:00
63,PAYMENT,764.99,C120825650,917.36,152.37,M674420474,0.0,0.0,0,0,0.0,764.99,74619b31-46cf-4477-aac6-bf873a4c016e,C120825650,PAYMENT,USD,False,2026-10-03T15:00:00+00:00
43,CASH_OUT,14203.66,C441229846,34651.12,20447.46,C325360943,6978.7,21182.36,0,0,0.0,0.0,6e4cf1c3-b97f-4015-84a1-fb4341b00ab6,C441229846,CASH_OUT,USD,False,2026-10-02T19:00:00+00:00
28,PAYMENT,4858.86,C305255412,46625.33,41766.47,M719373399,0.0,0.0,0,0,0.0,4858.86,afed3abe-ef7c-4dd3-97f4-0f66251aeece,C305255412,PAYMENT,USD,False,2026-10-02T04:00:00+00:00
41,PAYMENT,475.25,C115479088,902.45,427.2,M684414201,0.0,0.0,0,0,0.0,475.25,17e5e260-a232-49a4-ac5a-e3e53025251d,C115479088,PAYMENT,USD,False,2026-10-02T17:00:00+00:00
77,PAYMENT,2659.49,C941672107,5472.29,2812.8,M907865263,0.0,0.0,0,0,0.0,2659.49,002c3366-6e02-428a-a44c-bff665661b2f,C941672107,PAYMENT,USD,False,2026-10-04T05:00:00+00:00
80,CASH_OUT,92182.07,C239278422,187997.18,95815.11,C633002137,31592.88,123774.95,0,0,-0.0,0.0,837d8ac5-94bb-449a-a4c3-dcf27f0ee60c,C239278422,CASH_OUT,USD,False,2026-10-04T08:00:00+00:00
29,CASH_OUT,32473.62,C971368687,51749.51,19275.89,C113334107,48229.52,80703.14,0,0,0.0,0.0,1fcc1547-8d85-4d1c-a907-bff8650df857,C971368687,CASH_OUT,USD,False,2026-10-02T05:00:00+00:00
96,PAYMENT,3230.82,C879546238,23790.86,20560.04,M512822406,0.0,0.0,0,0,0.0,3230.82,4875ac7f-d107-42d9-a040-724d46a505a0,C879546238,PAYMENT,USD,False,2026-10-05T00:00:00+00:00
31,CASH_OUT,112663.76,C853570263,228246.69,115582.93,C713710527,25222.84,137886.6,0,0,0.0,0.0,7abea80d-9ccc-464f-961c-034dc6ef8044,C853570263,CASH_OUT,USD,False,2026-10-02T07:00:00+00:00
25,PAYMENT,2179.83,C424203372,9714.63,7534.8,M464628392,0.0,0.0,0,0,-0.0,2179.83,14299e9d-959d-4590-a52c-866110af537c,C424203372,PAYMENT,USD,False,2026-10-02T01:00:00+00:00
28,CASH_OUT,134176.93,C537692063,184246.49,50069.56,C466928741,12431.27,146608.2,0,0,0.0,-0.0,4240d010-6ea0-4b75-a0c5-9af81e26a83a,C537692063,CASH_OUT,USD,False,2026-10-02T04:00:00+00:00
7,CASH_OUT,127321.63,C936928585,335525.2,208203.57,C486416739,35905.95,163227.58,0,0,0.0,0.0,38fc5e08-e327-414e-a047-203af44e6691,C936928585,CASH_OUT,USD,False,2026-10-01T07:00:00+00:00
60,PAYMENT,2168.62,C716203465,9878.04,7709.42,M877851703,0.0,0.0,0,0,0.0,2168.62,bd29642e-351e-4ebd-a047-4c436259ddda,C716203465,PAYMENT,USD,False,2026-10-03T12:00:00+00:00
22,CASH_OUT,54349.28,C504147566,91041.4,36692.12,C218452671,20305.03,74654.31,0,0,-0.0,0.0,adf79bf6-c202-4406-8aa8-918c766d3621,C504147566,CASH_OUT,USD,False,2026-10-01T22:00:00+00:00
98,CASH_OUT,4478.68,C357981600,4632.69,154.01,C680303132,3639.4,8118.08,0,0,-0.0,0.0,b24edf2e-f6fb-4bba-860f-dfc78f3c0222,C357981600,CASH_OUT,USD,False,2026-10-05T02:00:00+00:00
54,CASH_OUT,95080.8,C181084980,112783.85,17703.05,C925583165,25780.67,120861.47,0,0,0.0,0.0,269e05f4-d54a-4821-af72-01b5c28f1c24,C181084980,CASH_OUT,USD,False,2026-10-03T06:00:00+00:00
77,CASH_OUT,29911.39,C300164147,63453.28,33541.89,C591759000,35623.46,65534.85,0,0,0.0,0.0,b43f4ce4-857d-4deb-b077-1f3d0a90ee7c,C300164147,CASH_OUT,USD,False,2026-10-04T05:00:00+00:00
10,CASH_IN,35725.13,C479707524,10858.04,46583.17,C803359731,80318.42,44593.29,0,0,-71450.26,71450.26,a3970762-c6d0-4164-beb3-22fd3b7e4689,C479707524,CASH_IN,USD,False,2026-10-01T10:00:00+00:00
4,CASH_IN,26679.99,C820794143,6412.82,33092.81,C751392074,18850.03,0.0,0,0,-53359.98,45530.02,53f39b50-f922-42c0-bdb2-8e69b1a789f3,C820794143,CASH_IN,USD,False,2026-10-01T04:00:00+00:00
63,PAYMENT,4868.55,C647006415,29977.28,25108.73,M115204964,0.0,0.0,0,0,0.0,4868.55,248de0c0-dae1-4fd2-ad38-0789e32bd336,C647006415,PAYMENT,USD,False,2026-10-03T15:00:00+00:00
54,PAYMENT,2564.17,C910614025,12485.51,9921.34,M470626529,0.0,0.0,0,0,0.0,2564.17,26783724-aabc-4513-bce0-9fa8871e6f5a,C910614025,PAYMENT,USD,False,2026-10-03T06:00:00+00:00
86,CASH_IN,42905.86,C135954751,6200.55,49106.41,C309275290,29982.75,0.0,0,0,-85811.72,72888.61,33868dbc-824a-415b-9a36-ac96e23320eb,C135954751,CASH_IN,USD,False,2026-10-04T14:00:00+00:00
4,PAYMENT,3813.06,C791477145,16463.59,12650.53,M184513867,0.0,0.0,0,0,0.0,3813.06,82609de9-5f62-4e66-a1e4-2ccb3b03c51a,C791477145,PAYMENT,USD,False,2026-10-01T04:00:00+00:00
97,CASH_OUT,42002.76,C574810235,53613.92,11611.16,C279948247,35305.08,77307.84,0,0,-0.0,0.0,f2d4cfc6-f0fc-4e1b-99f5-a97de4fd8175,C574810235,CASH_OUT,USD,False,2026-10-05T01:00:00+00:00
2,TRANSFER,30509.23,C539308778,89363.29,58854.06,C401088903,71184.13,101693.36,0,0,0.0,0.0,6f196df7-8c55-45ce-ac0d-a2d887823171,C539308778,TRANSFER,USD,False,2026-10-01T02:00:00+00:00
3,CASH_IN,47123.44,C198375408,13853.47,60976.91,C631346703,81911.39,34787.95,0,0,-94246.88,94246.88,576b7264-f398-41f4-957c-55d37c0d8003,C198375408,CASH_IN,USD,False,2026-10-01T03:00:00+00:00
42,TRANSFER,210776.5,C804433763,716031.86,505255.36,C730417772,36403.72,247180.22,0,0,0.0,0.0,0401bc64-f628-4b33-8043-2f114886c5d4,C804433763,TRANSFER,USD,False,2026-10-02T18:00:00+00:00
2,CASH_OUT,127095.04,C485056881,194071.59,66976.55,C612288767,47730.97,174826.01,0,0,0.0,0.0,08e87efd-5856-4db9-8cfc-613886de333f,C485056881,CASH_OUT,USD,False,2026-10-01T02:00:00+00:00
90,CASH_IN,48729.01,C592265554,11615.41,60344.42,C191163279,51037.35,2308.34,0,0,-97458.02,97458.02,c3e49d30-596a-4321-8d48-e70f372920fb,C592265554,CASH_IN,USD,False,2026-10-04T18:00:00+00:00
75,PAYMENT,3107.52,C650037226,15725.17,12617.65,M557523905,0.0,0.0,0,0,0.0,3107.52,85f9bec5-4c75-45e4-9a5c-b07e8911ee89,C650037226,PAYMENT,USD,False,2026-10-04T03:00:00+00:00
29,CASH_IN,38403.8,C291297872,7245.61,45649.41,C496353078,50644.14,12240.34,0,0,-76807.6,76807.6,e08c415d-9710-47d5-b906-b804ac586491,C291297872,CASH_IN,USD,False,2026-10-02T05:00:00+00:00
37,CASH_OUT,64967.95,C180590135,119192.34,54224.39,C133193666,28084.33,93052.28,0,0,0.0,0.0,ee109e79-6532-4e12-bb16-d57f85c3508d,C180590135,CASH_OUT,USD,False,2026-10-02T13:00:00+00:00
63,PAYMENT,4567.22,C189449266,8052.73,3485.51,M821348271,0.0,0.0,0,0,-0.0,4567.22,5ad87c8e-7c88-4ed0-a0d7-642398b60eca,C189449266,PAYMENT,USD,False,2026-10-03T15:00:00+00:00
38,PAYMENT,4814.78,C220653592,37918.46,33103.68,M910633311,0.0,0.0,0,0,0.0,4814.78,693461fb-30d5-4897-9f45-78be6c37f7a6,C220653592,PAYMENT,USD,False,2026-10-02T14:00:00+00:00
58,DEBIT,829.27,C127460749,1572.95,743.68,C691313834,1710.32,2539.59,0,0,0.0,0.0,21ac5d6c-f4fb-4dcc-a50c-3dcb8083d4b0,C127460749,DEBIT,USD,False,2026-10-03T10:00:00+00:00
35,PAYMENT,733.94,C629487801,3605.18,2871.24,M279537578,0.0,0.0,0,0,0.0,733.94,97ca1ced-0ddc-4c89-b755-1c3fd9ae4491,C629487801,PAYMENT,USD,False,2026-10-02T11:00:00+00:00
23,CASH_IN,41973.31,C646502574,13458.08,55431.39,C185998255,57098.38,15125.07,0,0,-83946.62,83946.62,88d64371-9e0f-40fd-973f-ea6cd95efd96,C646502574,CASH_IN,USD,False,2026-10-01T23:00:00+00:00
98,CASH_OUT,32471.11,C729624046,53808.5,21337.39,C350180427,7377.71,39848.82,0,0,0.0,0.0,49f3a048-9ac6-4125-9327-db6769f9737a,C729624046,CASH_OUT,USD,False,2026-10-05T02:00:00+00:00
97,CASH_OUT,114903.79,C109806050,182219.63,67315.84,C956808156,11560.77,126464.56,0,0,0.0,0.0,d97982e5-c12c-4a8e-be6a-984bb8ac3598,C109806050,CASH_OUT,USD,False,2026-10-05T01:00:00+00:00
92,CASH_IN,14253.08,C946755407,4268.88,18521.96,C363984684,16317.82,2064.74,0,0,-28506.16,28506.16,35bc9f89-6b9e-4f50-8c0f-da96a4ff8aae,C946755407,CASH_IN,USD,False,2026-10-04T20:00:00+00:00
69,CASH_IN,43637.15,C677382209,1119.5,44756.65,C956757726,57103.51,13466.36,0,0,-87274.3,87274.3,c0c9be00-1cef-4112-bab3-25bb03490ff4,C677382209,CASH_IN,USD,False,2026-10-03T21:00:00+00:00
8,PAYMENT,3299.35,C703847723,27312.29,24012.94,M637917632,0.0,0.0,0,0,0.0,3299.35,21a32036-3b55-4943-9497-84fab95b347b,C703847723,PAYMENT,USD,False,2026-10-01T08:00:00+00:00
18,PAYMENT,2843.11,C454603800,18272.74,15429.63,M958076247,0.0,0.0,0,0,0.0,2843.11,c6bede7d-7ce9-43d6-9afb-83f83a73495c,C454603800,PAYMENT,USD,False,2026-10-01T18:00:00+00:00
68,PAYMENT,4797.63,C267025475,25479.64,20682.01,M835779269,0.0,0.0,0,0,0.0,4797.63,de8c7a87-56c5-4843-98fc-f17eebbdf373,C267025475,PAYMENT,USD,False,2026-10-03T20:00:00+00:00
33,PAYMENT,3329.0,C541238800,25465.5,22136.5,M989862087,0.0,0.0,0,0,0.0,3329.0,85476a2d-f03d-4634-8040-a7ec25422860,C541238800,PAYMENT,USD,False,2026-10-02T09:00:00+00:00
84,PAYMENT,4342.32,C856524312,34338.02,29995.7,M663518937,0.0,0.0,0,0,-0.0,4342.32,db0b11a3-087b-458e-81f6-00fa1457f9a7,C856524312,PAYMENT,USD,False,2026-10-04T12:00:00+00:00
71,PAYMENT,3758.72,C444259092,19910.44,16151.72,M888989626,0.0,0.0,0,0,0.0,3758.72,e982f83f-64c2-477d-8157-b17e4de59099,C444259092,PAYMENT,USD,False,2026-10-03T23:00:00+00:00
90,TRANSFER,215541.06,C502619507,217338.08,1797.02,C122023733,39262.12,254803.18,0,0,-0.0,0.0,01e398b5-d709-4cf9-acd8-a158682d718c,C502619507,TRANSFER,USD,False,2026-10-04T18:00:00+00:00
44,PAYMENT,4048.84,C795223488,12999.63,8950.79,M502651705,0.0,0.0,0,0,-0.0,4048.84,1bb9ec2b-5107-4217-96c2-d5add9d2ebf7,C795223488,PAYMENT,USD,False,2026-10-02T20:00:00+00:00
89,PAYMENT,314.7,C236940518,1566.35,1251.65,M961556586,0.0,0.0,0,0,-0.0,314.7,965d0813-ff42-477d-8362-b600b59aa6ee,C236940518,PAYMENT,USD,False,2026-10-04T17:00:00+00:00
81,CASH_OUT,63228.98,C535716227,121473.18,58244.2,C548529473,22615.59,85844.57,0,0,-0.0,0.0,18805488-c4ac-413c-9c81-5411dc55bea7,C535716227,CASH_OUT,USD,False,2026-10-04T09:00:00+00:00
67,PAYMENT,1066.03,C248498611,5811.78,4745.75,M418818039,0.0,0.0,0,0,0.0,1066.03,268ffe89-8499-41e8-95ac-189350648a1e,C248498611,PAYMENT,USD,False,2026-10-03T19:00:00+00:00
73,CASH_OUT,10112.44,C746175888,15442.62,5330.18,C935091834,19863.95,29976.39,0,0,0.0,0.0,bd54ae2d-5e79-4e6e-aadd-46e9a82bf283,C746175888,CASH_OUT,USD,False,2026-10-04T01:00:00+00:00
69,PAYMENT,3986.5,C564780359,37953.9,33967.4,M125733285,0.0,0.0,0,0,0.0,3986.5,fa02292b-4cdc-4024-bc8f-9a31245c95a5,C564780359,PAYMENT,USD,False,2026-10-03T21:00:00+00:00
72,TRANSFER,270343.75,C498352238,270343.75,0.0,C905430244,1511.3,271855.05,1,0,0.0,0.0,d14ea442-8483-4694-a819-fa5efffc9c16,C498352238,TRANSFER,USD,False,2026-10-04T00:00:00+00:00
88,CASH_IN,36091.47,C426764359,18184.62,54276.09,C436827691,1782.32,0.0,0,0,-72182.94,37873.79,f0913061-9601-4684-8eb3-5318df6b7a7c,C426764359,CASH_IN,USD,False,2026-10-04T16:00:00+00:00
22,PAYMENT,3071.18,C501784545,24242.66,21171.48,M505362403,0.0,0.0,0,0,0.0,3071.18,9146f583-4869-4654-9016-588072ee3e92,C501784545,PAYMENT,USD,False,2026-10-01T22:00:00+00:00
45,CASH_IN,49706.48,C681069884,19722.74,69429.22,C174108740,47735.05,0.0,0,0,-99412.96,97441.53,d6a3c702-d912-44e0-8721-9a9cb265e90f,C681069884,CASH_IN,USD,False,2026-10-02T21:00:00+00:00
21,PAYMENT,3335.27,C364665923,17398.77,14063.5,M739838225,0.0,0.0,0,0,0.0,3335.27,2f82e04c-5017-4434-a3a1-c803341b4857,C364665923,PAYMENT,USD,False,2026-10-01T21:00:00+00:00
92,CASH_OUT,134843.51,C197647841,352937.27,218093.76,C578333394,22671.62,157515.13,0,0,0.0,0.0,d287d56e-a9fa-493b-96b0-a1f77022a2f6,C197647841,CASH_OUT,USD,False,2026-10-04T20:00:00+00:00
52,CASH_OUT,145353.92,C936665936,185594.0,40240.08,C994737659,18298.37,163652.29,0,0,-0.0,0.0,984e7ba8-c944-4fcd-87c1-64d87eeb5c37,C936665936,CASH_OUT,USD,False,2026-10-03T04:00:00+00:00
86,CASH_IN,38716.8,C629416590,11008.62,49725.42,C687016782,53588.45,14871.65,0,0,-77433.6,77433.6,a013c455-d2d8-4146-8fbd-a542abe4709e,C629416590,CASH_IN,USD,False,2026-10-04T14:00:00+00:00
86,TRANSFER,177536.71,C742346790,201776.79,24240.08,C969572989,20292.55,197829.26,0,0,0.0,-0.0,1ef97c33-26ad-4945-b5ed-e3dc3778b367,C742346790,TRANSFER,USD,False,2026-10-04T14:00:00+00:00
17,CASH_IN,42551.08,C140574697,678.22,43229.3,C957259474,60911.49,18360.41,0,0,-85102.16,85102.16,14550c64-0aa9-4a66-a78d-b5b761c29b7e,C140574697,CASH_IN,USD,False,2026-10-01T17:00:00+00:00
21,PAYMENT,3049.46,C700312454,14634.72,11585.26,M401003032,0.0,0.0,0,0,-0.0,3049.46,77f2586a-99d3-4e99-a8f8-de9cc3a6bac7,C700312454,PAYMENT,USD,False,2026-10-01T21:00:00+00:00
41,CASH_IN,49726.58,C487812085,11917.61,61644.19,C134232063,53669.16,3942.58,0,0,-99453.16,99453.16,dda2fc75-5ad2-4751-9db9-245ca77d4c30,C487812085,CASH_IN,USD,False,2026-10-02T17:00:00+00:00
69,PAYMENT,556.03,C771396272,3612.39,3056.36,M758530127,0.0,0.0,0,0,-0.0,556.03,dd9c0571-757d-47f8-8415-d1c32fcb1fc8,C771396272,PAYMENT,USD,False,2026-10-03T21:00:00+00:00
86,TRANSFER,159667.17,C342313086,207662.14,47994.97,C156361897,26423.49,186090.66,0,0,0.0,0.0,2ed7ff01-fd7a-4b6d-ad78-88df50e60cfd,C342313086,TRANSFER,USD,False,2026-10-04T14:00:00+00:00
90,CASH_OUT,62166.65,C589623575,105958.23,43791.58,C477666117,27123.35,89290.0,0,0,-0.0,0.0,ff4f87e2-1b69-410e-a253-6b095dc2d2fa,C589623575,CASH_OUT,USD,False,2026-10-04T18:00:00+00:00
75,PAYMENT,3956.31,C207339659,25763.39,21807.08,M778813798,0.0,0.0,0,0,-0.0,3956.31,69e7eedf-1719-4341-b5c7-18a5a1c305a0,C207339659,PAYMENT,USD,False,2026-10-04T03:00:00+00:00
17,PAYMENT,667.84,C193389201,5259.91,4592.07,M853275197,0.0,0.0,0,0,0.0,667.84,3a03c3d1-3466-4376-8460-685a3856ce28,C193389201,PAYMENT,USD,False,2026-10-01T17:00:00+00:00
10,PAYMENT,1283.85,C323053274,3699.65,2415.8,M429367399,0.0,0.0,0,0,0.0,1283.85,d54f3840-ea82-4b75-b0bb-6bb122884f2b,C323053274,PAYMENT,USD,False,2026-10-01T10:00:00+00:00
87,CASH_OUT,131284.49,C947813397,215852.71,84568.22,C467529733,24951.61,156236.1,0,0,0.0,-0.0,6642b0bc-dae1-4415-85f7-5c947789970c,C947813397,CASH_OUT,USD,False,2026-10-04T15:00:00+00:00
51,PAYMENT,4401.09,C187841636,5406.07,1004.98,M967232189,0.0,0.0,0,0,-0.0,4401.09,6de54df2-9cbc-489b-9a94-1b1c32d32b12,C187841636,PAYMENT,USD,False,2026-10-03T03:00:00+00:00
94,CASH_OUT,28601.52,C632764356,61228.42,32626.9,C322774349,23686.64,52288.16,0,0,-0.0,0.0,45629504-ff85-4712-8bf2-1e79ce571298,C632764356,CASH_OUT,USD,False,2026-10-04T22:00:00+00:00
13,CASH_OUT,5835.91,C322397748,17202.06,11366.15,C958186737,19536.96,25372.87,0,0,0.0,0.0,7fc74768-cfa3-44fa-9154-9e5c52ea6e3d,C322397748,CASH_OUT,USD,False,2026-10-01T13:00:00+00:00
74,CASH_OUT,110321.15,C881955839,166646.91,56325.76,C406919711,3406.89,113728.04,0,0,0.0,0.0,ab7832d7-4c3c-4256-acc7-a7091cf58eb7,C881955839,CASH_OUT,USD,False,2026-10-04T02:00:00+00:00
24,PAYMENT,1662.27,C108498023,15603.45,13941.18,M331342886,0.0,0.0,0,0,0.0,1662.27,c301ced5-70fd-48bd-bbcd-ba0dc20fc562,C108498023,PAYMENT,USD,False,2026-10-02T00:00:00+00:00
50,PAYMENT,1057.26,C710649119,5185.52,4128.26,M853968049,0.0,0.0,0,0,0.0,1057.26,00733ce1-b4fe-4864-ab88-58cbac2b40d6,C710649119,PAYMENT,USD,False,2026-10-03T02:00:00+00:00
42,CASH_OUT,62857.85,C513028367,178002.15,115144.3,C753901994,38118.73,100976.58,0,0,-0.0,0.0,ff91fb42-1b46-4d42-9e57-2dc2bcd82b0e,C513028367,CASH_OUT,USD,False,2026-10-02T18:00:00+00:00
38,PAYMENT,447.42,C210649279,2876.84,2429.42,M885720569,0.0,0.0,0,0,0.0,447.42,a44dd0d5-3f69-4c2b-85e4-a966be367356,C210649279,PAYMENT,USD,False,2026-10-02T14:00:00+00:00
93,PAYMENT,639.02,C499291766,5662.45,5023.43,M938725480,0.0,0.0,0,0,0.0,639.02,5012a83a-930a-4ddf-ac3e-903acf16f043,C499291766,PAYMENT,USD,False,2026-10-04T21:00:00+00:00
88,CASH_OUT,74049.19,C232443879,81799.61,7750.42,C631546833,34970.57,109019.76,0,0,-0.0,0.0,0e202744-70b0-4cd4-b9ad-772a6c70663b,C232443879,CASH_OUT,USD,False,2026-10-04T16:00:00+00:00
22,PAYMENT,1494.52,C149089708,7627.04,6132.52,M412273967,0.0,0.0,0,0,0.0,1494.52,f85854de-65b4-4b94-a082-15eddac7cc53,C149089708,PAYMENT,USD,False,2026-10-01T22:00:00+00:00
38,CASH_IN,10198.57,C747503441,4627.36,14825.93,C457953357,51543.97,41345.4,0,0,-20397.14,20397.14,31d8d8aa-c6cd-426a-be2c-5ef3e46c87aa,C747503441,CASH_IN,USD,False,2026-10-02T14:00:00+00:00
90,CASH_OUT,118231.69,C280798420,169763.77,51532.08,C322405123,17663.27,135894.96,0,0,-0.0,0.0,8c8ace9b-b7c5-4b3f-82d9-1dc68c6eea03,C280798420,CASH_OUT,USD,False,2026-10-04T18:00:00+00:00
48,CASH_IN,14216.04,C644989272,5289.98,19506.02,C807254247,84009.93,69793.89,0,0,-28432.08,28432.08,f74da576-808a-4160-a893-41375bf17ed0,C644989272,CASH_IN,USD,False,2026-10-03T00:00:00+00:00
46,CASH_OUT,64834.01,C503111666,140803.28,75969.27,C829816799,19003.64,83837.65,0,0,-0.0,0.0,aa31e87b-2950-4e54-9c75-ed944fc61957,C503111666,CASH_OUT,USD,False,2026-10-02T22:00:00+00:00
54,PAYMENT,3663.61,C442154160,20366.4,16702.79,M834851529,0.0,0.0,0,0,0.0,3663.61,ed2167f2-6cd8-49dd-8838-6173acb9dbba,C442154160,PAYMENT,USD,False,2026-10-03T06:00:00+00:00
31,PAYMENT,2753.12,C927799366,19729.61,16976.49,M311513024,0.0,0.0,0,0,0.0,2753.12,6bb18d93-85eb-41a9-9669-dbbcfe8edd8c,C927799366,PAYMENT,USD,False,2026-10-02T07:00:00+00:00
2,PAYMENT,720.53,C317746651,823.63,103.1,M704267134,0.0,0.0,0,0,0.0,720.53,96446a58-1cbe-4bc1-96f8-c3d03af901d9,C317746651,PAYMENT,USD,False,2026-10-01T02:00:00+00:00
52,PAYMENT,2304.15,C758124324,9075.82,6771.67,M767623327,0.0,0.0,0,0,0.0,2304.15,3cc20d52-dafb-45bc-bc42-3275be0af0a9,C758124324,PAYMENT,USD,False,2026-10-03T04:00:00+00:00
7,CASH_OUT,139210.19,C885980740,221067.42,81857.23,C308232501,20134.61,159344.8,0,0,0.0,0.0,e4f4d44f-f4d5-4f4b-86ac-11a89ba08476,C885980740,CASH_OUT,USD,False,2026-10-01T07:00:00+00:00
8,CASH_OUT,22237.23,C226398892,27845.89,5608.66,C582024385,36138.49,58375.72,0,0,0.0,0.0,a45f8406-df38-4b81-9848-68c1c854d564,C226398892,CASH_OUT,USD,False,2026-10-01T08:00:00+00:00
94,CASH_OUT,16199.58,C580779943,17187.17,987.59,C736457654,35989.63,52189.21,0,0,-0.0,0.0,699d87bc-17ce-431c-b031-d839cc36b0eb,C580779943,CASH_OUT,USD,False,2026-10-04T22:00:00+00:00
97,PAYMENT,2209.63,C871999153,21892.97,19683.34,M334657613,0.0,0.0,0,0,0.0,2209.63,d690fa62-e28f-48ba-b326-4ef42b8bf0ee,C871999153,PAYMENT,USD,False,2026-10-05T01:00:00+00:00
42,CASH_IN,15609.35,C615415383,7547.64,23156.99,C372431012,22549.54,6940.19,0,0,-31218.7,31218.7,cf605c54-568c-415d-9ddc-4a3f3ad75d72,C615415383,CASH_IN,USD,False,2026-10-02T18:00:00+00:00
37,PAYMENT,1841.16,C545062150,16363.33,14522.17,M522511155,0.0,0.0,0,0,0.0,1841.16,6618f14c-0bcd-49e8-ba5b-0a58668376c7,C545062150,PAYMENT,USD,False,2026-10-02T13:00:00+00:00
88,CASH_OUT,53865.21,C792377512,83586.03,29720.82,C527499187,48410.34,102275.55,0,0,0.0,-0.0,c293c971-3db8-43d0-a10d-541d1c813c92,C792377512,CASH_OUT,USD,False,2026-10-04T16:00:00+00:00
58,CASH_OUT,24909.62,C111575224,63405.49,38495.87,C415059365,18486.16,43395.78,0,0,-0.0,0.0,afb31a14-5899-4a9a-abdd-872e671df967,C111575224,CASH_OUT,USD,False,2026-10-03T10:00:00+00:00
46,CASH_IN,15568.49,C567969208,12227.55,27796.04,C219821381,44619.37,29050.88,0,0,-31136.98,31136.98,c2d616e4-4755-4ae9-ba6b-72158095dd2a,C567969208,CASH_IN,USD,False,2026-10-02T22:00:00+00:00
8,PAYMENT,4835.07,C360625982,13454.99,8619.92,M531094992,0.0,0.0,0,0,0.0,4835.07,3195c0da-0c38-4d5c-9d08-517d6a71b6ed,C360625982,PAYMENT,USD,False,2026-10-01T08:00:00+00:00
24,PAYMENT,3686.05,C737178891,17735.35,14049.3,M927925850,0.0,0.0,0,0,0.0,3686.05,0aed92f2-a6b4-4284-bc13-56fef4bf4a48,C737178891,PAYMENT,USD,False,2026-10-02T00:00:00+00:00
91,CASH_IN,36117.88,C383508835,17966.72,54084.6,C538454827,30194.64,0.0,0,0,-72235.76,66312.52,9d94f031-7b7b-4b5d-83ef-ac0af1ab4dc7,C383508835,CASH_IN,USD,False,2026-10-04T19:00:00+00:00
20,PAYMENT,727.19,C401487225,2564.71,1837.52,M662990246,0.0,0.0,0,0,0.0,727.19,472789d9-3d11-448b-a757-78ff96f9f64e,C401487225,PAYMENT,USD,False,2026-10-01T20:00:00+00:00
98,CASH_OUT,85114.97,C310615559,164687.35,79572.38,C848336824,11363.83,96478.8,0,0,0.0,0.0,e60d3598-4b69-403d-b190-5688fdc35004,C310615559,CASH_OUT,USD,False,2026-10-05T02:00:00+00:00
6,CASH_IN,2395.88,C341106805,10648.21,13044.09,C551038208,32307.95,29912.07,0,0,-4791.76,4791.76,8f4c5e8e-72e3-4e5b-8d9c-87c2126232c2,C341106805,CASH_IN,USD,False,2026-10-01T06:00:00+00:00
91,TRANSFER,97571.74,C832267407,303261.9,205690.16,C837378898,13455.21,111026.95,0,0,0.0,0.0,41509b4d-c6df-4565-b0cd-a808dce5ba5d,C832267407,TRANSFER,USD,False,2026-10-04T19:00:00+00:00
30,PAYMENT,3160.86,C652903055,31058.47,27897.61,M241155092,0.0,0.0,0,0,0.0,3160.86,7cd3458e-5ff0-4679-8457-1aa070f93b0b,C652903055,PAYMENT,USD,False,2026-10-02T06:00:00+00:00
98,CASH_OUT,32536.06,C305665554,50528.48,17992.42,C619904272,29479.35,62015.41,0,0,0.0,0.0,71b9c7bb-e825-46a5-9d92-53c7a890a0f2,C305665554,CASH_OUT,USD,False,2026-10-05T02:00:00+00:00
83,CASH_OUT,14083.19,C761274080,39296.93,25213.74,C163214863,44409.41,58492.6,0,0,-0.0,0.0,cec820be-30e0-4ad5-80b4-ffb20ab0d4d1,C761274080,CASH_OUT,USD,False,2026-10-04T11:00:00+00:00
1,CASH_OUT,12488.91,C604762395,27312.87,14823.96,C837417461,4646.46,17135.37,0,0,0.0,0.0,bcdc3bdd-591d-4004-a542-2d7808015806,C604762395,CASH_OUT,USD,False,2026-10-01T01:00:00+00:00
47,CASH_OUT,145328.97,C495753745,389898.62,244569.65,C548484824,45370.56,190699.53,0,0,0.0,0.0,7d62c673-6a46-467d-ad15-39bf4f66a3c0,C495753745,CASH_OUT,USD,False,2026-10-02T23:00:00+00:00
30,PAYMENT,2069.98,C560445025,18800.77,16730.79,M539492534,0.0,0.0,0,0,0.0,2069.98,aae1efdd-c012-4756-a663-36810f24469d,C560445025,PAYMENT,USD,False,2026-10-02T06:00:00+00:00
43,CASH_OUT,53104.35,C541102414,153060.53,99956.18,C814403943,21146.84,74251.19,0,0,0.0,0.0,756425b9-c6b0-41da-8ae3-1843d0fa8067,C541102414,CASH_OUT,USD,False,2026-10-02T19:00:00+00:00
23,PAYMENT,1916.21,C344653690,17571.23,15655.02,M956624381,0.0,0.0,0,0,0.0,1916.21,649d4afa-c358-4449-8d80-bfa3060ed5f8,C344653690,PAYMENT,USD,False,2026-10-01T23:00:00+00:00
77,CASH_OUT,102899.05,C389843121,234568.74,131669.69,C881915487,7395.02,110294.07,0,0,0.0,0.0,829bb1ad-4eab-4c7c-ba85-6954a635954f,C389843121,CASH_OUT,USD,False,2026-10-04T05:00:00+00:00
64,CASH_IN,7250.45,C951961446,279.78,7530.23,C410969170,83405.79,76155.34,0,0,-14500.9,14500.9,79957e85-1885-41fd-8e06-1cad4ce8194e,C951961446,CASH_IN,USD,False,2026-10-03T16:00:00+00:00
67,CASH_OUT,86847.82,C542050628,199064.1,112216.28,C804117476,16315.32,103163.14,0,0,0.0,0.0,e511291f-4006-4ff2-be63-8a84d5fa6381,C542050628,CASH_OUT,USD,False,2026-10-03T19:00:00+00:00
33,PAYMENT,4910.27,C400911674,26547.28,21637.01,M125173168,0.0,0.0,0,0,0.0,4910.27,72696241-8bc8-4310-b63c-33eb02144076,C400911674,PAYMENT,USD,False,2026-10-02T09:00:00+00:00
81,CASH_IN,15703.48,C858669322,1894.26,17597.74,C361191977,41385.53,25682.05,0,0,-31406.96,31406.96,d3d47504-b7b3-41f7-ab8a-2b168041e072,C858669322,CASH_IN,USD,False,2026-10-04T09:00:00+00:00
23,CASH_OUT,58279.81,C245926740,110090.12,51810.31,C521350588,15658.09,73937.9,0,0,0.0,0.0,34d25960-9eed-4e0e-b97f-d05c5f95f9e8,C245926740,CASH_OUT,USD,False,2026-10-01T23:00:00+00:00
88,CASH_OUT,111272.28,C474601470,298844.18,187571.9,C112249011,18947.8,130220.08,0,0,0.0,0.0,e695b481-dd7c-452d-bc7c-12f244f508a5,C474601470,CASH_OUT,USD,False,2026-10-04T16:00:00+00:00
30,CASH_OUT,142151.66,C207329323,203365.87,61214.21,C916676253,39082.23,181233.89,0,0,-0.0,0.0,83dbf318-975f-4b5a-9a8e-02c05d341440,C207329323,CASH_OUT,USD,False,2026-10-02T06:00:00+00:00
5,PAYMENT,3856.12,C889546822,26969.98,23113.86,M659568869,0.0,0.0,0,0,0.0,3856.12,41c41969-c49e-4518-904e-2650e6ea2c45,C889546822,PAYMENT,USD,False,2026-10-01T05:00:00+00:00
31,CASH_OUT,40472.15,C846789191,94184.37,53712.22,C132102471,43389.38,83861.53,0,0,-0.0,0.0,b4c3b9cc-3348-4c4b-8339-e00c5308bef4,C846789191,CASH_OUT,USD,False,2026-10-02T07:00:00+00:00
33,TRANSFER,232689.52,C867750501,431504.18,198814.66,C527568870,22915.12,255604.64,0,0,0.0,-0.0,c253e660-c0f5-40a5-a283-de8d1a55b1de,C867750501,TRANSFER,USD,False,2026-10-02T09:00:00+00:00
8,TRANSFER,99690.72,C487690454,355039.75,255349.03,C868760242,29570.4,129261.12,0,0,0.0,0.0,84641f86-8878-4267-a035-93aeb7f8992a,C487690454,TRANSFER,USD,False,2026-10-01T08:00:00+00:00
33,CASH_OUT,74692.78,C972435430,219081.77,144388.99,C806875860,39186.24,113879.02,0,0,0.0,-0.0,0173316a-5479-4d94-bfcb-5f0ae69c9c05,C972435430,CASH_OUT,USD,False,2026-10-02T09:00:00+00:00
89,PAYMENT,1369.99,C293720285,5179.74,3809.75,M918630985,0.0,0.0,0,0,0.0,1369.99,f6ab7343-e7b5-4d74-87da-325d59a79c9b,C293720285,PAYMENT,USD,False,2026-10-04T17:00:00+00:00
78,PAYMENT,857.88,C151500184,3865.67,3007.79,M907317394,0.0,0.0,0,0,0.0,857.88,0acf982b-960c-43d8-b300-3dc6aacfeaef,C151500184,PAYMENT,USD,False,2026-10-04T06:00:00+00:00
34,CASH_IN,22566.81,C442592338,16219.31,38786.12,C896923287,37673.9,15107.09,0,0,-45133.62,45133.62,0bacdcea-601f-4c89-b2c3-c1acdcf7be5f,C442592338,CASH_IN,USD,False,2026-10-02T10:00:00+00:00
73,CASH_OUT,147546.52,C393475095,313791.32,166244.8,C830821072,7792.78,155339.3,0,0,0.0,0.0,86356831-4022-4244-8def-007491670ba1,C393475095,CASH_OUT,USD,False,2026-10-04T01:00:00+00:00
53,PAYMENT,1619.34,C928712497,6248.33,4628.99,M824763969,0.0,0.0,0,0,0.0,1619.34,b2048802-4e3b-4c5e-9d38-2e15b5265dab,C928712497,PAYMENT,USD,False,2026-10-03T05:00:00+00:00
78,CASH_OUT,14503.88,C483205047,32622.68,18118.8,C606649882,44512.85,59016.73,0,0,0.0,-0.0,57cce481-565b-4a69-8a9d-ad42ad040973,C483205047,CASH_OUT,USD,False,2026-10-04T06:00:00+00:00
84,PAYMENT,3096.0,C762601782,10261.84,7165.84,M555696872,0.0,0.0,0,0,0.0,3096.0,9f8be0a7-932f-4650-a09f-35a8c35e9af7,C762601782,PAYMENT,USD,False,2026-10-04T12:00:00+00:00
42,CASH_OUT,3612.45,C898309178,6928.0,3315.55,C394258670,4983.96,8596.41,0,0,0.0,0.0,373b3d5f-92fc-4ed2-8709-cfc75e6acce2,C898309178,CASH_OUT,USD,False,2026-10-02T18:00:00+00:00
70,CASH_OUT,11419.99,C147946336,30379.56,18959.57,C361549469,33251.54,44671.53,0,0,0.0,0.0,b6697ce1-ee5e-4ddb-b55c-4c5333be9dfc,C147946336,CASH_OUT,USD,False,2026-10-03T22:00:00+00:00
40,TRANSFER,21616.53,C863662134,58638.75,37022.22,C745088124,30421.3,52037.83,0,0,0.0,0.0,ea51c394-291f-4f49-85bc-0708a244913c,C863662134,TRANSFER,USD,False,2026-10-02T16:00:00+00:00
24,PAYMENT,3906.32,C838146636,12568.85,8662.53,M487960179,0.0,0.0,0,0,0.0,3906.32,704f3d64-e286-491c-be86-5046f6a7fb3f,C838146636,PAYMENT,USD,False,2026-10-02T00:00:00+00:00
25,CASH_OUT,106264.82,C311848994,234942.55,128677.73,C631824733,9303.24,115568.06,0,0,-0.0,0.0,e6c2a3e6-af1e-4611-aa2f-000f9470b343,C311848994,CASH_OUT,USD,False,2026-10-02T01:00:00+00:00
11,CASH_OUT,53440.36,C636034841,96418.0,42977.64,C785086580,32519.17,85959.53,0,0,0.0,0.0,63195e36-4830-4129-b74d-e143383b856e,C636034841,CASH_OUT,USD,False,2026-10-01T11:00:00+00:00
93,PAYMENT,936.5,C792429622,6256.3,5319.8,M879809671,0.0,0.0,0,0,0.0,936.5,b6a277ee-f6d1-44ad-92f7-517d95912e39,C792429622,PAYMENT,USD,False,2026-10-04T21:00:00+00:00
60,CASH_OUT,140244.23,C840423738,327647.03,187402.8,C850797601,34951.56,175195.79,0,0,0.0,0.0,28ac104e-310f-4bc9-bf94-bdad36e5d82c,C840423738,CASH_OUT,USD,False,2026-10-03T12:00:00+00:00
70,PAYMENT,2883.18,C713152854,23242.97,20359.79,M360916298,0.0,0.0,0,0,0.0,2883.18,75557dea-d774-487a-acc1-c00335d24e62,C713152854,PAYMENT,USD,False,2026-10-03T22:00:00+00:00
98,CASH_OUT,12691.76,C208422428,21685.74,8993.98,C426763228,2271.69,14963.45,0,0,0.0,0.0,3f6ad56b-857d-4a78-8557-434e2a525099,C208422428,CASH_OUT,USD,False,2026-10-05T02:00:00+00:00
10,PAYMENT,1525.62,C782539782,7067.36,5541.74,M974296933,0.0,0.0,0,0,0.0,1525.62,25960547-d4ba-401d-ae11-2401a91ab3cb,C782539782,PAYMENT,USD,False,2026-10-01T10:00:00+00:00
100,CASH_OUT,138144.02,C465408396,166440.85,28296.83,C275051213,7727.75,145871.77,0,0,0.0,0.0,6619ca52-5ca2-4821-9876-cf114693eac4,C465408396,CASH_OUT,USD,False,2026-10-05T04:00:00+00:00
39,PAYMENT,3376.05,C212005417,4350.15,974.1,M290735311,0.0,0.0,0,0,-0.0,3376.05,b48c9b7f-8ef1-4586-b9b6-c022d0e51a40,C212005417,PAYMENT,USD,False,2026-10-02T15:00:00+00:00
91,CASH_OUT,65063.31,C141185351,168409.53,103346.22,C857099319,15876.36,80939.67,0,0,0.0,0.0,c0d369e9-8d61-48cb-8e3b-bf9cec090d92,C141185351,CASH_OUT,USD,False,2026-10-04T19:00:00+00:00
88,CASH_OUT,41954.53,C414109605,83620.75,41666.22,C509649601,36761.03,78715.56,0,0,0.0,0.0,628087d6-d0f8-4394-98cd-df2ed9244b01,C414109605,CASH_OUT,USD,False,2026-10-04T16:00:00+00:00
77,PAYMENT,3361.76,C741866641,10766.4,7404.64,M152265802,0.0,0.0,0,0,-0.0,3361.76,fd4a0cc6-a41f-46f1-b915-a8b7fd54e155,C741866641,PAYMENT,USD,False,2026-10-04T05:00:00+00:00
89,CASH_OUT,148981.83,C428645576,292374.12,143392.29,C437694037,35153.88,184135.71,0,0,0.0,0.0,22cdb77e-ebe7-4359-83fe-f0691ef4549f,C428645576,CASH_OUT,USD,False,2026-10-04T17:00:00+00:00
98,TRANSFER,21789.35,C467873466,82017.27,60227.92,C510219331,15006.42,36795.77,0,0,0.0,0.0,e76195d9-cc46-4650-9ae0-755da6906c49,C467873466,TRANSFER,USD,False,2026-10-05T02:00:00+00:00
44,CASH_IN,3202.73,C382247375,8530.29,11733.02,C492369146,3515.98,313.25,0,0,-6405.46,6405.46,ed8c0f82-828f-4074-bea8-184ec4f1f5eb,C382247375,CASH_IN,USD,False,2026-10-02T20:00:00+00:00
92,PAYMENT,4224.25,C380949032,26954.35,22730.1,M461060837,0.0,0.0,0,0,0.0,4224.25,e89084f1-38cd-4587-9b23-19fd1587373d,C380949032,PAYMENT,USD,False,2026-10-04T20:00:00+00:00
31,PAYMENT,394.08,C818983106,2430.57,2036.49,M864406274,0.0,0.0,0,0,0.0,394.08,715d0888-f92f-4022-9566-a5ea83254f8b,C818983106,PAYMENT,USD,False,2026-10-02T07:00:00+00:00
25,PAYMENT,792.6,C876266000,5119.49,4326.89,M331483273,0.0,0.0,0,0,-0.0,792.6,512c9405-1fa7-41f7-a50f-38cfa12e00b4,C876266000,PAYMENT,USD,False,2026-10-02T01:00:00+00:00
42,CASH_OUT,21348.75,C496019605,52112.35,30763.6,C993143108,27506.36,48855.11,0,0,0.0,0.0,d610c2b3-e668-4e30-8871-b60b17347658,C496019605,CASH_OUT,USD,False,2026-10-02T18:00:00+00:00
67,TRANSFER,57576.64,C974050809,205765.35,148188.71,C782508147,75796.37,133373.01,0,0,0.0,0.0,fd77e265-ab8a-4a80-b5a0-1677c3ecaff4,C974050809,TRANSFER,USD,False,2026-10-03T19:00:00+00:00
93,PAYMENT,1450.37,C693814150,9933.41,8483.04,M442872280,0.0,0.0,0,0,0.0,1450.37,b7eef835-2d96-45c9-9b6c-1378c31cca08,C693814150,PAYMENT,USD,False,2026-10-04T21:00:00+00:00
63,CASH_OUT,87822.65,C967996578,238091.2,150268.55,C555788677,6113.97,93936.62,0,0,0.0,0.0,1b044a5b-7c4b-4b8e-8910-ede2e57b9c40,C967996578,CASH_OUT,USD,False,2026-10-03T15:00:00+00:00
75,CASH_OUT,43573.36,C384778990,112622.78,69049.42,C110604622,8333.26,51906.62,0,0,0.0,0.0,8d745dec-b55e-4ba3-a418-a4a67269d141,C384778990,CASH_OUT,USD,False,2026-10-04T03:00:00+00:00
44,CASH_OUT,63649.04,C635550230,152848.41,89199.37,C549997617,18615.48,82264.52,0,0,0.0,0.0,143992ac-e969-4baf-89e1-09f1c4f21a64,C635550230,CASH_OUT,USD,False,2026-10-02T20:00:00+00:00
16,CASH_OUT,121025.08,C338240571,145756.72,24731.64,C965380065,4728.74,125753.82,0,0,0.0,0.0,1e51a296-9d6f-4dcb-bc18-d218b1d4799b,C338240571,CASH_OUT,USD,False,2026-10-01T16:00:00+00:00
91,CASH_IN,20405.26,C898307196,19975.87,40381.13,C220124502,11984.97,0.0,0,0,-40810.52,32390.23,99222238-ca31-4573-8d76-51844ded618d,C898307196,CASH_IN,USD,False,2026-10-04T19:00:00+00:00
3,CASH_OUT,108639.5,C282445097,189113.59,80474.09,C445375777,7174.32,115813.82,0,0,0.0,0.0,55de5a8e-df79-4df2-8b4d-1c634757b0db,C282445097,CASH_OUT,USD,False,2026-10-01T03:00:00+00:00
85,PAYMENT,2035.57,C171327924,16950.88,14915.31,M371947554,0.0,0.0,0,0,0.0,2035.57,bae104b7-1a19-401b-bf5c-5d3f492b8dd9,C171327924,PAYMENT,USD,False,2026-10-04T13:00:00+00:00
14,CASH_OUT,31622.76,C754474303,41400.37,9777.61,C821433431,7819.39,39442.15,0,0,0.0,0.0,ecb7d145-8395-4ff8-8e92-c4d06526af9a,C754474303,CASH_OUT,USD,False,2026-10-01T14:00:00+00:00
45,PAYMENT,511.51,C435681563,5011.51,4500.0,M224184852,0.0,0.0,0,0,0.0,511.51,1a4b2c13-55e0-4677-8599-bf75abc21b31,C435681563,PAYMENT,USD,False,2026-10-02T21:00:00+00:00
38,CASH_OUT,46974.8,C826672529,57863.66,10888.86,C893001503,42562.3,89537.1,0,0,0.0,0.0,8c1d23d2-c0e9-45eb-8156-af4d813762c2,C826672529,CASH_OUT,USD,False,2026-10-02T14:00:00+00:00
32,CASH_OUT,138281.64,C225598974,317110.9,178829.26,C150348837,41062.91,179344.55,0,0,0.0,0.0,4aca3cc2-ccac-4f94-a173-e89da4d829b7,C225598974,CASH_OUT,USD,False,2026-10-02T08:00:00+00:00
49,PAYMENT,3547.92,C569578825,31230.8,27682.88,M321885095,0.0,0.0,0,0,-0.0,3547.92,e4d3944a-e153-4836-9db8-2c77941d962b,C569578825,PAYMENT,USD,False,2026-10-03T01:00:00+00:00
29,CASH_IN,26886.66,C188139946,13639.17,40525.83,C902856986,75723.44,48836.78,0,0,-53773.32,53773.32,9edd9b21-a420-4866-abbb-d8b80124e56e,C188139946,CASH_IN,USD,False,2026-10-02T05:00:00+00:00
56,PAYMENT,2621.19,C549902288,21278.73,18657.54,M641025679,0.0,0.0,0,0,0.0,2621.19,9e097509-1427-47fa-b9c7-7a701273ed62,C549902288,PAYMENT,USD,False,2026-10-03T08:00:00+00:00
56,CASH_IN,48712.56,C799045497,6008.71,54721.27,C246162540,60717.92,12005.36,0,0,-97425.12,97425.12,5df04dc6-5232-4307-8e57-e6ddeff3a171,C799045497,CASH_IN,USD,False,2026-10-03T08:00:00+00:00
54,PAYMENT,2274.24,C212579573,20911.38,18637.14,M947387796,0.0,0.0,0,0,0.0,2274.24,875f2b9e-6662-4eb3-94a0-ceb55b347def,C212579573,PAYMENT,USD,False,2026-10-03T06:00:00+00:00
41,PAYMENT,375.63,C212447665,3377.43,3001.8,M282649071,0.0,0.0,0,0,-0.0,375.63,e9fc92e6-b49e-43ee-b37a-b46341601b1b,C212447665,PAYMENT,USD,False,2026-10-02T17:00:00+00:00
79,PAYMENT,2314.37,C169731500,5592.78,3278.41,M379153787,0.0,0.0,0,0,0.0,2314.37,9baf06dc-c9e1-498b-929d-1ca3429c31cc,C169731500,PAYMENT,USD,False,2026-10-04T07:00:00+00:00
69,TRANSFER,30439.51,C626711232,68672.71,38233.2,C265268687,25828.65,56268.16,0,0,0.0,0.0,40e6948a-e304-40c5-ab81-4b99ca0629df,C626711232,TRANSFER,USD,False,2026-10-03T21:00:00+00:00
81,CASH_IN,7060.77,C148487381,21.8,7082.57,C564067351,72005.48,64944.71,0,0,-14121.54,14121.54,402fd02a-2cc5-4360-ace9-f804ab23a901,C148487381,CASH_IN,USD,False,2026-10-04T09:00:00+00:00
49,PAYMENT,3944.71,C614847663,27055.69,23110.98,M720682356,0.0,0.0,0,0,0.0,3944.71,f9d496d5-86f7-414b-97e7-31faa4786f32,C614847663,PAYMENT,USD,False,2026-10-03T01:00:00+00:00
15,CASH_OUT,144734.53,C790218221,415028.82,270294.29,C795897174,33835.27,178569.8,0,0,0.0,0.0,e26ac575-8093-4673-acc1-fc74b6eefc38,C790218221,CASH_OUT,USD,False,2026-10-01T15:00:00+00:00
73,TRANSFER,249860.0,C447716573,869113.55,619253.55,C575169464,19672.29,269532.29,0,0,0.0,0.0,e3fbbc28-beb0-4f17-b084-523194cbe661,C447716573,TRANSFER,USD,False,2026-10-04T01:00:00+00:00
42,CASH_OUT,66629.04,C837336933,142235.55,75606.51,C389201113,39838.99,106468.03,0,0,0.0,0.0,b84a5e55-7d34-40ea-ac5f-ef78b710a304,C837336933,CASH_OUT,USD,False,2026-10-02T18:00:00+00:00
32,PAYMENT,2899.44,C566271010,27591.86,24692.42,M735409949,0.0,0.0,0,0,0.0,2899.44,f91dab10-4c17-44f5-a95a-a2c99eaf8479,C566271010,PAYMENT,USD,False,2026-10-02T08:00:00+00:00
5,CASH_OUT,111125.81,C866673993,161024.7,49898.89,C550294365,12413.16,123538.97,0,0,0.0,0.0,1e8aaf3d-bcea-4e46-a3b0-125ddd94c0a0,C866673993,CASH_OUT,USD,False,2026-10-01T05:00:00+00:00
49,CASH_OUT,76327.2,C265971719,149539.01,73211.81,C724793683,8618.91,84946.11,0,0,0.0,0.0,c28d1514-0ca4-4d5f-a449-9446f5e8782b,C265971719,CASH_OUT,USD,False,2026-10-03T01:00:00+00:00
69,CASH_IN,24453.73,C669177290,16742.88,41196.61,C657165824,54359.2,29905.47,0,0,-48907.46,48907.46,e47cc136-6a31-47fd-bcf9-63ada65d3e65,C669177290,CASH_IN,USD,False,2026-10-03T21:00:00+00:00
55,PAYMENT,2090.33,C927118817,12132.5,10042.17,M282958826,0.0,0.0,0,0,0.0,2090.33,bf9cc8e1-4bb1-4f6f-8775-5570350f7528,C927118817,PAYMENT,USD,False,2026-10-03T07:00:00+00:00
11,PAYMENT,3022.62,C810981155,13071.08,10048.46,M793381428,0.0,0.0,0,0,0.0,3022.62,3f76c63f-c7f8-4f54-8f33-5204068f1fc3,C810981155,PAYMENT,USD,False,2026-10-01T11:00:00+00:00
10,PAYMENT,3987.48,C204749673,23091.14,19103.66,M838232460,0.0,0.0,0,0,0.0,3987.48,d0b3e5e7-1f9f-4584-a1ce-6f7776d31cc2,C204749673,PAYMENT,USD,False,2026-10-01T10:00:00+00:00
36,CASH_IN,11671.89,C853104946,72.18,11744.07,C348632825,18867.58,7195.69,0,0,-23343.78,23343.78,748293a0-b733-499f-a963-76c10a9eaa93,C853104946,CASH_IN,USD,False,2026-10-02T12:00:00+00:00
91,CASH_IN,21671.75,C888886023,16228.5,37900.25,C490503529,27496.31,5824.56,0,0,-43343.5,43343.5,b7eb3bae-455c-4c6e-91ee-06769bf59f33,C888886023,CASH_IN,USD,False,2026-10-04T19:00:00+00:00
97,PAYMENT,59.28,C272173204,285.29,226.01,M994083442,0.0,0.0,0,0,0.0,59.28,1a3e1406-5b78-48f6-97f3-a65131781dbc,C272173204,PAYMENT,USD,False,2026-10-05T01:00:00+00:00
73,CASH_OUT,126957.05,C190095909,178617.63,51660.58,C637335173,48395.58,175352.63,0,0,0.0,0.0,19fe5047-0eb5-4478-90ff-738b2d9851c1,C190095909,CASH_OUT,USD,False,2026-10-04T01:00:00+00:00
80,CASH_IN,22135.08,C800119488,17753.5,39888.58,C470710020,78374.75,56239.67,0,0,-44270.16,44270.16,5a9be232-6e05-409b-b9be-0f63b6511258,C800119488,CASH_IN,USD,False,2026-10-04T08:00:00+00:00
94,CASH_IN,41595.59,C323645672,19370.88,60966.47,C939446370,78169.27,36573.68,0,0,-83191.18,83191.18,bd06f0ad-0cf6-4132-a5d2-c5f1cb57fb45,C323645672,CASH_IN,USD,False,2026-10-04T22:00:00+00:00
98,CASH_OUT,122312.13,C483443853,229782.51,107470.38,C973673014,26850.49,149162.62,0,0,0.0,0.0,973a7363-f91a-4db2-a7ec-59081303feba,C483443853,CASH_OUT,USD,False,2026-10-05T02:00:00+00:00
63,TRANSFER,129490.9,C672024267,153939.18,24448.28,C777923949,50329.71,179820.61,0,0,0.0,0.0,ada2386b-c2cf-4fd4-b461-ca4d2fe6b392,C672024267,TRANSFER,USD,False,2026-10-03T15:00:00+00:00
51,CASH_IN,25950.93,C186273351,17520.12,43471.05,C302747423,17416.54,0.0,0,0,-51901.86,43367.47,5a3bf479-1aae-4b12-8f69-242e0d301d41,C186273351,CASH_IN,USD,False,2026-10-03T03:00:00+00:00
86,CASH_OUT,16258.87,C746029988,37157.3,20898.43,C952121478,4928.84,21187.71,0,0,0.0,0.0,864a08cd-7a52-4d48-a940-7c9ace66f05b,C746029988,CASH_OUT,USD,False,2026-10-04T14:00:00+00:00
29,CASH_IN,14092.67,C914348348,7156.42,21249.09,C861495318,9906.69,0.0,0,0,-28185.34,23999.36,8c2c171b-d5d5-4d08-a5d9-e51537854188,C914348348,CASH_IN,USD,False,2026-10-02T05:00:00+00:00
6,PAYMENT,4397.2,C165494534,12794.08,8396.88,M421410504,0.0,0.0,0,0,0.0,4397.2,4118aee7-0a8a-43a2-a1c8-a884ed4025b3,C165494534,PAYMENT,USD,False,2026-10-01T06:00:00+00:00
15,CASH_OUT,31964.75,C974423622,35735.44,3770.69,C315758599,9136.47,41101.22,0,0,0.0,0.0,a4d69183-2153-4ddd-b73b-6a8852ea1d2e,C974423622,CASH_OUT,USD,False,2026-10-01T15:00:00+00:00
97,PAYMENT,3887.21,C306202347,22830.41,18943.2,M528069177,0.0,0.0,0,0,0.0,3887.21,b9127d9d-c31c-4cb2-bd49-a3be87ae0fa0,C306202347,PAYMENT,USD,False,2026-10-05T01:00:00+00:00
76,CASH_OUT,18636.99,C992134541,50342.66,31705.67,C617360044,49959.53,68596.52,0,0,0.0,0.0,e3cc857a-59bd-4a62-b41a-63288ab228bc,C992134541,CASH_OUT,USD,False,2026-10-04T04:00:00+00:00
4,PAYMENT,2823.22,C228984845,17574.1,14750.88,M111832249,0.0,0.0,0,0,0.0,2823.22,7da7fd71-b096-4bfb-9d58-9dfc4f58c6ea,C228984845,PAYMENT,USD,False,2026-10-01T04:00:00+00:00
12,CASH_OUT,127139.41,C485451171,194401.46,67262.05,C748245888,2172.52,129311.93,0,0,-0.0,0.0,08b5a211-00cc-454f-9bc1-2f5794d032ed,C485451171,CASH_OUT,USD,False,2026-10-01T12:00:00+00:00
66,PAYMENT,4010.9,C753116969,8073.54,4062.64,M424558846,0.0,0.0,0,0,0.0,4010.9,ed2555ec-71b6-4ce9-8243-815f225d7b3c,C753116969,PAYMENT,USD,False,2026-10-03T18:00:00+00:00
80,CASH_OUT,62881.98,C247278210,127220.91,64338.93,C212650803,30884.9,93766.88,0,0,0.0,0.0,a07ef9f4-603a-4afc-b7bf-6742ed945980,C247278210,CASH_OUT,USD,False,2026-10-04T08:00:00+00:00
49,TRANSFER,231446.15,C940453822,596998.45,365552.3,C288690127,70040.95,301487.1,0,0,-0.0,0.0,49a0e5ed-faa1-49db-8304-ab0c37782eb8,C940453822,TRANSFER,USD,False,2026-10-03T01:00:00+00:00
57,PAYMENT,3468.13,C326114706,25471.94,22003.81,M875289353,0.0,0.0,0,0,-0.0,3468.13,c3cf2d88-e033-43a0-ab1f-3603aafeca03,C326114706,PAYMENT,USD,False,2026-10-03T09:00:00+00:00
7,CASH_IN,48665.04,C333848350,12658.18,61323.22,C353366389,33126.84,0.0,0,0,-97330.08,81791.88,eded5e68-025a-4f77-a33f-c945d09df445,C333848350,CASH_IN,USD,False,2026-10-01T07:00:00+00:00
58,CASH_OUT,26365.18,C855488200,31717.28,5352.1,C425601984,28094.38,54459.56,0,0,-0.0,0.0,d913aaf3-9131-4a5f-bca6-626c937a691d,C855488200,CASH_OUT,USD,False,2026-10-03T10:00:00+00:00
1,CASH_OUT,9304.55,C270300931,10413.51,1108.96,C995167865,22937.38,32241.93,0,0,0.0,0.0,efcc282b-31af-4120-9d2f-f041763eeddb,C270300931,CASH_OUT,USD,False,2026-10-01T01:00:00+00:00
86,CASH_OUT,75106.23,C424869522,111273.32,36167.09,C225946154,19662.33,94768.56,0,0,0.0,0.0,b4a6401f-fcfa-4f9a-8d27-e6b23ef66e12,C424869522,CASH_OUT,USD,False,2026-10-04T14:00:00+00:00
63,CASH_IN,26658.67,C916690353,2567.83,29226.5,C235034324,48052.96,21394.29,0,0,-53317.34,53317.34,4a4f4f05-2431-4ac0-9774-9e2df6892693,C916690353,CASH_IN,USD,False,2026-10-03T15:00:00+00:00
25,PAYMENT,4691.68,C251968832,8566.23,3874.55,M234820097,0.0,0.0,0,0,-0.0,4691.68,04e95b3c-87c0-4027-9cf2-f740243ac0f2,C251968832,PAYMENT,USD,False,2026-10-02T01:00:00+00:00
4,PAYMENT,4180.61,C824022357,26271.4,22090.79,M717615339,0.0,0.0,0,0,0.0,4180.61,3bf64231-371d-4e10-80a7-76bad98261ae,C824022357,PAYMENT,USD,False,2026-10-01T04:00:00+00:00
32,CASH_OUT,52556.53,C420950640,71287.16,18730.63,C634163550,33777.85,86334.38,0,0,0.0,0.0,62e7b806-c207-48c9-ba07-edd1a915a515,C420950640,CASH_OUT,USD,False,2026-10-02T08:00:00+00:00
97,PAYMENT,3920.02,C692818173,10225.28,6305.26,M618045811,0.0,0.0,0,0,0.0,3920.02,45ba3315-c574-4b8e-af5c-7fc21ae3627e,C692818173,PAYMENT,USD,False,2026-10-05T01:00:00+00:00
99,CASH_OUT,127868.36,C284444459,297317.14,169448.78,C755114828,16284.06,144152.42,0,0,0.0,0.0,a3c60162-dfb8-4dcd-90c2-72ddeb37f0a4,C284444459,CASH_OUT,USD,False,2026-10-05T03:00:00+00:00
30,PAYMENT,1164.44,C499836803,2507.02,1342.58,M530336688,0.0,0.0,0,0,0.0,1164.44,6cfa91af-eb7f-4625-aa39-41d0b81a5a33,C499836803,PAYMENT,USD,False,2026-10-02T06:00:00+00:00
81,PAYMENT,3928.19,C311935688,13777.82,9849.63,M347455860,0.0,0.0,0,0,0.0,3928.19,452982a6-ff1b-445c-ba48-2fb38ec98d50,C311935688,PAYMENT,USD,False,2026-10-04T09:00:00+00:00
79,PAYMENT,4588.54,C286340494,9023.28,4434.74,M400079362,0.0,0.0,0,0,0.0,4588.54,de660471-067b-410f-a555-e227f584b24d,C286340494,PAYMENT,USD,False,2026-10-04T07:00:00+00:00
71,PAYMENT,779.35,C670304472,6526.87,5747.52,M417476097,0.0,0.0,0,0,-0.0,779.35,213066a4-aa6f-4317-bf57-261f61679ea8,C670304472,PAYMENT,USD,False,2026-10-03T23:00:00+00:00
1,CASH_OUT,83412.3,C680909211,168565.71,85153.41,C544533991,12148.79,95561.09,0,0,-0.0,0.0,7f0aa982-2002-4cbb-ac71-4af90c3cb977,C680909211,CASH_OUT,USD,False,2026-10-01T01:00:00+00:00
22,CASH_IN,20572.39,C146914391,14391.71,34964.1,C826239153,96989.27,76416.88,0,0,-41144.78,41144.78,66ed82d7-475d-455d-9042-255dfd96ee0f,C146914391,CASH_IN,USD,False,2026-10-01T22:00:00+00:00
44,PAYMENT,2385.39,C291647610,7077.68,4692.29,M479608458,0.0,0.0,0,0,0.0,2385.39,2550b3f5-9e21-4393-9cf5-a1311aa25bce,C291647610,PAYMENT,USD,False,2026-10-02T20:00:00+00:00
43,TRANSFER,235624.04,C842366270,248960.52,13336.48,C846652786,26115.27,261739.31,0,0,-0.0,0.0,48990d83-f8d0-4f99-8f02-258944d287ef,C842366270,TRANSFER,USD,False,2026-10-02T19:00:00+00:00
46,CASH_OUT,55066.92,C679433317,139051.92,83985.0,C429579854,6516.68,61583.6,0,0,0.0,0.0,acc69aea-3758-49f6-8dcd-1a597d2191e7,C679433317,CASH_OUT,USD,False,2026-10-02T22:00:00+00:00
64,PAYMENT,3497.8,C621765989,4525.89,1028.09,M306422125,0.0,0.0,0,0,0.0,3497.8,39e45105-b991-4cb9-b797-50eeb567d69b,C621765989,PAYMENT,USD,False,2026-10-03T16:00:00+00:00
97,CASH_IN,40759.58,C757830420,8534.82,49294.4,C642001424,90778.62,50019.04,0,0,-81519.16,81519.16,435e076d-dbf7-47c1-93a0-03b15ec94e7a,C757830420,CASH_IN,USD,False,2026-10-05T01:00:00+00:00
100,CASH_OUT,64010.12,C483498167,97731.24,33721.12,C413449429,48816.34,112826.46,0,0,0.0,-0.0,c4c9a326-090e-46eb-a114-52b267f336da,C483498167,CASH_OUT,USD,False,2026-10-05T04:00:00+00:00
15,TRANSFER,122151.32,C295614589,449529.27,327377.95,C442746491,40763.83,162915.15,0,0,0.0,0.0,4068613e-4b97-474b-a572-275bb3f50cd6,C295614589,TRANSFER,USD,False,2026-10-01T15:00:00+00:00
83,PAYMENT,4054.82,C947042343,40002.45,35947.63,M250678756,0.0,0.0,0,0,0.0,4054.82,af12013a-c7aa-45ea-8667-68b80eb0a69b,C947042343,PAYMENT,USD,False,2026-10-04T11:00:00+00:00
4,PAYMENT,1040.86,C675858195,3435.1,2394.24,M303572125,0.0,0.0,0,0,0.0,1040.86,9d5a8dec-0263-4bae-8a7a-764bde2811d2,C675858195,PAYMENT,USD,False,2026-10-01T04:00:00+00:00
10,CASH_OUT,75121.56,C308889819,132464.73,57343.17,C830893658,14917.79,90039.35,0,0,0.0,0.0,79959f36-fc1a-4af2-983d-d06cdd57b8e6,C308889819,CASH_OUT,USD,False,2026-10-01T10:00:00+00:00
79,PAYMENT,2212.56,C168335098,2473.98,261.42,M461496783,0.0,0.0,0,0,0.0,2212.56,88496640-7c4c-4970-accf-25d19fd14b77,C168335098,PAYMENT,USD,False,2026-10-04T07:00:00+00:00
54,CASH_OUT,34285.37,C618541306,43024.35,8738.98,C545817245,43949.06,78234.43,0,0,-0.0,0.0,81786d00-148b-4458-be80-287f720a2a1f,C618541306,CASH_OUT,USD,False,2026-10-03T06:00:00+00:00
96,CASH_OUT,140763.53,C136032700,268242.21,127478.68,C260151511,46225.14,186988.67,0,0,0.0,-0.0,3dac2f2d-0875-4606-b4cf-55fbde607ee5,C136032700,CASH_OUT,USD,False,2026-10-05T00:00:00+00:00
12,CASH_OUT,105731.17,C292181526,238840.52,133109.35,C736467148,34506.24,140237.41,0,0,-0.0,0.0,4b1c80c3-55d6-43cf-80c0-2b26ea34408f,C292181526,CASH_OUT,USD,False,2026-10-01T12:00:00+00:00
85,CASH_OUT,114660.21,C107112115,334347.59,219687.38,C681403225,42400.53,157060.74,0,0,0.0,0.0,ea0b08af-4ef7-4ecc-8272-3b965312cac8,C107112115,CASH_OUT,USD,False,2026-10-04T13:00:00+00:00
57,CASH_OUT,114719.63,C824722131,334784.88,220065.25,C594331680,34772.64,149492.27,0,0,0.0,0.0,69020b00-d265-4b31-be3a-203d95ab3a43,C824722131,CASH_OUT,USD,False,2026-10-03T09:00:00+00:00
25,CASH_OUT,33163.12,C167829864,86020.1,52856.98,C203726898,41522.53,74685.65,0,0,0.0,0.0,fbc7ae25-4752-4e91-af8f-15b3f7edb2ee,C167829864,CASH_OUT,USD,False,2026-10-02T01:00:00+00:00
64,CASH_OUT,124483.75,C425904401,193614.45,69130.7,C689837130,9497.3,133981.05,0,0,0.0,0.0,d0b2e3c4-9cce-4227-9307-10cca9e5889c,C425904401,CASH_OUT,USD,False,2026-10-03T16:00:00+00:00
27,TRANSFER,108651.18,C623805398,246769.86,138118.68,C579058222,59766.34,168417.52,0,0,0.0,0.0,6901447a-3af2-49cd-9441-50044c91c994,C623805398,TRANSFER,USD,False,2026-10-02T03:00:00+00:00
29,CASH_OUT,120044.19,C346885603,349435.6,229391.41,C542839009,25825.21,145869.4,0,0,-0.0,0.0,361b2400-1072-4e2d-b544-fa16ae4efe9b,C346885603,CASH_OUT,USD,False,2026-10-02T05:00:00+00:00
98,PAYMENT,2092.55,C200434640,9760.54,7667.99,M150503264,0.0,0.0,0,0,0.0,2092.55,16edc859-39a8-419f-a6dd-42612bd4cabf,C200434640,PAYMENT,USD,False,2026-10-05T02:00:00+00:00
58,CASH_OUT,49916.58,C435480597,121087.51,71170.93,C312758864,33543.51,83460.09,0,0,0.0,0.0,5a857d34-fee7-4a70-8545-cb2b87b9a56c,C435480597,CASH_OUT,USD,False,2026-10-03T10:00:00+00:00
36,CASH_OUT,131068.22,C360996106,315005.79,183937.57,C988058628,42020.01,173088.23,0,0,-0.0,0.0,4fbc7088-cb9d-4dab-97c8-fc9990045f25,C360996106,CASH_OUT,USD,False,2026-10-02T12:00:00+00:00
9,CASH_OUT,135665.06,C307892029,308601.04,172935.98,C235271742,12814.31,148479.37,0,0,-0.0,0.0,1735d4d8-5f6d-4d4a-be82-b318fea76af5,C307892029,CASH_OUT,USD,False,2026-10-01T09:00:00+00:00
75,PAYMENT,357.65,C378625365,1790.59,1432.94,M949396015,0.0,0.0,0,0,0.0,357.65,2b09e251-9736-468f-a560-eea02457e8a5,C378625365,PAYMENT,USD,False,2026-10-04T03:00:00+00:00
62,PAYMENT,76.09,C507884854,310.55,234.46,M169527574,0.0,0.0,0,0,0.0,76.09,bbaf9778-f1cc-4bf3-8ef8-87629f2983da,C507884854,PAYMENT,USD,False,2026-10-03T14:00:00+00:00
1,PAYMENT,1925.49,C199154991,14773.21,12847.72,M908493840,0.0,0.0,0,0,0.0,1925.49,bb9b68e4-f7d2-4467-8201-6493c4ccb0c8,C199154991,PAYMENT,USD,False,2026-10-01T01:00:00+00:00
38,CASH_OUT,75768.73,C626402312,127839.37,52070.64,C682438493,42983.62,118752.35,0,0,0.0,0.0,ea0bcb42-824c-432b-a3fe-5bf647b35f63,C626402312,CASH_OUT,USD,False,2026-10-02T14:00:00+00:00
8,TRANSFER,83355.89,C828823641,143803.95,60448.06,C601180788,75537.82,158893.71,0,0,0.0,0.0,687d947d-8666-495d-9381-464c97d70471,C828823641,TRANSFER,USD,False,2026-10-01T08:00:00+00:00
2,PAYMENT,2231.11,C471522500,14554.22,12323.11,M789626099,0.0,0.0,0,0,-0.0,2231.11,1e20a616-72a6-4f92-8ea7-1f11ebbcc96a,C471522500,PAYMENT,USD,False,2026-10-01T02:00:00+00:00
82,CASH_IN,29615.19,C180348617,8699.66,38314.85,C166875719,96457.61,66842.42,0,0,-59230.38,59230.38,3fd8f82e-306e-4125-83e3-20d84ca4eacd,C180348617,CASH_IN,USD,False,2026-10-04T10:00:00+00:00
84,PAYMENT,2984.34,C579681660,10746.23,7761.89,M923622160,0.0,0.0,0,0,-0.0,2984.34,7bd16f72-1a01-4455-8b4b-266fdc593244,C579681660,PAYMENT,USD,False,2026-10-04T12:00:00+00:00
95,CASH_IN,10299.46,C211614410,8396.32,18695.78,C355730504,96157.32,85857.86,0,0,-20598.92,20598.92,c37868a4-d2f4-4780-94fa-aeed9cb9d8e6,C211614410,CASH_IN,USD,False,2026-10-04T23:00:00+00:00
24,CASH_OUT,99154.85,C328656334,246341.9,147187.05,C984664477,23364.77,122519.62,0,0,0.0,0.0,eb8dff01-31c3-4874-9519-8cbdd1ca9132,C328656334,CASH_OUT,USD,False,2026-10-02T00:00:00+00:00
50,CASH_IN,46122.67,C551031860,12238.07,58360.74,C166493225,12332.9,0.0,0,0,-92245.34,58455.57,8029009b-54c9-446e-879f-0b23cafcc619,C551031860,CASH_IN,USD,False,2026-10-03T02:00:00+00:00
61,PAYMENT,3515.71,C110147040,19331.92,15816.21,M188783547,0.0,0.0,0,0,0.0,3515.71,95b1af99-8999-4c80-a591-06fda41a87d4,C110147040,PAYMENT,USD,False,2026-10-03T13:00:00+00:00
38,CASH_IN,40221.42,C463692735,19257.87,59479.29,C602866993,14934.94,0.0,0,0,-80442.84,55156.36,a7e7e13a-eb23-4097-8041-64fba59d5941,C463692735,CASH_IN,USD,False,2026-10-02T14:00:00+00:00
15,CASH_OUT,31609.72,C799921828,84080.0,52470.28,C218943027,688.0,32297.72,0,0,0.0,0.0,850d56d8-7306-4380-93f5-066f344ff0e1,C799921828,CASH_OUT,USD,False,2026-10-01T15:00:00+00:00
2,CASH_OUT,49078.65,C605777985,100710.26,51631.61,C267014814,17895.79,66974.44,0,0,-0.0,0.0,2fcfed23-1ccb-4b17-85ee-299123e6565c,C605777985,CASH_OUT,USD,False,2026-10-01T02:00:00+00:00
98,PAYMENT,2649.65,C247848992,10146.75,7497.1,M527385805,0.0,0.0,0,0,0.0,2649.65,9d68972f-617f-47b3-886b-bc4d77578819,C247848992,PAYMENT,USD,False,2026-10-05T02:00:00+00:00
74,CASH_IN,42042.95,C244879413,19800.65,61843.6,C461459462,55968.63,13925.68,0,0,-84085.9,84085.9,e76fcf7c-f99f-4fee-ae79-71cdab958717,C244879413,CASH_IN,USD,False,2026-10-04T02:00:00+00:00
89,CASH_OUT,118629.07,C139476288,285097.52,166468.45,C486041850,40614.85,159243.92,0,0,0.0,0.0,2d6b87d5-ff04-4b18-9691-2980f02e0454,C139476288,CASH_OUT,USD,False,2026-10-04T17:00:00+00:00
72,CASH_OUT,204675.73,C613325161,204675.73,0.0,C237285099,4660.84,209336.57,1,0,0.0,0.0,ff8e615b-87c4-444e-ab91-95534f0613ec,C613325161,CASH_OUT,USD,False,2026-10-04T00:00:00+00:00
79,CASH_OUT,41007.32,C891306642,66118.14,25110.82,C960203946,7895.73,48903.05,0,0,0.0,0.0,3d449a43-ea64-4aa9-a50f-f5d3c98d8930,C891306642,CASH_OUT,USD,False,2026-10-04T07:00:00+00:00
82,PAYMENT,3816.6,C149601706,10312.15,6495.55,M730636355,0.0,0.0,0,0,-0.0,3816.6,408c01c2-9ebb-4f79-8873-70cf9a19387e,C149601706,PAYMENT,USD,False,2026-10-04T10:00:00+00:00
90,CASH_OUT,69797.63,C156999852,79094.37,9296.74,C108948759,33018.64,102816.27,0,0,-0.0,0.0,b5c260e9-dafb-427f-82ed-66f36de43428,C156999852,CASH_OUT,USD,False,2026-10-04T18:00:00+00:00
77,DEBIT,1481.12,C576447381,2276.58,795.46,C452928046,1655.94,3137.06,0,0,0.0,0.0,a2d2ed07-db22-45b1-bf57-27e441281529,C576447381,DEBIT,USD,False,2026-10-04T05:00:00+00:00
47,PAYMENT,999.62,C131874640,2566.34,1566.72,M405051006,0.0,0.0,0,0,0.0,999.62,b92ad54b-2d4e-43a9-bb37-cf4f34c37f93,C131874640,PAYMENT,USD,False,2026-10-02T23:00:00+00:00
52,CASH_IN,18574.96,C849438713,17563.14,36138.1,C409821320,77968.01,59393.05,0,0,-37149.92,37149.92,5badf0e3-55a7-463d-ad9f-d6e62eb8f5f8,C849438713,CASH_IN,USD,False,2026-10-03T04:00:00+00:00
57,PAYMENT,3033.38,C379418400,24827.36,21793.98,M887497711,0.0,0.0,0,0,0.0,3033.38,0ca7243e-2a0c-4104-bda1-1486f9c1922e,C379418400,PAYMENT,USD,False,2026-10-03T09:00:00+00:00
18,CASH_OUT,73230.38,C312717408,156907.91,83677.53,C800346424,28058.38,101288.76,0,0,0.0,0.0,5a046456-8ff1-4b5e-a0b0-20edd870fdda,C312717408,CASH_OUT,USD,False,2026-10-01T18:00:00+00:00
47,PAYMENT,838.57,C708689346,2763.96,1925.39,M268910304,0.0,0.0,0,0,-0.0,838.57,7612080d-a9ff-4a56-ab14-b81970aeaa39,C708689346,PAYMENT,USD,False,2026-10-02T23:00:00+00:00
17,PAYMENT,984.79,C719338877,1323.18,338.39,M905053486,0.0,0.0,0,0,0.0,984.79,e0959c19-fcce-4150-915e-467a1eab024a,C719338877,PAYMENT,USD,False,2026-10-01T17:00:00+00:00
53,CASH_OUT,133998.43,C161186030,153753.51,19755.08,C425842831,12682.46,146680.89,0,0,0.0,-0.0,aa6bb5b2-2f2a-4a3b-81fb-4a8ceffe7198,C161186030,CASH_OUT,USD,False,2026-10-03T05:00:00+00:00
85,CASH_IN,32694.03,C242796714,2372.66,35066.69,C473415078,99291.83,66597.8,0,0,-65388.06,65388.06,85caae84-3738-458e-8d51-3c538af16a86,C242796714,CASH_IN,USD,False,2026-10-04T13:00:00+00:00
91,PAYMENT,3835.38,C478709419,6026.08,2190.7,M693665621,0.0,0.0,0,0,0.0,3835.38,564e6fd5-1ef1-41c3-b969-fec48097d12b,C478709419,PAYMENT,USD,False,2026-10-04T19:00:00+00:00
79,CASH_OUT,99945.33,C432097676,247995.98,148050.65,C806578337,5972.15,105917.48,0,0,0.0,0.0,d808b55c-c632-4db9-89f2-fb698aee95b8,C432097676,CASH_OUT,USD,False,2026-10-04T07:00:00+00:00
28,PAYMENT,3076.54,C962594605,7640.17,4563.63,M253902993,0.0,0.0,0,0,0.0,3076.54,252c55f6-a5fe-4a09-8502-f24caf137e00,C962594605,PAYMENT,USD,False,2026-10-02T04:00:00+00:00
7,CASH_IN,7482.53,C744133120,10268.88,17751.41,C992341745,50582.82,43100.29,0,0,-14965.06,14965.06,841f243c-2e3d-487f-9d73-cd8d5b4128b1,C744133120,CASH_IN,USD,False,2026-10-01T07:00:00+00:00
20,CASH_OUT,31695.67,C591882626,49617.53,17921.86,C550944683,23305.5,55001.17,0,0,0.0,0.0,ce0e4550-ed03-4124-9a32-0ce84d547cdd,C591882626,CASH_OUT,USD,False,2026-10-01T20:00:00+00:00
95,CASH_OUT,90485.59,C832703812,102313.98,11828.39,C288472661,6412.32,96897.91,0,0,0.0,0.0,26d388aa-8e44-411a-9f26-b38681722342,C832703812,CASH_OUT,USD,False,2026-10-04T23:00:00+00:00
68,CASH_OUT,115828.33,C124150584,141070.84,25242.51,C884669128,12072.17,127900.5,0,0,-0.0,0.0,12490fa0-b144-4d2f-8c78-e9681152cbce,C124150584,CASH_OUT,USD,False,2026-10-03T20:00:00+00:00
29,CASH_OUT,12804.42,C623141589,12857.22,52.8,C166350990,32306.38,45110.8,0,0,-0.0,0.0,7ac3f726-c5dd-4046-adae-73965021a0a1,C623141589,CASH_OUT,USD,False,2026-10-02T05:00:00+00:00
5,CASH_IN,19282.25,C958747991,15883.9,35166.15,C151559392,97973.53,78691.28,0,0,-38564.5,38564.5,b64b63c6-23ec-446a-99cd-ac90e453a0f7,C958747991,CASH_IN,USD,False,2026-10-01T05:00:00+00:00
25,CASH_OUT,41870.74,C219695502,95943.07,54072.33,C166513370,2332.07,44202.81,0,0,0.0,0.0,10ef35ec-9403-43c4-bfbc-0de9ca91e8cf,C219695502,CASH_OUT,USD,False,2026-10-02T01:00:00+00:00
22,PAYMENT,208.48,C172193741,910.67,702.19,M969287959,0.0,0.0,0,0,-0.0,208.48,bf899500-6277-4744-9e9e-e647781ca59f,C172193741,PAYMENT,USD,False,2026-10-01T22:00:00+00:00
28,CASH_OUT,106608.05,C840604276,230435.86,123827.81,C796074881,29262.37,135870.42,0,0,-0.0,0.0,25c4d13f-60c6-4a7d-a393-3dbd2a36f8b4,C840604276,CASH_OUT,USD,False,2026-10-02T04:00:00+00:00
62,PAYMENT,2934.85,C128321175,29267.49,26332.64,M912308435,0.0,0.0,0,0,0.0,2934.85,9353ce4e-0ccb-4e8a-b560-843b469ae69f,C128321175,PAYMENT,USD,False,2026-10-03T14:00:00+00:00
64,PAYMENT,3476.21,C177531324,11042.18,7565.97,M429161924,0.0,0.0,0,0,0.0,3476.21,567c45fb-a7d6-42b0-bcdb-8a6a4ba9ab1f,C177531324,PAYMENT,USD,False,2026-10-03T16:00:00+00:00
39,CASH_OUT,22342.42,C168814281,32327.07,9984.65,C755990131,2730.38,25072.8,0,0,0.0,0.0,5af5cb7d-8b34-4151-bc19-54a7faa65a69,C168814281,CASH_OUT,USD,False,2026-10-02T15:00:00+00:00
72,CASH_IN,18795.45,C352027142,2633.95,21429.4,C677235776,61105.05,42309.6,0,0,-37590.9,37590.9,165aa0b7-7408-49cd-9910-143ae5ec6a9d,C352027142,CASH_IN,USD,False,2026-10-04T00:00:00+00:00
40,PAYMENT,1438.95,C857969344,3257.54,1818.59,M399534668,0.0,0.0,0,0,0.0,1438.95,5948c800-7d69-4259-a282-8ea803b67b40,C857969344,PAYMENT,USD,False,2026-10-02T16:00:00+00:00
39,CASH_OUT,16152.12,C167609777,21099.74,4947.62,C841820249,26535.78,42687.9,0,0,0.0,0.0,44a5dcbc-e529-4499-a3f8-d6340b89631d,C167609777,CASH_OUT,USD,False,2026-10-02T15:00:00+00:00
24,CASH_OUT,4134.72,C690664472,7952.08,3817.36,C880839406,35418.35,39553.07,0,0,-0.0,0.0,c1a5b8bb-f819-4f65-9da5-75f505df663f,C690664472,CASH_OUT,USD,False,2026-10-02T00:00:00+00:00
65,PAYMENT,2259.2,C357850925,9125.48,6866.28,M459908886,0.0,0.0,0,0,0.0,2259.2,38aafb7e-3a02-4b6d-92e1-cf5d6ffafc21,C357850925,PAYMENT,USD,False,2026-10-03T17:00:00+00:00
53,CASH_IN,3095.9,C614355545,7660.31,10756.21,C400407178,42504.25,39408.35,0,0,-6191.8,6191.8,945d70a4-dd09-4420-acf3-1c2aaea745a8,C614355545,CASH_IN,USD,False,2026-10-03T05:00:00+00:00
83,CASH_IN,14470.02,C954989911,13993.08,28463.1,C467414224,50872.76,36402.74,0,0,-28940.04,28940.04,32762736-f56d-435e-a63b-d74f6f07544b,C954989911,CASH_IN,USD,False,2026-10-04T11:00:00+00:00
97,CASH_OUT,76911.72,C966804968,138819.41,61907.69,C971673736,8376.15,85287.87,0,0,0.0,0.0,7951a1e7-df3b-437d-8ef0-e3eac172f79a,C966804968,CASH_OUT,USD,False,2026-10-05T01:00:00+00:00
66,PAYMENT,943.83,C529716747,4537.79,3593.96,M398326747,0.0,0.0,0,0,0.0,943.83,520069dd-1bbd-44dd-8d51-6d1771d75e4f,C529716747,PAYMENT,USD,False,2026-10-03T18:00:00+00:00
35,PAYMENT,4629.11,C202961772,22263.13,17634.02,M837364568,0.0,0.0,0,0,0.0,4629.11,ba017a9e-bf76-42d4-8324-202dc37f1a6e,C202961772,PAYMENT,USD,False,2026-10-02T11:00:00+00:00
28,CASH_IN,35802.61,C648463178,10163.65,45966.26,C896763052,58567.16,22764.55,0,0,-71605.22,71605.22,b7ffb287-1275-4d95-bca3-e70a4dff8b8e,C648463178,CASH_IN,USD,False,2026-10-02T04:00:00+00:00
24,PAYMENT,4391.42,C975290209,12140.78,7749.36,M433935946,0.0,0.0,0,0,0.0,4391.42,618719d2-7587-4f6c-840f-8f289526c025,C975290209,PAYMENT,USD,False,2026-10-02T00:00:00+00:00
16,CASH_OUT,141881.39,C639648583,420166.42,278285.03,C128964044,44195.17,186076.56,0,0,-0.0,0.0,88c696bf-b300-4e26-b27d-2c19b3ff8b32,C639648583,CASH_OUT,USD,False,2026-10-01T16:00:00+00:00
76,PAYMENT,3976.54,C172811767,19971.7,15995.16,M154307238,0.0,0.0,0,0,0.0,3976.54,ce268137-cc29-4093-b670-7661d7da3df1,C172811767,PAYMENT,USD,False,2026-10-04T04:00:00+00:00
48,CASH_IN,41010.72,C657232542,6349.42,47360.14,C744186766,17870.66,0.0,0,0,-82021.44,58881.38,d0f34812-9756-465e-b43c-8ebb76a19d3d,C657232542,CASH_IN,USD,False,2026-10-03T00:00:00+00:00
14,CASH_OUT,10554.0,C392411104,25341.5,14787.5,C744458646,9212.81,19766.81,0,0,0.0,-0.0,cff8acee-b7f2-483c-bb11-b5e8666e6630,C392411104,CASH_OUT,USD,False,2026-10-01T14:00:00+00:00
60,PAYMENT,533.39,C546141624,3185.79,2652.4,M129517566,0.0,0.0,0,0,0.0,533.39,e7c8749e-7c85-408d-8edf-efb79319cf35,C546141624,PAYMENT,USD,False,2026-10-03T12:00:00+00:00
80,CASH_OUT,8025.87,C913483088,16400.93,8375.06,C712295241,37527.93,45553.8,0,0,0.0,0.0,f9784a92-abe6-4f97-9066-ae9472a2945c,C913483088,CASH_OUT,USD,False,2026-10-04T08:00:00+00:00
37,CASH_IN,23201.95,C674195660,14384.4,37586.35,C714827309,77132.22,53930.27,0,0,-46403.9,46403.9,62110c8c-a558-4e98-acf6-91e1b901a5c9,C674195660,CASH_IN,USD,False,2026-10-02T13:00:00+00:00
72,CASH_IN,1390.66,C341076755,3080.48,4471.14,C102627099,30716.77,29326.11,0,0,-2781.32,2781.32,4d6b8beb-4ab4-4a6e-a05f-2e3d42506aba,C341076755,CASH_IN,USD,False,2026-10-04T00:00:00+00:00
17,PAYMENT,468.75,C254860087,533.71,64.96,M526609886,0.0,0.0,0,0,0.0,468.75,fe14f80b-86a7-4eca-b35a-6277ea2f3ed2,C254860087,PAYMENT,USD,False,2026-10-01T17:00:00+00:00
41,CASH_OUT,20423.3,C214001826,45849.77,25426.47,C466573742,24013.61,44436.91,0,0,-0.0,0.0,01f03b49-e57f-4bad-92eb-fb7ba857697f,C214001826,CASH_OUT,USD,False,2026-10-02T17:00:00+00:00
74,CASH_OUT,146454.78,C626244990,372769.59,226314.81,C445649694,24135.32,170590.1,0,0,0.0,0.0,207b801f-de36-433c-88ee-a6a66772de2e,C626244990,CASH_OUT,USD,False,2026-10-04T02:00:00+00:00
49,TRANSFER,163650.86,C255984764,163650.86,0.0,C461661757,3889.95,167540.81,1,0,0.0,0.0,ee533ad2-32ed-47b9-961a-2e42a4f19b51,C255984764,TRANSFER,USD,False,2026-10-03T01:00:00+00:00
93,TRANSFER,63019.96,C577420812,218430.83,155410.87,C357215696,32199.8,95219.76,0,0,0.0,0.0,cf49ea87-3b35-43db-948a-a04e8b485f33,C577420812,TRANSFER,USD,False,2026-10-04T21:00:00+00:00
93,CASH_OUT,42684.58,C319483775,125463.36,82778.78,C322787654,18396.87,61081.45,0,0,0.0,0.0,5bb9da68-acd1-411e-9a58-503ed5585293,C319483775,CASH_OUT,USD,False,2026-10-04T21:00:00+00:00
84,TRANSFER,247594.11,C614197901,530130.39,282536.28,C892721423,1010.43,248604.54,0,0,0.0,-0.0,4020cb9e-1e0c-4a53-acd0-e480dbd4e835,C614197901,TRANSFER,USD,False,2026-10-04T12:00:00+00:00
53,PAYMENT,2122.12,C741840461,5719.48,3597.36,M807715191,0.0,0.0,0,0,-0.0,2122.12,352edc59-f5cd-469e-a0ff-d4a25b5c53ba,C741840461,PAYMENT,USD,False,2026-10-03T05:00:00+00:00
38,CASH_OUT,51812.59,C610235075,125945.55,74132.96,C669723467,44728.84,96541.43,0,0,0.0,0.0,194e73ee-79b3-46f2-9c27-d899110fa4e0,C610235075,CASH_OUT,USD,False,2026-10-02T14:00:00+00:00
84,CASH_OUT,51533.0,C105031540,81935.95,30402.95,C367763303,26062.0,77595.0,0,0,-0.0,0.0,1e8857a4-84b9-436c-ad80-9e8ccbc2c2f2,C105031540,CASH_OUT,USD,False,2026-10-04T12:00:00+00:00
41,PAYMENT,3687.5,C727415497,28524.17,24836.67,M965265838,0.0,0.0,0,0,0.0,3687.5,47522e27-9327-4a95-a9b9-06c4ed061f97,C727415497,PAYMENT,USD,False,2026-10-02T17:00:00+00:00
2,DEBIT,272.65,C439809925,731.64,458.99,C710293796,2777.15,3049.8,0,0,0.0,0.0,8a21f309-688e-48ca-9dde-f652b88cb9ee,C439809925,DEBIT,USD,False,2026-10-01T02:00:00+00:00
26,PAYMENT,871.68,C882685286,7823.23,6951.55,M765053697,0.0,0.0,0,0,-0.0,871.68,c45cc42c-703b-4742-aa40-7ebefcdd895a,C882685286,PAYMENT,USD,False,2026-10-02T02:00:00+00:00
32,PAYMENT,644.1,C109957827,1456.94,812.84,M267244216,0.0,0.0,0,0,0.0,644.1,8512393e-5cce-4850-8752-0785613f20d8,C109957827,PAYMENT,USD,False,2026-10-02T08:00:00+00:00
61,CASH_OUT,140235.15,C680447823,265000.94,124765.79,C688996003,48477.11,188712.26,0,0,0.0,0.0,aa2c99b2-1cd0-4b0b-8b66-b8773b13fc05,C680447823,CASH_OUT,USD,False,2026-10-03T13:00:00+00:00
32,PAYMENT,4005.89,C928727323,18425.03,14419.14,M741899836,0.0,0.0,0,0,0.0,4005.89,2d720a15-7da8-49bd-a7a0-cf419048dcf3,C928727323,PAYMENT,USD,False,2026-10-02T08:00:00+00:00
9,PAYMENT,3773.98,C111029898,7978.73,4204.75,M940064269,0.0,0.0,0,0,0.0,3773.98,5660d5eb-fb62-40fc-aa17-c93a7c757f55,C111029898,PAYMENT,USD,False,2026-10-01T09:00:00+00:00
37,CASH_OUT,18386.44,C830831002,40094.89,21708.45,C501105178,47560.99,65947.43,0,0,0.0,0.0,48843b2c-a80d-4bfe-9130-84d9aa8b268b,C830831002,CASH_OUT,USD,False,2026-10-02T13:00:00+00:00
82,PAYMENT,3419.21,C242912785,21146.03,17726.82,M893882317,0.0,0.0,0,0,0.0,3419.21,d469ccb3-4d1b-427d-9e93-3d06462ffacd,C242912785,PAYMENT,USD,False,2026-10-04T10:00:00+00:00
39,CASH_IN,41606.16,C544052965,2150.05,43756.21,C212942798,48927.56,7321.4,0,0,-83212.32,83212.32,b6767363-3fb4-4451-a622-fa0caa412f6f,C544052965,CASH_IN,USD,False,2026-10-02T15:00:00+00:00
56,DEBIT,1844.72,C873032900,3845.19,2000.47,C826583015,1679.69,3524.41,0,0,0.0,0.0,c97a2069-3653-4ae4-b486-69fa04ba944f,C873032900,DEBIT,USD,False,2026-10-03T08:00:00+00:00
96,TRANSFER,23380.12,C299259436,23649.54,269.42,C198339644,63327.42,86707.54,0,0,0.0,0.0,a9b8e481-0115-482f-bd01-2b28069ee60a,C299259436,TRANSFER,USD,False,2026-10-05T00:00:00+00:00
31,CASH_OUT,57883.28,C270135811,127492.57,69609.29,C471328950,25856.57,83739.85,0,0,0.0,0.0,e11dc1ee-d65f-46b2-979a-22ddcc5307c6,C270135811,CASH_OUT,USD,False,2026-10-02T07:00:00+00:00
94,CASH_OUT,113177.16,C917567004,164428.62,51251.46,C309044028,13608.77,126785.93,0,0,-0.0,0.0,7a223369-d3f7-47fe-9012-1af13b19c4f0,C917567004,CASH_OUT,USD,False,2026-10-04T22:00:00+00:00
51,CASH_IN,20105.95,C314180354,6345.7,26451.65,C169225783,99647.38,79541.43,0,0,-40211.9,40211.9,3ea3f3d3-1df0-4b8f-bffc-58469fd76b0a,C314180354,CASH_IN,USD,False,2026-10-03T03:00:00+00:00
64,CASH_OUT,11179.62,C140477098,31497.68,20318.06,C369557950,4557.04,15736.66,0,0,-0.0,0.0,1de52e7e-df9b-4c34-ad84-3fe0987c797c,C140477098,CASH_OUT,USD,False,2026-10-03T16:00:00+00:00
33,CASH_IN,46054.35,C723756766,2838.34,48892.69,C806704422,85142.22,39087.87,0,0,-92108.7,92108.7,a3df498a-80ed-4eed-8c12-abcfc6496c3a,C723756766,CASH_IN,USD,False,2026-10-02T09:00:00+00:00
15,PAYMENT,2235.33,C760348367,17532.06,15296.73,M986247548,0.0,0.0,0,0,0.0,2235.33,f9982284-dd8d-4e48-9d1e-368c1d78cac9,C760348367,PAYMENT,USD,False,2026-10-01T15:00:00+00:00
16,TRANSFER,235673.39,C817548742,751360.08,515686.69,C692834585,24203.68,259877.07,0,0,-0.0,0.0,751c8879-6300-4fb6-bdbd-9bf17d17285a,C817548742,TRANSFER,USD,False,2026-10-01T16:00:00+00:00
16,PAYMENT,1786.1,C213693493,2027.14,241.04,M286424733,0.0,0.0,0,0,0.0,1786.1,16290e03-6b0f-4b04-af26-3146beffcc1e,C213693493,PAYMENT,USD,False,2026-10-01T16:00:00+00:00
65,CASH_OUT,131132.61,C374294621,232366.09,101233.48,C889566539,31104.95,162237.56,0,0,0.0,0.0,a5577070-b216-4d07-bdef-dcd773d1aaea,C374294621,CASH_OUT,USD,False,2026-10-03T17:00:00+00:00
59,CASH_IN,44801.63,C676564508,15679.78,60481.41,C596573456,41981.35,0.0,0,0,-89603.26,86782.98,79cd4e53-aa33-4236-a60a-13ab50906382,C676564508,CASH_IN,USD,False,2026-10-03T11:00:00+00:00
45,CASH_OUT,94017.95,C893372662,122893.47,28875.52,C833151318,25065.58,119083.53,0,0,0.0,0.0,b7445b35-5230-4f50-a666-ed0de7b7d1b3,C893372662,CASH_OUT,USD,False,2026-10-02T21:00:00+00:00
17,PAYMENT,4894.35,C850490102,31928.13,27033.78,M388476710,0.0,0.0,0,0,0.0,4894.35,4c58fa8a-9d24-41cb-bed9-3642bac7c663,C850490102,PAYMENT,USD,False,2026-10-01T17:00:00+00:00
15,DEBIT,1103.91,C808165999,2834.39,1730.48,C132301980,4102.87,5206.78,0,0,-0.0,0.0,7a39bf9e-b353-4baa-8fd0-3d77ce6d985f,C808165999,DEBIT,USD,False,2026-10-01T15:00:00+00:00
84,CASH_OUT,129708.03,C121531054,306681.6,176973.57,C924174943,23704.86,153412.89,0,0,-0.0,0.0,fd8b5ef1-dd82-443a-b7fc-207dcaae3a58,C121531054,CASH_OUT,USD,False,2026-10-04T12:00:00+00:00
66,PAYMENT,344.63,C916600009,3414.87,3070.24,M651242503,0.0,0.0,0,0,0.0,344.63,a8c224ee-1dd3-4463-8c60-60a5edba25bc,C916600009,PAYMENT,USD,False,2026-10-03T18:00:00+00:00
2,PAYMENT,4302.49,C294260450,23647.92,19345.43,M321569527,0.0,0.0,0,0,0.0,4302.49,072b0300-61b4-4438-b916-5b5edbb5cbd4,C294260450,PAYMENT,USD,False,2026-10-01T02:00:00+00:00
83,CASH_IN,12494.93,C664588547,10873.13,23368.06,C961321417,2933.47,0.0,0,0,-24989.86,15428.4,ed8d379f-3f98-4204-9bcb-eb33cb93af05,C664588547,CASH_IN,USD,False,2026-10-04T11:00:00+00:00
22,PAYMENT,1696.47,C313767380,14583.31,12886.84,M738834325,0.0,0.0,0,0,0.0,1696.47,e0a61ca3-a2d4-424b-93f3-eb44cd075acc,C313767380,PAYMENT,USD,False,2026-10-01T22:00:00+00:00
26,PAYMENT,509.01,C628480415,4829.23,4320.22,M546659806,0.0,0.0,0,0,-0.0,509.01,c45bda20-27eb-4873-8c2c-5e01719050c9,C628480415,PAYMENT,USD,False,2026-10-02T02:00:00+00:00
23,CASH_IN,32487.88,C131662023,14573.34,47061.22,C631475412,33847.22,1359.34,0,0,-64975.76,64975.76,d4bf19d7-b0b8-479e-be3e-0b9167ce5ce3,C131662023,CASH_IN,USD,False,2026-10-01T23:00:00+00:00
89,PAYMENT,2371.28,C270798896,6028.69,3657.41,M108184913,0.0,0.0,0,0,-0.0,2371.28,a5a9f077-ad61-40eb-bd89-7193ded007d2,C270798896,PAYMENT,USD,False,2026-10-04T17:00:00+00:00
99,CASH_OUT,9019.0,C560890752,16783.4,7764.4,C991683719,20989.07,30008.07,0,0,0.0,0.0,d3f4ee5a-5633-430d-b35e-b107f1f2cc82,C560890752,CASH_OUT,USD,False,2026-10-05T03:00:00+00:00
38,PAYMENT,252.13,C660661324,426.94,174.81,M848965482,0.0,0.0,0,0,0.0,252.13,bf894c93-a42a-4d42-92b7-386e2853eb15,C660661324,PAYMENT,USD,False,2026-10-02T14:00:00+00:00
85,CASH_OUT,127457.94,C202089278,368025.66,240567.72,C685992093,39959.29,167417.23,0,0,-0.0,0.0,ff6016e6-6dc8-4e6b-a465-746df3d3a497,C202089278,CASH_OUT,USD,False,2026-10-04T13:00:00+00:00
95,CASH_IN,11019.32,C717316531,15260.31,26279.63,C498074249,54335.59,43316.27,0,0,-22038.64,22038.64,72e2c5c6-fa33-4abd-9e7e-99d099b146aa,C717316531,CASH_IN,USD,False,2026-10-04T23:00:00+00:00
86,PAYMENT,3394.2,C788822198,18340.79,14946.59,M278625156,0.0,0.0,0,0,0.0,3394.2,2ee49107-55c1-4ef8-b27e-df468d14cc17,C788822198,PAYMENT,USD,False,2026-10-04T14:00:00+00:00
54,CASH_OUT,36893.15,C814033220,92491.66,55598.51,C908749062,21086.11,57979.26,0,0,0.0,0.0,87a4a0c6-dd3c-4dc5-bb4b-4ba490714643,C814033220,CASH_OUT,USD,False,2026-10-03T06:00:00+00:00
91,PAYMENT,1980.3,C792181541,15899.37,13919.07,M577706000,0.0,0.0,0,0,0.0,1980.3,c6f0d1de-a976-4525-9596-f793de245e8d,C792181541,PAYMENT,USD,False,2026-10-04T19:00:00+00:00
28,CASH_OUT,20946.42,C609889300,37058.2,16111.78,C696379379,46224.1,67170.52,0,0,-0.0,-0.0,25290367-d2e4-4777-9bf6-3f32c00a2a64,C609889300,CASH_OUT,USD,False,2026-10-02T04:00:00+00:00
69,CASH_OUT,120250.44,C455551454,192560.09,72309.65,C233543031,1664.63,121915.07,0,0,0.0,0.0,9e6119a3-9a58-4578-80c0-73d2bfe51328,C455551454,CASH_OUT,USD,False,2026-10-03T21:00:00+00:00
93,CASH_OUT,113109.61,C893410057,147576.46,34466.85,C688070959,5523.14,118632.75,0,0,-0.0,0.0,e887210e-0e49-4b25-a43f-8cc2a5d8d531,C893410057,CASH_OUT,USD,False,2026-10-04T21:00:00+00:00
46,CASH_IN,20785.64,C440246860,19703.04,40488.68,C325837388,80179.33,59393.69,0,0,-41571.28,41571.28,ef1abde1-e254-48d3-a7fc-87c39538ee68,C440246860,CASH_IN,USD,False,2026-10-02T22:00:00+00:00
55,TRANSFER,24432.52,C836828463,72969.17,48536.65,C627631129,20860.76,45293.28,0,0,-0.0,0.0,d17b7d2b-c39e-4c9e-98fd-1edb638ff616,C836828463,TRANSFER,USD,False,2026-10-03T07:00:00+00:00
13,PAYMENT,1196.88,C920371691,8442.17,7245.29,M722901319,0.0,0.0,0,0,0.0,1196.88,a21b05b1-e496-45c2-ba73-63a5b4f04b8d,C920371691,PAYMENT,USD,False,2026-10-01T13:00:00+00:00
7,CASH_IN,6911.39,C261897130,6853.4,13764.79,C315066828,98731.97,91820.58,0,0,-13822.78,13822.78,5848a759-1796-4781-abcd-661fe6fe165e,C261897130,CASH_IN,USD,False,2026-10-01T07:00:00+00:00
8,PAYMENT,4926.62,C102314313,46008.04,41081.42,M384759615,0.0,0.0,0,0,0.0,4926.62,5568c9d1-2789-48bc-9916-ce561f7f85a5,C102314313,PAYMENT,USD,False,2026-10-01T08:00:00+00:00
90,PAYMENT,445.37,C597148239,1176.89,731.52,M197239910,0.0,0.0,0,0,0.0,445.37,ac97b960-5c68-46da-afb4-8448df3cff7d,C597148239,PAYMENT,USD,False,2026-10-04T18:00:00+00:00
52,CASH_OUT,123427.49,C886855574,236458.84,113031.35,C154907528,14018.2,137445.69,0,0,-0.0,0.0,0b661cc8-5acb-4caa-9d61-f19cabb22377,C886855574,CASH_OUT,USD,False,2026-10-03T04:00:00+00:00
62,CASH_OUT,55817.12,C731358204,63136.59,7319.47,C271855720,744.37,56561.49,0,0,-0.0,0.0,15902b81-bb08-47f6-b394-be54915580b4,C731358204,CASH_OUT,USD,False,2026-10-03T14:00:00+00:00
76,CASH_IN,3223.21,C329411667,161.54,3384.75,C838953065,2382.44,0.0,0,0,-6446.42,5605.65,30b576cc-7548-4fc5-bb58-eaa04cf3c343,C329411667,CASH_IN,USD,False,2026-10-04T04:00:00+00:00
74,CASH_IN,20411.26,C377721135,12604.35,33015.61,C584392493,43869.48,23458.22,0,0,-40822.52,40822.52,2c4f415e-72e8-452d-b074-fb9ef86495ab,C377721135,CASH_IN,USD,False,2026-10-04T02:00:00+00:00
53,CASH_OUT,129008.38,C575006056,360344.39,231336.01,C193080561,7000.66,136009.04,0,0,0.0,0.0,65c3d7da-dba5-4662-9cd5-7e081a6e553c,C575006056,CASH_OUT,USD,False,2026-10-03T05:00:00+00:00
12,CASH_IN,45373.4,C900622284,19672.18,65045.58,C315289344,13588.07,0.0,0,0,-90746.8,58961.47,1839aa22-acdf-4b0e-ac09-26849000ef8f,C900622284,CASH_IN,USD,False,2026-10-01T12:00:00+00:00
86,CASH_IN,28659.65,C867569137,14287.02,42946.67,C250293240,52447.0,23787.35,0,0,-57319.3,57319.3,5abc48d5-3f32-40ad-b90f-7084a2c8a60c,C867569137,CASH_IN,USD,False,2026-10-04T14:00:00+00:00
1,CASH_OUT,124585.73,C983000747,189971.94,65386.21,C755783483,20261.26,144846.99,0,0,0.0,0.0,51e6203f-feb8-411a-b803-3f648763e93f,C983000747,CASH_OUT,USD,False,2026-10-01T01:00:00+00:00
43,CASH_IN,33979.78,C542081450,2524.81,36504.59,C457831517,31123.65,0.0,0,0,-67959.56,65103.43,b7c2fb41-607b-4682-a0a1-c4d4be235eca,C542081450,CASH_IN,USD,False,2026-10-02T19:00:00+00:00
10,PAYMENT,235.16,C839842062,2293.28,2058.12,M564770044,0.0,0.0,0,0,0.0,235.16,3da9d303-86ae-469c-8af6-17b7779bd2cb,C839842062,PAYMENT,USD,False,2026-10-01T10:00:00+00:00
85,CASH_IN,14301.58,C327609166,18169.64,32471.22,C400818814,10975.41,0.0,0,0,-28603.16,25276.99,970661fe-f129-449d-b1fd-d68c7c77612d,C327609166,CASH_IN,USD,False,2026-10-04T13:00:00+00:00
38,CASH_OUT,6097.93,C562676904,15539.66,9441.73,C865322884,19381.71,25479.64,0,0,0.0,0.0,7d60f2ec-fe36-4889-a113-50e5caef9d94,C562676904,CASH_OUT,USD,False,2026-10-02T14:00:00+00:00
83,CASH_OUT,143443.22,C382232336,236502.4,93059.18,C699883347,30494.19,173937.41,0,0,0.0,0.0,26cc2b69-cc9b-4290-8b78-6ceb5a3bb099,C382232336,CASH_OUT,USD,False,2026-10-04T11:00:00+00:00
69,TRANSFER,131577.5,C249571689,149770.77,18193.27,C343052008,1620.46,133197.96,0,0,-0.0,0.0,810df435-fa39-495d-8f88-52aecc08fdce,C249571689,TRANSFER,USD,False,2026-10-03T21:00:00+00:00
46,PAYMENT,4457.41,C458349379,31092.37,26634.96,M931641272,0.0,0.0,0,0,0.0,4457.41,0063a8a0-c633-4f6b-acce-12d6caadb0d0,C458349379,PAYMENT,USD,False,2026-10-02T22:00:00+00:00
93,CASH_OUT,129628.22,C839286808,276193.06,146564.84,C496820123,23676.15,153304.37,0,0,0.0,0.0,879ceb00-feb7-4f17-a3e9-000ce2b6f38e,C839286808,CASH_OUT,USD,False,2026-10-04T21:00:00+00:00
2,PAYMENT,1823.06,C606553372,4759.37,2936.31,M261152186,0.0,0.0,0,0,0.0,1823.06,7afceb04-0a81-4248-ac5e-e8f5efec55fe,C606553372,PAYMENT,USD,False,2026-10-01T02:00:00+00:00
96,PAYMENT,1799.6,C115617382,1823.73,24.13,M453103733,0.0,0.0,0,0,0.0,1799.6,1b18d525-9120-44ca-a45d-b47e558cc21e,C115617382,PAYMENT,USD,False,2026-10-05T00:00:00+00:00
66,CASH_OUT,8754.74,C705495031,20534.55,11779.81,C596474925,15408.48,24163.22,0,0,0.0,0.0,0ba1ee32-b2eb-4991-9995-8862f964aa49,C705495031,CASH_OUT,USD,False,2026-10-03T18:00:00+00:00
58,PAYMENT,4405.18,C717315552,14863.73,10458.55,M540145946,0.0,0.0,0,0,0.0,4405.18,2c8975fe-597f-4895-b765-8f7963de3ecb,C717315552,PAYMENT,USD,False,2026-10-03T10:00:00+00:00
65,TRANSFER,89710.97,C865146816,204810.82,115099.85,C480312748,33640.45,123351.42,0,0,0.0,0.0,46f56e64-301f-4aef-9d79-70f6ddfaaac9,C865146816,TRANSFER,USD,False,2026-10-03T17:00:00+00:00
59,PAYMENT,1514.21,C601113183,12747.83,11233.62,M659030686,0.0,0.0,0,0,-0.0,1514.21,3fec9865-263d-4512-90be-5986fc6a42ed,C601113183,PAYMENT,USD,False,2026-10-03T11:00:00+00:00
74,CASH_IN,14895.46,C686332424,13157.99,28053.45,C693099275,10943.14,0.0,0,0,-29790.92,25838.6,7ba8b570-b8b4-4260-bc50-ddd110f052d0,C686332424,CASH_IN,USD,False,2026-10-04T02:00:00+00:00
46,PAYMENT,3566.91,C208588563,11359.53,7792.62,M621354015,0.0,0.0,0,0,0.0,3566.91,74e7950d-751a-46f3-b36d-86579bf8b629,C208588563,PAYMENT,USD,False,2026-10-02T22:00:00+00:00
67,CASH_OUT,98549.93,C152963104,197297.72,98747.79,C210571823,40696.12,139246.05,0,0,0.0,0.0,d5d2117a-db1a-4db6-986d-a6c8618b4146,C152963104,CASH_OUT,USD,False,2026-10-03T19:00:00+00:00
96,CASH_IN,12751.75,C214849044,3750.87,16502.62,C310369078,93091.41,80339.66,0,0,-25503.5,25503.5,aba45f93-bee6-49ec-8b4b-5ab50bdb2b89,C214849044,CASH_IN,USD,False,2026-10-05T00:00:00+00:00
79,CASH_IN,40122.11,C249548263,5900.31,46022.42,C839091049,69023.23,28901.12,0,0,-80244.22,80244.22,8d4706fb-3fa8-48e9-afb0-68ba9b79c0c6,C249548263,CASH_IN,USD,False,2026-10-04T07:00:00+00:00
44,CASH_OUT,1308.85,C394167073,2816.54,1507.69,C961899652,5152.51,6461.36,0,0,0.0,0.0,bb2ed8ba-d2b6-4dbb-af78-a172dfd4bd48,C394167073,CASH_OUT,USD,False,2026-10-02T20:00:00+00:00
93,PAYMENT,3755.63,C676567501,25420.57,21664.94,M925276600,0.0,0.0,0,0,0.0,3755.63,08cbfa61-06ba-4063-8f78-93a8e67a2f7f,C676567501,PAYMENT,USD,False,2026-10-04T21:00:00+00:00
76,PAYMENT,2349.82,C764231464,15359.79,13009.97,M661344438,0.0,0.0,0,0,0.0,2349.82,7609eade-5dcc-4b86-a55c-9c43004ac481,C764231464,PAYMENT,USD,False,2026-10-04T04:00:00+00:00
57,CASH_IN,5121.81,C224650196,2639.98,7761.79,C249470567,97900.9,92779.09,0,0,-10243.62,10243.62,cd55454c-4ab2-4e14-b47a-339cb403843b,C224650196,CASH_IN,USD,False,2026-10-03T09:00:00+00:00
56,CASH_OUT,139716.11,C387036404,416511.36,276795.25,C985509949,31649.6,171365.71,0,0,0.0,0.0,8ab459c2-7fad-4c00-b1f7-481ace3f1550,C387036404,CASH_OUT,USD,False,2026-10-03T08:00:00+00:00
80,CASH_IN,22564.97,C191125018,7962.88,30527.85,C930596908,21421.71,0.0,0,0,-45129.94,43986.68,b3ea4b12-1dcc-47c3-a82c-621bb1b4623e,C191125018,CASH_IN,USD,False,2026-10-04T08:00:00+00:00
72,PAYMENT,4414.11,C484836631,20656.07,16241.96,M889647519,0.0,0.0,0,0,0.0,4414.11,71024115-fce5-4919-aa67-3815a7b90137,C484836631,PAYMENT,USD,False,2026-10-04T00:00:00+00:00
84,CASH_IN,42682.68,C469423515,2270.44,44953.12,C163758329,88588.89,45906.21,0,0,-85365.36,85365.36,682d036c-8ddc-4407-b1e8-3668cab96aeb,C469423515,CASH_IN,USD,False,2026-10-04T12:00:00+00:00
12,PAYMENT,520.0,C149542207,3604.05,3084.05,M922679709,0.0,0.0,0,0,0.0,520.0,26235ad6-eaa2-4c9b-ac21-f3b534799e82,C149542207,PAYMENT,USD,False,2026-10-01T12:00:00+00:00
70,PAYMENT,3480.86,C913173027,32497.5,29016.64,M106825346,0.0,0.0,0,0,0.0,3480.86,6a2ce90b-fdc6-449d-9202-a1765638d448,C913173027,PAYMENT,USD,False,2026-10-03T22:00:00+00:00
31,PAYMENT,1380.92,C208482276,10074.65,8693.73,M765956951,0.0,0.0,0,0,0.0,1380.92,6485632b-d380-49fd-9381-eb432ca662bc,C208482276,PAYMENT,USD,False,2026-10-02T07:00:00+00:00
13,CASH_OUT,12555.42,C358247252,12867.37,311.95,C908612091,36589.31,49144.73,0,0,0.0,-0.0,5c79ac02-68c8-48c1-bd8b-bb840ecc9c92,C358247252,CASH_OUT,USD,False,2026-10-01T13:00:00+00:00
47,CASH_OUT,28946.58,C667504460,68134.29,39187.71,C867631312,17428.08,46374.66,0,0,-0.0,0.0,f06a76df-1ddd-4fe2-bcbe-383724ccc04e,C667504460,CASH_OUT,USD,False,2026-10-02T23:00:00+00:00
84,PAYMENT,1041.28,C908514919,9453.18,8411.9,M807147441,0.0,0.0,0,0,0.0,1041.28,4ff487d6-e8f3-49b1-a126-cf8e13691419,C908514919,PAYMENT,USD,False,2026-10-04T12:00:00+00:00
41,PAYMENT,2034.9,C823643269,15262.92,13228.02,M659088455,0.0,0.0,0,0,0.0,2034.9,5f8f81c8-a7ae-4268-a178-87f2e0333b4f,C823643269,PAYMENT,USD,False,2026-10-02T17:00:00+00:00
6,PAYMENT,1332.44,C766547575,9692.35,8359.91,M260724648,0.0,0.0,0,0,0.0,1332.44,35d4164c-034d-4074-9eb2-7b5edcec0991,C766547575,PAYMENT,USD,False,2026-10-01T06:00:00+00:00
77,PAYMENT,842.5,C791327685,3748.89,2906.39,M161902389,0.0,0.0,0,0,0.0,842.5,01381af0-f585-4068-aa0d-93f9fe178e2b,C791327685,PAYMENT,USD,False,2026-10-04T05:00:00+00:00
48,CASH_OUT,46434.74,C743925238,88179.3,41744.56,C880711349,49875.05,96309.79,0,0,0.0,0.0,bea5d70f-08bc-4792-bdf0-3d183692db17,C743925238,CASH_OUT,USD,False,2026-10-03T00:00:00+00:00
58,DEBIT,1517.21,C200862648,7148.61,5631.4,C995735458,3587.89,5105.1,0,0,0.0,0.0,f5d1051f-3272-400c-9762-319154c63d00,C200862648,DEBIT,USD,False,2026-10-03T10:00:00+00:00
5,CASH_OUT,68589.37,C584912105,189002.12,120412.75,C145543743,12286.08,80875.45,0,0,0.0,0.0,2526e9ae-53cb-4bd6-866b-465965020acb,C584912105,CASH_OUT,USD,False,2026-10-01T05:00:00+00:00
68,CASH_OUT,51424.31,C214932980,149430.25,98005.94,C380313031,7929.92,59354.23,0,0,0.0,-0.0,49366168-4f8f-47c3-86c4-84b7f6dfc376,C214932980,CASH_OUT,USD,False,2026-10-03T20:00:00+00:00
35,CASH_OUT,58389.69,C131165166,137699.46,79309.77,C818197581,20215.83,78605.52,0,0,-0.0,0.0,345c7b93-afc1-47de-851f-53706f25e7ac,C131165166,CASH_OUT,USD,False,2026-10-02T11:00:00+00:00
4,PAYMENT,1927.58,C425285707,18654.51,16726.93,M477705443,0.0,0.0,0,0,0.0,1927.58,7b517e09-ce6e-4779-9f08-14646ef53d11,C425285707,PAYMENT,USD,False,2026-10-01T04:00:00+00:00
15,CASH_IN,24730.5,C818356830,15590.52,40321.02,C196725534,8429.77,0.0,0,0,-49461.0,33160.27,3ad51f58-3f85-43a4-9770-d785ad918e1c,C818356830,CASH_IN,USD,False,2026-10-01T15:00:00+00:00
35,CASH_IN,16430.8,C241419420,13224.04,29654.84,C502406970,58357.49,41926.69,0,0,-32861.6,32861.6,6f8bb7fc-8919-40e7-b3a5-8443ae79cb2b,C241419420,CASH_IN,USD,False,2026-10-02T11:00:00+00:00
69,PAYMENT,3505.21,C972810297,21047.18,17541.97,M522835822,0.0,0.0,0,0,0.0,3505.21,cca30c42-8237-415c-98ce-13d72ee979af,C972810297,PAYMENT,USD,False,2026-10-03T21:00:00+00:00
54,CASH_IN,9762.04,C718121922,7679.57,17441.61,C847704681,40565.63,30803.59,0,0,-19524.08,19524.08,c855e69a-31e7-4610-8a2d-cdf6ffc3a1df,C718121922,CASH_IN,USD,False,2026-10-03T06:00:00+00:00
58,CASH_IN,30702.51,C509171868,12634.24,43336.75,C597950004,15339.99,0.0,0,0,-61405.02,46042.5,ed8a49f9-d23e-4d58-8b6b-ca082525c092,C509171868,CASH_IN,USD,False,2026-10-03T10:00:00+00:00
64,CASH_IN,28629.65,C736037933,15363.12,43992.77,C849335149,54928.39,26298.74,0,0,-57259.3,57259.3,f128b2a6-e472-4e00-a4cb-cb0f0c229b38,C736037933,CASH_IN,USD,False,2026-10-03T16:00:00+00:00
88,PAYMENT,4168.03,C621952950,16132.96,11964.93,M148717205,0.0,0.0,0,0,0.0,4168.03,f5e11d00-962d-494d-a619-1a7faada2a63,C621952950,PAYMENT,USD,False,2026-10-04T16:00:00+00:00
50,CASH_OUT,26667.78,C452818023,37348.6,10680.82,C804484734,34254.2,60921.98,0,0,0.0,-0.0,6ab1b161-f768-41d3-bb1c-cef7a94a0570,C452818023,CASH_OUT,USD,False,2026-10-03T02:00:00+00:00
54,CASH_OUT,68621.33,C768737754,183450.58,114829.25,C219032752,24991.46,93612.79,0,0,-0.0,0.0,6baa4a8e-e5d9-402f-8350-54ade8acd33e,C768737754,CASH_OUT,USD,False,2026-10-03T06:00:00+00:00
70,CASH_IN,30717.62,C334490716,18252.18,48969.8,C214084752,71824.63,41107.01,0,0,-61435.24,61435.24,0d7d82d0-fad0-4db3-97bd-daec3b0567c1,C334490716,CASH_IN,USD,False,2026-10-03T22:00:00+00:00
21,PAYMENT,1140.84,C379983216,7760.94,6620.1,M160681634,0.0,0.0,0,0,-0.0,1140.84,8d131e09-7861-4241-adff-be5004228786,C379983216,PAYMENT,USD,False,2026-10-01T21:00:00+00:00
72,TRANSFER,55553.93,C318300402,140151.47,84597.54,C410335417,57098.4,112652.33,0,0,0.0,0.0,1c2f1f6c-40b2-446d-bcc3-f3ecb1abeaf7,C318300402,TRANSFER,USD,False,2026-10-04T00:00:00+00:00
10,PAYMENT,4593.52,C668341938,19243.68,14650.16,M553504191,0.0,0.0,0,0,0.0,4593.52,cd3761d4-3d63-4e0b-83e4-af580d046a58,C668341938,PAYMENT,USD,False,2026-10-01T10:00:00+00:00
76,PAYMENT,3951.58,C826151422,4081.39,129.81,M137440529,0.0,0.0,0,0,-0.0,3951.58,0e6f3a9d-5450-414b-aaec-020408e3f0b9,C826151422,PAYMENT,USD,False,2026-10-04T04:00:00+00:00
37,PAYMENT,1425.83,C196744637,8591.31,7165.48,M948081018,0.0,0.0,0,0,0.0,1425.83,f62b25a2-19ed-4d23-b2ca-fa587b7069cf,C196744637,PAYMENT,USD,False,2026-10-02T13:00:00+00:00
29,PAYMENT,4025.96,C463821821,30120.17,26094.21,M243857676,0.0,0.0,0,0,0.0,4025.96,80ce3ecb-f5e9-4445-b2aa-03dba280d5cf,C463821821,PAYMENT,USD,False,2026-10-02T05:00:00+00:00
41,CASH_OUT,104575.59,C473209649,131359.04,26783.45,C856793425,44108.57,148684.16,0,0,0.0,0.0,101f148f-f341-4dce-ab12-44f2aafe9f02,C473209649,CASH_OUT,USD,False,2026-10-02T17:00:00+00:00
30,PAYMENT,300.5,C266952965,1050.79,750.29,M195219997,0.0,0.0,0,0,0.0,300.5,296b1dea-fdcc-4ec7-86b7-56b27afad521,C266952965,PAYMENT,USD,False,2026-10-02T06:00:00+00:00
96,CASH_OUT,127252.86,C852566344,363446.32,236193.46,C484077593,5306.78,132559.64,0,0,0.0,0.0,69d90488-e26a-44fa-85d2-4210215561f2,C852566344,CASH_OUT,USD,False,2026-10-05T00:00:00+00:00
69,PAYMENT,2892.72,C187956669,28564.58,25671.86,M754719022,0.0,0.0,0,0,0.0,2892.72,191519f2-9666-4d03-a708-9358f5bac893,C187956669,PAYMENT,USD,False,2026-10-03T21:00:00+00:00
49,PAYMENT,826.89,C398017489,1284.08,457.19,M585522856,0.0,0.0,0,0,-0.0,826.89,7e43c0a2-441e-414f-8514-89f6ed7fb6a6,C398017489,PAYMENT,USD,False,2026-10-03T01:00:00+00:00
48,PAYMENT,2631.51,C174725150,21899.7,19268.19,M964775301,0.0,0.0,0,0,0.0,2631.51,87896a37-9ff5-4968-ac5b-fc6472d07bcf,C174725150,PAYMENT,USD,False,2026-10-03T00:00:00+00:00
58,CASH_IN,44170.93,C609447916,12340.48,56511.41,C503541834,21616.17,0.0,0,0,-88341.86,65787.1,8b1cc7a0-3831-4335-bfd1-96c6bdc9617f,C609447916,CASH_IN,USD,False,2026-10-03T10:00:00+00:00
85,CASH_OUT,96536.77,C591819409,108280.55,11743.78,C133447745,23949.1,120485.87,0,0,-0.0,0.0,907c8b3f-dca4-4feb-a0b2-b29c53f6eed0,C591819409,CASH_OUT,USD,False,2026-10-04T13:00:00+00:00
67,PAYMENT,4799.01,C891078163,22150.02,17351.01,M784838854,0.0,0.0,0,0,0.0,4799.01,070880de-5f4d-49b3-bb75-aec10a220127,C891078163,PAYMENT,USD,False,2026-10-03T19:00:00+00:00
47,CASH_IN,2099.68,C158521238,5547.12,7646.8,C175462552,55300.58,53200.9,0,0,-4199.36,4199.36,fe1c85bd-e445-4549-8f37-998a95c8185a,C158521238,CASH_IN,USD,False,2026-10-02T23:00:00+00:00
22,CASH_OUT,35964.57,C486267885,106141.94,70177.37,C100308454,4342.14,40306.71,0,0,0.0,0.0,273e0b03-5807-4eb8-9288-d2d5179b69ca,C486267885,CASH_OUT,USD,False,2026-10-01T22:00:00+00:00
54,PAYMENT,859.84,C586174310,5434.65,4574.81,M450979097,0.0,0.0,0,0,-0.0,859.84,8c2a0434-9701-4b29-83c7-9b8ab872a9eb,C586174310,PAYMENT,USD,False,2026-10-03T06:00:00+00:00
18,CASH_OUT,68806.69,C876385418,203909.13,135102.44,C109792590,17887.38,86694.07,0,0,0.0,0.0,df1ac280-b25a-46ee-8300-cfa31011cebd,C876385418,CASH_OUT,USD,False,2026-10-01T18:00:00+00:00
22,PAYMENT,4013.37,C338159583,11037.69,7024.32,M842012632,0.0,0.0,0,0,0.0,4013.37,02a642db-0c07-49f5-9146-bc969657d096,C338159583,PAYMENT,USD,False,2026-10-01T22:00:00+00:00
70,CASH_IN,10097.5,C840739735,7979.85,18077.35,C434702822,67497.01,57399.51,0,0,-20195.0,20195.0,e4fffd88-32d4-4a88-a577-9e22faf0aad7,C840739735,CASH_IN,USD,False,2026-10-03T22:00:00+00:00
93,CASH_OUT,92538.65,C737594763,112336.81,19798.16,C591625191,15232.9,107771.55,0,0,0.0,-0.0,b68db822-444b-4db6-acea-0f8c6640f82a,C737594763,CASH_OUT,USD,False,2026-10-04T21:00:00+00:00
39,CASH_IN,27318.55,C436590868,3805.7,31124.25,C899904758,59135.68,31817.13,0,0,-54637.1,54637.1,0c234184-cbda-4a8f-af94-11249130096c,C436590868,CASH_IN,USD,False,2026-10-02T15:00:00+00:00
26,CASH_IN,46671.88,C438868427,7964.48,54636.36,C653388913,81725.2,35053.32,0,0,-93343.76,93343.76,e1088280-47c6-42ad-9460-ba88d46be9ce,C438868427,CASH_IN,USD,False,2026-10-02T02:00:00+00:00
93,DEBIT,983.57,C356071459,4102.43,3118.86,C167637817,3252.7,4236.27,0,0,0.0,-0.0,9b88c7df-c79c-43dd-a1ec-ff4a599055f0,C356071459,DEBIT,USD,False,2026-10-04T21:00:00+00:00
53,PAYMENT,4375.99,C661540259,35672.85,31296.86,M719216978,0.0,0.0,0,0,0.0,4375.99,f4946c84-86b9-45a1-be5e-814aed016d2f,C661540259,PAYMENT,USD,False,2026-10-03T05:00:00+00:00
85,CASH_IN,46377.55,C480035703,3972.53,50350.08,C652024999,75006.29,28628.74,0,0,-92755.1,92755.1,f49ee62c-6f85-40bf-ba88-5280fc15bda0,C480035703,CASH_IN,USD,False,2026-10-04T13:00:00+00:00
98,TRANSFER,441998.33,C841180257,441998.33,0.0,C774085859,1193.68,443192.01,1,0,0.0,0.0,e7f9bc67-ae2b-4f4e-9462-77aa0e881aec,C841180257,TRANSFER,USD,False,2026-10-05T02:00:00+00:00
39,CASH_OUT,98131.05,C966616964,229207.28,131076.23,C108399996,27730.11,125861.16,0,0,-0.0,0.0,fbfdf112-2285-47fb-850b-aa2d0240c639,C966616964,CASH_OUT,USD,False,2026-10-02T15:00:00+00:00
89,PAYMENT,167.87,C608261670,1594.2,1426.33,M268405336,0.0,0.0,0,0,0.0,167.87,cfcd42bd-3f4e-43c2-b472-7cc8503f52a0,C608261670,PAYMENT,USD,False,2026-10-04T17:00:00+00:00
46,PAYMENT,1043.51,C985637936,6254.52,5211.01,M929530382,0.0,0.0,0,0,0.0,1043.51,b1be4594-b5d8-4ae7-877c-cee16b31b5ca,C985637936,PAYMENT,USD,False,2026-10-02T22:00:00+00:00
26,PAYMENT,1490.18,C191910073,7675.01,6184.83,M774652206,0.0,0.0,0,0,0.0,1490.18,64353b0c-40a2-4b2a-8203-7bd8a5ecf864,C191910073,PAYMENT,USD,False,2026-10-02T02:00:00+00:00
4,CASH_OUT,137068.89,C350976897,210855.74,73786.85,C119996117,48173.73,185242.62,0,0,-0.0,0.0,69396299-7d04-4140-8a7e-37d10130eef8,C350976897,CASH_OUT,USD,False,2026-10-01T04:00:00+00:00
31,PAYMENT,2537.16,C183192595,14206.37,11669.21,M221528853,0.0,0.0,0,0,0.0,2537.16,217d9747-c647-485e-8bed-abda31d707c8,C183192595,PAYMENT,USD,False,2026-10-02T07:00:00+00:00
73,PAYMENT,2587.82,C285115751,24111.71,21523.89,M652637671,0.0,0.0,0,0,0.0,2587.82,b4ddcf2e-0714-401b-b109-ac504e0c507e,C285115751,PAYMENT,USD,False,2026-10-04T01:00:00+00:00
76,CASH_IN,27162.21,C713401763,6273.07,33435.28,C788195959,5747.65,0.0,0,0,-54324.42,32909.86,3f43bb3c-36e8-44d2-ac0c-5ba8201cfb8c,C713401763,CASH_IN,USD,False,2026-10-04T04:00:00+00:00
63,PAYMENT,3079.57,C106325523,11348.7,8269.13,M452779815,0.0,0.0,0,0,0.0,3079.57,0092efcc-ee01-497a-99d4-d30778ca442f,C106325523,PAYMENT,USD,False,2026-10-03T15:00:00+00:00
95,CASH_OUT,10125.44,C396251494,18061.4,7935.96,C515644788,7541.79,17667.23,0,0,0.0,0.0,2e79d3f5-0c65-45b4-ae08-e6ff83040bee,C396251494,CASH_OUT,USD,False,2026-10-04T23:00:00+00:00
73,CASH_IN,7528.38,C547207966,9395.29,16923.67,C295876826,14871.13,7342.75,0,0,-15056.76,15056.76,46c0f6e8-0b89-4b74-9e1a-618bd95962a0,C547207966,CASH_IN,USD,False,2026-10-04T01:00:00+00:00
12,CASH_IN,46296.8,C606450366,1762.81,48059.61,C567482967,27046.11,0.0,0,0,-92593.6,73342.91,71168ebd-7716-4e90-bb97-eebfbe0f518c,C606450366,CASH_IN,USD,False,2026-10-01T12:00:00+00:00
6,PAYMENT,3196.5,C635233264,30250.98,27054.48,M121274005,0.0,0.0,0,0,0.0,3196.5,c78ee299-b64e-4585-ae27-9e2dc8c36633,C635233264,PAYMENT,USD,False,2026-10-01T06:00:00+00:00
10,CASH_OUT,142057.62,C465035599,287890.19,145832.57,C962152669,12884.67,154942.29,0,0,0.0,0.0,478fb2cf-59b7-404f-abff-f9672a0d5127,C465035599,CASH_OUT,USD,False,2026-10-01T10:00:00+00:00
91,TRANSFER,119795.79,C626863054,423136.4,303340.61,C533698014,62474.96,182270.75,0,0,0.0,0.0,325ac54c-e703-40f9-8666-9af221c01d3e,C626863054,TRANSFER,USD,False,2026-10-04T19:00:00+00:00
44,PAYMENT,251.3,C804470968,799.18,547.88,M518341978,0.0,0.0,0,0,-0.0,251.3,b29959e4-26fb-4111-8fd0-98e2b6efa225,C804470968,PAYMENT,USD,False,2026-10-02T20:00:00+00:00
17,CASH_OUT,98671.66,C614001677,113828.38,15156.72,C805008454,12509.94,111181.6,0,0,0.0,0.0,7a76a928-0be0-4ae1-a66f-4e9af916e3dd,C614001677,CASH_OUT,USD,False,2026-10-01T17:00:00+00:00
71,CASH_OUT,21503.91,C102469173,56854.97,35351.06,C559361512,32827.29,54331.2,0,0,0.0,0.0,cc143b80-9b0f-4aad-b87e-cfd69429602e,C102469173,CASH_OUT,USD,False,2026-10-03T23:00:00+00:00
52,CASH_IN,4259.83,C423766892,6689.86,10949.69,C677064820,72784.77,68524.94,0,0,-8519.66,8519.66,4bcef1f7-837f-40c6-be31-542fc9bc71e3,C423766892,CASH_IN,USD,False,2026-10-03T04:00:00+00:00
95,CASH_OUT,53977.05,C562482630,63614.54,9637.49,C899255963,46032.36,100009.41,0,0,-0.0,0.0,b7c3a6bb-d726-4df5-ad26-e21fa88923df,C562482630,CASH_OUT,USD,False,2026-10-04T23:00:00+00:00
73,CASH_OUT,50082.61,C485385619,90210.28,40127.67,C425159172,31613.63,81696.24,0,0,0.0,0.0,9c9a2e9f-43e1-4b0c-a5a1-588a77fdc70e,C485385619,CASH_OUT,USD,False,2026-10-04T01:00:00+00:00
61,DEBIT,914.42,C778862622,2646.14,1731.72,C286585153,4387.19,5301.61,0,0,-0.0,0.0,a7a71618-7460-4bdf-99dc-277a9e2dda90,C778862622,DEBIT,USD,False,2026-10-03T13:00:00+00:00
82,CASH_OUT,74898.25,C200726798,117131.71,42233.46,C144878805,26177.63,101075.88,0,0,0.0,0.0,5568eb09-4b2f-4f76-b2ed-f15c2702ea5b,C200726798,CASH_OUT,USD,False,2026-10-04T10:00:00+00:00
74,CASH_OUT,82174.06,C676762622,132249.48,50075.42,C191404267,37414.83,119588.89,0,0,0.0,0.0,48f40356-e68e-41e4-bb83-2d62a032aa5a,C676762622,CASH_OUT,USD,False,2026-10-04T02:00:00+00:00
96,TRANSFER,30974.31,C659340310,90307.46,59333.15,C616716343,15897.89,46872.2,0,0,0.0,0.0,c4b5e508-e324-478a-a748-76e6335380f4,C659340310,TRANSFER,USD,False,2026-10-05T00:00:00+00:00
74,TRANSFER,101522.81,C465272013,125768.57,24245.76,C379954996,54442.36,155965.17,0,0,0.0,-0.0,0b6acb28-2a67-4425-b7fd-14b0709d2bd3,C465272013,TRANSFER,USD,False,2026-10-04T02:00:00+00:00
34,PAYMENT,4241.37,C562554021,9568.95,5327.58,M809015667,0.0,0.0,0,0,0.0,4241.37,396b94e1-12f4-4435-90b0-874a4c682c7e,C562554021,PAYMENT,USD,False,2026-10-02T10:00:00+00:00
67,TRANSFER,70817.14,C509560759,174293.36,103476.22,C218100704,65251.34,136068.48,0,0,-0.0,-0.0,2ea6c259-3790-424c-be14-4cda472a106f,C509560759,TRANSFER,USD,False,2026-10-03T19:00:00+00:00
37,CASH_OUT,73046.25,C736873048,118104.01,45057.76,C816328133,11025.92,84072.17,0,0,-0.0,0.0,f7b26eaa-8dfd-4f8d-afdc-0b28370d0de8,C736873048,CASH_OUT,USD,False,2026-10-02T13:00:00+00:00
32,CASH_OUT,128393.94,C889488302,148427.69,20033.75,C846213062,48588.26,176982.2,0,0,0.0,0.0,88271b85-c411-43cb-9c41-476101b084d8,C889488302,CASH_OUT,USD,False,2026-10-02T08:00:00+00:00
71,CASH_OUT,34980.07,C694272037,47273.57,12293.5,C502435111,5178.27,40158.34,0,0,0.0,0.0,674f5c5f-0c98-417d-bf48-00f22e3c442d,C694272037,CASH_OUT,USD,False,2026-10-03T23:00:00+00:00
9,PAYMENT,2148.54,C803640609,21005.52,18856.98,M689455353,0.0,0.0,0,0,0.0,2148.54,1f7784e2-86aa-4336-b2d2-357b674e4081,C803640609,PAYMENT,USD,False,2026-10-01T09:00:00+00:00
20,CASH_OUT,76238.23,C562619968,143532.28,67294.05,C157076973,18489.03,94727.26,0,0,0.0,0.0,c64ca4f5-043a-4b20-b9a0-160464b54144,C562619968,CASH_OUT,USD,False,2026-10-01T20:00:00+00:00
97,PAYMENT,1513.22,C453932473,9315.23,7802.01,M876189202,0.0,0.0,0,0,-0.0,1513.22,e2d65237-94a3-4c33-b104-94912a612f66,C453932473,PAYMENT,USD,False,2026-10-05T01:00:00+00:00
2,PAYMENT,3795.91,C761799351,14347.16,10551.25,M233204293,0.0,0.0,0,0,0.0,3795.91,6c486347-7bd5-4349-9e53-d8015a85e7a8,C761799351,PAYMENT,USD,False,2026-10-01T02:00:00+00:00
30,PAYMENT,4181.02,C782144873,26817.0,22635.98,M418600131,0.0,0.0,0,0,0.0,4181.02,d7933dc1-a3fa-4d12-ae88-85683f234a11,C782144873,PAYMENT,USD,False,2026-10-02T06:00:00+00:00
42,CASH_OUT,39549.74,C781619178,52252.49,12702.75,C952165566,27923.89,67473.63,0,0,0.0,0.0,6a64d94a-75b6-440f-b349-fea3560fda34,C781619178,CASH_OUT,USD,False,2026-10-02T18:00:00+00:00
62,PAYMENT,3238.06,C273136853,3892.19,654.13,M541199665,0.0,0.0,0,0,0.0,3238.06,a166ac0e-c68d-46a2-a628-fa87652bcafc,C273136853,PAYMENT,USD,False,2026-10-03T14:00:00+00:00
43,PAYMENT,4579.46,C496068382,42561.85,37982.39,M639870249,0.0,0.0,0,0,0.0,4579.46,3cb7144f-fce3-4a6c-bbb8-12eca053783a,C496068382,PAYMENT,USD,False,2026-10-02T19:00:00+00:00
49,CASH_IN,17595.49,C147769095,9489.62,27085.11,C175573878,42825.73,25230.24,0,0,-35190.98,35190.98,28c8b3e5-5713-4a9f-8398-6a78e7b906aa,C147769095,CASH_IN,USD,False,2026-10-03T01:00:00+00:00
12,TRANSFER,186996.48,C450811990,299640.24,112643.76,C288592093,62921.02,249917.5,0,0,-0.0,0.0,124b23a8-1bd1-4f86-90fe-3ed5830e4b18,C450811990,TRANSFER,USD,False,2026-10-01T12:00:00+00:00
61,PAYMENT,3649.5,C394974196,5139.68,1490.18,M447109525,0.0,0.0,0,0,0.0,3649.5,a403ee1b-ee29-4fd8-b3d0-c010df8dd4e8,C394974196,PAYMENT,USD,False,2026-10-03T13:00:00+00:00
27,PAYMENT,884.44,C858240572,2056.35,1171.91,M790915223,0.0,0.0,0,0,-0.0,884.44,ee00c084-2599-4d17-9fb6-5df74e791cad,C858240572,PAYMENT,USD,False,2026-10-02T03:00:00+00:00
52,CASH_OUT,17163.24,C576708717,42909.88,25746.64,C774079234,40956.77,58120.01,0,0,-0.0,-0.0,104491c4-eefd-4579-a984-3fb9aabeb74b,C576708717,CASH_OUT,USD,False,2026-10-03T04:00:00+00:00
32,CASH_OUT,88855.12,C275246883,90142.18,1287.06,C242015997,26870.18,115725.3,0,0,-0.0,-0.0,af05db69-b08d-4141-bcf1-f46561de56a3,C275246883,CASH_OUT,USD,False,2026-10-02T08:00:00+00:00
91,CASH_IN,599.64,C816787711,18283.46,18883.1,C155350946,67680.9,67081.26,0,0,-1199.28,1199.28,df8dc7e1-4c3f-4880-b570-6e013816bd66,C816787711,CASH_IN,USD,False,2026-10-04T19:00:00+00:00
41,CASH_OUT,4259.56,C518913409,5766.4,1506.84,C184895487,35457.05,39716.61,0,0,-0.0,0.0,47b7c5d9-1fd5-41b0-a757-41a1f40061c0,C518913409,CASH_OUT,USD,False,2026-10-02T17:00:00+00:00
59,PAYMENT,4786.8,C847959430,28729.97,23943.17,M941128035,0.0,0.0,0,0,0.0,4786.8,bbe68594-463b-4820-9dda-a6d7c49a77e8,C847959430,PAYMENT,USD,False,2026-10-03T11:00:00+00:00
32,PAYMENT,1667.92,C758487666,3563.06,1895.14,M915028324,0.0,0.0,0,0,-0.0,1667.92,2ac9479d-469f-4c7c-9597-f2c6664b1f36,C758487666,PAYMENT,USD,False,2026-10-02T08:00:00+00:00
96,CASH_OUT,62927.1,C680027275,154372.65,91445.55,C897005281,44270.69,107197.79,0,0,-0.0,0.0,5853f25e-7d9b-4aea-bca1-f06af48696c8,C680027275,CASH_OUT,USD,False,2026-10-05T00:00:00+00:00
74,CASH_OUT,62770.21,C888074153,77991.03,15220.82,C887101785,43923.98,106694.19,0,0,0.0,0.0,1e0cad1b-be42-44dc-a305-2efab5f4e3ff,C888074153,CASH_OUT,USD,False,2026-10-04T02:00:00+00:00
24,CASH_OUT,46732.7,C405977902,123493.5,76760.8,C825068787,1741.33,48474.03,0,0,0.0,0.0,b0f96c05-ca27-4c0d-b83c-95d70db50305,C405977902,CASH_OUT,USD,False,2026-10-02T00:00:00+00:00
49,TRANSFER,199253.46,C225352608,344662.84,145409.38,C269998959,47816.39,247069.85,0,0,0.0,-0.0,1a3acb9b-0dfc-4a6b-937e-ca04091f3d35,C225352608,TRANSFER,USD,False,2026-10-03T01:00:00+00:00
9,PAYMENT,2995.99,C440008830,28767.7,25771.71,M961854387,0.0,0.0,0,0,0.0,2995.99,716f430b-d703-43ee-a6a7-182c71fda0d3,C440008830,PAYMENT,USD,False,2026-10-01T09:00:00+00:00
15,CASH_OUT,11615.42,C999123955,22911.36,11295.94,C617700530,284.62,11900.04,0,0,0.0,0.0,c9a34c51-7e4a-4b35-be4e-40f424379e64,C999123955,CASH_OUT,USD,False,2026-10-01T15:00:00+00:00
95,CASH_OUT,38675.19,C685957100,58286.36,19611.17,C622368222,22937.54,61612.73,0,0,0.0,0.0,0fefe402-b842-4956-aa34-423d87ffd8cb,C685957100,CASH_OUT,USD,False,2026-10-04T23:00:00+00:00
21,PAYMENT,1093.74,C108643561,4518.73,3424.99,M779553060,0.0,0.0,0,0,0.0,1093.74,0f8fb4af-784b-4921-a4cd-d11e5f5cd7d7,C108643561,PAYMENT,USD,False,2026-10-01T21:00:00+00:00
77,CASH_OUT,117457.31,C803935444,253349.39,135892.08,C933397627,11377.16,128834.47,0,0,0.0,0.0,9c67efc6-734a-4fd9-ab35-11568c7e3794,C803935444,CASH_OUT,USD,False,2026-10-04T05:00:00+00:00
99,TRANSFER,856861.55,C249588410,856861.55,0.0,C194188663,6.04,856867.59,1,0,0.0,0.0,ecd286d0-4d03-4347-81cd-8b487be836f0,C249588410,TRANSFER,USD,False,2026-10-05T03:00:00+00:00
21,CASH_IN,7019.09,C715997729,15845.56,22864.65,C976450587,82643.86,75624.77,0,0,-14038.18,14038.18,595827af-1476-4931-9d22-3b4fc9426469,C715997729,CASH_IN,USD,False,2026-10-01T21:00:00+00:00
46,CASH_OUT,90058.44,C195840932,141155.44,51097.0,C215746097,20145.98,110204.42,0,0,0.0,0.0,8cf797ea-e9bd-40ce-87ca-21dd0da2e408,C195840932,CASH_OUT,USD,False,2026-10-02T22:00:00+00:00
12,CASH_OUT,79491.7,C971839315,201011.65,121519.95,C957091885,23436.95,102928.65,0,0,0.0,0.0,495b5377-bce8-4827-b3c2-d4188048aad2,C971839315,CASH_OUT,USD,False,2026-10-01T12:00:00+00:00
57,PAYMENT,1029.75,C298101702,1351.24,321.49,M859279763,0.0,0.0,0,0,0.0,1029.75,8b1e409b-4040-4bf6-940b-b133ac8a6912,C298101702,PAYMENT,USD,False,2026-10-03T09:00:00+00:00
27,PAYMENT,2130.21,C180194702,11295.43,9165.22,M846635979,0.0,0.0,0,0,0.0,2130.21,55b9fb11-ad22-4a27-a162-0be57347f3fa,C180194702,PAYMENT,USD,False,2026-10-02T03:00:00+00:00
77,PAYMENT,4937.7,C255357534,16076.6,11138.9,M680051935,0.0,0.0,0,0,0.0,4937.7,81cad83a-cd54-4ef3-9176-05ea0551023c,C255357534,PAYMENT,USD,False,2026-10-04T05:00:00+00:00
39,CASH_OUT,81074.8,C248068723,135231.55,54156.75,C455245683,22275.8,103350.6,0,0,-0.0,0.0,a15c6fe1-c9d7-4b2f-b40f-f339d9317718,C248068723,CASH_OUT,USD,False,2026-10-02T15:00:00+00:00
53,PAYMENT,4126.14,C255370170,15323.7,11197.56,M915588814,0.0,0.0,0,0,0.0,4126.14,70e84229-82a5-4577-9a25-999a67f12df8,C255370170,PAYMENT,USD,False,2026-10-03T05:00:00+00:00
30,PAYMENT,2045.63,C188043753,10192.86,8147.23,M576884254,0.0,0.0,0,0,0.0,2045.63,319bc1ed-732b-4009-b027-5e5cffb67d11,C188043753,PAYMENT,USD,False,2026-10-02T06:00:00+00:00
26,CASH_IN,18260.36,C509572465,4571.6,22831.96,C916806401,71003.35,52742.99,0,0,-36520.72,36520.72,4ce22bce-ffc6-44cd-8da0-ed67e2c86ade,C509572465,CASH_IN,USD,False,2026-10-02T02:00:00+00:00
100,PAYMENT,2507.41,C310851346,15429.09,12921.68,M517386186,0.0,0.0,0,0,0.0,2507.41,3216ef74-6661-40f6-9813-1e4b8e82011a,C310851346,PAYMENT,USD,False,2026-10-05T04:00:00+00:00
17,PAYMENT,4045.39,C990514408,5599.9,1554.51,M231563076,0.0,0.0,0,0,-0.0,4045.39,18c8adb9-a1ba-4a79-80f4-2b2741116ec0,C990514408,PAYMENT,USD,False,2026-10-01T17:00:00+00:00
38,CASH_OUT,77700.32,C108677810,183108.63,105408.31,C806175094,2865.88,80566.2,0,0,0.0,0.0,da97576d-c40e-4643-a72d-d32cf6fb0fd5,C108677810,CASH_OUT,USD,False,2026-10-02T14:00:00+00:00
37,PAYMENT,1210.79,C717783670,11364.82,10154.03,M655940297,0.0,0.0,0,0,-0.0,1210.79,677309bb-597b-47db-a3c3-81ebac596e52,C717783670,PAYMENT,USD,False,2026-10-02T13:00:00+00:00
62,CASH_IN,9213.37,C887528569,11791.16,21004.53,C922438684,82190.5,72977.13,0,0,-18426.74,18426.74,6303362b-30e6-4744-b64a-add3d44ed1db,C887528569,CASH_IN,USD,False,2026-10-03T14:00:00+00:00
36,CASH_OUT,83054.16,C366467312,202848.1,119793.94,C744253537,14246.04,97300.2,0,0,0.0,0.0,84fa8f5a-a1cf-4ed4-a23b-04aa6da099a3,C366467312,CASH_OUT,USD,False,2026-10-02T12:00:00+00:00
95,CASH_IN,49596.6,C658850084,4274.69,53871.29,C404865220,51655.49,2058.89,0,0,-99193.2,99193.2,df833417-a034-4133-94d5-7d726e309939,C658850084,CASH_IN,USD,False,2026-10-04T23:00:00+00:00
66,PAYMENT,3808.24,C221166907,8045.05,4236.81,M437455876,0.0,0.0,0,0,0.0,3808.24,1564bb05-650d-46d8-9c44-e7654dc60fed,C221166907,PAYMENT,USD,False,2026-10-03T18:00:00+00:00
88,PAYMENT,1999.65,C689834838,5249.3,3249.65,M251055978,0.0,0.0,0,0,0.0,1999.65,163167aa-8e0b-4cb7-ab93-2389b33e98b3,C689834838,PAYMENT,USD,False,2026-10-04T16:00:00+00:00
56,PAYMENT,2694.57,C965984448,25497.01,22802.44,M872482077,0.0,0.0,0,0,0.0,2694.57,c77d9055-823d-4ef9-bb17-8812ce1aa8b3,C965984448,PAYMENT,USD,False,2026-10-03T08:00:00+00:00
66,CASH_OUT,95180.48,C483143483,249291.5,154111.02,C952400997,20177.0,115357.48,0,0,0.0,0.0,66120f76-da3f-48ed-80dc-27c538fa3635,C483143483,CASH_OUT,USD,False,2026-10-03T18:00:00+00:00
9,TRANSFER,637153.21,C219039671,637153.21,0.0,C703832627,1560.25,638713.46,1,0,0.0,0.0,77727c03-ddf8-4c8f-bdcd-15443dd395fc,C219039671,TRANSFER,USD,False,2026-10-01T09:00:00+00:00
84,PAYMENT,4793.33,C183012525,29184.77,24391.44,M341142023,0.0,0.0,0,0,0.0,4793.33,d2b3cf14-2a44-437d-b52c-d6a5c8921818,C183012525,PAYMENT,USD,False,2026-10-04T12:00:00+00:00
54,PAYMENT,2561.12,C260908861,13070.04,10508.92,M948523253,0.0,0.0,0,0,0.0,2561.12,0465eb27-1932-46e3-ac07-b7d2cf68ba81,C260908861,PAYMENT,USD,False,2026-10-03T06:00:00+00:00
62,PAYMENT,39.12,C366338529,122.04,82.92,M511859868,0.0,0.0,0,0,0.0,39.12,bcab45eb-30ef-41ae-be38-aaa54e9a993f,C366338529,PAYMENT,USD,False,2026-10-03T14:00:00+00:00
95,CASH_IN,38951.47,C897717178,12094.28,51045.75,C667861313,24586.97,0.0,0,0,-77902.94,63538.44,b04070e5-4e2b-4bc9-aa71-3068e34f850f,C897717178,CASH_IN,USD,False,2026-10-04T23:00:00+00:00
96,CASH_OUT,80775.22,C765722917,174133.17,93357.95,C338511767,14427.92,95203.14,0,0,0.0,0.0,d28f42ac-7eba-4a4a-90b6-233302eafee2,C765722917,CASH_OUT,USD,False,2026-10-05T00:00:00+00:00
46,CASH_IN,7979.59,C108480736,6694.25,14673.84,C610559862,65140.25,57160.66,0,0,-15959.18,15959.18,2a0a84dd-6577-4c3a-a58a-77a90e044f9e,C108480736,CASH_IN,USD,False,2026-10-02T22:00:00+00:00
98,CASH_OUT,139482.25,C202657152,219799.26,80317.01,C382004346,27783.51,167265.76,0,0,0.0,0.0,df9f40e3-4da8-4e16-9f62-5dc17fa2bbe2,C202657152,CASH_OUT,USD,False,2026-10-05T02:00:00+00:00
40,CASH_OUT,40537.99,C917489574,47615.7,7077.71,C242278314,21548.98,62086.97,0,0,-0.0,0.0,a9bed7be-8d29-43d1-a063-941bac54775f,C917489574,CASH_OUT,USD,False,2026-10-02T16:00:00+00:00
60,CASH_OUT,96764.43,C980917094,240198.94,143434.51,C942495598,380.26,97144.69,0,0,0.0,-0.0,dfe6ea1f-00a1-4fce-acc9-99d5eb527749,C980917094,CASH_OUT,USD,False,2026-10-03T12:00:00+00:00
64,CASH_IN,28747.4,C862685924,995.62,29743.02,C888467237,63579.71,34832.31,0,0,-57494.8,57494.8,a0dfe7ed-e322-4c81-ac9d-54f83a183343,C862685924,CASH_IN,USD,False,2026-10-03T16:00:00+00:00
53,CASH_OUT,38431.25,C632616543,67672.01,29240.76,C873481842,45160.91,83592.16,0,0,-0.0,0.0,93e5aba8-2b85-4e67-878a-f11ed52c4fc3,C632616543,CASH_OUT,USD,False,2026-10-03T05:00:00+00:00
48,PAYMENT,186.72,C145059179,192.97,6.25,M301949932,0.0,0.0,0,0,0.0,186.72,2c48a2f4-daec-4db0-99a3-a6ffcaebe105,C145059179,PAYMENT,USD,False,2026-10-03T00:00:00+00:00
30,TRANSFER,523.18,C398145849,1070.88,547.7,C847731349,28551.97,29075.15,0,0,0.0,0.0,cd5463fd-4351-4e93-b120-a6dc9ce97673,C398145849,TRANSFER,USD,False,2026-10-02T06:00:00+00:00
78,PAYMENT,249.91,C194170046,2485.01,2235.1,M547704086,0.0,0.0,0,0,0.0,249.91,89d0da8e-e2de-4750-9611-422e621357d2,C194170046,PAYMENT,USD,False,2026-10-04T06:00:00+00:00
32,PAYMENT,2283.05,C870281257,22406.76,20123.71,M143199628,0.0,0.0,0,0,0.0,2283.05,b142113c-2da1-4090-a514-9f9b2eb56fdc,C870281257,PAYMENT,USD,False,2026-10-02T08:00:00+00:00
75,CASH_IN,13278.33,C768099110,6078.64,19356.97,C789967337,26694.63,13416.3,0,0,-26556.66,26556.66,671234a9-8f1d-45e5-aef1-b3db04c44ec0,C768099110,CASH_IN,USD,False,2026-10-04T03:00:00+00:00
53,CASH_OUT,95033.17,C851789855,137185.18,42152.01,C348493551,21303.79,116336.96,0,0,-0.0,-0.0,582f0586-b117-47c9-b725-c6d892a77203,C851789855,CASH_OUT,USD,False,2026-10-03T05:00:00+00:00
62,CASH_IN,27764.11,C732949009,11065.59,38829.7,C516206207,89453.09,61688.98,0,0,-55528.22,55528.22,a0013664-4448-427e-a722-23512ff3eca7,C732949009,CASH_IN,USD,False,2026-10-03T14:00:00+00:00
74,TRANSFER,79981.0,C540468682,124968.31,44987.31,C563527323,57153.27,137134.27,0,0,0.0,0.0,c3210547-4a02-4172-8b2e-5a8cbe6a05b4,C540468682,TRANSFER,USD,False,2026-10-04T02:00:00+00:00
55,CASH_OUT,19937.79,C467357881,48613.0,28675.21,C471771396,27619.13,47556.92,0,0,0.0,0.0,ed350311-ccd7-44c1-833c-203bd4a135a2,C467357881,CASH_OUT,USD,False,2026-10-03T07:00:00+00:00
79,TRANSFER,190843.35,C150331916,345547.06,154703.71,C343089152,42715.28,233558.63,0,0,0.0,0.0,a7d4c8be-2471-49f7-a039-250171360d62,C150331916,TRANSFER,USD,False,2026-10-04T07:00:00+00:00
82,PAYMENT,3058.49,C517298229,6202.89,3144.4,M730291513,0.0,0.0,0,0,0.0,3058.49,c101a60d-c2ba-408d-a91e-402ba1a591ac,C517298229,PAYMENT,USD,False,2026-10-04T10:00:00+00:00
88,CASH_OUT,117893.83,C809752821,228555.6,110661.77,C247389687,4549.38,122443.21,0,0,0.0,0.0,9d103e23-5d4f-4463-84f0-395f0aee0636,C809752821,CASH_OUT,USD,False,2026-10-04T16:00:00+00:00
86,PAYMENT,343.06,C487195336,2022.93,1679.87,M664852025,0.0,0.0,0,0,0.0,343.06,9318f3fd-cacb-4f7f-973f-3101c511025a,C487195336,PAYMENT,USD,False,2026-10-04T14:00:00+00:00
77,CASH_OUT,4847.9,C675066010,12247.34,7399.44,C125532712,39522.28,44370.18,0,0,0.0,0.0,1581d374-8558-406d-a4ae-a96fad5b1e5a,C675066010,CASH_OUT,USD,False,2026-10-04T05:00:00+00:00
62,CASH_IN,33218.62,C302579662,9574.69,42793.31,C613544342,10805.65,0.0,0,0,-66437.24,44024.27,ec4ceb40-5e1f-4147-9254-ce565f996c46,C302579662,CASH_IN,USD,False,2026-10-03T14:00:00+00:00
31,PAYMENT,1082.3,C253649806,10132.13,9049.83,M732849071,0.0,0.0,0,0,0.0,1082.3,16acae83-bb30-4e3d-a970-296ff49307ce,C253649806,PAYMENT,USD,False,2026-10-02T07:00:00+00:00
63,PAYMENT,1477.16,C958762678,2021.61,544.45,M587326515,0.0,0.0,0,0,-0.0,1477.16,99a31715-f963-4eff-9624-42e3bc43ba15,C958762678,PAYMENT,USD,False,2026-10-03T15:00:00+00:00
37,PAYMENT,324.05,C359835090,1446.77,1122.72,M535581497,0.0,0.0,0,0,0.0,324.05,bdc46c81-a2c6-4cd0-a19a-796bde979832,C359835090,PAYMENT,USD,False,2026-10-02T13:00:00+00:00
21,CASH_OUT,71669.53,C610778600,180021.11,108351.58,C314164216,14362.25,86031.78,0,0,-0.0,0.0,d67bac18-d618-4c3a-b7e8-b8c1b3097e20,C610778600,CASH_OUT,USD,False,2026-10-01T21:00:00+00:00
76,TRANSFER,455931.58,C432556882,455931.58,0.0,C434813242,2511.64,458443.22,1,0,0.0,0.0,26fd473d-b1c0-4bfa-9298-7a61ba30a2c5,C432556882,TRANSFER,USD,False,2026-10-04T04:00:00+00:00
63,CASH_OUT,65632.12,C611496412,81310.95,15678.83,C436233641,9055.24,74687.36,0,0,0.0,0.0,c8b9ecd2-0932-4ad9-a012-0e9aa4a95085,C611496412,CASH_OUT,USD,False,2026-10-03T15:00:00+00:00
14,CASH_IN,29072.64,C594178396,13172.62,42245.26,C964159830,64476.51,35403.87,0,0,-58145.28,58145.28,935e74a2-880e-4751-a368-6949e999ef56,C594178396,CASH_IN,USD,False,2026-10-01T14:00:00+00:00
86,TRANSFER,224006.88,C646310475,768851.03,544844.15,C124704065,64498.13,288505.01,0,0,0.0,0.0,63467ac2-ba69-4f02-b500-e52f205a21db,C646310475,TRANSFER,USD,False,2026-10-04T14:00:00+00:00
20,CASH_IN,34291.27,C249103783,18676.38,52967.65,C316403562,74474.29,40183.02,0,0,-68582.54,68582.54,78c93dc6-66ab-4e99-ade5-37e8430e2003,C249103783,CASH_IN,USD,False,2026-10-01T20:00:00+00:00
24,PAYMENT,2081.0,C302515882,10690.34,8609.34,M585782154,0.0,0.0,0,0,0.0,2081.0,e7543a4e-a25b-496d-8320-785529a92384,C302515882,PAYMENT,USD,False,2026-10-02T00:00:00+00:00
65,CASH_OUT,64035.84,C334352988,108189.71,44153.87,C985266387,12038.53,76074.37,0,0,0.0,0.0,94d2a237-38c4-4492-bf3a-fa9e7c148f2a,C334352988,CASH_OUT,USD,False,2026-10-03T17:00:00+00:00
29,TRANSFER,810974.11,C558087572,810974.11,0.0,C915053296,1752.96,812727.07,1,0,0.0,0.0,16aa09b1-142c-4d0d-99e7-f40865d97401,C558087572,TRANSFER,USD,False,2026-10-02T05:00:00+00:00
45,PAYMENT,2001.81,C177978257,6479.54,4477.73,M234769091,0.0,0.0,0,0,0.0,2001.81,4cae8f12-d61a-45ff-b0f6-c8747d4cc8d8,C177978257,PAYMENT,USD,False,2026-10-02T21:00:00+00:00
35,CASH_OUT,946902.28,C608740226,946902.28,0.0,C234371566,762.33,947664.61,1,0,0.0,0.0,0d90d787-abd9-48f9-8b70-db71933ad51a,C608740226,CASH_OUT,USD,False,2026-10-02T11:00:00+00:00
75,PAYMENT,1555.81,C148757534,13244.84,11689.03,M746447648,0.0,0.0,0,0,0.0,1555.81,25675042-33ba-4d4f-9211-b10422b883b2,C148757534,PAYMENT,USD,False,2026-10-04T03:00:00+00:00
86,CASH_OUT,97563.42,C488481638,124592.99,27029.57,C658569651,44853.29,142416.71,0,0,0.0,0.0,c3d1ca99-7d9b-4317-b6b0-555aec7452d9,C488481638,CASH_OUT,USD,False,2026-10-04T14:00:00+00:00
10,CASH_OUT,120330.64,C326573048,227095.62,106764.98,C793556088,14121.12,134451.76,0,0,0.0,0.0,4cc17d81-1589-4c92-a62e-df1a7866405e,C326573048,CASH_OUT,USD,False,2026-10-01T10:00:00+00:00
7,TRANSFER,247099.88,C814044769,756632.07,509532.19,C960552321,57560.18,304660.06,0,0,-0.0,0.0,a0de1eff-55e6-4a87-9f74-d40d4d5c6f75,C814044769,TRANSFER,USD,False,2026-10-01T07:00:00+00:00
34,PAYMENT,2780.65,C989088290,16087.1,13306.45,M408452105,0.0,0.0,0,0,0.0,2780.65,6c73dd7d-d980-48a7-b037-a25e8d113006,C989088290,PAYMENT,USD,False,2026-10-02T10:00:00+00:00
95,CASH_IN,23600.89,C620815076,11704.53,35305.42,C582664425,20932.5,0.0,0,0,-47201.78,44533.39,d75f68a1-e1df-44c1-a21b-5b2ed97d42ef,C620815076,CASH_IN,USD,False,2026-10-04T23:00:00+00:00
89,PAYMENT,1777.52,C477882582,14001.32,12223.8,M849902580,0.0,0.0,0,0,0.0,1777.52,401eada9-a937-4bed-8bcc-76d38517634f,C477882582,PAYMENT,USD,False,2026-10-04T17:00:00+00:00
58,CASH_OUT,47427.0,C161074677,57524.74,10097.74,C244763884,6211.94,53638.94,0,0,-0.0,0.0,a3a7a2ab-d947-4d30-9753-01e9f288405f,C161074677,CASH_OUT,USD,False,2026-10-03T10:00:00+00:00
91,PAYMENT,2676.91,C874092750,18377.92,15701.01,M463083379,0.0,0.0,0,0,-0.0,2676.91,e3b6a61c-98fd-4526-ac0e-e7a7fe5caa1a,C874092750,PAYMENT,USD,False,2026-10-04T19:00:00+00:00
45,CASH_IN,47293.46,C533588911,11599.08,58892.54,C982466864,65875.54,18582.08,0,0,-94586.92,94586.92,73355adc-1ced-4a3b-8da9-68e428a4b72e,C533588911,CASH_IN,USD,False,2026-10-02T21:00:00+00:00
53,PAYMENT,2275.0,C162054679,13208.21,10933.21,M242635234,0.0,0.0,0,0,0.0,2275.0,c339430d-492f-494b-a912-1b2988e74eb3,C162054679,PAYMENT,USD,False,2026-10-03T05:00:00+00:00
50,PAYMENT,1698.29,C524554436,16342.16,14643.87,M149198538,0.0,0.0,0,0,-0.0,1698.29,b31ebbc2-e0f4-43fc-ac38-dfc58dfce86c,C524554436,PAYMENT,USD,False,2026-10-03T02:00:00+00:00
35,DEBIT,1050.13,C837376984,1896.39,846.26,C270689421,2554.22,3604.35,0,0,0.0,0.0,9974956d-d9e3-40e4-a19a-29130df11ca9,C837376984,DEBIT,USD,False,2026-10-02T11:00:00+00:00
5,PAYMENT,1639.77,C890712224,11265.01,9625.24,M610456846,0.0,0.0,0,0,0.0,1639.77,b68d71fe-ed13-4347-ab22-7ca2816e241e,C890712224,PAYMENT,USD,False,2026-10-01T05:00:00+00:00
50,PAYMENT,1621.42,C575201165,11686.44,10065.02,M710308420,0.0,0.0,0,0,0.0,1621.42,e569e290-8002-4c05-bdaf-f65b9f8624b4,C575201165,PAYMENT,USD,False,2026-10-03T02:00:00+00:00
9,DEBIT,1866.57,C264636839,4331.58,2465.01,C505793871,3599.93,5466.5,0,0,0.0,0.0,c7bf55d5-4ab6-43ce-a13c-dc9d5d9c60eb,C264636839,DEBIT,USD,False,2026-10-01T09:00:00+00:00
25,CASH_IN,6453.14,C842277684,16288.92,22742.06,C297952816,58440.21,51987.07,0,0,-12906.28,12906.28,cbe80d0b-7b2c-4e1e-99fa-2cb4185cb5fc,C842277684,CASH_IN,USD,False,2026-10-02T01:00:00+00:00
97,PAYMENT,3550.65,C437691152,16776.2,13225.55,M391518128,0.0,0.0,0,0,0.0,3550.65,395fbe31-2ebb-4bbf-9109-2fc0a21261bf,C437691152,PAYMENT,USD,False,2026-10-05T01:00:00+00:00
14,TRANSFER,969973.79,C522178551,969973.79,0.0,C902937649,3074.35,973048.14,1,1,0.0,0.0,e0abb5bc-62ed-4c0f-9efd-78d5e857988e,C522178551,TRANSFER,USD,False,2026-10-01T14:00:00+00:00
64,PAYMENT,2968.78,C317459614,29389.43,26420.65,M183101094,0.0,0.0,0,0,0.0,2968.78,f4af4cda-79f9-4874-986f-ff7cb76525e2,C317459614,PAYMENT,USD,False,2026-10-03T16:00:00+00:00
36,CASH_OUT,123036.2,C698663298,135073.77,12037.57,C322949179,7412.81,130449.01,0,0,-0.0,0.0,ccbcbefd-7a6d-491f-af10-e9bbe66bafaa,C698663298,CASH_OUT,USD,False,2026-10-02T12:00:00+00:00
93,CASH_IN,47285.53,C510148951,17400.52,64686.05,C376322265,63796.25,16510.72,0,0,-94571.06,94571.06,d8e780a2-f9f6-4695-b3dd-17e544904591,C510148951,CASH_IN,USD,False,2026-10-04T21:00:00+00:00
69,TRANSFER,131918.47,C286283655,264861.54,132943.07,C347648853,76147.14,208065.61,0,0,-0.0,0.0,c3c882ff-ec1d-41aa-9090-7f6ebea58c42,C286283655,TRANSFER,USD,False,2026-10-03T21:00:00+00:00
96,PAYMENT,4911.99,C472384530,33036.48,28124.49,M280267742,0.0,0.0,0,0,0.0,4911.99,5e168f32-8f66-40ab-8840-eb72296f158c,C472384530,PAYMENT,USD,False,2026-10-05T00:00:00+00:00
19,CASH_IN,39228.65,C841520570,15071.88,54300.53,C319044298,4198.33,0.0,0,0,-78457.3,43426.98,8adea4d6-82a1-48b6-b22c-d1c3c360f017,C841520570,CASH_IN,USD,False,2026-10-01T19:00:00+00:00
28,DEBIT,1636.97,C818341713,6682.35,5045.38,C789927700,2659.69,4296.66,0,0,0.0,0.0,61e4f38d-b29a-4514-945e-7ff4b3318d0c,C818341713,DEBIT,USD,False,2026-10-02T04:00:00+00:00
24,PAYMENT,4119.02,C963572942,36376.09,32257.07,M439531501,0.0,0.0,0,0,-0.0,4119.02,bd84ebec-da20-400a-9b46-c7344f879c71,C963572942,PAYMENT,USD,False,2026-10-02T00:00:00+00:00
34,PAYMENT,2270.46,C698452695,10519.96,8249.5,M994135247,0.0,0.0,0,0,0.0,2270.46,84f184c0-39da-45f2-ab2a-7c14a71f4f92,C698452695,PAYMENT,USD,False,2026-10-02T10:00:00+00:00
53,CASH_OUT,62879.12,C709329827,130012.88,67133.76,C511326341,16690.14,79569.26,0,0,0.0,0.0,6a0c8598-0020-4a36-9944-d20f6db550b0,C709329827,CASH_OUT,USD,False,2026-10-03T05:00:00+00:00
40,PAYMENT,1711.95,C329987621,9204.19,7492.24,M922653967,0.0,0.0,0,0,0.0,1711.95,02496ea2-af6d-40ee-a263-6991fa81462d,C329987621,PAYMENT,USD,False,2026-10-02T16:00:00+00:00
16,PAYMENT,385.3,C151416270,671.04,285.74,M354979960,0.0,0.0,0,0,-0.0,385.3,08d12c71-9269-480b-9de1-4fd5f97d71ef,C151416270,PAYMENT,USD,False,2026-10-01T16:00:00+00:00
24,PAYMENT,2163.51,C805778992,16521.63,14358.12,M131344962,0.0,0.0,0,0,0.0,2163.51,96d3c82a-a0d8-48bb-8577-1ebcc39f6341,C805778992,PAYMENT,USD,False,2026-10-02T00:00:00+00:00
51,CASH_OUT,25829.66,C984830703,54395.44,28565.78,C278460662,15186.12,41015.78,0,0,0.0,0.0,ff3c5d45-decb-41b9-816b-d69587e3d806,C984830703,CASH_OUT,USD,False,2026-10-03T03:00:00+00:00
23,PAYMENT,2153.09,C649754558,7339.03,5185.94,M307582943,0.0,0.0,0,0,0.0,2153.09,d15b5aa2-e627-4e1a-8e72-37b8bb08f7d2,C649754558,PAYMENT,USD,False,2026-10-01T23:00:00+00:00
55,CASH_OUT,65071.23,C889123047,171736.49,106665.26,C267373231,39677.93,104749.16,0,0,-0.0,0.0,fc60ee77-a8e1-4df5-9def-ab2153aac381,C889123047,CASH_OUT,USD,False,2026-10-03T07:00:00+00:00
25,CASH_IN,19718.93,C688421294,6468.37,26187.3,C240553542,79336.47,59617.54,0,0,-39437.86,39437.86,70967fc5-36dd-4c85-8e69-de6be27e0062,C688421294,CASH_IN,USD,False,2026-10-02T01:00:00+00:00
97,CASH_OUT,77881.97,C635354547,128010.41,50128.44,C292198192,18693.94,96575.91,0,0,0.0,0.0,132d823f-d72e-46bc-9b47-1c35124f2382,C635354547,CASH_OUT,USD,False,2026-10-05T01:00:00+00:00
43,CASH_IN,7007.47,C163771640,16335.25,23342.72,C687430562,33631.31,26623.84,0,0,-14014.94,14014.94,9fa1e3b9-576f-4ea2-b77b-8957f0a8267c,C163771640,CASH_IN,USD,False,2026-10-02T19:00:00+00:00
85,CASH_IN,47898.76,C932332520,13012.24,60911.0,C149544013,43436.25,0.0,0,0,-95797.52,91335.01,5c3c36c2-ed06-4415-9a77-f54c99902e9d,C932332520,CASH_IN,USD,False,2026-10-04T13:00:00+00:00
40,PAYMENT,4805.03,C925310631,31896.15,27091.12,M410075739,0.0,0.0,0,0,0.0,4805.03,91c1ac60-2aef-4d73-8949-1ec2d91c928f,C925310631,PAYMENT,USD,False,2026-10-02T16:00:00+00:00
18,PAYMENT,3841.75,C556845156,36306.33,32464.58,M297822758,0.0,0.0,0,0,0.0,3841.75,3d88e45c-37e6-48f9-bbf2-3438e68a5223,C556845156,PAYMENT,USD,False,2026-10-01T18:00:00+00:00
15,PAYMENT,4117.3,C683155818,24203.1,20085.8,M493914829,0.0,0.0,0,0,0.0,4117.3,c3b4a7d7-8819-48c3-a630-bad9b7591836,C683155818,PAYMENT,USD,False,2026-10-01T15:00:00+00:00
1,CASH_OUT,37825.06,C833935852,50024.71,12199.65,C909920336,3080.98,40906.04,0,0,0.0,0.0,2b191a56-953d-4cd7-a097-de3ce83d91cf,C833935852,CASH_OUT,USD,False,2026-10-01T01:00:00+00:00
90,CASH_IN,4376.85,C801846847,11480.05,15856.9,C641359164,31913.58,27536.73,0,0,-8753.7,8753.7,199a0136-cd0f-4eb6-b42b-0fb3b796ddf5,C801846847,CASH_IN,USD,False,2026-10-04T18:00:00+00:00
88,PAYMENT,3282.14,C855171538,5712.31,2430.17,M103893877,0.0,0.0,0,0,0.0,3282.14,0dbe3f7f-6327-4f15-887a-e053505275b8,C855171538,PAYMENT,USD,False,2026-10-04T16:00:00+00:00
89,TRANSFER,198478.65,C746116751,280780.57,82301.92,C458055473,75522.42,274001.07,0,0,0.0,0.0,1dac9a0c-3bbd-4653-b697-77f4cc369f26,C746116751,TRANSFER,USD,False,2026-10-04T17:00:00+00:00
78,PAYMENT,4724.03,C857725862,16449.5,11725.47,M377539386,0.0,0.0,0,0,0.0,4724.03,ecd6ddb7-8f36-4946-95ed-42e9973806ab,C857725862,PAYMENT,USD,False,2026-10-04T06:00:00+00:00
97,CASH_OUT,70735.43,C944420203,209017.12,138281.69,C136631805,34403.06,105138.49,0,0,0.0,-0.0,5149a941-6153-4436-accd-ff6090d46226,C944420203,CASH_OUT,USD,False,2026-10-05T01:00:00+00:00
27,CASH_OUT,132036.94,C912381668,352471.66,220434.72,C421686223,21591.13,153628.07,0,0,-0.0,0.0,fde39f97-bcec-416d-9113-a67987046ee7,C912381668,CASH_OUT,USD,False,2026-10-02T03:00:00+00:00
47,CASH_OUT,16887.65,C646250322,17432.97,545.32,C590650359,19001.46,35889.11,0,0,-0.0,0.0,491ea937-f971-4efb-a41e-976b9414d35e,C646250322,CASH_OUT,USD,False,2026-10-02T23:00:00+00:00
70,CASH_OUT,6064.75,C836040046,15149.1,9084.35,C585796257,23138.45,29203.2,0,0,0.0,0.0,029c346c-3cbd-4ffb-9e79-2fa6143ffa30,C836040046,CASH_OUT,USD,False,2026-10-03T22:00:00+00:00
91,PAYMENT,1332.75,C762427117,10140.5,8807.75,M143650990,0.0,0.0,0,0,0.0,1332.75,41df59a2-3e37-4181-8495-76563ccd4131,C762427117,PAYMENT,USD,False,2026-10-04T19:00:00+00:00
23,PAYMENT,3232.78,C933345770,26710.04,23477.26,M897147278,0.0,0.0,0,0,0.0,3232.78,cb86f8ad-4e3e-4795-b718-bb89a0a79028,C933345770,PAYMENT,USD,False,2026-10-01T23:00:00+00:00
20,CASH_OUT,121195.32,C497034107,310872.71,189677.39,C380517824,11809.79,133005.11,0,0,0.0,0.0,54c04406-6e5d-474f-9635-de7c6ea0cc94,C497034107,CASH_OUT,USD,False,2026-10-01T20:00:00+00:00
78,CASH_IN,16478.13,C664634125,17584.79,34062.92,C711205057,46560.25,30082.12,0,0,-32956.26,32956.26,e73870c8-0f5d-41d4-9172-88e7e9173fc8,C664634125,CASH_IN,USD,False,2026-10-04T06:00:00+00:00
53,CASH_OUT,71911.99,C633542934,101221.44,29309.45,C202555271,48468.73,120380.72,0,0,-0.0,0.0,8169db74-fde6-48ea-903a-84a7e3679328,C633542934,CASH_OUT,USD,False,2026-10-03T05:00:00+00:00
17,CASH_IN,42175.13,C248232294,17694.42,59869.55,C124728380,99236.73,57061.6,0,0,-84350.26,84350.26,3928dd0b-0609-41ea-9b16-49b332a38ab6,C248232294,CASH_IN,USD,False,2026-10-01T17:00:00+00:00
82,CASH_IN,6252.64,C607387223,17853.73,24106.37,C815019129,42298.52,36045.88,0,0,-12505.28,12505.28,b2861920-0a0b-44db-b9ad-ef7900807907,C607387223,CASH_IN,USD,False,2026-10-04T10:00:00+00:00
66,PAYMENT,2644.04,C849863778,14590.97,11946.93,M501553607,0.0,0.0,0,0,0.0,2644.04,2794e93f-50b2-4c8a-ade8-7a4968df1dae,C849863778,PAYMENT,USD,False,2026-10-03T18:00:00+00:00
64,CASH_OUT,138375.05,C722889019,213363.84,74988.79,C112609563,1040.48,139415.53,0,0,0.0,0.0,10e587ca-de29-4339-bdf6-ebe00b948be5,C722889019,CASH_OUT,USD,False,2026-10-03T16:00:00+00:00
16,CASH_OUT,127945.86,C437755361,245568.09,117622.23,C575191040,1642.99,129588.85,0,0,0.0,0.0,3d5fcf88-2334-4083-b3b7-b279d896ced8,C437755361,CASH_OUT,USD,False,2026-10-01T16:00:00+00:00
67,CASH_IN,8377.59,C374797453,19261.71,27639.3,C475877510,90546.91,82169.32,0,0,-16755.18,16755.18,728a6101-c850-446d-936d-237a494bdd0d,C374797453,CASH_IN,USD,False,2026-10-03T19:00:00+00:00
67,PAYMENT,1277.31,C104338455,8917.84,7640.53,M691039645,0.0,0.0,0,0,0.0,1277.31,bdd6d3ed-f81a-430e-8d5a-0ee41109be04,C104338455,PAYMENT,USD,False,2026-10-03T19:00:00+00:00
95,CASH_IN,27502.15,C196814848,16595.3,44097.45,C879685499,91585.89,64083.74,0,0,-55004.3,55004.3,efb0dbb6-ef30-4499-9f8e-8cca91451727,C196814848,CASH_IN,USD,False,2026-10-04T23:00:00+00:00
23,PAYMENT,1334.3,C645369987,2839.34,1505.04,M617817389,0.0,0.0,0,0,0.0,1334.3,1fc88682-2e69-4ebe-8eb0-325bc40e7a13,C645369987,PAYMENT,USD,False,2026-10-01T23:00:00+00:00
60,TRANSFER,120753.47,C852047789,136444.55,15691.08,C700820902,54505.56,175259.03,0,0,-0.0,0.0,8ed9d7a5-0f3e-491e-af1a-783ffb090a73,C852047789,TRANSFER,USD,False,2026-10-03T12:00:00+00:00
52,TRANSFER,123505.58,C617842580,364579.56,241073.98,C201975326,33799.35,157304.93,0,0,-0.0,0.0,8b6e6daf-38b8-4cf4-9d4b-de5727eb0675,C617842580,TRANSFER,USD,False,2026-10-03T04:00:00+00:00
80,PAYMENT,1416.19,C570365157,7691.06,6274.87,M996309776,0.0,0.0,0,0,0.0,1416.19,cef5aba0-c373-4ec0-873e-7649b109b8f3,C570365157,PAYMENT,USD,False,2026-10-04T08:00:00+00:00
81,PAYMENT,3619.39,C863412586,29314.41,25695.02,M357798550,0.0,0.0,0,0,0.0,3619.39,dadd3365-1734-427a-bd41-77a40a4c3675,C863412586,PAYMENT,USD,False,2026-10-04T09:00:00+00:00
75,CASH_OUT,96124.73,C648710142,192906.96,96782.23,C349564952,35231.46,131356.19,0,0,0.0,0.0,0b667c10-e4b5-4025-824f-34eda4814757,C648710142,CASH_OUT,USD,False,2026-10-04T03:00:00+00:00
23,CASH_IN,9288.48,C216345156,16141.55,25430.03,C937878293,23079.76,13791.28,0,0,-18576.96,18576.96,2d55a18d-3886-45d5-bede-204407cf779b,C216345156,CASH_IN,USD,False,2026-10-01T23:00:00+00:00
96,CASH_OUT,148193.79,C906987321,338020.95,189827.16,C342466812,22682.7,170876.49,0,0,0.0,0.0,a7ad8510-3fc8-4618-a34d-27212c468a36,C906987321,CASH_OUT,USD,False,2026-10-05T00:00:00+00:00
64,PAYMENT,4986.72,C266701228,47076.45,42089.73,M462276937,0.0,0.0,0,0,-0.0,4986.72,20a99329-414f-41ca-8a17-da8a69662abe,C266701228,PAYMENT,USD,False,2026-10-03T16:00:00+00:00
50,PAYMENT,1647.56,C216649547,11122.73,9475.17,M584832360,0.0,0.0,0,0,0.0,1647.56,f7981767-14d8-47c4-8e93-428a1cac0cf0,C216649547,PAYMENT,USD,False,2026-10-03T02:00:00+00:00
23,PAYMENT,663.36,C127681228,5379.76,4716.4,M484659715,0.0,0.0,0,0,0.0,663.36,abd43ac9-c545-472d-bf93-6d24391dbc9e,C127681228,PAYMENT,USD,False,2026-10-01T23:00:00+00:00
99,PAYMENT,1170.74,C963592105,5991.7,4820.96,M197106014,0.0,0.0,0,0,0.0,1170.74,e5257da8-a154-4cb3-9528-53b1d36c2726,C963592105,PAYMENT,USD,False,2026-10-05T03:00:00+00:00
26,CASH_OUT,12599.59,C574484446,15116.38,2516.79,C311952606,29468.79,42068.38,0,0,-0.0,0.0,99906761-93b7-4ad2-acfe-adaab91df33a,C574484446,CASH_OUT,USD,False,2026-10-02T02:00:00+00:00
99,PAYMENT,4369.86,C570685902,33604.87,29235.01,M885764410,0.0,0.0,0,0,0.0,4369.86,6ac5387a-9dae-4be9-bcd3-783c52b10350,C570685902,PAYMENT,USD,False,2026-10-05T03:00:00+00:00
38,CASH_IN,35466.38,C430059164,1459.88,36926.26,C943493564,89772.1,54305.72,0,0,-70932.76,70932.76,f31a2299-5f5d-46a3-9835-ac31d468f670,C430059164,CASH_IN,USD,False,2026-10-02T14:00:00+00:00
32,CASH_IN,27514.17,C352268460,18706.35,46220.52,C102051917,55761.92,28247.75,0,0,-55028.34,55028.34,e0a04454-c441-4f9f-b7e9-80ee951ddeb8,C352268460,CASH_IN,USD,False,2026-10-02T08:00:00+00:00
28,CASH_OUT,17828.02,C736047284,19921.11,2093.09,C277069484,37039.0,54867.02,0,0,0.0,0.0,43198fc1-5bcd-476d-a0c0-6a0d9ba2965b,C736047284,CASH_OUT,USD,False,2026-10-02T04:00:00+00:00
22,CASH_OUT,132749.4,C298267042,202892.17,70142.77,C977370600,27568.03,160317.43,0,0,0.0,0.0,3bb1e247-22fd-4245-913a-653de8f54802,C298267042,CASH_OUT,USD,False,2026-10-01T22:00:00+00:00
13,PAYMENT,4289.15,C759142836,14592.14,10302.99,M742045128,0.0,0.0,0,0,0.0,4289.15,34b5cab3-5802-4cf4-aba4-b17606fee044,C759142836,PAYMENT,USD,False,2026-10-01T13:00:00+00:00
53,CASH_IN,47968.84,C194586747,14419.01,62387.85,C951511125,92643.85,44675.01,0,0,-95937.68,95937.68,393ffa69-0c59-4df7-87fb-300acf1dc648,C194586747,CASH_IN,USD,False,2026-10-03T05:00:00+00:00
29,PAYMENT,1781.19,C536217455,2934.46,1153.27,M441765096,0.0,0.0,0,0,0.0,1781.19,132a9ba9-d646-43df-86dc-39fc2e05c64b,C536217455,PAYMENT,USD,False,2026-10-02T05:00:00+00:00
13,CASH_OUT,146807.15,C429526663,151489.05,4681.9,C669165072,9285.62,156092.77,0,0,-0.0,0.0,c9d0974a-e58f-4bda-b7c4-5fb109b020fe,C429526663,CASH_OUT,USD,False,2026-10-01T13:00:00+00:00
64,PAYMENT,714.81,C288444798,6796.5,6081.69,M628527920,0.0,0.0,0,0,0.0,714.81,59b503a4-bcfb-4bfe-bb7a-771f92dce0ea,C288444798,PAYMENT,USD,False,2026-10-03T16:00:00+00:00
65,PAYMENT,1491.66,C733127285,9518.88,8027.22,M991346322,0.0,0.0,0,0,-0.0,1491.66,8fb5d265-2bf2-4d06-aee7-6eb94ac77c1a,C733127285,PAYMENT,USD,False,2026-10-03T17:00:00+00:00
21,CASH_OUT,134264.18,C702573674,156285.89,22021.71,C365832458,8418.99,142683.17,0,0,0.0,-0.0,da8ca96b-a711-4b66-998b-3a7c6eefa82f,C702573674,CASH_OUT,USD,False,2026-10-01T21:00:00+00:00
86,CASH_IN,11886.21,C691701787,14737.87,26624.08,C738881101,26929.24,15043.03,0,0,-23772.42,23772.42,9b2d0189-e3e4-4b2c-b02b-891bc0709fc8,C691701787,CASH_IN,USD,False,2026-10-04T14:00:00+00:00
39,CASH_OUT,16841.32,C739712731,18074.52,1233.2,C885876277,36934.02,53775.34,0,0,0.0,0.0,da54641d-8d84-4109-8af2-08c3502a5267,C739712731,CASH_OUT,USD,False,2026-10-02T15:00:00+00:00
90,CASH_OUT,145974.71,C130998324,379333.89,233359.18,C753770973,35489.14,181463.85,0,0,0.0,-0.0,6d403254-e8a4-4ba4-982a-3e54106c4c5b,C130998324,CASH_OUT,USD,False,2026-10-04T18:00:00+00:00
79,CASH_OUT,20178.77,C821672704,29806.98,9628.21,C226552991,5847.45,26026.22,0,0,0.0,0.0,55d24be3-9d2b-4119-a0fd-0ea002ab09eb,C821672704,CASH_OUT,USD,False,2026-10-04T07:00:00+00:00
38,PAYMENT,4202.71,C242292276,36394.46,32191.75,M593251831,0.0,0.0,0,0,0.0,4202.71,53067c2e-4eef-4d7f-852b-080ccb41662a,C242292276,PAYMENT,USD,False,2026-10-02T14:00:00+00:00
83,CASH_IN,49025.18,C984362336,17858.97,66884.15,C338651333,56269.31,7244.13,0,0,-98050.36,98050.36,3f959a21-ea6f-4807-823f-102cc4af99eb,C984362336,CASH_IN,USD,False,2026-10-04T11:00:00+00:00
80,CASH_OUT,84393.65,C645823493,197730.0,113336.35,C802867083,47517.76,131911.41,0,0,0.0,0.0,1cdf1ae1-a5b3-4173-9988-a1d405a00852,C645823493,CASH_OUT,USD,False,2026-10-04T08:00:00+00:00
64,CASH_IN,24550.82,C547047480,12630.17,37180.99,C430720723,34519.47,9968.65,0,0,-49101.64,49101.64,bd095ebc-76d1-4d55-bb93-aa00ad0ec905,C547047480,CASH_IN,USD,False,2026-10-03T16:00:00+00:00
9,CASH_IN,28901.23,C322272362,4900.94,33802.17,C593054651,60721.65,31820.42,0,0,-57802.46,57802.46,97de5c11-6261-4d57-9aab-ff3a2d432a87,C322272362,CASH_IN,USD,False,2026-10-01T09:00:00+00:00
76,CASH_OUT,101791.13,C710898358,226245.68,124454.55,C294627041,38958.21,140749.34,0,0,-0.0,0.0,eede2869-07ae-4fb7-aafa-f0a8599f4442,C710898358,CASH_OUT,USD,False,2026-10-04T04:00:00+00:00
83,PAYMENT,1214.92,C387547461,1931.45,716.53,M822628024,0.0,0.0,0,0,0.0,1214.92,21cd47e0-0816-4059-96f4-3e87be1e740f,C387547461,PAYMENT,USD,False,2026-10-04T11:00:00+00:00
77,CASH_IN,44381.56,C186536594,18932.01,63313.57,C614076961,27780.33,0.0,0,0,-88763.12,72161.89,2c6fb45a-f13f-4122-bae9-5501512916f5,C186536594,CASH_IN,USD,False,2026-10-04T05:00:00+00:00
68,CASH_IN,31759.86,C495446550,8372.49,40132.35,C214168939,4320.15,0.0,0,0,-63519.72,36080.01,c715512e-1d87-4ba8-a573-960c9915a0ff,C495446550,CASH_IN,USD,False,2026-10-03T20:00:00+00:00
29,PAYMENT,4475.15,C657162259,14568.62,10093.47,M184675178,0.0,0.0,0,0,0.0,4475.15,855846a7-fa37-4993-9c71-32f316c93b80,C657162259,PAYMENT,USD,False,2026-10-02T05:00:00+00:00
38,CASH_OUT,661602.36,C444939454,661602.36,0.0,C125528300,4983.94,666586.3,1,0,0.0,-0.0,2bed05fe-e57d-478c-8076-4fe7bbdbce7c,C444939454,CASH_OUT,USD,False,2026-10-02T14:00:00+00:00
72,CASH_OUT,42473.26,C753962570,51656.36,9183.1,C834883010,3191.85,45665.11,0,0,-0.0,0.0,0148f318-5448-4598-8879-b4597fea40e7,C753962570,CASH_OUT,USD,False,2026-10-04T00:00:00+00:00
9,CASH_OUT,137769.11,C235155873,199151.92,61382.81,C955971089,48944.57,186713.68,0,0,0.0,0.0,31128c8f-e8e8-4319-a547-4e0bf5984a5a,C235155873,CASH_OUT,USD,False,2026-10-01T09:00:00+00:00
65,CASH_OUT,145493.55,C478325727,314136.69,168643.14,C549897021,26662.05,172155.6,0,0,0.0,-0.0,33633a21-0583-4854-8f8c-b543fd5016ca,C478325727,CASH_OUT,USD,False,2026-10-03T17:00:00+00:00
82,PAYMENT,1197.89,C412862865,3450.44,2252.55,M332071545,0.0,0.0,0,0,0.0,1197.89,7a0698b2-6772-4b78-b0c7-b19b8c028d62,C412862865,PAYMENT,USD,False,2026-10-04T10:00:00+00:00
77,PAYMENT,157.97,C162657456,998.0,840.03,M213781087,0.0,0.0,0,0,0.0,157.97,05574629-42e8-4453-8d49-2d7964825867,C162657456,PAYMENT,USD,False,2026-10-04T05:00:00+00:00
85,PAYMENT,3646.05,C451583458,30296.89,26650.84,M618221003,0.0,0.0,0,0,0.0,3646.05,e5d6490a-acf8-458e-aea1-92d79ad69e63,C451583458,PAYMENT,USD,False,2026-10-04T13:00:00+00:00
47,CASH_OUT,10526.32,C856528252,15324.18,4797.86,C810026086,14469.4,24995.72,0,0,0.0,0.0,9da2dc51-c3c7-4693-8df6-48559521317b,C856528252,CASH_OUT,USD,False,2026-10-02T23:00:00+00:00
13,CASH_OUT,141419.13,C763047617,237667.1,96247.97,C278165076,35820.58,177239.71,0,0,0.0,0.0,2034e556-6a59-4ad8-a822-0876912ca9af,C763047617,CASH_OUT,USD,False,2026-10-01T13:00:00+00:00
90,CASH_IN,36667.42,C505295431,19298.26,55965.68,C847455877,37796.74,1129.32,0,0,-73334.84,73334.84,59fce3b4-5571-4731-a182-d52adebf1014,C505295431,CASH_IN,USD,False,2026-10-04T18:00:00+00:00
97,CASH_IN,535.65,C151694764,5756.91,6292.56,C521626653,68076.3,67540.65,0,0,-1071.3,1071.3,b4f4da22-a7af-4bea-a4e2-d3dda589a8b7,C151694764,CASH_IN,USD,False,2026-10-05T01:00:00+00:00
33,CASH_OUT,115143.87,C874090950,308202.63,193058.76,C831062591,31412.41,146556.28,0,0,0.0,0.0,00e682a2-29f4-43a0-b020-3ac153d50c40,C874090950,CASH_OUT,USD,False,2026-10-02T09:00:00+00:00
64,PAYMENT,3195.64,C103969701,9818.5,6622.86,M844339911,0.0,0.0,0,0,0.0,3195.64,5c3bfe18-8fc2-480d-bbea-c0b7f107641b,C103969701,PAYMENT,USD,False,2026-10-03T16:00:00+00:00
33,CASH_OUT,69220.18,C519998159,172924.6,103704.42,C825088319,36715.67,105935.85,0,0,0.0,-0.0,ff619bd5-2be0-4c8c-ae4d-5d63e5752047,C519998159,CASH_OUT,USD,False,2026-10-02T09:00:00+00:00
61,CASH_OUT,83680.14,C550855136,87867.86,4187.72,C402142953,43605.97,127286.11,0,0,0.0,0.0,aba4686a-2867-40dd-a67c-852f7d9d31e1,C550855136,CASH_OUT,USD,False,2026-10-03T13:00:00+00:00
92,PAYMENT,2655.13,C741444618,14735.86,12080.73,M587173220,0.0,0.0,0,0,0.0,2655.13,314a150d-110f-48c3-820b-8106dd80c539,C741444618,PAYMENT,USD,False,2026-10-04T20:00:00+00:00
7,TRANSFER,151405.63,C299710882,235217.23,83811.6,C515486106,76899.68,228305.31,0,0,0.0,0.0,9085816f-616c-463f-b217-b610a63ef1c3,C299710882,TRANSFER,USD,False,2026-10-01T07:00:00+00:00
29,CASH_IN,35716.03,C178343942,4134.74,39850.77,C631797707,64401.69,28685.66,0,0,-71432.06,71432.06,8838dbe9-5972-429d-b52b-90d0aaec649b,C178343942,CASH_IN,USD,False,2026-10-02T05:00:00+00:00
36,PAYMENT,134.44,C221814525,738.26,603.82,M299767568,0.0,0.0,0,0,-0.0,134.44,437e40b9-6903-42b9-a06a-92822e3a2153,C221814525,PAYMENT,USD,False,2026-10-02T12:00:00+00:00
65,CASH_IN,15153.05,C453397017,17763.1,32916.15,C380389567,99644.9,84491.85,0,0,-30306.1,30306.1,d1a23932-3f6e-4d7c-848d-f8a1e9d7d0c7,C453397017,CASH_IN,USD,False,2026-10-03T17:00:00+00:00
77,PAYMENT,782.12,C156488296,5131.13,4349.01,M910069356,0.0,0.0,0,0,0.0,782.12,e15c9e18-074e-483e-8349-41782b7944de,C156488296,PAYMENT,USD,False,2026-10-04T05:00:00+00:00
46,CASH_OUT,31554.94,C648242211,73372.62,41817.68,C206310240,2236.78,33791.72,0,0,-0.0,0.0,3d33b39e-e17d-44f2-8080-415a28f92fd4,C648242211,CASH_OUT,USD,False,2026-10-02T22:00:00+00:00
99,CASH_OUT,9980.07,C616974827,16994.71,7014.64,C944284468,28122.91,38102.98,0,0,-0.0,-0.0,045f0cfe-9586-48a2-93c9-3426332eb3fe,C616974827,CASH_OUT,USD,False,2026-10-05T03:00:00+00:00
60,PAYMENT,189.86,C532514798,1758.54,1568.68,M672805833,0.0,0.0,0,0,-0.0,189.86,af057f37-3b65-4b13-ab44-f4b8b1b06ee9,C532514798,PAYMENT,USD,False,2026-10-03T12:00:00+00:00
42,CASH_OUT,49103.54,C975938389,90581.14,41477.6,C859548363,15739.42,64842.96,0,0,0.0,0.0,5027e9a5-cd20-4ff2-a614-8c303963aeff,C975938389,CASH_OUT,USD,False,2026-10-02T18:00:00+00:00
22,CASH_OUT,64786.47,C706548633,67819.56,3033.09,C921348247,48667.85,113454.32,0,0,-0.0,0.0,5bfecb1a-18fe-4170-847e-c960bb4eb8c2,C706548633,CASH_OUT,USD,False,2026-10-01T22:00:00+00:00
63,TRANSFER,80248.15,C636865376,141826.29,61578.14,C133329291,37887.8,118135.95,0,0,0.0,0.0,c9f079c4-c068-4d20-b73e-428a219c1a5b,C636865376,TRANSFER,USD,False,2026-10-03T15:00:00+00:00
81,CASH_IN,21662.66,C465859402,18781.6,40444.26,C473520526,91784.44,70121.78,0,0,-43325.32,43325.32,3bc8d8e5-113b-4865-99ef-a2997f211220,C465859402,CASH_IN,USD,False,2026-10-04T09:00:00+00:00
44,PAYMENT,1514.46,C100346058,13739.4,12224.94,M401620687,0.0,0.0,0,0,-0.0,1514.46,1b81f376-609d-4491-9442-69c6711fc9c4,C100346058,PAYMENT,USD,False,2026-10-02T20:00:00+00:00
95,CASH_IN,45466.03,C817793095,3361.99,48828.02,C324741375,78553.13,33087.1,0,0,-90932.06,90932.06,90c2799f-adc8-4e1e-bae4-3b898228c778,C817793095,CASH_IN,USD,False,2026-10-04T23:00:00+00:00
61,CASH_OUT,144065.62,C812682111,341168.72,197103.1,C183839817,26959.86,171025.48,0,0,-0.0,-0.0,6fc04945-708b-4e4d-a4b7-9ad568284d4a,C812682111,CASH_OUT,USD,False,2026-10-03T13:00:00+00:00
36,PAYMENT,2480.06,C253803731,11422.66,8942.6,M222988105,0.0,0.0,0,0,0.0,2480.06,d92cdf9a-f506-4b0c-a665-71cb5bacfd18,C253803731,PAYMENT,USD,False,2026-10-02T12:00:00+00:00
10,PAYMENT,775.05,C307821754,7643.95,6868.9,M865497633,0.0,0.0,0,0,0.0,775.05,e87aff98-9776-463c-b619-59865d77ea73,C307821754,PAYMENT,USD,False,2026-10-01T10:00:00+00:00
83,PAYMENT,3424.99,C936597989,18175.67,14750.68,M846668526,0.0,0.0,0,0,-0.0,3424.99,bef9737f-0e06-46ad-a896-1b0056cfbc72,C936597989,PAYMENT,USD,False,2026-10-04T11:00:00+00:00
77,PAYMENT,4512.06,C457885126,8862.86,4350.8,M448485542,0.0,0.0,0,0,0.0,4512.06,ef01a56a-c3c2-4a1d-839a-97275c2afd92,C457885126,PAYMENT,USD,False,2026-10-04T05:00:00+00:00
24,PAYMENT,1474.09,C263376073,12063.55,10589.46,M918230535,0.0,0.0,0,0,0.0,1474.09,49851ec3-2bfc-4a42-896b-e89e5ef9bac2,C263376073,PAYMENT,USD,False,2026-10-02T00:00:00+00:00
69,DEBIT,1029.99,C118241330,4476.33,3446.34,C350591155,4120.85,5150.84,0,0,0.0,0.0,1efb8dc6-9cdc-4b3a-a70f-45ca70a07a36,C118241330,DEBIT,USD,False,2026-10-03T21:00:00+00:00
9,PAYMENT,805.9,C467328357,5807.13,5001.23,M975333606,0.0,0.0,0,0,0.0,805.9,9aac5430-c44b-4d9b-8325-115bd5ef35d7,C467328357,PAYMENT,USD,False,2026-10-01T09:00:00+00:00
33,CASH_OUT,29203.78,C414778396,37086.08,7882.3,C924668479,43816.95,73020.73,0,0,0.0,0.0,4ba4c169-5bc7-4f68-977b-47b83cc1575b,C414778396,CASH_OUT,USD,False,2026-10-02T09:00:00+00:00
28,CASH_OUT,43204.82,C693091238,117105.27,73900.45,C224416241,46281.46,89486.28,0,0,0.0,0.0,d69e0be2-4b37-47aa-a7bf-dd1a7a100ca3,C693091238,CASH_OUT,USD,False,2026-10-02T04:00:00+00:00
12,CASH_IN,31005.14,C630873266,3775.71,34780.85,C706268926,30678.19,0.0,0,0,-62010.28,61683.33,85f5e522-b635-47ba-8ad8-9f94c647d843,C630873266,CASH_IN,USD,False,2026-10-01T12:00:00+00:00
11,TRANSFER,106623.17,C826413906,152442.54,45819.37,C845730200,16301.03,122924.2,0,0,0.0,0.0,c7c1f538-bc41-421a-958b-9ab1cde91944,C826413906,TRANSFER,USD,False,2026-10-01T11:00:00+00:00
21,CASH_OUT,141419.39,C923981508,246360.34,104940.95,C912796933,23374.55,164793.94,0,0,-0.0,0.0,dd51eb44-9fef-4e9a-867f-080966be1350,C923981508,CASH_OUT,USD,False,2026-10-01T21:00:00+00:00
33,CASH_OUT,114998.31,C345582133,336011.55,221013.24,C759880446,12019.6,127017.91,0,0,0.0,0.0,891c4e5c-539d-4a6a-9960-c7115b121e05,C345582133,CASH_OUT,USD,False,2026-10-02T09:00:00+00:00
10,CASH_OUT,2142.32,C912700913,5347.87,3205.55,C658280271,8309.85,10452.17,0,0,-0.0,0.0,cf5ef420-01ae-4f12-b96e-99eb7371fbb6,C912700913,CASH_OUT,USD,False,2026-10-01T10:00:00+00:00
88,PAYMENT,3831.61,C757213142,10365.27,6533.66,M436319356,0.0,0.0,0,0,0.0,3831.61,bc7d67e1-f5c6-4bda-a267-f41e1adf956f,C757213142,PAYMENT,USD,False,2026-10-04T16:00:00+00:00
22,CASH_OUT,63330.29,C462267940,135734.24,72403.95,C757463001,42445.04,105775.33,0,0,-0.0,0.0,97787ca6-449b-4cee-ab38-6bd2ba591f92,C462267940,CASH_OUT,USD,False,2026-10-01T22:00:00+00:00
10,CASH_OUT,30125.96,C686291021,70802.47,40676.51,C311147379,12501.18,42627.14,0,0,0.0,0.0,0efbe9db-18b8-4410-8068-e3e3d7b6c45b,C686291021,CASH_OUT,USD,False,2026-10-01T10:00:00+00:00
58,CASH_OUT,41367.32,C710133596,104355.08,62987.76,C138380513,7401.2,48768.52,0,0,0.0,0.0,d83f5ea7-1e08-4813-8063-b73926981ef7,C710133596,CASH_OUT,USD,False,2026-10-03T10:00:00+00:00
92,PAYMENT,1138.88,C414644549,2582.57,1443.69,M793486600,0.0,0.0,0,0,0.0,1138.88,5037016a-364f-4036-89eb-bd669e4abd2a,C414644549,PAYMENT,USD,False,2026-10-04T20:00:00+00:00
41,CASH_OUT,28317.97,C996869990,38348.88,10030.91,C313915836,14746.62,43064.59,0,0,-0.0,0.0,b342c04f-bc1c-47e3-8902-b0de7f806281,C996869990,CASH_OUT,USD,False,2026-10-02T17:00:00+00:00
8,TRANSFER,59971.54,C915280769,82137.51,22165.97,C483959761,44311.89,104283.43,0,0,-0.0,0.0,23dcfdd4-713f-47f3-b0a0-4c544896c752,C915280769,TRANSFER,USD,False,2026-10-01T08:00:00+00:00
68,PAYMENT,1747.48,C829141955,7897.27,6149.79,M455618641,0.0,0.0,0,0,0.0,1747.48,16d90f9d-15ee-4a9d-9002-4bcb6d407653,C829141955,PAYMENT,USD,False,2026-10-03T20:00:00+00:00
1,PAYMENT,2587.1,C516892730,10285.78,7698.68,M151989168,0.0,0.0,0,0,0.0,2587.1,1b029dce-273b-4898-a79c-fba69b6e1dd6,C516892730,PAYMENT,USD,False,2026-10-01T01:00:00+00:00
97,CASH_IN,25871.63,C599221581,17798.31,43669.94,C661950074,9756.19,0.0,0,0,-51743.26,35627.82,ed500553-9139-49ac-b3dc-a58c2954ed43,C599221581,CASH_IN,USD,False,2026-10-05T01:00:00+00:00
53,CASH_OUT,20665.25,C740285150,43622.88,22957.63,C120897684,4603.48,25268.73,0,0,-0.0,0.0,417e5ceb-a17b-43c3-8733-43f172f3936a,C740285150,CASH_OUT,USD,False,2026-10-03T05:00:00+00:00
71,PAYMENT,1107.09,C574792409,3138.9,2031.81,M388614830,0.0,0.0,0,0,0.0,1107.09,25368af4-a998-452d-87ed-07f38d0aeed0,C574792409,PAYMENT,USD,False,2026-10-03T23:00:00+00:00
80,CASH_IN,46176.95,C153009488,4412.5,50589.45,C858359280,44904.67,0.0,0,0,-92353.9,91081.62,59d0cde3-cb19-4938-8b3c-2060d68dada2,C153009488,CASH_IN,USD,False,2026-10-04T08:00:00+00:00
8,PAYMENT,645.35,C148445575,2671.68,2026.33,M493429840,0.0,0.0,0,0,0.0,645.35,357428de-ff11-47a2-92ab-113656063ac7,C148445575,PAYMENT,USD,False,2026-10-01T08:00:00+00:00
25,PAYMENT,4838.14,C715108993,46306.44,41468.3,M645126493,0.0,0.0,0,0,0.0,4838.14,8ec7fc47-3e2a-498c-af62-454648cbe8b3,C715108993,PAYMENT,USD,False,2026-10-02T01:00:00+00:00
20,PAYMENT,3423.76,C429408986,31691.18,28267.42,M763705212,0.0,0.0,0,0,0.0,3423.76,f4074721-74f4-4945-9d8a-9b11981cc834,C429408986,PAYMENT,USD,False,2026-10-01T20:00:00+00:00
2,CASH_OUT,72083.17,C485176589,103488.73,31405.56,C697653732,2929.24,75012.41,0,0,-0.0,0.0,aea0e765-7631-4978-8b49-17b62a0aebba,C485176589,CASH_OUT,USD,False,2026-10-01T02:00:00+00:00
41,CASH_IN,5638.7,C476459251,4742.59,10381.29,C859040836,83311.83,77673.13,0,0,-11277.4,11277.4,a0d0c461-5bee-4f26-9e92-a8572b4651b4,C476459251,CASH_IN,USD,False,2026-10-02T17:00:00+00:00
46,CASH_OUT,101609.79,C152560325,268268.06,166658.27,C379351967,8693.39,110303.18,0,0,0.0,0.0,cae09bb3-fc8e-43f5-bcc0-63fa75732d74,C152560325,CASH_OUT,USD,False,2026-10-02T22:00:00+00:00
20,TRANSFER,210249.29,C430242008,603351.35,393102.06,C489703924,25240.0,235489.29,0,0,-0.0,0.0,4eb11233-9682-4704-aaaa-9c76d29be34d,C430242008,TRANSFER,USD,False,2026-10-01T20:00:00+00:00
37,CASH_OUT,112323.39,C914691870,307355.52,195032.13,C700530563,33558.66,145882.05,0,0,0.0,0.0,65325408-03f4-4b08-a742-a2ef9df77d25,C914691870,CASH_OUT,USD,False,2026-10-02T13:00:00+00:00
55,CASH_OUT,47473.4,C200812989,80406.74,32933.34,C157948332,22001.89,69475.29,0,0,0.0,0.0,b8bec6e3-23b5-4112-af70-e6ed328c6638,C200812989,CASH_OUT,USD,False,2026-10-03T07:00:00+00:00
64,CASH_OUT,92579.26,C505657194,234497.85,141918.59,C478777212,14221.88,106801.14,0,0,0.0,0.0,0600424a-8d2d-4c06-bfbe-33da4b77e496,C505657194,CASH_OUT,USD,False,2026-10-03T16:00:00+00:00
91,CASH_OUT,77282.95,C312185392,189749.55,112466.6,C759835947,22749.47,100032.42,0,0,-0.0,0.0,1a42b212-a6c5-4c4d-bf90-5894ade8bed5,C312185392,CASH_OUT,USD,False,2026-10-04T19:00:00+00:00
60,PAYMENT,2172.2,C653747656,7376.76,5204.56,M858166756,0.0,0.0,0,0,0.0,2172.2,65fae11e-d192-4ea2-990a-bb3077176873,C653747656,PAYMENT,USD,False,2026-10-03T12:00:00+00:00
12,PAYMENT,3708.93,C576977976,30536.25,26827.32,M546257594,0.0,0.0,0,0,0.0,3708.93,8664e767-a26f-41ba-aaaf-7392223724fe,C576977976,PAYMENT,USD,False,2026-10-01T12:00:00+00:00
30,PAYMENT,401.66,C869850535,2662.63,2260.97,M444032199,0.0,0.0,0,0,0.0,401.66,db274a69-d64a-4623-9926-94db049789f3,C869850535,PAYMENT,USD,False,2026-10-02T06:00:00+00:00
45,PAYMENT,50.73,C157658939,245.0,194.27,M825063010,0.0,0.0,0,0,0.0,50.73,649dd895-4f58-408a-9259-f2b067a9a0b2,C157658939,PAYMENT,USD,False,2026-10-02T21:00:00+00:00
4,CASH_OUT,74273.24,C450717961,176826.69,102553.45,C939552941,40337.98,114611.22,0,0,0.0,0.0,6b870da3-a580-4756-acf4-831e69db74a7,C450717961,CASH_OUT,USD,False,2026-10-01T04:00:00+00:00
65,CASH_OUT,59131.47,C161042301,64848.83,5717.36,C279316246,7795.47,66926.94,0,0,0.0,0.0,bd6c2f17-b1d6-42a9-84c1-23e2f1750378,C161042301,CASH_OUT,USD,False,2026-10-03T17:00:00+00:00
38,CASH_IN,24575.82,C779573843,15639.49,40215.31,C718345671,33262.74,8686.92,0,0,-49151.64,49151.64,8d6fc483-30a1-4304-a8bf-027873298565,C779573843,CASH_IN,USD,False,2026-10-02T14:00:00+00:00
58,PAYMENT,3698.76,C825340529,28412.82,24714.06,M340848222,0.0,0.0,0,0,-0.0,3698.76,ec856a4b-809c-4901-9119-9f85192a5004,C825340529,PAYMENT,USD,False,2026-10-03T10:00:00+00:00
95,CASH_OUT,122371.45,C870253965,276886.28,154514.83,C835865418,9206.62,131578.07,0,0,0.0,0.0,1324e31e-6437-4bf7-a92b-b21e901f9423,C870253965,CASH_OUT,USD,False,2026-10-04T23:00:00+00:00
44,CASH_IN,9533.05,C571575822,5169.27,14702.32,C494991422,61118.56,51585.51,0,0,-19066.1,19066.1,a3999f9d-7d48-4851-bbb2-3c7275a67a7a,C571575822,CASH_IN,USD,False,2026-10-02T20:00:00+00:00
40,CASH_OUT,49166.26,C196954451,74852.57,25686.31,C731738359,15677.78,64844.04,0,0,0.0,0.0,0a79ece4-96df-4799-84e0-f78c3eb82b33,C196954451,CASH_OUT,USD,False,2026-10-02T16:00:00+00:00
43,CASH_IN,16446.37,C190305664,13800.87,30247.24,C388545571,13556.94,0.0,0,0,-32892.74,30003.31,c6238ec8-fdc7-47ba-9bd6-8c7322801f37,C190305664,CASH_IN,USD,False,2026-10-02T19:00:00+00:00
45,CASH_IN,16026.05,C365180555,3635.03,19661.08,C151063294,1053.06,0.0,0,0,-32052.1,17079.11,f833d55c-4da7-4c93-809d-859923c2caf4,C365180555,CASH_IN,USD,False,2026-10-02T21:00:00+00:00
90,CASH_IN,33165.0,C238392700,1410.49,34575.49,C339417144,12323.66,0.0,0,0,-66330.0,45488.66,4daa031f-49ab-454b-9b5e-183cc65de12c,C238392700,CASH_IN,USD,False,2026-10-04T18:00:00+00:00
77,CASH_IN,43474.6,C359085951,9890.64,53365.24,C813942334,70458.31,26983.71,0,0,-86949.2,86949.2,4c80eab7-d012-49e7-9bf7-b2b4ec7aa3d7,C359085951,CASH_IN,USD,False,2026-10-04T05:00:00+00:00
6,CASH_OUT,134895.74,C423581317,228715.09,93819.35,C656812572,14353.27,149249.01,0,0,0.0,-0.0,d6136e30-78ae-4e43-a025-ef6b1800c0a3,C423581317,CASH_OUT,USD,False,2026-10-01T06:00:00+00:00
56,CASH_OUT,73945.12,C805708989,201104.61,127159.49,C461083934,40035.15,113980.27,0,0,-0.0,-0.0,5babe058-3b5f-4310-87a2-4702a15843e2,C805708989,CASH_OUT,USD,False,2026-10-03T08:00:00+00:00
45,CASH_OUT,80801.04,C895018763,118048.93,37247.89,C792681026,6316.28,87117.32,0,0,0.0,-0.0,723e854e-7af4-4fce-812e-fe1061487bb7,C895018763,CASH_OUT,USD,False,2026-10-02T21:00:00+00:00
78,PAYMENT,210.77,C705180256,364.84,154.07,M130465806,0.0,0.0,0,0,-0.0,210.77,df013eea-3b86-4e0b-a0c8-2e4d10fed0e6,C705180256,PAYMENT,USD,False,2026-10-04T06:00:00+00:00
18,CASH_OUT,40973.29,C156788412,93111.57,52138.28,C550449730,47757.82,88731.11,0,0,0.0,0.0,8c408416-deb0-49ea-99ed-90cd47f17a24,C156788412,CASH_OUT,USD,False,2026-10-01T18:00:00+00:00
80,CASH_OUT,77285.61,C610241500,106334.94,29049.33,C808914863,49309.07,126594.68,0,0,0.0,0.0,e6a2dd29-2866-47ce-9684-0b23b8bcb91c,C610241500,CASH_OUT,USD,False,2026-10-04T08:00:00+00:00
89,CASH_OUT,28085.15,C128817630,79275.69,51190.54,C174615426,19294.71,47379.86,0,0,0.0,0.0,9c0f9f67-1931-46e4-ab34-21cf863f2520,C128817630,CASH_OUT,USD,False,2026-10-04T17:00:00+00:00
37,PAYMENT,2491.21,C214099789,6969.77,4478.56,M753910715,0.0,0.0,0,0,0.0,2491.21,4a891389-8291-44cc-89cb-86deb984fb1a,C214099789,PAYMENT,USD,False,2026-10-02T13:00:00+00:00
56,CASH_OUT,10134.09,C553393108,15460.07,5325.98,C193676413,47433.1,57567.19,0,0,0.0,0.0,89e5af8b-a899-42a8-a8a4-6e765f6d7d04,C553393108,CASH_OUT,USD,False,2026-10-03T08:00:00+00:00
30,PAYMENT,784.18,C501387022,6802.67,6018.49,M882206689,0.0,0.0,0,0,0.0,784.18,c58508b2-e732-4ec5-b515-e83ad1f5f6af,C501387022,PAYMENT,USD,False,2026-10-02T06:00:00+00:00
4,CASH_IN,42178.94,C174499298,10571.13,52750.07,C746027566,56128.46,13949.52,0,0,-84357.88,84357.88,321ffa09-30ed-486d-a54c-06db2b5511fe,C174499298,CASH_IN,USD,False,2026-10-01T04:00:00+00:00
61,CASH_OUT,9083.88,C132239174,13505.82,4421.94,C631430073,16676.92,25760.8,0,0,0.0,-0.0,0c773699-791d-4334-b5e9-414a9c1adb5a,C132239174,CASH_OUT,USD,False,2026-10-03T13:00:00+00:00
23,TRANSFER,146926.62,C609578849,298664.65,151738.03,C475551835,67012.3,213938.92,0,0,0.0,-0.0,000a71a6-8054-4012-9df6-f772eb4b8e71,C609578849,TRANSFER,USD,False,2026-10-01T23:00:00+00:00
5,CASH_IN,49325.46,C882649759,14953.98,64279.44,C680300568,38752.51,0.0,0,0,-98650.92,88077.97,697d6da9-6131-4fa2-b17f-8c6923ead536,C882649759,CASH_IN,USD,False,2026-10-01T05:00:00+00:00
72,PAYMENT,4055.25,C622754862,4997.99,942.74,M409024558,0.0,0.0,0,0,-0.0,4055.25,0c0b2cae-45c4-4e05-832c-fbe9ca038dff,C622754862,PAYMENT,USD,False,2026-10-04T00:00:00+00:00
99,TRANSFER,10456.44,C885318610,22117.88,11661.44,C651625758,65661.42,76117.86,0,0,0.0,0.0,581f15fe-b54d-4cab-aa3e-cc86832e457c,C885318610,TRANSFER,USD,False,2026-10-05T03:00:00+00:00
48,PAYMENT,3623.85,C140539484,23648.12,20024.27,M530189140,0.0,0.0,0,0,0.0,3623.85,4b968ee1-af87-448d-a1c4-76158da112ad,C140539484,PAYMENT,USD,False,2026-10-03T00:00:00+00:00
20,CASH_IN,16046.79,C257398836,8933.91,24980.7,C519403103,79888.22,63841.43,0,0,-32093.58,32093.58,3cc293eb-0830-4783-bef8-4b15fc2b6e28,C257398836,CASH_IN,USD,False,2026-10-01T20:00:00+00:00
27,PAYMENT,3606.55,C915966459,31418.61,27812.06,M375254733,0.0,0.0,0,0,0.0,3606.55,6e6255b7-d6b9-4441-b463-1ba66440960f,C915966459,PAYMENT,USD,False,2026-10-02T03:00:00+00:00
85,PAYMENT,2898.58,C946387649,6436.3,3537.72,M599090130,0.0,0.0,0,0,0.0,2898.58,ea061d88-6678-42f0-938e-862e6c2c4f08,C946387649,PAYMENT,USD,False,2026-10-04T13:00:00+00:00
36,TRANSFER,230152.42,C755413145,509054.4,278901.98,C851936102,51510.35,281662.77,0,0,0.0,0.0,4be3814e-73aa-4574-9cf9-f07e26f745c7,C755413145,TRANSFER,USD,False,2026-10-02T12:00:00+00:00
64,TRANSFER,195939.8,C524128244,777703.42,581763.62,C668211193,51110.53,247050.33,0,0,0.0,0.0,24ec036e-4ac6-48c5-b67b-61ecb865ed5b,C524128244,TRANSFER,USD,False,2026-10-03T16:00:00+00:00
21,PAYMENT,4427.75,C582137012,20495.94,16068.19,M879559338,0.0,0.0,0,0,-0.0,4427.75,ef481be7-7c65-4668-916e-51ec4d67da6e,C582137012,PAYMENT,USD,False,2026-10-01T21:00:00+00:00
66,PAYMENT,4331.83,C433924832,8073.54,3741.71,M805831207,0.0,0.0,0,0,0.0,4331.83,e6de7507-940c-43e6-ba16-a61ae17815df,C433924832,PAYMENT,USD,False,2026-10-03T18:00:00+00:00
75,CASH_OUT,36730.13,C568035089,89636.32,52906.19,C817662257,7708.47,44438.6,0,0,0.0,0.0,8d45d233-46eb-4dbf-85e6-7e0558ec7209,C568035089,CASH_OUT,USD,False,2026-10-04T03:00:00+00:00
75,CASH_OUT,98019.48,C382451081,164289.52,66270.04,C134654722,13044.06,111063.54,0,0,0.0,0.0,866bc303-db45-4630-af3b-f37a75fda68e,C382451081,CASH_OUT,USD,False,2026-10-04T03:00:00+00:00
12,CASH_IN,15837.27,C580035742,14904.78,30742.05,C634050562,2759.14,0.0,0,0,-31674.54,18596.41,967732a8-7c8a-4183-acd0-6c4ae49f90ab,C580035742,CASH_IN,USD,False,2026-10-01T12:00:00+00:00
51,PAYMENT,4404.21,C549872125,25967.09,21562.88,M638356589,0.0,0.0,0,0,0.0,4404.21,0ec89e51-fddd-474e-8a01-cb52a88dcb65,C549872125,PAYMENT,USD,False,2026-10-03T03:00:00+00:00
50,PAYMENT,3689.28,C365639987,24490.64,20801.36,M575839885,0.0,0.0,0,0,0.0,3689.28,dfd68cc9-027f-4979-8378-50102d99adf5,C365639987,PAYMENT,USD,False,2026-10-03T02:00:00+00:00
3,TRANSFER,97156.94,C483794405,259785.46,162628.52,C204251102,61380.33,158537.27,0,0,0.0,0.0,87c9b83b-d152-4dd5-b61f-65ae252748a1,C483794405,TRANSFER,USD,False,2026-10-01T03:00:00+00:00
97,CASH_OUT,146080.23,C482077381,343196.92,197116.69,C854472006,16565.91,162646.14,0,0,-0.0,0.0,563a463b-d8f6-4c8c-9725-e959547c1b01,C482077381,CASH_OUT,USD,False,2026-10-05T01:00:00+00:00
27,TRANSFER,143130.62,C835446358,440685.8,297555.18,C849776292,16241.22,159371.84,0,0,0.0,0.0,c8ced7e0-334b-48d3-8abe-9c9ae1e844c3,C835446358,TRANSFER,USD,False,2026-10-02T03:00:00+00:00
39,CASH_OUT,9961.96,C563683590,11073.51,1111.55,C827529296,2610.16,12572.12,0,0,0.0,-0.0,8aff59d9-7c9c-474d-9842-e16e4cb8922e,C563683590,CASH_OUT,USD,False,2026-10-02T15:00:00+00:00
8,CASH_IN,7232.39,C250649491,3205.06,10437.45,C983089574,97237.41,90005.02,0,0,-14464.78,14464.78,5d7866c1-2e20-4d5c-9189-ecabc09e8c54,C250649491,CASH_IN,USD,False,2026-10-01T08:00:00+00:00
5,CASH_OUT,104558.73,C390214900,181261.74,76703.01,C460385246,25629.21,130187.94,0,0,0.0,0.0,c847a535-3ab9-4949-872d-fdaef29b40e9,C390214900,CASH_OUT,USD,False,2026-10-01T05:00:00+00:00
45,CASH_IN,40720.66,C258519927,17788.58,58509.24,C907087951,67895.36,27174.7,0,0,-81441.32,81441.32,b42a86c9-16bb-4049-99fb-9127ef13431a,C258519927,CASH_IN,USD,False,2026-10-02T21:00:00+00:00
44,CASH_OUT,93466.35,C544872135,249737.52,156271.17,C737501776,46678.21,140144.56,0,0,-0.0,0.0,a1d24939-3020-4d8d-94b7-a87c39e5df96,C544872135,CASH_OUT,USD,False,2026-10-02T20:00:00+00:00
86,CASH_OUT,59594.57,C196965642,160041.25,100446.68,C877640817,11802.06,71396.63,0,0,0.0,0.0,7936a881-ddc4-4712-941a-0fe5c09e731a,C196965642,CASH_OUT,USD,False,2026-10-04T14:00:00+00:00
8,CASH_OUT,71490.34,C239654428,82653.23,11162.89,C579065046,33841.12,105331.46,0,0,0.0,-0.0,afaef5a8-5afc-4468-a0f4-f2170163e907,C239654428,CASH_OUT,USD,False,2026-10-01T08:00:00+00:00
47,CASH_IN,16091.07,C693675284,9253.81,25344.88,C956878875,52491.16,36400.09,0,0,-32182.14,32182.14,613530a7-540a-4bf2-8d89-9747da3576cb,C693675284,CASH_IN,USD,False,2026-10-02T23:00:00+00:00
35,CASH_OUT,44571.36,C944550454,120890.87,76319.51,C896082218,33067.52,77638.88,0,0,0.0,0.0,d96f2287-318a-4a1e-8642-0a0bda9e66b9,C944550454,CASH_OUT,USD,False,2026-10-02T11:00:00+00:00
77,PAYMENT,4694.25,C196663365,45118.41,40424.16,M267729318,0.0,0.0,0,0,0.0,4694.25,eaad10fb-892a-48e4-8e89-2f7a07e0acd5,C196663365,PAYMENT,USD,False,2026-10-04T05:00:00+00:00
76,PAYMENT,2228.11,C830125895,16176.91,13948.8,M108657116,0.0,0.0,0,0,0.0,2228.11,25411ec1-8fb8-44b0-a6ef-1eed22779d0f,C830125895,PAYMENT,USD,False,2026-10-04T04:00:00+00:00
89,TRANSFER,228269.52,C125746915,257053.98,28784.46,C642439744,61236.95,289506.47,0,1,0.0,0.0,e42faf1f-c0e7-4f6a-bf6c-e68c0477816d,C125746915,TRANSFER,USD,False,2026-10-04T17:00:00+00:00
48,CASH_OUT,114339.63,C753398200,203663.25,89323.62,C773437464,20249.35,134588.98,0,0,0.0,0.0,00ded2f4-38ea-444f-819a-8a840be8ae7a,C753398200,CASH_OUT,USD,False,2026-10-03T00:00:00+00:00
38,PAYMENT,4407.13,C218558797,15649.79,11242.66,M251073179,0.0,0.0,0,0,0.0,4407.13,eee414d5-3181-466d-b668-30bb8aa2d630,C218558797,PAYMENT,USD,False,2026-10-02T14:00:00+00:00
80,CASH_OUT,121316.87,C581647157,127734.46,6417.59,C345423703,28554.09,149870.96,0,0,0.0,0.0,95cc7b05-e0e1-4712-80da-e68ba9c72e7c,C581647157,CASH_OUT,USD,False,2026-10-04T08:00:00+00:00
55,PAYMENT,1810.34,C275994127,16991.26,15180.92,M921512026,0.0,0.0,0,0,-0.0,1810.34,bfe647c5-752e-416b-9639-2a098a41e790,C275994127,PAYMENT,USD,False,2026-10-03T07:00:00+00:00
97,CASH_IN,20206.51,C766046560,11330.59,31537.1,C671209497,45936.42,25729.91,0,0,-40413.02,40413.02,6902dce6-75fd-4df1-9c21-610bec24d13b,C766046560,CASH_IN,USD,False,2026-10-05T01:00:00+00:00
90,PAYMENT,3343.84,C607134650,17292.19,13948.35,M992652034,0.0,0.0,0,0,-0.0,3343.84,74eafeb9-8ec8-491e-8b6c-4360208a1585,C607134650,PAYMENT,USD,False,2026-10-04T18:00:00+00:00
52,CASH_IN,6583.77,C941039537,3686.51,10270.28,C780251241,42454.66,35870.89,0,0,-13167.54,13167.54,dd3d3b77-b03b-4928-ba96-407cc5434d71,C941039537,CASH_IN,USD,False,2026-10-03T04:00:00+00:00
44,CASH_OUT,113269.28,C492566853,249750.37,136481.09,C313736772,20069.35,133338.63,0,0,0.0,0.0,c59137ac-17c6-407f-8b99-89ac127023f0,C492566853,CASH_OUT,USD,False,2026-10-02T20:00:00+00:00
61,CASH_OUT,77397.94,C367378177,188569.46,111171.52,C505968811,9384.2,86782.14,0,0,-0.0,0.0,2d387ed1-31ab-4af0-9bac-a815342673c8,C367378177,CASH_OUT,USD,False,2026-10-03T13:00:00+00:00
37,CASH_IN,8335.37,C149970088,4348.31,12683.68,C250098218,65872.4,57537.03,0,0,-16670.74,16670.74,2c842998-836c-4f73-a77d-0b1f9c2410ca,C149970088,CASH_IN,USD,False,2026-10-02T13:00:00+00:00
72,CASH_OUT,5441.86,C772249140,12269.05,6827.19,C781286134,12295.69,17737.55,0,0,0.0,0.0,000819e8-6524-4180-8f41-336571351330,C772249140,CASH_OUT,USD,False,2026-10-04T00:00:00+00:00
92,PAYMENT,1936.05,C250257242,11934.91,9998.86,M395384759,0.0,0.0,0,0,0.0,1936.05,c7958d03-bc59-474d-a554-db2c02b3d158,C250257242,PAYMENT,USD,False,2026-10-04T20:00:00+00:00
99,CASH_IN,14150.32,C275121354,8003.59,22153.91,C516500500,15060.6,910.28,0,0,-28300.64,28300.64,a64fe5bd-8b9f-4b6b-8037-abec5c426df1,C275121354,CASH_IN,USD,False,2026-10-05T03:00:00+00:00
61,PAYMENT,4696.08,C717499666,13274.67,8578.59,M730814687,0.0,0.0,0,0,0.0,4696.08,ca83d9b3-b097-40d5-b891-2d3a2dd358ae,C717499666,PAYMENT,USD,False,2026-10-03T13:00:00+00:00
92,CASH_IN,36995.78,C265653546,7214.0,44209.78,C440030663,10060.52,0.0,0,0,-73991.56,47056.3,fdb50047-663c-4b84-8395-f5dea3904f5c,C265653546,CASH_IN,USD,False,2026-10-04T20:00:00+00:00
63,CASH_IN,23733.26,C986917217,18461.8,42195.06,C512824934,98216.26,74483.0,0,0,-47466.52,47466.52,d5f68b98-5164-43ef-b6fd-5e09c2075d27,C986917217,CASH_IN,USD,False,2026-10-03T15:00:00+00:00
97,CASH_IN,45377.11,C989227408,15066.37,60443.48,C969992528,22437.87,0.0,0,0,-90754.22,67814.98,13827288-97d8-443f-bd0c-68c92776d4b6,C989227408,CASH_IN,USD,False,2026-10-05T01:00:00+00:00
65,PAYMENT,1813.34,C371890543,17806.15,15992.81,M907906383,0.0,0.0,0,0,0.0,1813.34,6be4e67d-bc50-4b45-bc8c-a620ad993b53,C371890543,PAYMENT,USD,False,2026-10-03T17:00:00+00:00
49,CASH_OUT,76446.48,C898052605,176604.51,100158.03,C181143210,24780.71,101227.19,0,0,0.0,0.0,32aad0b8-b724-4f3e-887f-926aa824cff0,C898052605,CASH_OUT,USD,False,2026-10-03T01:00:00+00:00
80,PAYMENT,345.41,C847513361,1606.89,1261.48,M388901125,0.0,0.0,0,0,0.0,345.41,eb43bd3e-9be0-4ff8-8d5e-82642405e47b,C847513361,PAYMENT,USD,False,2026-10-04T08:00:00+00:00
50,CASH_IN,39164.47,C702270855,3971.2,43135.67,C741161999,72549.64,33385.17,0,0,-78328.94,78328.94,992e1330-7b3f-46a2-a8c4-ef705dcbd082,C702270855,CASH_IN,USD,False,2026-10-03T02:00:00+00:00
68,CASH_IN,8728.18,C131082848,4014.54,12742.72,C994351711,6705.12,0.0,0,0,-17456.36,15433.3,340af752-ada5-409f-9eb8-3b18613763e6,C131082848,CASH_IN,USD,False,2026-10-03T20:00:00+00:00
92,CASH_IN,44721.64,C339230170,12951.79,57673.43,C826224187,83656.87,38935.23,0,0,-89443.28,89443.28,c7378e89-c7af-44ed-840a-6fe6957e7e0a,C339230170,CASH_IN,USD,False,2026-10-04T20:00:00+00:00
99,CASH_IN,1824.31,C175938501,908.08,2732.39,C456793825,35827.71,34003.4,0,0,-3648.62,3648.62,e0aeb9cf-fdd3-4c68-a275-6e2b1c9db847,C175938501,CASH_IN,USD,False,2026-10-05T03:00:00+00:00
96,TRANSFER,144962.85,C255857858,381201.31,236238.46,C187999597,13627.11,158589.96,0,0,0.0,0.0,99655b89-2eab-401d-8101-bc2fb4119ef5,C255857858,TRANSFER,USD,False,2026-10-05T00:00:00+00:00
83,CASH_IN,5185.09,C353691745,3945.44,9130.53,C374843786,60637.5,55452.41,0,0,-10370.18,10370.18,ad832ff9-c213-42ce-9280-805649a1296a,C353691745,CASH_IN,USD,False,2026-10-04T11:00:00+00:00
55,PAYMENT,4547.49,C839369897,16902.06,12354.57,M797929178,0.0,0.0,0,0,0.0,4547.49,e1e9011b-8f9d-456a-8080-64265068495d,C839369897,PAYMENT,USD,False,2026-10-03T07:00:00+00:00
8,CASH_OUT,123607.37,C111175709,304191.97,180584.6,C335449670,13984.49,137591.86,0,0,-0.0,0.0,921b743e-f33e-4cd0-b411-9ceae0e219b3,C111175709,CASH_OUT,USD,False,2026-10-01T08:00:00+00:00
34,PAYMENT,1940.7,C684250873,17406.98,15466.28,M498380251,0.0,0.0,0,0,-0.0,1940.7,c1dcb3fb-ce43-4d00-b3e9-2979bd601724,C684250873,PAYMENT,USD,False,2026-10-02T10:00:00+00:00
14,PAYMENT,1264.23,C403668506,9885.81,8621.58,M362308892,0.0,0.0,0,0,0.0,1264.23,ef135e92-5af3-4740-a923-0aa6eb7aeb4c,C403668506,PAYMENT,USD,False,2026-10-01T14:00:00+00:00
60,PAYMENT,1243.35,C582750043,1809.63,566.28,M203950725,0.0,0.0,0,0,0.0,1243.35,ab703645-18cb-4976-996e-9b4591573e17,C582750043,PAYMENT,USD,False,2026-10-03T12:00:00+00:00
47,PAYMENT,74.52,C523671208,157.41,82.89,M676140134,0.0,0.0,0,0,0.0,74.52,ed140f16-a4e1-4510-a02d-5c53537a1d90,C523671208,PAYMENT,USD,False,2026-10-02T23:00:00+00:00
8,CASH_OUT,7843.16,C791353541,12066.64,4223.48,C218170604,14027.8,21870.96,0,0,0.0,0.0,fefcd424-bed1-4d4e-9060-a5e1bebae144,C791353541,CASH_OUT,USD,False,2026-10-01T08:00:00+00:00
67,CASH_IN,30458.49,C500739353,16870.56,47329.05,C614971107,86697.25,56238.76,0,0,-60916.98,60916.98,f2ceb567-5181-4520-b7d6-bb7d1c3d0521,C500739353,CASH_IN,USD,False,2026-10-03T19:00:00+00:00
66,PAYMENT,2205.51,C525565787,7894.52,5689.01,M642407643,0.0,0.0,0,0,0.0,2205.51,44fd70b2-0d40-4160-bf8c-df5126012ef9,C525565787,PAYMENT,USD,False,2026-10-03T18:00:00+00:00
55,PAYMENT,1206.62,C478833337,3240.77,2034.15,M547286055,0.0,0.0,0,0,0.0,1206.62,eb2a6de6-34c3-41d7-95b7-4a89000acf3d,C478833337,PAYMENT,USD,False,2026-10-03T07:00:00+00:00
81,CASH_OUT,14853.56,C487211937,14853.56,0.0,C621835982,4369.66,19223.22,1,0,0.0,0.0,a901cb42-1ecf-48da-849a-f392aceab6e9,C487211937,CASH_OUT,USD,False,2026-10-04T09:00:00+00:00
9,CASH_IN,38687.7,C403124688,6546.02,45233.72,C433609196,55756.05,17068.35,0,0,-77375.4,77375.4,4c78ea5b-b992-4e13-9c00-977319e69077,C403124688,CASH_IN,USD,False,2026-10-01T09:00:00+00:00
77,CASH_IN,19391.18,C150133901,4104.92,23496.1,C906841681,42056.29,22665.11,0,0,-38782.36,38782.36,c3e3d1a0-9d0e-40fe-be2f-6843c09d1b28,C150133901,CASH_IN,USD,False,2026-10-04T05:00:00+00:00
39,CASH_IN,29057.79,C534452834,6601.95,35659.74,C561370960,88632.3,59574.51,0,0,-58115.58,58115.58,64d017fe-94fd-425b-979a-4dfb19cbe214,C534452834,CASH_IN,USD,False,2026-10-02T15:00:00+00:00
29,CASH_OUT,42124.9,C649786162,103027.9,60903.0,C614226372,30798.26,72923.16,0,0,-0.0,0.0,0d720bcc-6672-47b1-987b-d6848944c6ee,C649786162,CASH_OUT,USD,False,2026-10-02T05:00:00+00:00
25,TRANSFER,21617.13,C743698108,47716.63,26099.5,C235350239,2346.48,23963.61,0,0,-0.0,0.0,d96a98ea-bfcc-4f06-8cec-e6861bd84a51,C743698108,TRANSFER,USD,False,2026-10-02T01:00:00+00:00
57,CASH_OUT,109784.37,C625640719,290667.7,180883.33,C547666960,7217.31,117001.68,0,0,0.0,0.0,4dae2e67-d837-459c-8244-e53604b772a9,C625640719,CASH_OUT,USD,False,2026-10-03T09:00:00+00:00
97,CASH_OUT,22360.55,C848280471,53801.23,31440.68,C361230342,3657.48,26018.03,0,0,0.0,0.0,dd21721c-94c4-4725-b68d-d847d784db2c,C848280471,CASH_OUT,USD,False,2026-10-05T01:00:00+00:00
74,CASH_OUT,54371.41,C522749754,87341.87,32970.46,C164901853,14346.99,68718.4,0,0,-0.0,0.0,fcce5951-6389-4da4-bfcf-e38bc2070118,C522749754,CASH_OUT,USD,False,2026-10-04T02:00:00+00:00
5,TRANSFER,232180.66,C531439223,565226.96,333046.3,C883953139,74041.05,306221.71,0,0,-0.0,0.0,093ce97d-7981-412d-943b-61377e31fb4e,C531439223,TRANSFER,USD,False,2026-10-01T05:00:00+00:00
36,PAYMENT,3230.34,C117865820,15120.08,11889.74,M939172011,0.0,0.0,0,0,0.0,3230.34,e80f075b-9ff4-412e-8204-2c60ffad8afd,C117865820,PAYMENT,USD,False,2026-10-02T12:00:00+00:00
57,PAYMENT,3913.69,C399184258,38393.26,34479.57,M565178496,0.0,0.0,0,0,0.0,3913.69,539ba296-11ee-4268-b4bb-a832d3b26b09,C399184258,PAYMENT,USD,False,2026-10-03T09:00:00+00:00
41,CASH_OUT,34413.35,C463430765,65360.81,30947.46,C905597597,36939.27,71352.62,0,0,0.0,0.0,82c18065-71c9-4c03-bab7-281389a114ca,C463430765,CASH_OUT,USD,False,2026-10-02T17:00:00+00:00
69,CASH_OUT,134927.73,C672149194,302494.82,167567.09,C585308092,39995.19,174922.92,0,0,0.0,0.0,3c153cc3-866b-4af2-bbd2-1c7a5a8efd9f,C672149194,CASH_OUT,USD,False,2026-10-03T21:00:00+00:00
93,PAYMENT,1280.48,C364480329,5450.12,4169.64,M606141127,0.0,0.0,0,0,-0.0,1280.48,29a34b65-401c-4e1e-8a3c-395cef524c99,C364480329,PAYMENT,USD,False,2026-10-04T21:00:00+00:00
19,CASH_OUT,85163.46,C879123820,154189.54,69026.08,C767684963,19420.71,104584.17,0,0,0.0,0.0,a3536a7f-4eb7-4805-9e53-05ffb3ece8e2,C879123820,CASH_OUT,USD,False,2026-10-01T19:00:00+00:00
15,PAYMENT,682.64,C677186272,2962.05,2279.41,M587096273,0.0,0.0,0,0,0.0,682.64,20030d8a-bae4-4661-ab78-1b8595538207,C677186272,PAYMENT,USD,False,2026-10-01T15:00:00+00:00
72,TRANSFER,143204.13,C360642799,437624.37,294420.24,C282088279,13560.14,156764.27,0,0,0.0,0.0,2d407dcc-1b20-4dd5-8afa-9a1629ffdc57,C360642799,TRANSFER,USD,False,2026-10-04T00:00:00+00:00
81,CASH_IN,29120.96,C986397259,12696.08,41817.04,C106736599,93498.91,64377.95,0,0,-58241.92,58241.92,563dd97c-43fd-4684-b652-ecf651ed32ac,C986397259,CASH_IN,USD,False,2026-10-04T09:00:00+00:00
63,CASH_IN,18333.8,C837011510,8674.7,27008.5,C201429236,77507.45,59173.65,0,0,-36667.6,36667.6,72c1533f-f0da-4bbe-999d-54ed50ab80e6,C837011510,CASH_IN,USD,False,2026-10-03T15:00:00+00:00
90,TRANSFER,54007.31,C207673349,181369.69,127362.38,C530098998,64068.3,118075.61,0,0,0.0,0.0,27121c86-c707-4c13-8c1b-f7052cf928a5,C207673349,TRANSFER,USD,False,2026-10-04T18:00:00+00:00
97,CASH_OUT,63270.14,C985269889,139195.2,75925.06,C184465272,38269.16,101539.3,0,0,0.0,0.0,2f3510df-cdc5-4321-8b53-1d616ccde844,C985269889,CASH_OUT,USD,False,2026-10-05T01:00:00+00:00
86,CASH_OUT,100191.6,C999491426,113207.47,13015.87,C166017304,41252.38,141443.98,0,0,-0.0,0.0,5efa0090-cb24-42bf-ad8a-331a693df3af,C999491426,CASH_OUT,USD,False,2026-10-04T14:00:00+00:00
25,CASH_OUT,11122.41,C409883716,21140.46,10018.05,C641440255,27492.85,38615.26,0,0,0.0,-0.0,1a0e8e71-0c21-4495-ad24-45945c504754,C409883716,CASH_OUT,USD,False,2026-10-02T01:00:00+00:00
25,PAYMENT,1645.09,C583877436,6170.86,4525.77,M808049250,0.0,0.0,0,0,-0.0,1645.09,417cb3c1-9db4-4ed2-8bff-3182189ca2fc,C583877436,PAYMENT,USD,False,2026-10-02T01:00:00+00:00
26,CASH_IN,17480.85,C517781575,5754.11,23234.96,C977383817,91623.93,74143.08,0,0,-34961.7,34961.7,09670bd2-5e62-4f10-baff-bae62a99df52,C517781575,CASH_IN,USD,False,2026-10-02T02:00:00+00:00
92,PAYMENT,3693.68,C398245981,17291.49,13597.81,M955030011,0.0,0.0,0,0,0.0,3693.68,eff2e25a-bb5e-4a66-b37e-74111fdcf381,C398245981,PAYMENT,USD,False,2026-10-04T20:00:00+00:00
11,CASH_OUT,111896.14,C433154770,186434.33,74538.19,C337911187,8406.64,120302.78,0,0,-0.0,0.0,1a873054-ce65-4816-ad5a-499f1099ce20,C433154770,CASH_OUT,USD,False,2026-10-01T11:00:00+00:00
98,TRANSFER,100414.79,C549400734,120460.36,20045.57,C169118818,16495.66,116910.45,0,0,0.0,0.0,b2feab74-9960-4f48-8742-3845293629c8,C549400734,TRANSFER,USD,False,2026-10-05T02:00:00+00:00
58,PAYMENT,4106.86,C465099941,25456.62,21349.76,M123309720,0.0,0.0,0,0,0.0,4106.86,19e1af9b-e6a3-49b1-809d-9e06007eaf4e,C465099941,PAYMENT,USD,False,2026-10-03T10:00:00+00:00
61,PAYMENT,2995.73,C602491849,22274.84,19279.11,M160385198,0.0,0.0,0,0,0.0,2995.73,69a5828a-1003-4532-831f-524e10b663e2,C602491849,PAYMENT,USD,False,2026-10-03T13:00:00+00:00
97,CASH_OUT,95571.86,C543770966,118962.75,23390.89,C817512141,26379.45,121951.31,0,0,0.0,0.0,f0a765c3-8774-472b-8725-1a8ae59f8acb,C543770966,CASH_OUT,USD,False,2026-10-05T01:00:00+00:00
42,CASH_OUT,12696.61,C760295153,14086.61,1390.0,C171468379,45811.85,58508.46,0,0,0.0,0.0,141317d8-d0b1-47af-a331-32c0d50ad02f,C760295153,CASH_OUT,USD,False,2026-10-02T18:00:00+00:00
87,CASH_OUT,125871.05,C259616499,350440.58,224569.53,C699517559,30645.7,156516.75,0,0,0.0,0.0,67963f48-145d-4cfd-b24f-199c3f74d697,C259616499,CASH_OUT,USD,False,2026-10-04T15:00:00+00:00
65,PAYMENT,4208.71,C164366244,27958.06,23749.35,M378911373,0.0,0.0,0,0,0.0,4208.71,1b65386f-f02e-48f3-8b2d-95e4d6831077,C164366244,PAYMENT,USD,False,2026-10-03T17:00:00+00:00
97,DEBIT,1337.11,C716035302,4360.22,3023.11,C958538383,4543.72,5880.83,0,0,0.0,0.0,072a4a22-2b3d-4ee8-b8db-673920f7b347,C716035302,DEBIT,USD,False,2026-10-05T01:00:00+00:00
84,TRANSFER,115458.44,C535174145,115458.44,0.0,C967716129,4941.14,120399.58,1,0,0.0,0.0,9422d574-dfa6-4f2b-becc-32a9cd9679fe,C535174145,TRANSFER,USD,False,2026-10-04T12:00:00+00:00
43,CASH_IN,30647.63,C213637038,14082.95,44730.58,C160308229,20752.61,0.0,0,0,-61295.26,51400.24,a119c661-8469-4187-8597-3c6bbea547ea,C213637038,CASH_IN,USD,False,2026-10-02T19:00:00+00:00
97,PAYMENT,3084.98,C968894784,19076.55,15991.57,M737346037,0.0,0.0,0,0,0.0,3084.98,90155c5c-b806-4eb3-8cd0-02ce01df3bac,C968894784,PAYMENT,USD,False,2026-10-05T01:00:00+00:00
34,TRANSFER,18207.96,C882681026,42669.44,24461.48,C715980553,25204.9,43412.86,0,0,0.0,0.0,195ade79-058a-4fc8-94d6-b43a6829ac05,C882681026,TRANSFER,USD,False,2026-10-02T10:00:00+00:00
71,CASH_OUT,96062.61,C453644935,270751.58,174688.97,C489574448,38903.55,134966.16,0,0,0.0,0.0,7df799a4-9050-45b5-8c1b-8d31bd2b06c6,C453644935,CASH_OUT,USD,False,2026-10-03T23:00:00+00:00
34,TRANSFER,174341.75,C654676496,174341.75,0.0,C775419460,4310.29,178652.04,1,0,0.0,0.0,6fabdb8e-d830-403f-9d18-3dcc002f39d2,C654676496,TRANSFER,USD,False,2026-10-02T10:00:00+00:00
38,TRANSFER,269215.29,C148604517,269215.29,0.0,C336700428,1404.52,270619.81,1,0,0.0,0.0,604d947c-dc9b-4bb5-87aa-08921135649b,C148604517,TRANSFER,USD,False,2026-10-02T14:00:00+00:00
7,CASH_IN,43691.57,C834616971,10167.5,53859.07,C893001383,85072.86,41381.29,0,0,-87383.14,87383.14,9f6eba00-1f75-4833-9332-adeca87dd546,C834616971,CASH_IN,USD,False,2026-10-01T07:00:00+00:00
36,CASH_IN,18282.53,C521910884,3996.0,22278.53,C705429879,99729.23,81446.7,0,0,-36565.06,36565.06,c45c3fcf-dd17-4af7-bff6-3da70d3bb7c1,C521910884,CASH_IN,USD,False,2026-10-02T12:00:00+00:00
25,PAYMENT,1482.44,C133390627,3960.23,2477.79,M322358401,0.0,0.0,0,0,0.0,1482.44,3306db63-135c-49cc-9ce5-5b8f6910865f,C133390627,PAYMENT,USD,False,2026-10-02T01:00:00+00:00
25,CASH_OUT,45003.4,C191405534,53239.36,8235.96,C532964389,32397.6,77401.0,0,0,0.0,0.0,e0b09fe1-7275-436f-826f-3a64fe0c76a2,C191405534,CASH_OUT,USD,False,2026-10-02T01:00:00+00:00
40,CASH_OUT,141790.4,C196689473,271452.23,129661.83,C642716859,12036.43,153826.83,0,0,-0.0,0.0,f8dfe6f4-b22e-450d-b762-5c34004ef96d,C196689473,CASH_OUT,USD,False,2026-10-02T16:00:00+00:00
72,CASH_OUT,117667.65,C648598641,281491.26,163823.61,C957728325,34646.8,152314.45,0,0,0.0,0.0,f099ad91-296a-4679-94ef-4a8ec87b49e7,C648598641,CASH_OUT,USD,False,2026-10-04T00:00:00+00:00
56,PAYMENT,3751.24,C392956009,25921.97,22170.73,M915791527,0.0,0.0,0,0,0.0,3751.24,00717243-ee38-4f46-ac15-1582a9ebda36,C392956009,PAYMENT,USD,False,2026-10-03T08:00:00+00:00
90,CASH_OUT,133206.79,C997026638,140048.4,6841.61,C249103044,6144.73,139351.52,0,0,-0.0,0.0,c6106d5c-7674-4a2a-a770-7f0ea62d263b,C997026638,CASH_OUT,USD,False,2026-10-04T18:00:00+00:00
37,PAYMENT,2819.88,C498198359,10210.69,7390.81,M866440278,0.0,0.0,0,0,0.0,2819.88,6496bc9d-a3cd-4083-84a0-a8dd68375bef,C498198359,PAYMENT,USD,False,2026-10-02T13:00:00+00:00
50,PAYMENT,645.56,C907032845,1031.84,386.28,M334274669,0.0,0.0,0,0,0.0,645.56,7b3265b1-32c7-465d-97aa-a25f9d6ea439,C907032845,PAYMENT,USD,False,2026-10-03T02:00:00+00:00
89,CASH_OUT,77939.45,C956084565,90816.84,12877.39,C960226208,21224.98,99164.43,0,0,0.0,0.0,3a3e18bc-53a6-4c44-b876-65a5888c2e09,C956084565,CASH_OUT,USD,False,2026-10-04T17:00:00+00:00
100,PAYMENT,408.21,C622877347,1067.35,659.14,M107756709,0.0,0.0,0,0,-0.0,408.21,b0a19008-0108-4017-b488-d08cc39d8358,C622877347,PAYMENT,USD,False,2026-10-05T04:00:00+00:00
34,PAYMENT,1157.45,C904448917,8005.09,6847.64,M981396409,0.0,0.0,0,0,0.0,1157.45,e6535e21-627a-4f16-b7be-f34be4d04328,C904448917,PAYMENT,USD,False,2026-10-02T10:00:00+00:00
36,CASH_OUT,138590.46,C652430400,414852.72,276262.26,C462124359,9315.97,147906.43,0,0,0.0,0.0,c4c48f6c-c276-4507-9668-82ec590bb18f,C652430400,CASH_OUT,USD,False,2026-10-02T12:00:00+00:00
39,PAYMENT,3857.02,C419561201,11052.29,7195.27,M856881618,0.0,0.0,0,0,0.0,3857.02,ec0b2837-e0ad-4d21-b9ef-40d72a812a6f,C419561201,PAYMENT,USD,False,2026-10-02T15:00:00+00:00
50,CASH_OUT,115389.18,C679036862,158489.59,43100.41,C805154966,46695.22,162084.4,0,0,0.0,0.0,e8cba790-0f37-4f20-8969-b2c456dfab43,C679036862,CASH_OUT,USD,False,2026-10-03T02:00:00+00:00
36,CASH_OUT,140993.54,C686849216,282481.08,141487.54,C117548599,47629.86,188623.4,0,0,0.0,0.0,6cff35fd-c1a0-4ecd-ad50-2fae8960af9e,C686849216,CASH_OUT,USD,False,2026-10-02T12:00:00+00:00
73,PAYMENT,4728.71,C850164093,42415.94,37687.23,M357370819,0.0,0.0,0,0,0.0,4728.71,ec888682-fdcc-4048-9fa7-dc0d7d1017a9,C850164093,PAYMENT,USD,False,2026-10-04T01:00:00+00:00
29,PAYMENT,2559.35,C858534280,17793.05,15233.7,M568858911,0.0,0.0,0,0,-0.0,2559.35,1a17457d-5c4f-49ab-a11a-801336bcccf0,C858534280,PAYMENT,USD,False,2026-10-02T05:00:00+00:00
14,CASH_IN,17384.11,C364435446,16520.85,33904.96,C131891477,94623.58,77239.47,0,0,-34768.22,34768.22,878b9f50-8e88-4605-addf-e965dac6db02,C364435446,CASH_IN,USD,False,2026-10-01T14:00:00+00:00
58,CASH_OUT,8110.18,C677379805,11875.26,3765.08,C252604094,48676.14,56786.32,0,0,0.0,0.0,e47b81ae-14d4-4c4e-b4ff-5fd701137be5,C677379805,CASH_OUT,USD,False,2026-10-03T10:00:00+00:00
100,PAYMENT,3367.6,C449063037,26848.86,23481.26,M623442423,0.0,0.0,0,0,0.0,3367.6,51ee96fe-1f89-4530-8f6f-5e5a701697ac,C449063037,PAYMENT,USD,False,2026-10-05T04:00:00+00:00
20,CASH_OUT,38346.67,C710085965,38390.15,43.48,C326147192,3311.41,41658.08,0,0,0.0,0.0,5ef3c092-0928-47ab-8465-a27c8e07b011,C710085965,CASH_OUT,USD,False,2026-10-01T20:00:00+00:00
44,CASH_OUT,102996.98,C939325278,149047.68,46050.7,C209758670,49571.46,152568.44,0,0,0.0,0.0,acf45908-d7d6-4f85-8cdb-f16b7303ee6b,C939325278,CASH_OUT,USD,False,2026-10-02T20:00:00+00:00
11,PAYMENT,4175.64,C331557515,39510.05,35334.41,M689274064,0.0,0.0,0,0,0.0,4175.64,adfa10bd-b85c-4f6f-89a5-c990de158e63,C331557515,PAYMENT,USD,False,2026-10-01T11:00:00+00:00
7,DEBIT,456.2,C475767056,1881.79,1425.59,C173678414,3293.6,3749.8,0,0,0.0,-0.0,b86477f4-3a57-4057-b7f5-6611671f02ca,C475767056,DEBIT,USD,False,2026-10-01T07:00:00+00:00
96,CASH_OUT,88025.56,C144065218,231931.36,143905.8,C802608498,9646.38,97671.94,0,0,0.0,0.0,9a052170-3efb-4197-aed7-24f64427e437,C144065218,CASH_OUT,USD,False,2026-10-05T00:00:00+00:00
75,TRANSFER,113525.0,C493044791,318353.6,204828.6,C271977961,56264.06,169789.06,0,0,-0.0,0.0,af4ad698-956d-4fea-9d9b-60df659a03e7,C493044791,TRANSFER,USD,False,2026-10-04T03:00:00+00:00
44,CASH_OUT,144524.91,C777644857,361324.57,216799.66,C971153864,38398.18,182923.09,0,0,0.0,0.0,f695bd67-12c7-40fa-9add-2034cff0b031,C777644857,CASH_OUT,USD,False,2026-10-02T20:00:00+00:00
45,CASH_OUT,101487.28,C667067028,187935.85,86448.57,C579769138,21474.25,122961.53,0,0,0.0,0.0,8fb714dc-0f02-48b4-ae86-5bdddfa90754,C667067028,CASH_OUT,USD,False,2026-10-02T21:00:00+00:00
58,PAYMENT,1407.85,C698054214,4057.48,2649.63,M267952997,0.0,0.0,0,0,0.0,1407.85,bd73ebc9-7c1c-4b16-9994-9472d8a3f63e,C698054214,PAYMENT,USD,False,2026-10-03T10:00:00+00:00
85,PAYMENT,242.57,C126752581,1675.05,1432.48,M434524825,0.0,0.0,0,0,0.0,242.57,d7dd3af7-c72f-479b-8dd7-627395e38e23,C126752581,PAYMENT,USD,False,2026-10-04T13:00:00+00:00
15,CASH_OUT,19512.42,C212211964,21145.65,1633.23,C294032644,30875.4,50387.82,0,0,0.0,0.0,0e298d69-e29d-4d7f-a3c8-b6de57091f75,C212211964,CASH_OUT,USD,False,2026-10-01T15:00:00+00:00
38,CASH_IN,44244.35,C889731609,15976.97,60221.32,C662106192,28963.17,0.0,0,0,-88488.7,73207.52,6363d975-6663-4253-99ad-05b43d1f959b,C889731609,CASH_IN,USD,False,2026-10-02T14:00:00+00:00
11,CASH_OUT,46322.17,C224026766,89952.51,43630.34,C526777316,44743.87,91066.04,0,0,0.0,0.0,22e340d7-c213-4337-bb3e-7163a4d55265,C224026766,CASH_OUT,USD,False,2026-10-01T11:00:00+00:00
65,CASH_OUT,131012.38,C519246503,297573.87,166561.49,C146744734,49051.97,180064.35,0,0,0.0,0.0,3f6150ce-774a-491c-8190-705b9614d22c,C519246503,CASH_OUT,USD,False,2026-10-03T17:00:00+00:00
95,CASH_IN,20402.49,C246560683,4674.95,25077.44,C327591123,38055.96,17653.47,0,0,-40804.98,40804.98,467d4a53-c61b-4dc5-ae07-06ea1bba3cc9,C246560683,CASH_IN,USD,False,2026-10-04T23:00:00+00:00
24,CASH_IN,4210.36,C148596177,5952.95,10163.31,C856320718,59133.63,54923.27,0,0,-8420.72,8420.72,80689db8-5a51-448d-9a07-c1ed7547427c,C148596177,CASH_IN,USD,False,2026-10-02T00:00:00+00:00
7,PAYMENT,3147.37,C651020120,17808.55,14661.18,M133764318,0.0,0.0,0,0,0.0,3147.37,31b96d03-be29-4d08-a012-980fb99bed0e,C651020120,PAYMENT,USD,False,2026-10-01T07:00:00+00:00
30,CASH_IN,20619.15,C165853562,3696.55,24315.7,C363747018,24234.16,3615.01,0,0,-41238.3,41238.3,200bb324-a2af-464f-aff4-fc052d47a9dc,C165853562,CASH_IN,USD,False,2026-10-02T06:00:00+00:00
7,CASH_IN,31390.93,C264112119,13609.62,45000.55,C950488739,60044.49,28653.56,0,0,-62781.86,62781.86,75a2107c-9ce9-43cb-af37-fbdd8f0b5071,C264112119,CASH_IN,USD,False,2026-10-01T07:00:00+00:00
14,PAYMENT,2952.58,C293721017,26874.61,23922.03,M279728600,0.0,0.0,0,0,0.0,2952.58,40a4124b-d03f-480d-aa6b-9acc8e153439,C293721017,PAYMENT,USD,False,2026-10-01T14:00:00+00:00
74,CASH_IN,1302.94,C912533997,10200.88,11503.82,C860036337,37317.0,36014.06,0,0,-2605.88,2605.88,66d45673-f96c-4cd5-814b-c60fef58d22a,C912533997,CASH_IN,USD,False,2026-10-04T02:00:00+00:00
78,PAYMENT,927.99,C314774593,1172.36,244.37,M477456401,0.0,0.0,0,0,-0.0,927.99,5efa1348-f815-4c29-b97a-a8d5f887fe01,C314774593,PAYMENT,USD,False,2026-10-04T06:00:00+00:00
87,CASH_OUT,72731.97,C751506825,161842.07,89110.1,C893714928,4068.46,76800.43,0,0,0.0,0.0,91f9d6a8-c480-4791-a614-15bea4cac8cf,C751506825,CASH_OUT,USD,False,2026-10-04T15:00:00+00:00
84,CASH_OUT,138555.04,C483259116,386622.89,248067.85,C352630965,20082.67,158637.71,0,0,0.0,0.0,edd9f2a9-2678-4773-ace0-552581c9b2b3,C483259116,CASH_OUT,USD,False,2026-10-04T12:00:00+00:00
8,CASH_OUT,38423.44,C292460426,54498.95,16075.51,C180587885,29536.53,67959.97,0,0,-0.0,0.0,ead62b80-24f7-4988-a787-27d11db9d9c9,C292460426,CASH_OUT,USD,False,2026-10-01T08:00:00+00:00
54,TRANSFER,194033.62,C735511831,270707.09,76673.47,C810637925,64888.8,258922.42,0,0,0.0,-0.0,06f3bcf3-b9b4-48b3-9d6e-e6636a569885,C735511831,TRANSFER,USD,False,2026-10-03T06:00:00+00:00
40,CASH_OUT,125416.37,C444659729,236738.12,111321.75,C291968281,863.33,126279.7,0,0,0.0,0.0,1a725277-031b-49d3-b114-cf12b750354e,C444659729,CASH_OUT,USD,False,2026-10-02T16:00:00+00:00
29,CASH_IN,33736.59,C877621770,19345.39,53081.98,C526717340,80654.18,46917.59,0,0,-67473.18,67473.18,122963ee-64b4-49f1-90f2-6d6bdde632c3,C877621770,CASH_IN,USD,False,2026-10-02T05:00:00+00:00
31,CASH_OUT,136502.17,C958949509,325946.59,189444.42,C967126986,13593.26,150095.43,0,0,0.0,0.0,a3b01faf-65b2-497d-8403-239cb11b5bdf,C958949509,CASH_OUT,USD,False,2026-10-02T07:00:00+00:00
3,CASH_IN,15169.03,C783759471,2779.98,17949.01,C248230434,12676.88,0.0,0,0,-30338.06,27845.91,e4db1b59-cf21-458d-8285-ec09ede049c4,C783759471,CASH_IN,USD,False,2026-10-01T03:00:00+00:00
15,PAYMENT,3933.57,C312845035,4373.65,440.08,M223121891,0.0,0.0,0,0,-0.0,3933.57,13b97ebc-f9b8-46a4-89bc-f664e236aeea,C312845035,PAYMENT,USD,False,2026-10-01T15:00:00+00:00
95,CASH_IN,26566.91,C393610444,19872.62,46439.53,C667725048,61633.91,35067.0,0,0,-53133.82,53133.82,e2392427-28fa-4a99-8727-5d7dffad78cd,C393610444,CASH_IN,USD,False,2026-10-04T23:00:00+00:00
43,CASH_OUT,143629.52,C562592874,341760.5,198130.98,C117643054,5159.62,148789.14,0,0,0.0,-0.0,2ad00864-7d74-455e-8ecd-30d611450e90,C562592874,CASH_OUT,USD,False,2026-10-02T19:00:00+00:00
63,TRANSFER,168323.98,C492378996,638125.79,469801.81,C437171431,30872.23,199196.21,0,0,0.0,0.0,6d2279e8-5f81-4b54-81cf-771033a0b9da,C492378996,TRANSFER,USD,False,2026-10-03T15:00:00+00:00
96,CASH_OUT,21502.64,C133436988,50664.04,29161.4,C752376434,21908.64,43411.28,0,0,0.0,0.0,dc015363-7bec-4f4c-9f3a-61a31d475f01,C133436988,CASH_OUT,USD,False,2026-10-05T00:00:00+00:00
51,PAYMENT,1246.52,C437571555,8511.94,7265.42,M861665879,0.0,0.0,0,0,0.0,1246.52,cdb0325b-e748-4c80-b7c9-93d553602d92,C437571555,PAYMENT,USD,False,2026-10-03T03:00:00+00:00
12,CASH_OUT,97221.68,C920462015,191888.53,94666.85,C648812777,3.0,97224.68,0,0,0.0,0.0,f3e9bfbd-e29d-46b5-a802-4ceb667c851b,C920462015,CASH_OUT,USD,False,2026-10-01T12:00:00+00:00
74,TRANSFER,104660.74,C862489444,385318.77,280658.03,C903017927,42712.22,147372.96,0,0,0.0,0.0,ec983497-eaeb-4968-b045-54f32a8aaf1c,C862489444,TRANSFER,USD,False,2026-10-04T02:00:00+00:00
52,CASH_IN,19441.74,C339499503,13383.01,32824.75,C596367839,35544.86,16103.12,0,0,-38883.48,38883.48,67d61262-330b-4fff-b81f-1c65be8c122e,C339499503,CASH_IN,USD,False,2026-10-03T04:00:00+00:00
52,CASH_OUT,15554.21,C139372167,23520.91,7966.7,C180947105,36926.77,52480.98,0,0,0.0,-0.0,1fbb899a-557d-4e40-8dd8-9e3de7e13a73,C139372167,CASH_OUT,USD,False,2026-10-03T04:00:00+00:00
97,CASH_OUT,17363.37,C157448904,43270.25,25906.88,C928259645,4461.83,21825.2,0,0,0.0,-0.0,4716f681-5113-4a97-bea5-4e59b820d987,C157448904,CASH_OUT,USD,False,2026-10-05T01:00:00+00:00
4,CASH_OUT,62455.82,C673963435,159195.75,96739.93,C238159208,15760.66,78216.48,0,0,0.0,0.0,362eec28-f9a4-45b2-b13d-1b228699a91d,C673963435,CASH_OUT,USD,False,2026-10-01T04:00:00+00:00
100,PAYMENT,796.38,C920858166,6269.2,5472.82,M943113786,0.0,0.0,0,0,0.0,796.38,e601b39e-0840-48d8-af30-76bf4197e241,C920858166,PAYMENT,USD,False,2026-10-05T04:00:00+00:00
83,CASH_IN,44684.44,C589657032,12088.59,56773.03,C846669883,43144.71,0.0,0,0,-89368.88,87829.15,a2d16d9b-888c-45df-8887-285ceefd65b4,C589657032,CASH_IN,USD,False,2026-10-04T11:00:00+00:00
37,CASH_IN,49018.53,C527496252,17339.12,66357.65,C268470372,60114.68,11096.15,0,0,-98037.06,98037.06,6298334f-388f-47ef-92ea-3576bdcb7424,C527496252,CASH_IN,USD,False,2026-10-02T13:00:00+00:00
9,CASH_OUT,19058.33,C401031252,32142.16,13083.83,C290141637,18496.95,37555.28,0,0,-0.0,0.0,cff83fc4-a9e9-4815-b9bb-91d6f4974dca,C401031252,CASH_OUT,USD,False,2026-10-01T09:00:00+00:00
1,PAYMENT,3447.58,C136918075,24400.98,20953.4,M888810946,0.0,0.0,0,0,0.0,3447.58,b5a914c6-9c9d-4406-98a6-7b62cadc9931,C136918075,PAYMENT,USD,False,2026-10-01T01:00:00+00:00
95,PAYMENT,4039.76,C890924775,36587.21,32547.45,M444629187,0.0,0.0,0,0,-0.0,4039.76,64ed4e8d-6bd9-4921-8615-7dc0d1a80b3e,C890924775,PAYMENT,USD,False,2026-10-04T23:00:00+00:00
21,CASH_IN,31903.12,C851854702,7229.84,39132.96,C952225000,23199.92,0.0,0,0,-63806.24,55103.04,a2ff2d15-0662-4ac6-9c5e-8738a1f29764,C851854702,CASH_IN,USD,False,2026-10-01T21:00:00+00:00
55,CASH_OUT,67641.48,C176721925,70256.07,2614.59,C915478157,10801.88,78443.36,0,0,0.0,0.0,f896e03b-abc3-4a61-b02a-199e1aeeba4d,C176721925,CASH_OUT,USD,False,2026-10-03T07:00:00+00:00
51,CASH_OUT,76775.91,C107889398,225181.51,148405.6,C811198748,41968.92,118744.83,0,0,0.0,0.0,022a8bd8-16d2-48c6-9f00-c7ae94429cc1,C107889398,CASH_OUT,USD,False,2026-10-03T03:00:00+00:00
63,CASH_IN,36868.89,C597171931,4377.32,41246.21,C629464013,81015.94,44147.05,0,0,-73737.78,73737.78,c621ad1b-02d5-4d0b-ab9a-35f840624f3d,C597171931,CASH_IN,USD,False,2026-10-03T15:00:00+00:00
56,PAYMENT,576.5,C853529912,3953.78,3377.28,M802992685,0.0,0.0,0,0,0.0,576.5,90702268-ed6f-414b-9177-5798db1dcb2c,C853529912,PAYMENT,USD,False,2026-10-03T08:00:00+00:00
73,CASH_OUT,96448.17,C190137896,263660.62,167212.45,C245706210,9086.45,105534.62,0,0,0.0,0.0,11689a9f-a2f1-45f7-b102-314c46dc9d71,C190137896,CASH_OUT,USD,False,2026-10-04T01:00:00+00:00
30,CASH_IN,30278.18,C465708674,19097.17,49375.35,C759132774,40273.6,9995.42,0,0,-60556.36,60556.36,22e5f3ce-af36-4d64-9d2e-eefc7a51af5b,C465708674,CASH_IN,USD,False,2026-10-02T06:00:00+00:00
86,PAYMENT,4696.36,C999079920,8909.95,4213.59,M735309728,0.0,0.0,0,0,0.0,4696.36,2acb7750-4ea4-49cf-b2a6-b3cebb836fa4,C999079920,PAYMENT,USD,False,2026-10-04T14:00:00+00:00
29,PAYMENT,160.48,C561024904,681.29,520.81,M790228124,0.0,0.0,0,0,0.0,160.48,9610de8b-d670-4299-baec-d2a2cc75b557,C561024904,PAYMENT,USD,False,2026-10-02T05:00:00+00:00
48,CASH_OUT,39398.0,C821920438,104201.19,64803.19,C509123009,47014.59,86412.59,0,0,0.0,0.0,51311ec8-6496-44cf-986a-a30027122b3e,C821920438,CASH_OUT,USD,False,2026-10-03T00:00:00+00:00
4,CASH_OUT,116941.54,C142361888,198454.38,81512.84,C679902460,3463.34,120404.88,0,0,0.0,-0.0,edae2f0d-27a5-47f8-b6ea-94f583b8aa9d,C142361888,CASH_OUT,USD,False,2026-10-01T04:00:00+00:00
12,PAYMENT,1089.85,C629977010,4146.0,3056.15,M551232519,0.0,0.0,0,0,0.0,1089.85,9fab45d3-9089-4195-93d7-e67d98b6b83e,C629977010,PAYMENT,USD,False,2026-10-01T12:00:00+00:00
93,PAYMENT,3336.79,C210031414,24091.52,20754.73,M584830817,0.0,0.0,0,0,0.0,3336.79,8875c333-9f83-40a8-9d8f-67a194561787,C210031414,PAYMENT,USD,False,2026-10-04T21:00:00+00:00
52,CASH_OUT,23810.65,C806019487,44907.47,21096.82,C744154611,17616.2,41426.85,0,0,0.0,0.0,81cbdfa6-529a-46f6-931d-d41a2ed5726e,C806019487,CASH_OUT,USD,False,2026-10-03T04:00:00+00:00
27,DEBIT,159.25,C751629270,520.37,361.12,C263639767,4972.58,5131.83,0,0,0.0,0.0,0270358f-8a17-4a02-8ef8-3c14aa141c01,C751629270,DEBIT,USD,False,2026-10-02T03:00:00+00:00
26,PAYMENT,4413.86,C456847519,18811.82,14397.96,M482636984,0.0,0.0,0,0,0.0,4413.86,1ab7283d-ec0f-40bb-abef-b52e2e0d728d,C456847519,PAYMENT,USD,False,2026-10-02T02:00:00+00:00
7,PAYMENT,3196.54,C668666911,17979.89,14783.35,M182492018,0.0,0.0,0,0,-0.0,3196.54,8f2cbdf4-2675-4aa8-a6f7-2950ae9dd967,C668666911,PAYMENT,USD,False,2026-10-01T07:00:00+00:00
95,CASH_OUT,82175.84,C231348586,225231.9,143056.06,C172546866,20878.76,103054.6,0,0,0.0,-0.0,9777840d-2984-4a6e-9e75-b9577549a8b9,C231348586,CASH_OUT,USD,False,2026-10-04T23:00:00+00:00
5,TRANSFER,606535.09,C128735716,606535.09,0.0,C673179940,3220.04,609755.13,1,0,0.0,0.0,b9cc95aa-5b4e-4745-91ed-d18c442f41e9,C128735716,TRANSFER,USD,False,2026-10-01T05:00:00+00:00
90,CASH_OUT,67550.79,C571029923,71617.9,4067.11,C699627706,6947.51,74498.3,0,0,0.0,-0.0,2474d05e-174f-483e-8ebc-d2ce328a387d,C571029923,CASH_OUT,USD,False,2026-10-04T18:00:00+00:00
55,PAYMENT,4322.82,C194408250,21652.61,17329.79,M460318746,0.0,0.0,0,0,0.0,4322.82,e0def3ef-95ac-4d89-9b8e-7230d9ec0818,C194408250,PAYMENT,USD,False,2026-10-03T07:00:00+00:00
71,TRANSFER,120991.52,C728268579,404504.23,283512.71,C645818292,72814.52,193806.04,0,0,-0.0,0.0,fcc12403-86f8-4268-a582-a3fe326ed281,C728268579,TRANSFER,USD,False,2026-10-03T23:00:00+00:00
70,CASH_OUT,80806.72,C812071166,228705.33,147898.61,C964111282,34944.04,115750.76,0,0,0.0,0.0,4faf361d-93d7-4f3d-96be-7bed98720cb2,C812071166,CASH_OUT,USD,False,2026-10-03T22:00:00+00:00
38,TRANSFER,722721.98,C644688636,722721.98,0.0,C899267436,3329.04,726051.02,1,0,0.0,0.0,bd810bc1-bc1a-46d0-a25a-fb6f7771fc19,C644688636,TRANSFER,USD,False,2026-10-02T14:00:00+00:00
74,CASH_IN,30959.36,C594177720,11821.26,42780.62,C633792439,7401.12,0.0,0,0,-61918.72,38360.48,3b4097ea-84f6-47a6-ae02-88949f217842,C594177720,CASH_IN,USD,False,2026-10-04T02:00:00+00:00
20,PAYMENT,2663.86,C227174482,12485.83,9821.97,M763882641,0.0,0.0,0,0,0.0,2663.86,50a25234-2b2f-462a-a071-acc2522af074,C227174482,PAYMENT,USD,False,2026-10-01T20:00:00+00:00
4,CASH_OUT,62299.31,C848531994,67299.46,5000.15,C172973151,29483.43,91782.74,0,0,0.0,-0.0,46d7d5e4-2e12-47db-91b1-4b7b8b2a1e94,C848531994,CASH_OUT,USD,False,2026-10-01T04:00:00+00:00
45,CASH_IN,44810.06,C375315150,2627.47,47437.53,C601817355,87807.07,42997.01,0,0,-89620.12,89620.12,95d8d003-bad5-4852-86b2-819169128e37,C375315150,CASH_IN,USD,False,2026-10-02T21:00:00+00:00
59,PAYMENT,648.82,C775177517,1672.38,1023.56,M139097790,0.0,0.0,0,0,0.0,648.82,fc0b879b-d800-4cec-9dfb-5d790e8cad4e,C775177517,PAYMENT,USD,False,2026-10-03T11:00:00+00:00
19,PAYMENT,3322.03,C519965089,12416.91,9094.88,M192729088,0.0,0.0,0,0,0.0,3322.03,77bb354c-2347-4886-b49e-b09652be11f9,C519965089,PAYMENT,USD,False,2026-10-01T19:00:00+00:00
60,CASH_IN,33684.56,C158165865,1968.36,35652.92,C793830224,40859.51,7174.95,0,0,-67369.12,67369.12,b7f28620-90c2-4859-a1a6-77aafcab4580,C158165865,CASH_IN,USD,False,2026-10-03T12:00:00+00:00
49,PAYMENT,1402.54,C950504212,7877.82,6475.28,M412030195,0.0,0.0,0,0,0.0,1402.54,ede61f24-1fac-462b-85ad-638829d0995c,C950504212,PAYMENT,USD,False,2026-10-03T01:00:00+00:00
66,CASH_IN,28717.57,C194199647,12200.63,40918.2,C602990912,99302.02,70584.45,0,0,-57435.14,57435.14,55b6eabe-2274-4299-8282-bbc1aa194748,C194199647,CASH_IN,USD,False,2026-10-03T18:00:00+00:00
69,PAYMENT,1641.76,C259522516,10942.55,9300.79,M157186389,0.0,0.0,0,0,-0.0,1641.76,d507e60a-a1fe-4954-8379-ea0ce58785c7,C259522516,PAYMENT,USD,False,2026-10-03T21:00:00+00:00
83,PAYMENT,775.2,C723464439,5132.07,4356.87,M807309035,0.0,0.0,0,0,0.0,775.2,7039a6f2-d917-41f2-a252-08cd0e35bea1,C723464439,PAYMENT,USD,False,2026-10-04T11:00:00+00:00
83,CASH_IN,6107.07,C475339059,8531.84,14638.91,C876859667,57822.81,51715.74,0,0,-12214.14,12214.14,c264836c-b10c-4bd0-aef7-e640e598f5ca,C475339059,CASH_IN,USD,False,2026-10-04T11:00:00+00:00
58,CASH_IN,768.72,C596199824,15012.26,15780.98,C452365773,53382.97,52614.25,0,0,-1537.44,1537.44,f88c2c4d-3103-4d66-9de1-142947a79b5d,C596199824,CASH_IN,USD,False,2026-10-03T10:00:00+00:00
90,CASH_IN,6664.12,C783381095,5001.17,11665.29,C813129717,80206.12,73542.0,0,0,-13328.24,13328.24,edeb697a-8a0b-4789-8f6f-4c97809a25d4,C783381095,CASH_IN,USD,False,2026-10-04T18:00:00+00:00
50,PAYMENT,214.25,C336478266,237.61,23.36,M425247450,0.0,0.0,0,0,0.0,214.25,8c5dc747-5a72-4f6a-8e38-1f02762019d7,C336478266,PAYMENT,USD,False,2026-10-03T02:00:00+00:00
42,CASH_IN,5338.25,C544443186,16648.09,21986.34,C944669461,93635.8,88297.55,0,0,-10676.5,10676.5,1e309452-e533-42e5-b9ce-db548ddd25ee,C544443186,CASH_IN,USD,False,2026-10-02T18:00:00+00:00
89,CASH_OUT,140144.09,C160226762,358498.68,218354.59,C262614360,1589.88,141733.97,0,0,0.0,0.0,9ab53e42-5fb4-4419-affb-1f938ca66122,C160226762,CASH_OUT,USD,False,2026-10-04T17:00:00+00:00
52,PAYMENT,1072.11,C733889377,9898.6,8826.49,M789601604,0.0,0.0,0,0,0.0,1072.11,13e3d6ec-52dd-40ee-b1aa-23b4abbe8beb,C733889377,PAYMENT,USD,False,2026-10-03T04:00:00+00:00
57,PAYMENT,1176.3,C406798268,4560.97,3384.67,M460613550,0.0,0.0,0,0,0.0,1176.3,d5f5e18a-60ef-434f-83b8-70a5d3606357,C406798268,PAYMENT,USD,False,2026-10-03T09:00:00+00:00
39,PAYMENT,3117.18,C274424500,4977.78,1860.6,M811764494,0.0,0.0,0,0,0.0,3117.18,919f2e72-f683-4d15-ba13-e3442e9e46e6,C274424500,PAYMENT,USD,False,2026-10-02T15:00:00+00:00
86,TRANSFER,136343.2,C798646390,237705.8,101362.6,C309823464,71780.85,208124.05,0,0,-0.0,0.0,62b8f6ee-c2d2-44b4-b43a-9ba5db7b856c,C798646390,TRANSFER,USD,False,2026-10-04T14:00:00+00:00
78,PAYMENT,2202.29,C249216081,3730.23,1527.94,M346950710,0.0,0.0,0,0,0.0,2202.29,6d91ccb3-272e-4296-96f6-38fc1cea77d7,C249216081,PAYMENT,USD,False,2026-10-04T06:00:00+00:00
32,CASH_IN,19409.32,C202891162,15260.89,34670.21,C441832901,14219.1,0.0,0,0,-38818.64,33628.42,a71c32c6-2ebb-4e74-933f-29d008d49990,C202891162,CASH_IN,USD,False,2026-10-02T08:00:00+00:00
60,CASH_IN,41593.27,C209081737,12843.86,54437.13,C611409332,69407.4,27814.13,0,0,-83186.54,83186.54,8a7dc8d5-71f2-4977-8daa-8dd13573b603,C209081737,CASH_IN,USD,False,2026-10-03T12:00:00+00:00
40,CASH_OUT,95389.26,C912872297,100710.31,5321.05,C125148911,39829.93,135219.19,0,0,0.0,0.0,258bbca3-10d1-4370-988e-70bc67ca37fe,C912872297,CASH_OUT,USD,False,2026-10-02T16:00:00+00:00
96,PAYMENT,1209.45,C718124470,2078.3,868.85,M727594615,0.0,0.0,0,0,0.0,1209.45,a53c7cfc-7240-41a7-af68-9da0fef9d3af,C718124470,PAYMENT,USD,False,2026-10-05T00:00:00+00:00
8,CASH_OUT,42234.64,C671532152,56457.35,14222.71,C678498324,48950.01,91184.65,0,0,0.0,0.0,aacdfee4-b5fb-493a-a79f-ac1ec9cdaa97,C671532152,CASH_OUT,USD,False,2026-10-01T08:00:00+00:00
97,CASH_OUT,3708.15,C529287287,9632.44,5924.29,C438134832,31884.02,35592.17,0,0,0.0,0.0,705ebf12-19cb-4334-abb2-1e770c6e18b1,C529287287,CASH_OUT,USD,False,2026-10-05T01:00:00+00:00
53,CASH_OUT,8943.27,C743713656,26620.1,17676.83,C391996935,40210.35,49153.62,0,0,-0.0,-0.0,712055ce-3cf0-4ab3-aa73-e8dcd35e6927,C743713656,CASH_OUT,USD,False,2026-10-03T05:00:00+00:00
8,TRANSFER,103993.6,C532701137,200895.24,96901.64,C207553685,26426.54,130420.14,0,0,-0.0,0.0,13a9b6e7-d6f3-4c44-8ecd-82bb21bc1bab,C532701137,TRANSFER,USD,False,2026-10-01T08:00:00+00:00
60,CASH_IN,42892.55,C567703891,7755.47,50648.02,C110082373,23219.63,0.0,0,0,-85785.1,66112.18,d7cdc299-8904-41cc-b5fa-38ff433823cf,C567703891,CASH_IN,USD,False,2026-10-03T12:00:00+00:00
14,CASH_OUT,69327.9,C847934043,157319.7,87991.8,C447172739,10236.89,79564.79,0,0,0.0,0.0,bffd9145-fea2-42de-ab27-6be4765a910b,C847934043,CASH_OUT,USD,False,2026-10-01T14:00:00+00:00
77,PAYMENT,3029.4,C114436175,14412.52,11383.12,M803434313,0.0,0.0,0,0,0.0,3029.4,0efbeb39-99d7-45f7-9ff0-c1ffcfaf5977,C114436175,PAYMENT,USD,False,2026-10-04T05:00:00+00:00
70,CASH_OUT,4446.0,C239665900,4894.65,448.65,C825308245,19179.98,23625.98,0,0,-0.0,0.0,e27ca913-d0cd-49bd-b287-d375ec90af5d,C239665900,CASH_OUT,USD,False,2026-10-03T22:00:00+00:00
84,PAYMENT,2199.28,C277530219,14509.85,12310.57,M354215988,0.0,0.0,0,0,0.0,2199.28,e58233d6-26c0-4f3c-a8be-f84a625a9343,C277530219,PAYMENT,USD,False,2026-10-04T12:00:00+00:00
15,CASH_OUT,125294.09,C472467580,364378.82,239084.73,C275025011,43600.33,168894.42,0,0,0.0,-0.0,dbb2df18-b3e9-4f71-8b70-7dfa11c8840d,C472467580,CASH_OUT,USD,False,2026-10-01T15:00:00+00:00
59,CASH_IN,11742.29,C666886808,11160.6,22902.89,C565412358,52483.86,40741.57,0,0,-23484.58,23484.58,14191a20-9a09-4199-933c-9d97c42ab3cd,C666886808,CASH_IN,USD,False,2026-10-03T11:00:00+00:00
37,PAYMENT,2902.02,C943702118,11318.58,8416.56,M802984810,0.0,0.0,0,0,0.0,2902.02,0cba535a-099c-4863-9fcc-c91d102bc0da,C943702118,PAYMENT,USD,False,2026-10-02T13:00:00+00:00
38,CASH_IN,22699.18,C533046650,2224.6,24923.78,C737527440,1478.1,0.0,0,0,-45398.36,24177.28,956abf5a-c98d-48cc-8aaf-7ba0dfd7d580,C533046650,CASH_IN,USD,False,2026-10-02T14:00:00+00:00
83,CASH_IN,37357.2,C177438788,475.06,37832.26,C265092727,71969.96,34612.76,0,0,-74714.4,74714.4,c712a83b-fa21-47b8-ae00-5f1f1682944c,C177438788,CASH_IN,USD,False,2026-10-04T11:00:00+00:00
22,CASH_OUT,112.83,C806693247,123.25,10.42,C422766775,47289.73,47402.56,0,0,0.0,0.0,46af857e-b0a9-4953-9ee3-7793977f6eea,C806693247,CASH_OUT,USD,False,2026-10-01T22:00:00+00:00
14,CASH_OUT,60251.58,C189458319,146763.7,86512.12,C446712607,34234.32,94485.9,0,0,0.0,0.0,6cdc8eb6-2d14-4168-9dc3-c03c82d52b62,C189458319,CASH_OUT,USD,False,2026-10-01T14:00:00+00:00
82,CASH_IN,43231.44,C614095185,1333.38,44564.82,C362682448,65127.67,21896.23,0,0,-86462.88,86462.88,1d394ccc-ea7d-45bb-9f5b-d98094008f2b,C614095185,CASH_IN,USD,False,2026-10-04T10:00:00+00:00
94,CASH_OUT,141572.12,C512015168,298571.37,156999.25,C243399056,17176.27,158748.39,0,0,0.0,-0.0,88d82177-45bb-4486-88c2-69ef6aaf7f94,C512015168,CASH_OUT,USD,False,2026-10-04T22:00:00+00:00
13,CASH_OUT,149239.83,C405759388,284074.63,134834.8,C353948002,34102.44,183342.27,0,0,0.0,0.0,ee22aa06-4dd0-4038-b005-1c88f61d58ba,C405759388,CASH_OUT,USD,False,2026-10-01T13:00:00+00:00
30,PAYMENT,969.68,C808705238,3401.08,2431.4,M452468587,0.0,0.0,0,0,0.0,969.68,7d36f016-6e6d-41e0-bcc2-1b732630793d,C808705238,PAYMENT,USD,False,2026-10-02T06:00:00+00:00
99,CASH_OUT,22830.05,C145141735,37249.72,14419.67,C441177295,33242.03,56072.08,0,0,0.0,0.0,1675b380-0d09-4772-bf6a-103b87365ede,C145141735,CASH_OUT,USD,False,2026-10-05T03:00:00+00:00
4,CASH_IN,28321.64,C505708913,14154.36,42476.0,C377658941,68325.04,40003.4,0,0,-56643.28,56643.28,dc15d062-56a9-44bc-bd47-f83f402afdd5,C505708913,CASH_IN,USD,False,2026-10-01T04:00:00+00:00
97,PAYMENT,2339.56,C824240334,15496.69,13157.13,M267396883,0.0,0.0,0,0,0.0,2339.56,5c1ba0b8-2861-490d-ab91-52470a30af2b,C824240334,PAYMENT,USD,False,2026-10-05T01:00:00+00:00
79,PAYMENT,525.03,C707254955,1189.61,664.58,M632774653,0.0,0.0,0,0,-0.0,525.03,2b95962c-c079-4443-81a1-3e6b3c090253,C707254955,PAYMENT,USD,False,2026-10-04T07:00:00+00:00
31,PAYMENT,2106.28,C262547260,9795.64,7689.36,M164935057,0.0,0.0,0,0,-0.0,2106.28,0e6ce297-c804-4a28-b447-4e4ef337daab,C262547260,PAYMENT,USD,False,2026-10-02T07:00:00+00:00
24,CASH_OUT,120075.7,C725162765,131862.02,11786.32,C348592047,15574.43,135650.13,0,0,-0.0,0.0,8aa1f7e2-696f-49db-bea8-ecb02707645f,C725162765,CASH_OUT,USD,False,2026-10-02T00:00:00+00:00
43,CASH_OUT,31092.92,C241489248,67224.8,36131.88,C248795415,34202.43,65295.35,0,0,0.0,0.0,dce01d06-7766-442f-98f7-cca806624878,C241489248,CASH_OUT,USD,False,2026-10-02T19:00:00+00:00
39,PAYMENT,178.47,C866979905,1624.81,1446.34,M713342728,0.0,0.0,0,0,0.0,178.47,339f9500-d076-4f7e-8067-197549be28a3,C866979905,PAYMENT,USD,False,2026-10-02T15:00:00+00:00
42,CASH_OUT,114507.3,C781068259,270479.0,155971.7,C797759882,3305.75,117813.05,0,0,0.0,0.0,b2c80645-5fb5-4383-bdb5-127706ebab90,C781068259,CASH_OUT,USD,False,2026-10-02T18:00:00+00:00
72,CASH_OUT,45526.38,C936855553,60472.17,14945.79,C858125303,21534.06,67060.44,0,0,0.0,0.0,12254faf-d793-4ba6-b3d8-33f4ab038d9d,C936855553,CASH_OUT,USD,False,2026-10-04T00:00:00+00:00
74,PAYMENT,3079.83,C425560046,26758.16,23678.33,M678916093,0.0,0.0,0,0,0.0,3079.83,393cc0b8-cd03-4c4f-9193-4c69a057754d,C425560046,PAYMENT,USD,False,2026-10-04T02:00:00+00:00
48,CASH_IN,9370.12,C145439893,4581.58,13951.7,C946816175,67899.34,58529.22,0,0,-18740.24,18740.24,168bb141-10d7-4269-bd1e-ffe2a24885a1,C145439893,CASH_IN,USD,False,2026-10-03T00:00:00+00:00
41,CASH_OUT,139232.17,C728095020,187717.59,48485.42,C512502316,24949.38,164181.55,0,0,-0.0,0.0,56a87eff-11ae-4a93-91f1-7b3d94855a55,C728095020,CASH_OUT,USD,False,2026-10-02T17:00:00+00:00
14,PAYMENT,4180.4,C180542723,18138.44,13958.04,M991347764,0.0,0.0,0,0,-0.0,4180.4,fc5aeecc-53fe-43cc-a71e-04b820395c0a,C180542723,PAYMENT,USD,False,2026-10-01T14:00:00+00:00
68,TRANSFER,90794.38,C764561301,359577.19,268782.81,C917255218,40603.26,131397.64,0,0,0.0,0.0,edc80ed2-5a37-4f6d-bab9-c935d70dc76d,C764561301,TRANSFER,USD,False,2026-10-03T20:00:00+00:00
47,PAYMENT,3542.28,C413664671,19670.53,16128.25,M918153355,0.0,0.0,0,0,-0.0,3542.28,a9793f64-935a-436d-9579-ed6d894c4cb7,C413664671,PAYMENT,USD,False,2026-10-02T23:00:00+00:00
85,CASH_OUT,105583.85,C637050887,239520.73,133936.88,C766751583,348.37,105932.22,0,0,0.0,0.0,f9bd8a97-af2b-45bd-b685-31456f8081ae,C637050887,CASH_OUT,USD,False,2026-10-04T13:00:00+00:00
30,CASH_IN,38139.8,C786177667,4726.68,42866.48,C916370466,23537.01,0.0,0,0,-76279.6,61676.81,634d658f-e9d0-46cb-b76e-548d11c89964,C786177667,CASH_IN,USD,False,2026-10-02T06:00:00+00:00
38,PAYMENT,3468.0,C237730655,23832.99,20364.99,M616181484,0.0,0.0,0,0,0.0,3468.0,7253efb4-723a-4021-b57e-a7315653fbbc,C237730655,PAYMENT,USD,False,2026-10-02T14:00:00+00:00
95,PAYMENT,476.1,C173817121,493.28,17.18,M731686891,0.0,0.0,0,0,-0.0,476.1,90a38b34-35c1-439b-819b-9a9619694833,C173817121,PAYMENT,USD,False,2026-10-04T23:00:00+00:00
25,CASH_OUT,125382.62,C117440348,183182.83,57800.21,C951530461,39699.57,165082.19,0,0,-0.0,0.0,a77fdf60-dab0-4fc0-98f5-3dbe7e8f170c,C117440348,CASH_OUT,USD,False,2026-10-02T01:00:00+00:00
93,PAYMENT,2817.91,C358473878,12329.96,9512.05,M329703585,0.0,0.0,0,0,0.0,2817.91,0f091635-93c7-49a3-b847-706ac982b6b8,C358473878,PAYMENT,USD,False,2026-10-04T21:00:00+00:00
52,CASH_OUT,58904.41,C335048971,146789.29,87884.88,C983157977,27964.71,86869.12,0,0,0.0,0.0,b51c4aa4-1689-4fe6-8967-a307aca28739,C335048971,CASH_OUT,USD,False,2026-10-03T04:00:00+00:00
45,CASH_IN,48401.61,C827794965,11033.43,59435.04,C670889348,88320.09,39918.48,0,0,-96803.22,96803.22,0bf0ad92-a2bb-4dc5-a76f-b12aeb7aae3e,C827794965,CASH_IN,USD,False,2026-10-02T21:00:00+00:00
48,PAYMENT,3546.25,C192923494,30378.99,26832.74,M855999768,0.0,0.0,0,0,0.0,3546.25,6c4298b1-f8b5-4598-9caf-f3ae3f2c144f,C192923494,PAYMENT,USD,False,2026-10-03T00:00:00+00:00
69,CASH_IN,45956.35,C781625786,16564.71,62521.06,C539799004,5242.52,0.0,0,0,-91912.7,51198.87,3b978b2c-ecf8-4b1b-8040-77c7ec4d27d4,C781625786,CASH_IN,USD,False,2026-10-03T21:00:00+00:00
48,CASH_OUT,67777.77,C655742829,98236.74,30458.97,C366186631,16904.28,84682.05,0,0,0.0,0.0,e86f83b5-3d0e-458b-b117-3dea6ba09034,C655742829,CASH_OUT,USD,False,2026-10-03T00:00:00+00:00
71,CASH_OUT,111804.65,C601484407,209312.17,97507.52,C632363028,47317.28,159121.93,0,0,0.0,0.0,a80a5a4f-a73d-4fdf-b516-b9d4e875cc8a,C601484407,CASH_OUT,USD,False,2026-10-03T23:00:00+00:00
62,TRANSFER,40534.34,C389523201,93812.18,53277.84,C336830570,10678.94,51213.28,0,0,0.0,0.0,f157db7f-088c-4e7c-8fef-4194fee7c875,C389523201,TRANSFER,USD,False,2026-10-03T14:00:00+00:00
5,CASH_IN,10847.52,C671551491,955.12,11802.64,C848121420,63844.25,52996.73,0,0,-21695.04,21695.04,54632e59-a34d-4da7-a291-0125f5ab6740,C671551491,CASH_IN,USD,False,2026-10-01T05:00:00+00:00
83,CASH_OUT,52231.85,C731427251,98167.84,45935.99,C451273622,7497.56,59729.41,0,0,0.0,-0.0,96443973-5893-48af-b265-19af387f1a6e,C731427251,CASH_OUT,USD,False,2026-10-04T11:00:00+00:00
33,TRANSFER,164500.74,C677016715,627907.67,463406.93,C935570846,46660.9,211161.64,0,0,0.0,-0.0,29868047-71b8-424e-8c8e-9cb1ad006970,C677016715,TRANSFER,USD,False,2026-10-02T09:00:00+00:00
22,TRANSFER,48585.16,C968078090,110294.37,61709.21,C145822897,79062.39,127647.55,0,0,-0.0,0.0,e690e263-ea3f-4dbc-bb53-1fb022b901cd,C968078090,TRANSFER,USD,False,2026-10-01T22:00:00+00:00
46,CASH_OUT,139072.63,C891826149,412449.37,273376.74,C713200664,48625.96,187698.59,0,0,0.0,0.0,5aed6f8a-2f9b-4877-9804-8dcb5b8e8270,C891826149,CASH_OUT,USD,False,2026-10-02T22:00:00+00:00
33,PAYMENT,2277.65,C783648813,11588.7,9311.05,M264430586,0.0,0.0,0,0,0.0,2277.65,ff103a83-cc56-498c-abcb-543d76d2e7ab,C783648813,PAYMENT,USD,False,2026-10-02T09:00:00+00:00
78,PAYMENT,2049.21,C642739803,15822.88,13773.67,M782147868,0.0,0.0,0,0,-0.0,2049.21,184ca99f-2930-43be-a256-a24f2e79060d,C642739803,PAYMENT,USD,False,2026-10-04T06:00:00+00:00
98,CASH_OUT,88630.44,C696228027,131007.81,42377.37,C324233695,19259.24,107889.68,0,0,-0.0,0.0,bf7ff7f2-a11d-4ced-9344-b43bc084a910,C696228027,CASH_OUT,USD,False,2026-10-05T02:00:00+00:00
5,CASH_IN,13423.66,C530747414,18262.72,31686.38,C326541099,57150.83,43727.17,0,0,-26847.32,26847.32,b899d2a9-8e2f-4110-a83a-b7d85efdfd46,C530747414,CASH_IN,USD,False,2026-10-01T05:00:00+00:00
6,PAYMENT,1528.11,C668455421,6938.53,5410.42,M626061386,0.0,0.0,0,0,0.0,1528.11,0dd79fe8-44df-4218-9478-1c5df9cff849,C668455421,PAYMENT,USD,False,2026-10-01T06:00:00+00:00
15,PAYMENT,3048.92,C517943910,3410.65,361.73,M665461184,0.0,0.0,0,0,0.0,3048.92,f46d855d-d4a3-499a-9287-1d38e14f568b,C517943910,PAYMENT,USD,False,2026-10-01T15:00:00+00:00
6,CASH_IN,3041.0,C708347055,6752.12,9793.12,C219649243,62811.64,59770.64,0,0,-6082.0,6082.0,d360778a-b8d1-41f0-bbba-f1da3064d691,C708347055,CASH_IN,USD,False,2026-10-01T06:00:00+00:00
14,CASH_OUT,127558.96,C423821937,333063.58,205504.62,C744687060,39811.36,167370.32,0,0,0.0,0.0,2c7eb013-caa2-4849-bfac-84d7cbb79034,C423821937,CASH_OUT,USD,False,2026-10-01T14:00:00+00:00
45,CASH_IN,30867.86,C329544484,7649.15,38517.01,C305067526,18721.55,0.0,0,0,-61735.72,49589.41,abf0a681-4f06-4b36-a82a-2d3bb47c6530,C329544484,CASH_IN,USD,False,2026-10-02T21:00:00+00:00
54,CASH_IN,1794.23,C962908190,12620.47,14414.7,C221331300,21200.45,19406.22,0,0,-3588.46,3588.46,16320563-1554-44dc-b965-349aef6c5d18,C962908190,CASH_IN,USD,False,2026-10-03T06:00:00+00:00
100,CASH_IN,22705.99,C896610501,11076.0,33781.99,C806176226,73226.07,50520.08,0,0,-45411.98,45411.98,e0d954fe-40a2-450b-8f81-5a7e4f5aa298,C896610501,CASH_IN,USD,False,2026-10-05T04:00:00+00:00
5,TRANSFER,74804.6,C325331808,257318.41,182513.81,C609859727,19256.15,94060.75,0,0,0.0,0.0,ab738224-3ed1-4c60-b63a-966e044cdb7c,C325331808,TRANSFER,USD,False,2026-10-01T05:00:00+00:00
5,PAYMENT,4806.09,C249830992,21965.6,17159.51,M141966685,0.0,0.0,0,0,0.0,4806.09,2baf4f93-6e36-444d-ba15-ffec873493ab,C249830992,PAYMENT,USD,False,2026-10-01T05:00:00+00:00
47,CASH_OUT,88481.15,C929084214,112173.09,23691.94,C412457968,25056.16,113537.31,0,0,0.0,0.0,87b2a368-c09c-46a6-bd26-995a306fb976,C929084214,CASH_OUT,USD,False,2026-10-02T23:00:00+00:00
27,CASH_OUT,113254.22,C646210500,248794.95,135540.73,C129366972,1987.25,115241.47,0,0,0.0,0.0,3473d125-f854-475e-9943-4bde274a95e6,C646210500,CASH_OUT,USD,False,2026-10-02T03:00:00+00:00
35,PAYMENT,2818.34,C854708138,21371.21,18552.87,M167950509,0.0,0.0,0,0,0.0,2818.34,a0c978bc-6947-4bb3-ae56-4fc73af34b18,C854708138,PAYMENT,USD,False,2026-10-02T11:00:00+00:00
77,CASH_IN,46684.1,C811758502,19490.15,66174.25,C923334686,77086.37,30402.27,0,0,-93368.2,93368.2,a41b8354-edac-4764-8208-07ec58935832,C811758502,CASH_IN,USD,False,2026-10-04T05:00:00+00:00
49,CASH_OUT,29829.63,C867741192,71031.17,41201.54,C735760237,31362.12,61191.75,0,0,-0.0,0.0,f469b271-691e-44e8-a5b5-6398649c73ce,C867741192,CASH_OUT,USD,False,2026-10-03T01:00:00+00:00
30,PAYMENT,1383.59,C487832545,10585.06,9201.47,M885136202,0.0,0.0,0,0,0.0,1383.59,8caba51a-f303-4b6e-bba1-c6cbf05514ab,C487832545,PAYMENT,USD,False,2026-10-02T06:00:00+00:00
30,CASH_OUT,29048.61,C303431575,43501.05,14452.44,C805315791,31266.25,60314.86,0,0,0.0,0.0,db3a1cbd-11b1-4b1d-968d-b210c8f51a6e,C303431575,CASH_OUT,USD,False,2026-10-02T06:00:00+00:00
72,CASH_IN,31486.05,C171692520,5081.22,36567.27,C992786814,49859.57,18373.52,0,0,-62972.1,62972.1,5bf71129-ab9d-4c1f-940c-2775a6d92752,C171692520,CASH_IN,USD,False,2026-10-04T00:00:00+00:00
60,CASH_OUT,24319.64,C104625795,51345.83,27026.19,C659155913,32760.23,57079.87,0,0,0.0,-0.0,94684a2e-ce4b-44e6-a865-b6ba700e3734,C104625795,CASH_OUT,USD,False,2026-10-03T12:00:00+00:00
94,CASH_IN,22879.35,C118148059,8085.55,30964.9,C907020947,19055.56,0.0,0,0,-45758.7,41934.91,2447aed6-e68a-46a2-a8aa-39232a674aa7,C118148059,CASH_IN,USD,False,2026-10-04T22:00:00+00:00
12,PAYMENT,2711.19,C206658672,6225.73,3514.54,M406394085,0.0,0.0,0,0,-0.0,2711.19,05d802ea-dc60-4544-b26a-cf8674e3a1cc,C206658672,PAYMENT,USD,False,2026-10-01T12:00:00+00:00
1,CASH_OUT,61819.21,C302476546,115862.35,54043.14,C701890658,12494.81,74314.02,0,0,0.0,0.0,15cad051-246c-4e2d-aa2c-e96883777db6,C302476546,CASH_OUT,USD,False,2026-10-01T01:00:00+00:00
69,PAYMENT,882.62,C880232602,4565.67,3683.05,M508505332,0.0,0.0,0,0,0.0,882.62,49d9c02b-2438-4159-a47d-a5f60e24ab19,C880232602,PAYMENT,USD,False,2026-10-03T21:00:00+00:00
86,CASH_IN,14914.46,C537701423,4854.32,19768.78,C122236522,42560.17,27645.71,0,0,-29828.92,29828.92,f53e0696-f62f-4781-aa08-0bf12c65150a,C537701423,CASH_IN,USD,False,2026-10-04T14:00:00+00:00
99,CASH_OUT,16992.75,C298461891,44338.7,27345.95,C516023480,37140.67,54133.42,0,0,-0.0,0.0,9e9da46f-b266-4479-86d6-44f1047da849,C298461891,CASH_OUT,USD,False,2026-10-05T03:00:00+00:00
98,PAYMENT,604.32,C452318696,4667.24,4062.92,M634063428,0.0,0.0,0,0,-0.0,604.32,e945399e-2f2b-40d6-83c5-6d9121801677,C452318696,PAYMENT,USD,False,2026-10-05T02:00:00+00:00
58,TRANSFER,158756.12,C234987818,620478.06,461721.94,C786031253,7795.68,166551.8,0,0,0.0,0.0,53c9cbbf-0ef7-4f22-96c8-fa5de8578e65,C234987818,TRANSFER,USD,False,2026-10-03T10:00:00+00:00
97,CASH_OUT,28437.86,C294274844,82892.68,54454.82,C852074582,4948.73,33386.59,0,0,-0.0,0.0,4ca7886a-f31e-4027-8cf3-e8f60dc2f59f,C294274844,CASH_OUT,USD,False,2026-10-05T01:00:00+00:00
42,CASH_OUT,792653.88,C743862317,792653.88,0.0,C388614501,2274.97,794928.85,1,0,0.0,0.0,ab2b0b8b-177c-46c8-8549-70fa7ab47822,C743862317,CASH_OUT,USD,False,2026-10-02T18:00:00+00:00
18,PAYMENT,2295.6,C599863643,18004.52,15708.92,M283826012,0.0,0.0,0,0,0.0,2295.6,a25e933e-bf3d-4295-8ea4-d27d84a2f439,C599863643,PAYMENT,USD,False,2026-10-01T18:00:00+00:00
57,PAYMENT,1399.31,C980926449,3547.67,2148.36,M273265999,0.0,0.0,0,0,0.0,1399.31,dedeff97-ac09-4a2f-a173-df926b548087,C980926449,PAYMENT,USD,False,2026-10-03T09:00:00+00:00
65,CASH_IN,42942.18,C700704768,6876.32,49818.5,C553184702,97674.57,54732.39,0,0,-85884.36,85884.36,439e75b0-ff25-4a4c-b64b-a2f474afd9ed,C700704768,CASH_IN,USD,False,2026-10-03T17:00:00+00:00
46,CASH_OUT,99219.88,C160611912,145778.23,46558.35,C365873433,15604.98,114824.86,0,0,0.0,0.0,b2e1f8e5-e626-4103-85c8-cf31817c6dc6,C160611912,CASH_OUT,USD,False,2026-10-02T22:00:00+00:00
17,CASH_OUT,36630.52,C210848185,50840.47,14209.95,C870788073,44925.56,81556.08,0,0,0.0,-0.0,0599e757-af80-4f49-8f43-d5f187a63e63,C210848185,CASH_OUT,USD,False,2026-10-01T17:00:00+00:00
89,CASH_OUT,45468.23,C963976413,57755.01,12286.78,C234313823,9540.1,55008.33,0,0,-0.0,0.0,be0a73f1-6329-481c-a7be-31a8aeb53dfd,C963976413,CASH_OUT,USD,False,2026-10-04T17:00:00+00:00
56,PAYMENT,675.86,C485995156,2692.67,2016.81,M887023544,0.0,0.0,0,0,0.0,675.86,14489eab-9ed0-4c94-81ca-5796d7a1dc22,C485995156,PAYMENT,USD,False,2026-10-03T08:00:00+00:00
4,CASH_OUT,68700.73,C120659391,138451.53,69750.8,C654416001,28972.68,97673.41,0,0,0.0,0.0,1ce841b1-f0db-4734-b465-71af5df7a50c,C120659391,CASH_OUT,USD,False,2026-10-01T04:00:00+00:00
100,CASH_OUT,53313.25,C609466879,87110.86,33797.61,C660477885,3909.98,57223.23,0,0,0.0,0.0,6208b49c-1838-45f0-9b27-ea00e83f2e3d,C609466879,CASH_OUT,USD,False,2026-10-05T04:00:00+00:00
33,CASH_OUT,118695.44,C559518421,278807.16,160111.72,C651575951,6345.09,125040.53,0,0,-0.0,0.0,21ccb6d3-337e-4ebd-acf2-c0c90e812ccc,C559518421,CASH_OUT,USD,False,2026-10-02T09:00:00+00:00
15,CASH_OUT,113708.97,C470614696,162633.89,48924.92,C290926893,10276.7,123985.67,0,0,0.0,0.0,556e0b78-a309-4677-b797-f2489edea254,C470614696,CASH_OUT,USD,False,2026-10-01T15:00:00+00:00
72,CASH_OUT,37874.17,C405100495,110926.63,73052.46,C804980312,30135.04,68009.21,0,0,0.0,-0.0,12d493fe-5491-431f-a010-b810afb18ba7,C405100495,CASH_OUT,USD,False,2026-10-04T00:00:00+00:00
38,PAYMENT,4762.22,C387057426,47000.23,42238.01,M652348887,0.0,0.0,0,0,0.0,4762.22,b988c295-f1ad-45a7-b50e-4573a8ec243a,C387057426,PAYMENT,USD,False,2026-10-02T14:00:00+00:00
4,CASH_OUT,142953.4,C940221054,234138.3,91184.9,C924639504,11036.63,153990.03,0,0,0.0,0.0,09d9186d-0bfd-42ce-9a90-7fb1feac7ed8,C940221054,CASH_OUT,USD,False,2026-10-01T04:00:00+00:00
64,PAYMENT,1182.52,C800088933,8726.78,7544.26,M595394442,0.0,0.0,0,0,0.0,1182.52,076ff8d7-6337-4d2d-bcc3-6369acb81e15,C800088933,PAYMENT,USD,False,2026-10-03T16:00:00+00:00
92,CASH_OUT,127834.2,C297543237,248981.88,121147.68,C627685695,8189.32,136023.52,0,0,0.0,0.0,608b0d72-bea1-4e40-a6fe-55c5661a8393,C297543237,CASH_OUT,USD,False,2026-10-04T20:00:00+00:00
4,PAYMENT,1616.79,C968700591,4322.06,2705.27,M949218518,0.0,0.0,0,0,0.0,1616.79,29c928bc-b20f-47cf-b72b-d9a805e9c9aa,C968700591,PAYMENT,USD,False,2026-10-01T04:00:00+00:00
73,PAYMENT,3396.91,C264752975,14770.17,11373.26,M498320110,0.0,0.0,0,0,0.0,3396.91,f69e3866-c89c-4105-a805-09b920bb3701,C264752975,PAYMENT,USD,False,2026-10-04T01:00:00+00:00
5,CASH_OUT,71595.64,C336625324,109090.31,37494.67,C183378822,21367.05,92962.69,0,0,0.0,0.0,348a10c8-0ffc-46ef-b242-ba06465037b6,C336625324,CASH_OUT,USD,False,2026-10-01T05:00:00+00:00
28,TRANSFER,180481.25,C929853555,554093.34,373612.09,C318252453,46318.26,226799.51,0,0,-0.0,0.0,d6bffd12-8ce9-4a36-a85b-d799e5532ed8,C929853555,TRANSFER,USD,False,2026-10-02T04:00:00+00:00
63,TRANSFER,124054.66,C786269852,351376.83,227322.17,C119834267,31937.89,155992.55,0,0,0.0,0.0,1ad31c5f-65dd-4a97-a17f-680783007784,C786269852,TRANSFER,USD,False,2026-10-03T15:00:00+00:00
58,TRANSFER,235483.59,C180401357,477724.12,242240.53,C764657323,58028.05,293511.64,0,0,0.0,0.0,bd0c2db2-3198-4368-8646-86678bee94bc,C180401357,TRANSFER,USD,False,2026-10-03T10:00:00+00:00
65,PAYMENT,1974.63,C670287614,16156.73,14182.1,M969426488,0.0,0.0,0,0,-0.0,1974.63,8c9cb0f8-a6cb-4b96-8bc2-c3747f9b5f9d,C670287614,PAYMENT,USD,False,2026-10-03T17:00:00+00:00
19,CASH_IN,13718.66,C342413830,7543.12,21261.78,C205169636,96908.58,83189.92,0,0,-27437.32,27437.32,60bc21af-6fec-4814-9497-1b30fa085369,C342413830,CASH_IN,USD,False,2026-10-01T19:00:00+00:00
41,PAYMENT,2498.56,C237300968,8817.43,6318.87,M996364012,0.0,0.0,0,0,0.0,2498.56,2f1f87e1-f5b1-430b-bfc1-32f56d8302f0,C237300968,PAYMENT,USD,False,2026-10-02T17:00:00+00:00
96,CASH_IN,26150.9,C720608968,143.88,26294.78,C658090039,65800.07,39649.17,0,0,-52301.8,52301.8,7a0a7716-07c8-4b97-8dbe-cc32006fdca8,C720608968,CASH_IN,USD,False,2026-10-05T00:00:00+00:00
19,PAYMENT,1857.32,C874428419,13389.74,11532.42,M373601416,0.0,0.0,0,0,0.0,1857.32,e7ed8187-41b6-473f-9785-cd57c278bd42,C874428419,PAYMENT,USD,False,2026-10-01T19:00:00+00:00
20,CASH_OUT,55197.24,C279099078,158886.48,103689.24,C812462927,26739.81,81937.05,0,0,0.0,0.0,96b1469d-f3dd-4d4f-b2a1-29372c520076,C279099078,CASH_OUT,USD,False,2026-10-01T20:00:00+00:00
52,CASH_OUT,33061.26,C208774639,91217.85,58156.59,C984836978,13413.35,46474.61,0,0,0.0,0.0,e37dc5a7-84cf-405b-a1c9-52c112be9824,C208774639,CASH_OUT,USD,False,2026-10-03T04:00:00+00:00
100,PAYMENT,1370.27,C780884334,7420.6,6050.33,M583774585,0.0,0.0,0,0,0.0,1370.27,a0dfe520-d516-4d36-b0a1-9e398432f1c3,C780884334,PAYMENT,USD,False,2026-10-05T04:00:00+00:00
36,PAYMENT,4167.07,C341021325,13368.65,9201.58,M335122791,0.0,0.0,0,0,0.0,4167.07,5a147ad0-f02b-456a-8f3f-ecf5fe88d6cc,C341021325,PAYMENT,USD,False,2026-10-02T12:00:00+00:00
78,PAYMENT,1326.19,C159465326,1607.06,280.87,M538514565,0.0,0.0,0,0,-0.0,1326.19,dbb5bc84-f1c6-44d8-931d-14aa0fa590ac,C159465326,PAYMENT,USD,False,2026-10-04T06:00:00+00:00
29,CASH_IN,6503.67,C342130763,8536.43,15040.1,C554436365,51220.31,44716.64,0,0,-13007.34,13007.34,b49e8e3d-f86e-4d4c-8674-09ef208ba6fc,C342130763,CASH_IN,USD,False,2026-10-02T05:00:00+00:00
14,CASH_OUT,16331.56,C673573365,45893.08,29561.52,C252227862,37045.82,53377.38,0,0,0.0,0.0,e1c9771c-6a97-4d4a-98da-c8f050a3cf28,C673573365,CASH_OUT,USD,False,2026-10-01T14:00:00+00:00
62,PAYMENT,3406.71,C582554755,14960.84,11554.13,M372508287,0.0,0.0,0,0,0.0,3406.71,f8f67979-0fe2-4f21-871f-447a8254d718,C582554755,PAYMENT,USD,False,2026-10-03T14:00:00+00:00
80,CASH_OUT,86751.82,C364041505,207680.64,120928.82,C491569078,46980.15,133731.97,0,0,0.0,0.0,9a62643f-6921-47c6-a3c8-44e79213da33,C364041505,CASH_OUT,USD,False,2026-10-04T08:00:00+00:00
82,CASH_OUT,85408.42,C397799667,114528.78,29120.36,C630440618,9688.51,95096.93,0,0,0.0,0.0,affaa5e5-39b9-4976-bf7a-e037edb7975f,C397799667,CASH_OUT,USD,False,2026-10-04T10:00:00+00:00
48,CASH_OUT,27802.32,C600963127,31356.76,3554.44,C754589395,35916.78,63719.1,0,0,-0.0,0.0,0f30074b-4737-4603-8e9e-45fb9224a587,C600963127,CASH_OUT,USD,False,2026-10-03T00:00:00+00:00
28,CASH_OUT,21910.44,C265492770,55967.84,34057.4,C445913056,44598.81,66509.25,0,0,-0.0,0.0,55faf5dc-a55a-4d81-8f8d-4bf884045758,C265492770,CASH_OUT,USD,False,2026-10-02T04:00:00+00:00
54,CASH_OUT,112511.02,C697582432,204969.7,92458.68,C209581171,19100.2,131611.22,0,0,0.0,0.0,25d00513-d2c1-4e65-8b1e-ae0bae231651,C697582432,CASH_OUT,USD,False,2026-10-03T06:00:00+00:00
85,TRANSFER,247770.27,C270932417,539360.38,291590.11,C688349223,33795.0,281565.27,0,0,0.0,0.0,c3a4877a-01c9-4457-b9ea-a9ce978df8f0,C270932417,TRANSFER,USD,False,2026-10-04T13:00:00+00:00
89,CASH_OUT,71116.35,C631278888,128143.99,57027.64,C724044455,46059.26,117175.61,0,0,0.0,0.0,aeeb12c6-499e-4f94-94f6-0d2af3cab3f7,C631278888,CASH_OUT,USD,False,2026-10-04T17:00:00+00:00
50,PAYMENT,1730.16,C231352681,10641.72,8911.56,M778808314,0.0,0.0,0,0,0.0,1730.16,569c8a57-b769-4b42-baf8-3079f9e34bfd,C231352681,PAYMENT,USD,False,2026-10-03T02:00:00+00:00
84,CASH_OUT,49966.48,C117904060,134732.62,84766.14,C821544753,15824.01,65790.49,0,0,-0.0,0.0,c0f38d57-3447-42b6-bd8d-bf7ef91795ad,C117904060,CASH_OUT,USD,False,2026-10-04T12:00:00+00:00
1,TRANSFER,231095.91,C205962980,821289.54,590193.63,C641375551,37977.24,269073.15,0,0,0.0,0.0,dcc05960-5cea-4a3e-a138-485a63d66d2d,C205962980,TRANSFER,USD,False,2026-10-01T01:00:00+00:00
44,CASH_OUT,571871.44,C273686964,571871.44,0.0,C345684788,544.49,572415.93,1,0,0.0,-0.0,95003bfb-a119-48b6-ba9d-68c428599a34,C273686964,CASH_OUT,USD,False,2026-10-02T20:00:00+00:00
99,CASH_IN,6281.96,C109053121,18724.96,25006.92,C497800553,45013.19,38731.23,0,0,-12563.92,12563.92,a02a4537-5ae5-448d-a492-4ff5fcffd6ed,C109053121,CASH_IN,USD,False,2026-10-05T03:00:00+00:00
77,CASH_OUT,34258.47,C615063822,70660.95,36402.48,C118212699,11697.63,45956.1,0,0,-0.0,0.0,30c31cce-cfd5-4dc6-a655-712cec581cc5,C615063822,CASH_OUT,USD,False,2026-10-04T05:00:00+00:00
23,TRANSFER,78797.11,C435652862,172849.77,94052.66,C205083665,56290.85,135087.96,0,0,-0.0,0.0,aeb1fe8c-a2cf-455c-9493-5bb871083456,C435652862,TRANSFER,USD,False,2026-10-01T23:00:00+00:00
52,CASH_IN,23972.86,C558638937,10181.74,34154.6,C205541963,48392.91,24420.05,0,0,-47945.72,47945.72,9bd55ec4-e718-4562-b55b-4b8cd5946f48,C558638937,CASH_IN,USD,False,2026-10-03T04:00:00+00:00
95,CASH_OUT,133712.3,C921620818,235486.98,101774.68,C466421402,21407.41,155119.71,0,0,0.0,0.0,db8c1b04-e436-4701-9f7e-eb0beb9fa563,C921620818,CASH_OUT,USD,False,2026-10-04T23:00:00+00:00
29,DEBIT,163.56,C266371119,229.73,66.17,C946237594,3877.29,4040.85,0,0,-0.0,0.0,01fe0212-7c49-4246-82ed-862e71276ca3,C266371119,DEBIT,USD,False,2026-10-02T05:00:00+00:00
36,CASH_OUT,129739.44,C252003776,189913.89,60174.45,C747986180,38635.13,168374.57,0,0,0.0,0.0,336e4ff3-eb62-4978-b560-b6d673aac5c2,C252003776,CASH_OUT,USD,False,2026-10-02T12:00:00+00:00
38,CASH_OUT,32947.38,C337135066,64457.06,31509.68,C243418388,22748.93,55696.31,0,0,0.0,0.0,490a891b-c418-4cd1-a83d-608405482962,C337135066,CASH_OUT,USD,False,2026-10-02T14:00:00+00:00
59,CASH_OUT,62740.07,C921271622,86139.23,23399.16,C608853022,42260.05,105000.12,0,0,-0.0,0.0,2f4bfd1e-fb8d-4010-8fc9-25f70024ebbd,C921271622,CASH_OUT,USD,False,2026-10-03T11:00:00+00:00
32,CASH_OUT,91976.38,C695874691,228980.0,137003.62,C328757418,15483.93,107460.31,0,0,0.0,0.0,898a5888-0e2c-4f3d-b015-4425e3364977,C695874691,CASH_OUT,USD,False,2026-10-02T08:00:00+00:00
73,CASH_OUT,91111.77,C207433142,174221.16,83109.39,C169443276,18732.21,109843.98,0,0,0.0,0.0,b0710f0e-c4db-4ef0-bef2-c8cd581eb628,C207433142,CASH_OUT,USD,False,2026-10-04T01:00:00+00:00
78,CASH_IN,25639.12,C903617229,10956.12,36595.24,C853223780,32077.17,6438.05,0,0,-51278.24,51278.24,60d62d1f-a729-4085-bb30-93a0dab66dcd,C903617229,CASH_IN,USD,False,2026-10-04T06:00:00+00:00
97,CASH_IN,38440.01,C973607723,346.74,38786.75,C316890695,97820.99,59380.98,0,0,-76880.02,76880.02,9f63f515-bc23-4bab-83cb-a4483dff8904,C973607723,CASH_IN,USD,False,2026-10-05T01:00:00+00:00
56,CASH_OUT,103451.62,C152440411,288394.79,184943.17,C485780517,25991.1,129442.72,0,0,-0.0,0.0,537ce2f0-a86a-4d91-90cd-0b7d48c0a08a,C152440411,CASH_OUT,USD,False,2026-10-03T08:00:00+00:00
2,CASH_OUT,27784.46,C156686948,38065.79,10281.33,C158228844,25110.13,52894.59,0,0,0.0,0.0,096d48b7-7a32-40a6-aaaa-100df2119af3,C156686948,CASH_OUT,USD,False,2026-10-01T02:00:00+00:00
5,PAYMENT,4968.73,C468089919,49459.95,44491.22,M619595468,0.0,0.0,0,0,0.0,4968.73,7fca1514-e2a6-4d20-8aa0-9b7c604da590,C468089919,PAYMENT,USD,False,2026-10-01T05:00:00+00:00
83,CASH_IN,7749.03,C802296197,9816.9,17565.93,C420562039,43803.48,36054.45,0,0,-15498.06,15498.06,7d674145-3ba1-4854-a31d-7d2a918832fe,C802296197,CASH_IN,USD,False,2026-10-04T11:00:00+00:00
83,CASH_OUT,118989.92,C571992022,237719.0,118729.08,C377690895,24020.02,143009.94,0,0,0.0,0.0,414ab654-08f0-4781-9abd-dbfee1f6a622,C571992022,CASH_OUT,USD,False,2026-10-04T11:00:00+00:00
32,PAYMENT,2083.79,C920814900,16913.43,14829.64,M740086326,0.0,0.0,0,0,0.0,2083.79,914da284-d122-430e-b8d4-04eafbaaa063,C920814900,PAYMENT,USD,False,2026-10-02T08:00:00+00:00
97,CASH_IN,49647.36,C788887139,1368.23,51015.59,C253387313,56765.83,7118.47,0,0,-99294.72,99294.72,ee48bdbd-73fa-423f-a82f-c4ee3cc7633e,C788887139,CASH_IN,USD,False,2026-10-05T01:00:00+00:00
82,CASH_IN,5487.36,C407987994,4516.88,10004.24,C413794060,40303.21,34815.85,0,0,-10974.72,10974.72,78c9a764-d50d-4194-8539-0b6803fe1d16,C407987994,CASH_IN,USD,False,2026-10-04T10:00:00+00:00
82,CASH_OUT,10154.4,C145390869,12914.45,2760.05,C505257116,14360.12,24514.52,0,0,0.0,0.0,b43b168d-70d1-4406-b2b9-e5919a9ab144,C145390869,CASH_OUT,USD,False,2026-10-04T10:00:00+00:00
52,PAYMENT,1504.58,C741626093,6581.4,5076.82,M516340508,0.0,0.0,0,0,0.0,1504.58,ba51627e-5513-4ba0-99cf-0f6d7ea45405,C741626093,PAYMENT,USD,False,2026-10-03T04:00:00+00:00
15,CASH_IN,28936.13,C492093199,4727.01,33663.14,C938155886,55418.05,26481.92,0,0,-57872.26,57872.26,a141e046-c2f4-45ca-90ff-61098c7bd2c2,C492093199,CASH_IN,USD,False,2026-10-01T15:00:00+00:00
38,CASH_OUT,21064.27,C577729523,50347.88,29283.61,C626608970,26133.31,47197.58,0,0,-0.0,0.0,cd7900c0-a533-4c1c-8924-dd98d3626ae9,C577729523,CASH_OUT,USD,False,2026-10-02T14:00:00+00:00
39,PAYMENT,1566.76,C483840297,4667.81,3101.05,M834721943,0.0,0.0,0,0,0.0,1566.76,0d806c17-7c1d-4d92-abd0-89e2d12d023a,C483840297,PAYMENT,USD,False,2026-10-02T15:00:00+00:00
15,PAYMENT,3058.35,C469574408,27066.96,24008.61,M568353254,0.0,0.0,0,0,0.0,3058.35,71fdf46c-959c-425b-9426-2a274673438b,C469574408,PAYMENT,USD,False,2026-10-01T15:00:00+00:00
6,CASH_IN,40242.3,C302038796,14486.1,54728.4,C730913181,56326.2,16083.9,0,0,-80484.6,80484.6,20516dc0-397c-4b71-835d-4b737d891329,C302038796,CASH_IN,USD,False,2026-10-01T06:00:00+00:00
13,TRANSFER,175381.69,C716330906,379237.2,203855.51,C835892241,32605.93,207987.62,0,0,0.0,0.0,092383a4-5ae8-4db5-ae44-d8f1f2bcfc90,C716330906,TRANSFER,USD,False,2026-10-01T13:00:00+00:00
74,PAYMENT,1002.21,C508742503,4429.92,3427.71,M604788545,0.0,0.0,0,0,0.0,1002.21,3936f8f6-ee6e-4178-91b4-9f000f0b5f37,C508742503,PAYMENT,USD,False,2026-10-04T02:00:00+00:00
43,CASH_OUT,104257.2,C466947371,285159.03,180901.83,C980821441,34004.12,138261.32,0,0,0.0,0.0,5ebd0069-3aed-4c7b-8347-2111bd0e984d,C466947371,CASH_OUT,USD,False,2026-10-02T19:00:00+00:00
3,CASH_OUT,116424.88,C490922764,191098.42,74673.54,C356395115,3167.09,119591.97,0,0,0.0,0.0,12b034eb-c39f-446b-8553-124550fee8e0,C490922764,CASH_OUT,USD,False,2026-10-01T03:00:00+00:00
41,CASH_OUT,118042.24,C611302630,198489.76,80447.52,C695922147,39690.9,157733.14,0,0,0.0,0.0,61798be6-cac4-419c-8a43-0215ebd90023,C611302630,CASH_OUT,USD,False,2026-10-02T17:00:00+00:00
74,CASH_OUT,130787.0,C942095934,176809.36,46022.36,C895744627,27396.93,158183.93,0,0,-0.0,0.0,087310f6-db6a-4694-b816-e2576394ce63,C942095934,CASH_OUT,USD,False,2026-10-04T02:00:00+00:00
19,CASH_IN,47442.14,C397829845,7044.07,54486.21,C473486641,85658.67,38216.53,0,0,-94884.28,94884.28,25403a72-7481-486c-94c7-0b7ab0532356,C397829845,CASH_IN,USD,False,2026-10-01T19:00:00+00:00
49,CASH_IN,24010.24,C485593692,9693.59,33703.83,C939059557,91355.02,67344.78,0,0,-48020.48,48020.48,efe8d310-e7fb-45b6-9530-311f84674818,C485593692,CASH_IN,USD,False,2026-10-03T01:00:00+00:00
72,CASH_OUT,86651.91,C323620127,225214.44,138562.53,C456180872,44401.47,131053.38,0,0,0.0,0.0,db69f2eb-fa40-4a27-92be-359a4b445bca,C323620127,CASH_OUT,USD,False,2026-10-04T00:00:00+00:00
69,CASH_OUT,119110.9,C995569515,273331.1,154220.2,C917824980,16152.1,135263.0,0,0,-0.0,0.0,3596d83c-d54e-4e08-a6cb-77f94ce901d2,C995569515,CASH_OUT,USD,False,2026-10-03T21:00:00+00:00
13,CASH_OUT,112074.71,C233994371,261641.99,149567.28,C250249575,30320.21,142394.92,0,0,-0.0,0.0,72e7c65e-507c-4695-91df-f7a18aae636d,C233994371,CASH_OUT,USD,False,2026-10-01T13:00:00+00:00
23,TRANSFER,120153.09,C369811155,169485.24,49332.15,C214273000,64807.02,184960.11,0,0,-0.0,0.0,a48187fd-fa65-4712-8242-2a7df7281f0a,C369811155,TRANSFER,USD,False,2026-10-01T23:00:00+00:00
50,CASH_OUT,50359.34,C203346052,106111.64,55752.3,C396005983,28043.86,78403.2,0,0,0.0,0.0,6fac9322-56a6-4dd9-8e04-9f22ad908485,C203346052,CASH_OUT,USD,False,2026-10-03T02:00:00+00:00
59,CASH_OUT,85250.61,C553626970,130709.46,45458.85,C552230665,34797.92,120048.53,0,0,0.0,0.0,cf388f16-142e-4692-945d-c6f6b5a644d5,C553626970,CASH_OUT,USD,False,2026-10-03T11:00:00+00:00
1,TRANSFER,243912.46,C686419353,717525.05,473612.59,C455709881,23644.55,267557.01,0,0,0.0,0.0,5039f5fa-92d3-4bfc-acc2-899aed3adc7c,C686419353,TRANSFER,USD,False,2026-10-01T01:00:00+00:00
25,PAYMENT,2555.19,C743724233,7882.86,5327.67,M849954690,0.0,0.0,0,0,0.0,2555.19,186a209d-d5a0-4d9b-a0b8-d73d5ea330d0,C743724233,PAYMENT,USD,False,2026-10-02T01:00:00+00:00
6,CASH_OUT,71043.96,C443810137,188807.94,117763.98,C200606463,8991.5,80035.46,0,0,0.0,0.0,8a6f7418-7a4e-4c79-bcc0-6b1e57423170,C443810137,CASH_OUT,USD,False,2026-10-01T06:00:00+00:00
76,CASH_OUT,41724.99,C758167504,85690.27,43965.28,C841584831,32584.38,74309.37,0,0,0.0,0.0,06d5da8c-5f6f-4496-89e4-86897e7336c7,C758167504,CASH_OUT,USD,False,2026-10-04T04:00:00+00:00
66,CASH_IN,43599.97,C793681192,3145.7,46745.67,C782195918,60298.91,16698.94,0,0,-87199.94,87199.94,e10a0d56-e7c6-487d-bb7f-5c290960c45c,C793681192,CASH_IN,USD,False,2026-10-03T18:00:00+00:00
2,CASH_OUT,63950.48,C968380260,170186.83,106236.35,C821566976,44114.34,108064.82,0,0,-0.0,0.0,29d3174b-99d9-4920-af6c-a28b1124876d,C968380260,CASH_OUT,USD,False,2026-10-01T02:00:00+00:00
93,CASH_OUT,86705.83,C326405706,96126.55,9420.72,C470522239,13219.77,99925.6,0,0,0.0,0.0,dd567a3f-ca55-49bb-98d9-f49f4990260d,C326405706,CASH_OUT,USD,False,2026-10-04T21:00:00+00:00
46,CASH_IN,8667.75,C762888128,14119.77,22787.52,C823260532,30447.04,21779.29,0,0,-17335.5,17335.5,999ac8ad-6b05-4469-993e-76d2300a4caa,C762888128,CASH_IN,USD,False,2026-10-02T22:00:00+00:00
26,CASH_OUT,66238.74,C172855040,162395.62,96156.88,C829490252,47556.38,113795.12,0,0,-0.0,0.0,4c4cf95f-ed27-4415-acae-45de35d03f19,C172855040,CASH_OUT,USD,False,2026-10-02T02:00:00+00:00
7,PAYMENT,3258.38,C804443351,26923.81,23665.43,M423338835,0.0,0.0,0,0,0.0,3258.38,d1db9aac-edbe-4a12-afb6-f8d4fdf5fd5a,C804443351,PAYMENT,USD,False,2026-10-01T07:00:00+00:00
100,CASH_OUT,126753.78,C103098968,158779.02,32025.24,C251973057,43482.18,170235.96,0,0,-0.0,0.0,dfdefd2e-17b2-40f7-a04c-d6161771035b,C103098968,CASH_OUT,USD,False,2026-10-05T04:00:00+00:00
70,PAYMENT,1160.15,C261953189,2755.64,1595.49,M845122940,0.0,0.0,0,0,-0.0,1160.15,cd83a731-b8d2-49dd-aead-52c80bfdc751,C261953189,PAYMENT,USD,False,2026-10-03T22:00:00+00:00
23,CASH_OUT,66668.84,C484791405,186308.12,119639.28,C943524568,46549.27,113218.11,0,0,0.0,-0.0,7ca3b175-1abb-4744-81fb-720d59b4218d,C484791405,CASH_OUT,USD,False,2026-10-01T23:00:00+00:00
72,PAYMENT,4789.72,C338684647,36751.03,31961.31,M134908759,0.0,0.0,0,0,-0.0,4789.72,6617647c-05dd-4174-bab7-605f5cbdba35,C338684647,PAYMENT,USD,False,2026-10-04T00:00:00+00:00
66,TRANSFER,109717.36,C277723833,236161.27,126443.91,C646833484,62349.77,172067.13,0,0,-0.0,0.0,9cb86b97-a0dc-4e62-803f-e6fcbf319064,C277723833,TRANSFER,USD,False,2026-10-03T18:00:00+00:00
37,CASH_IN,38279.23,C760111361,19543.01,57822.24,C884875433,68535.04,30255.81,0,0,-76558.46,76558.46,d84f603a-c5de-445c-8078-3e2eddc50902,C760111361,CASH_IN,USD,False,2026-10-02T13:00:00+00:00
89,PAYMENT,611.61,C165353048,4323.91,3712.3,M727728245,0.0,0.0,0,0,-0.0,611.61,2a5bdb39-e36a-4851-864b-7114cad4d2b8,C165353048,PAYMENT,USD,False,2026-10-04T17:00:00+00:00
53,PAYMENT,3231.98,C408211790,23211.09,19979.11,M375357476,0.0,0.0,0,0,0.0,3231.98,b40ea880-566d-427d-8940-e3d9b29911ef,C408211790,PAYMENT,USD,False,2026-10-03T05:00:00+00:00
20,CASH_IN,4464.89,C225250114,8881.44,13346.33,C521531792,79663.25,75198.36,0,0,-8929.78,8929.78,febadd0d-3d80-449d-94e8-c0b66d9416ec,C225250114,CASH_IN,USD,False,2026-10-01T20:00:00+00:00
25,PAYMENT,318.66,C213703592,979.07,660.41,M842044983,0.0,0.0,0,0,0.0,318.66,0f9b0e2f-3032-4cb7-af16-27df9648bcf9,C213703592,PAYMENT,USD,False,2026-10-02T01:00:00+00:00
52,PAYMENT,3623.26,C762433952,34816.83,31193.57,M172304458,0.0,0.0,0,0,0.0,3623.26,f0038c7c-e19d-49b5-aaba-e08ae4d2f689,C762433952,PAYMENT,USD,False,2026-10-03T04:00:00+00:00
34,PAYMENT,1716.64,C836147907,10932.94,9216.3,M586909856,0.0,0.0,0,0,0.0,1716.64,7aa6a1d3-eb9f-4053-a837-39423c0023cf,C836147907,PAYMENT,USD,False,2026-10-02T10:00:00+00:00
49,CASH_OUT,33744.82,C147690834,46191.72,12446.9,C507299242,21554.25,55299.07,0,0,0.0,0.0,8e6259d7-6d2a-4d40-bccc-6198775af1f6,C147690834,CASH_OUT,USD,False,2026-10-03T01:00:00+00:00
11,CASH_OUT,66945.21,C868916948,157254.45,90309.24,C899152426,15919.9,82865.11,0,0,0.0,0.0,ce31ea65-e659-4485-aa85-ab77758abdd2,C868916948,CASH_OUT,USD,False,2026-10-01T11:00:00+00:00
79,CASH_OUT,98480.27,C222061664,199616.61,101136.34,C171611803,21268.04,119748.31,0,0,-0.0,0.0,3a61a0ff-93b7-4836-9c2a-fb567e1c9c4f,C222061664,CASH_OUT,USD,False,2026-10-04T07:00:00+00:00
6,CASH_IN,1043.0,C586013453,8164.19,9207.19,C363228241,5512.61,4469.61,0,0,-2086.0,2086.0,c3771af6-cbfa-4b00-a31c-2ba2b046e1a4,C586013453,CASH_IN,USD,False,2026-10-01T06:00:00+00:00
23,CASH_OUT,121707.76,C814192713,248525.47,126817.71,C933920254,7481.59,129189.35,0,0,0.0,-0.0,7e0af22e-48c5-4d43-a0b3-039c7b6b1ea2,C814192713,CASH_OUT,USD,False,2026-10-01T23:00:00+00:00
96,PAYMENT,1928.56,C418684278,15537.49,13608.93,M298511473,0.0,0.0,0,0,0.0,1928.56,49f38d4e-2b7c-4b6b-b9ab-513571e064d6,C418684278,PAYMENT,USD,False,2026-10-05T00:00:00+00:00
16,CASH_IN,41753.17,C371458160,17804.1,59557.27,C233427939,91608.26,49855.09,0,0,-83506.34,83506.34,edd3ff5e-276f-473c-8f01-a0ca85c76f20,C371458160,CASH_IN,USD,False,2026-10-01T16:00:00+00:00
88,CASH_IN,4805.22,C275799272,10806.05,15611.27,C191251281,41550.28,36745.06,0,0,-9610.44,9610.44,02922006-5343-47f7-a184-0dc4dcdfbb98,C275799272,CASH_IN,USD,False,2026-10-04T16:00:00+00:00
79,CASH_OUT,92461.06,C278221407,130669.6,38208.54,C942725534,10347.14,102808.2,0,0,0.0,0.0,3990add4-e3f3-4f64-9fec-4dbf538841cd,C278221407,CASH_OUT,USD,False,2026-10-04T07:00:00+00:00
78,CASH_OUT,38349.07,C528271054,112366.56,74017.49,C357784072,43275.78,81624.85,0,0,-0.0,0.0,446612f7-ef1e-4123-ba1f-6626281039b6,C528271054,CASH_OUT,USD,False,2026-10-04T06:00:00+00:00
85,PAYMENT,3070.42,C233269420,19626.04,16555.62,M875651322,0.0,0.0,0,0,0.0,3070.42,1be093f3-5070-460d-9f39-fc6f3fa968d0,C233269420,PAYMENT,USD,False,2026-10-04T13:00:00+00:00
60,PAYMENT,4529.36,C174817032,36939.98,32410.62,M848569845,0.0,0.0,0,0,0.0,4529.36,7a852100-be7d-4ba6-8fae-82f9e31539ed,C174817032,PAYMENT,USD,False,2026-10-03T12:00:00+00:00
69,CASH_IN,47038.17,C952172487,18684.96,65723.13,C966729585,93568.22,46530.05,0,0,-94076.34,94076.34,7af4600f-f0e5-45af-b7ae-686b8a016002,C952172487,CASH_IN,USD,False,2026-10-03T21:00:00+00:00
99,CASH_OUT,618069.24,C621746371,618069.24,0.0,C781703236,2918.52,620987.76,1,0,0.0,0.0,c35e1ea5-f1fc-4d00-b795-17e2fe65c527,C621746371,CASH_OUT,USD,False,2026-10-05T03:00:00+00:00
61,PAYMENT,4055.63,C433777615,11838.21,7782.58,M188736671,0.0,0.0,0,0,-0.0,4055.63,dfea1d0d-0278-4b84-bbcd-6c61b278dd93,C433777615,PAYMENT,USD,False,2026-10-03T13:00:00+00:00
58,PAYMENT,203.88,C274747388,812.0,608.12,M745448057,0.0,0.0,0,0,0.0,203.88,f41f3838-6296-4bc7-84b3-fced8c7ead93,C274747388,PAYMENT,USD,False,2026-10-03T10:00:00+00:00
29,TRANSFER,872772.67,C999364180,872772.67,0.0,C997190465,4567.0,877339.67,1,1,0.0,0.0,0a8f3033-8450-46ef-a83d-dc02e4151b02,C999364180,TRANSFER,USD,False,2026-10-02T05:00:00+00:00
99,PAYMENT,4969.13,C360798337,26358.34,21389.21,M845246590,0.0,0.0,0,0,0.0,4969.13,21f8ab66-b36d-4bcb-b7a4-62a9b18fb364,C360798337,PAYMENT,USD,False,2026-10-05T03:00:00+00:00
20,PAYMENT,3626.04,C594101846,24961.19,21335.15,M336291485,0.0,0.0,0,0,-0.0,3626.04,a4b55d48-d2dc-4c78-ae09-3b91c2c1af05,C594101846,PAYMENT,USD,False,2026-10-01T20:00:00+00:00
91,CASH_OUT,13380.39,C478294643,31712.9,18332.51,C977569419,46629.83,60010.22,0,0,0.0,0.0,98ccc5ec-57b5-4c44-ae60-a180a2abfada,C478294643,CASH_OUT,USD,False,2026-10-04T19:00:00+00:00
14,CASH_OUT,75407.12,C441752226,220439.38,145032.26,C904099224,39377.77,114784.89,0,0,0.0,-0.0,4cdb37b2-b71e-4287-a2af-fa60d4edb875,C441752226,CASH_OUT,USD,False,2026-10-01T14:00:00+00:00
98,PAYMENT,2368.79,C621759233,15253.45,12884.66,M461883170,0.0,0.0,0,0,0.0,2368.79,22e9e6a4-052f-4123-ad7a-af9cc34a9d28,C621759233,PAYMENT,USD,False,2026-10-05T02:00:00+00:00
39,DEBIT,1611.16,C531673580,6398.81,4787.65,C770629385,550.59,2161.75,0,0,0.0,0.0,9e11c390-eee7-48f3-a5c3-9767cb01263f,C531673580,DEBIT,USD,False,2026-10-02T15:00:00+00:00
88,PAYMENT,3243.67,C719809183,16700.32,13456.65,M258151146,0.0,0.0,0,0,0.0,3243.67,304225bb-b69d-43bd-8e10-ddb35d880e42,C719809183,PAYMENT,USD,False,2026-10-04T16:00:00+00:00
53,PAYMENT,4386.87,C987647778,18294.48,13907.61,M669618090,0.0,0.0,0,0,0.0,4386.87,60a29dbe-1673-436d-8451-de4c5b7db3cc,C987647778,PAYMENT,USD,False,2026-10-03T05:00:00+00:00
2,TRANSFER,169419.75,C555248944,238760.74,69340.99,C884687698,39824.42,209244.17,0,0,-0.0,-0.0,cc526696-8657-4168-a8bd-882cefa6eb43,C555248944,TRANSFER,USD,False,2026-10-01T02:00:00+00:00
5,TRANSFER,104762.3,C287974375,160010.39,55248.09,C999371401,73570.78,178333.08,0,0,0.0,0.0,fc9e5eec-e691-46ba-80d3-23041bccedd3,C287974375,TRANSFER,USD,False,2026-10-01T05:00:00+00:00
69,CASH_OUT,143047.35,C331485406,192294.27,49246.92,C556218214,41834.5,184881.85,0,0,-0.0,0.0,3f23e2fe-aecd-40d5-8e2e-87ae9a54f881,C331485406,CASH_OUT,USD,False,2026-10-03T21:00:00+00:00
52,CASH_IN,15629.02,C143741483,1859.35,17488.37,C551155345,33993.39,18364.37,0,0,-31258.04,31258.04,457001d8-e794-4023-9357-ec01a394bc75,C143741483,CASH_IN,USD,False,2026-10-03T04:00:00+00:00
85,CASH_OUT,39910.25,C477910762,46620.5,6710.25,C690884707,21573.68,61483.93,0,0,0.0,0.0,d1b3c815-8716-491a-b5cf-d4b286df931c,C477910762,CASH_OUT,USD,False,2026-10-04T13:00:00+00:00
38,PAYMENT,1862.88,C683251549,6359.58,4496.7,M410257828,0.0,0.0,0,0,0.0,1862.88,e54fe8b6-ea02-458e-a65b-a4ac51f8c225,C683251549,PAYMENT,USD,False,2026-10-02T14:00:00+00:00
93,PAYMENT,800.92,C919395339,4165.85,3364.93,M652681586,0.0,0.0,0,0,0.0,800.92,4bad88de-9dd7-4eb6-a6e4-70b050242cea,C919395339,PAYMENT,USD,False,2026-10-04T21:00:00+00:00
61,CASH_OUT,54567.43,C392741557,86900.37,32332.94,C399054184,36320.48,90887.91,0,0,-0.0,0.0,e2ba4719-45d2-47ad-b0bc-464cc4965417,C392741557,CASH_OUT,USD,False,2026-10-03T13:00:00+00:00
52,CASH_OUT,82409.91,C698214865,97391.3,14981.39,C986812783,30210.16,112620.07,0,0,0.0,0.0,5440e845-e76d-4ded-9b67-e9fa457fdf84,C698214865,CASH_OUT,USD,False,2026-10-03T04:00:00+00:00
46,CASH_OUT,78344.3,C777595235,208558.33,130214.03,C700294481,9338.6,87682.9,0,0,-0.0,0.0,312f2890-5ef0-49c1-8e2f-459e52f0648b,C777595235,CASH_OUT,USD,False,2026-10-02T22:00:00+00:00
54,PAYMENT,339.9,C605188483,1293.85,953.95,M106015564,0.0,0.0,0,0,-0.0,339.9,a6ee1621-d8da-4c71-aa85-3bd89d7a8e4d,C605188483,PAYMENT,USD,False,2026-10-03T06:00:00+00:00
69,CASH_IN,37827.52,C854051178,8346.93,46174.45,C222370850,91687.08,53859.56,0,0,-75655.04,75655.04,972bf9ab-df22-48ce-93ed-f542bf1cf496,C854051178,CASH_IN,USD,False,2026-10-03T21:00:00+00:00
55,CASH_IN,18131.72,C528853029,10190.53,28322.25,C248532577,10000.03,0.0,0,0,-36263.44,28131.75,3a82f79c-b1b3-49e7-8f89-8ac5221b0c3c,C528853029,CASH_IN,USD,False,2026-10-03T07:00:00+00:00
60,CASH_OUT,45594.18,C466664184,100790.12,55195.94,C674764286,45966.34,91560.52,0,0,-0.0,-0.0,d6966346-14ec-4a72-9c61-e815e7265578,C466664184,CASH_OUT,USD,False,2026-10-03T12:00:00+00:00
98,CASH_OUT,66607.41,C207918827,106500.73,39893.32,C845178074,1447.36,68054.77,0,0,-0.0,0.0,ff1b4056-32ad-463d-945d-808a677d236c,C207918827,CASH_OUT,USD,False,2026-10-05T02:00:00+00:00
93,PAYMENT,1062.33,C226902446,7442.52,6380.19,M802066023,0.0,0.0,0,0,0.0,1062.33,11b677e1-554b-456f-9b53-7e3ac4bc39d9,C226902446,PAYMENT,USD,False,2026-10-04T21:00:00+00:00
21,PAYMENT,2308.17,C867867606,16768.28,14460.11,M641182759,0.0,0.0,0,0,-0.0,2308.17,3458b295-a3c0-4a35-beaf-31f5713a7e86,C867867606,PAYMENT,USD,False,2026-10-01T21:00:00+00:00
59,CASH_OUT,38782.35,C990688422,77709.94,38927.59,C714250258,35467.64,74249.99,0,0,0.0,-0.0,1e526454-7b8e-4249-aa78-01cd6a35dae1,C990688422,CASH_OUT,USD,False,2026-10-03T11:00:00+00:00
7,PAYMENT,1993.21,C571967377,15872.12,13878.91,M427012523,0.0,0.0,0,0,0.0,1993.21,75657d26-47cf-4e7e-a3b0-7bf7766c439b,C571967377,PAYMENT,USD,False,2026-10-01T07:00:00+00:00
59,PAYMENT,267.02,C895016576,689.71,422.69,M676986599,0.0,0.0,0,0,0.0,267.02,d9adb7a6-176f-406b-81bf-b4e4f89196bc,C895016576,PAYMENT,USD,False,2026-10-03T11:00:00+00:00
27,CASH_OUT,13905.67,C448507042,20863.25,6957.58,C169710448,21656.71,35562.38,0,0,0.0,0.0,7f0c56d5-61a3-4029-af85-59b03daf78b2,C448507042,CASH_OUT,USD,False,2026-10-02T03:00:00+00:00
32,PAYMENT,2844.09,C305047185,19720.73,16876.64,M883087208,0.0,0.0,0,0,0.0,2844.09,9b921c46-279e-4329-97d7-4391e3ab1b69,C305047185,PAYMENT,USD,False,2026-10-02T08:00:00+00:00
30,CASH_IN,31463.07,C931268800,11214.4,42677.47,C491655300,16183.4,0.0,0,0,-62926.14,47646.47,e5221d0a-64c3-494b-a387-5679ce4f6c41,C931268800,CASH_IN,USD,False,2026-10-02T06:00:00+00:00
34,PAYMENT,2666.47,C465248258,5859.01,3192.54,M526014310,0.0,0.0,0,0,0.0,2666.47,4d8c817a-3b03-4c0f-b558-81ea4dbfef26,C465248258,PAYMENT,USD,False,2026-10-02T10:00:00+00:00
74,PAYMENT,4615.95,C124663947,30040.73,25424.78,M794825515,0.0,0.0,0,0,0.0,4615.95,b5f33748-5e1f-4a44-b1b6-73cc6952d028,C124663947,PAYMENT,USD,False,2026-10-04T02:00:00+00:00
38,CASH_OUT,60224.0,C974710918,172300.51,112076.51,C966472993,39712.88,99936.88,0,0,0.0,0.0,b80dd4bd-a1aa-438f-9e22-7f7d455de574,C974710918,CASH_OUT,USD,False,2026-10-02T14:00:00+00:00
13,CASH_OUT,3927.46,C276031818,7324.61,3397.15,C486418967,12094.78,16022.24,0,0,-0.0,0.0,efd30b01-e23e-423b-814e-abf2d1526681,C276031818,CASH_OUT,USD,False,2026-10-01T13:00:00+00:00
91,PAYMENT,1045.19,C463201016,10140.49,9095.3,M688936494,0.0,0.0,0,0,0.0,1045.19,cf3dc06b-560f-47b1-aff9-9c8c8a508e73,C463201016,PAYMENT,USD,False,2026-10-04T19:00:00+00:00
24,TRANSFER,96886.18,C153736958,254313.82,157427.64,C787000175,42945.83,139832.01,0,0,0.0,0.0,48c29953-df46-4d7a-8cf3-cfe29f9b9afd,C153736958,TRANSFER,USD,False,2026-10-02T00:00:00+00:00
97,DEBIT,1458.1,C509030342,5456.87,3998.77,C456350140,2889.05,4347.15,0,0,0.0,0.0,65b1a09d-de80-4c07-b82d-d59dde88760d,C509030342,DEBIT,USD,False,2026-10-05T01:00:00+00:00
77,CASH_OUT,108215.63,C600846894,135005.23,26789.6,C945435411,2416.52,110632.15,0,0,0.0,0.0,deb2d383-74ab-43ea-924f-808bb0bd86ad,C600846894,CASH_OUT,USD,False,2026-10-04T05:00:00+00:00
35,CASH_OUT,139866.57,C958597195,348479.05,208612.48,C192717920,556.12,140422.69,0,0,-0.0,0.0,4349d58e-3a1e-4fcb-9d26-2d0b0ff63f51,C958597195,CASH_OUT,USD,False,2026-10-02T11:00:00+00:00
2,TRANSFER,146033.98,C412679306,226973.16,80939.18,C324066914,66810.46,212844.44,0,0,0.0,0.0,d2260b3d-f118-4eb1-a271-796fd2e8ccfc,C412679306,TRANSFER,USD,False,2026-10-01T02:00:00+00:00
58,CASH_OUT,20113.12,C889385047,47767.33,27654.21,C286271681,41338.43,61451.55,0,0,0.0,0.0,2cf13086-c162-472b-b0a9-e53a79620121,C889385047,CASH_OUT,USD,False,2026-10-03T10:00:00+00:00
14,PAYMENT,4543.23,C778210562,37686.03,33142.8,M446511440,0.0,0.0,0,0,0.0,4543.23,2ab5ecb8-9bc0-4101-9fa2-6a5a29044fac,C778210562,PAYMENT,USD,False,2026-10-01T14:00:00+00:00
94,CASH_OUT,83073.28,C111972445,106562.06,23488.78,C696001601,2088.66,85161.94,0,0,0.0,0.0,5581f40b-5ae6-4537-b203-692b926a31c1,C111972445,CASH_OUT,USD,False,2026-10-04T22:00:00+00:00
90,CASH_OUT,20169.08,C556865760,51062.42,30893.34,C612326496,45504.27,65673.35,0,0,-0.0,0.0,4b5946c0-dd35-49ef-af3f-d8ae0aa245a6,C556865760,CASH_OUT,USD,False,2026-10-04T18:00:00+00:00
5,CASH_OUT,93019.48,C805653943,261963.01,168943.53,C145775539,17736.34,110755.82,0,0,0.0,-0.0,00b55635-dc86-4a6a-9bfc-3dc02331a5a5,C805653943,CASH_OUT,USD,False,2026-10-01T05:00:00+00:00
97,PAYMENT,1127.08,C433310361,2621.8,1494.72,M313814138,0.0,0.0,0,0,0.0,1127.08,813bbf01-9145-4dc5-9a5d-51fbbb002dec,C433310361,PAYMENT,USD,False,2026-10-05T01:00:00+00:00
34,PAYMENT,1189.51,C382232003,11451.11,10261.6,M606103226,0.0,0.0,0,0,0.0,1189.51,44e17a43-f026-497d-8f9f-d43367ac4722,C382232003,PAYMENT,USD,False,2026-10-02T10:00:00+00:00
95,CASH_IN,32123.01,C802140873,19324.96,51447.97,C703335469,44259.26,12136.25,0,0,-64246.02,64246.02,8719b4f8-eb9d-4db4-895e-2c642ce24b33,C802140873,CASH_IN,USD,False,2026-10-04T23:00:00+00:00
15,CASH_OUT,33755.92,C218257262,57878.43,24122.51,C402595772,30784.84,64540.76,0,0,0.0,-0.0,21a042f0-723e-4e1a-a92a-876ce9bf0c9b,C218257262,CASH_OUT,USD,False,2026-10-01T15:00:00+00:00
48,TRANSFER,150599.25,C227524085,200448.88,49849.63,C538752236,29566.88,180166.13,0,0,0.0,0.0,408af6f9-4c0c-4f40-b6d9-a27ad9ece6a6,C227524085,TRANSFER,USD,False,2026-10-03T00:00:00+00:00
92,PAYMENT,811.21,C960373645,3231.47,2420.26,M501450537,0.0,0.0,0,0,-0.0,811.21,86348d3b-d977-4dae-9967-0ad874098951,C960373645,PAYMENT,USD,False,2026-10-04T20:00:00+00:00
96,CASH_OUT,78568.22,C369970706,104793.59,26225.37,C537741235,42896.34,121464.56,0,0,-0.0,0.0,4d688a28-fe63-455d-836a-76515a0dd990,C369970706,CASH_OUT,USD,False,2026-10-05T00:00:00+00:00
90,CASH_IN,31282.26,C394391911,16466.51,47748.77,C714374583,86455.35,55173.09,0,0,-62564.52,62564.52,1f0c3bb5-cd6c-4838-a622-c040348af6a3,C394391911,CASH_IN,USD,False,2026-10-04T18:00:00+00:00
29,CASH_IN,47305.31,C304595238,15642.44,62947.75,C973394943,29508.24,0.0,0,0,-94610.62,76813.55,ca19c5d9-4164-443d-a323-cef89905e000,C304595238,CASH_IN,USD,False,2026-10-02T05:00:00+00:00
22,CASH_OUT,145126.29,C848082615,158316.88,13190.59,C411016150,28308.74,173435.03,0,0,-0.0,0.0,1e10b82e-12c1-4b9e-8d8d-a8830faa6208,C848082615,CASH_OUT,USD,False,2026-10-01T22:00:00+00:00
53,PAYMENT,284.35,C732950344,1243.28,958.93,M672809021,0.0,0.0,0,0,0.0,284.35,a238dab0-f5b4-43a8-8e1a-3bdcd9623b85,C732950344,PAYMENT,USD,False,2026-10-03T05:00:00+00:00
100,TRANSFER,729623.8,C978904410,729623.8,0.0,C326683970,1800.97,731424.77,1,0,0.0,0.0,7f286425-f7ab-49b6-ae8d-0816a30003a7,C978904410,TRANSFER,USD,False,2026-10-05T04:00:00+00:00
42,CASH_IN,9569.31,C670193187,82.48,9651.79,C826652789,73626.72,64057.41,0,0,-19138.62,19138.62,cd72ca8e-6424-4616-9691-6b05da3ae433,C670193187,CASH_IN,USD,False,2026-10-02T18:00:00+00:00
8,PAYMENT,3562.82,C134881693,23300.51,19737.69,M874279071,0.0,0.0,0,0,0.0,3562.82,e3455527-b13a-4c0c-b638-43c6a0633692,C134881693,PAYMENT,USD,False,2026-10-01T08:00:00+00:00
7,CASH_IN,49441.6,C361530104,11291.56,60733.16,C945011302,7792.41,0.0,0,0,-98883.2,57234.01,cbbc21ca-3086-49dd-afdd-b645fe44f1c4,C361530104,CASH_IN,USD,False,2026-10-01T07:00:00+00:00
60,CASH_OUT,69781.46,C978631921,94940.94,25159.48,C192151258,5417.42,75198.88,0,0,-0.0,0.0,ad7195b8-1e1a-41e7-8bfb-a3836828a12b,C978631921,CASH_OUT,USD,False,2026-10-03T12:00:00+00:00
27,TRANSFER,133603.04,C393810087,246409.5,112806.46,C207793876,66041.97,199645.01,0,0,-0.0,0.0,c2453070-ab61-4f9d-9106-df99afe0b706,C393810087,TRANSFER,USD,False,2026-10-02T03:00:00+00:00
74,PAYMENT,2593.42,C144818105,14247.79,11654.37,M332735798,0.0,0.0,0,0,0.0,2593.42,d8652917-e2da-492f-b183-0956e86d4ff7,C144818105,PAYMENT,USD,False,2026-10-04T02:00:00+00:00
1,PAYMENT,707.99,C519921150,2916.82,2208.83,M670026395,0.0,0.0,0,0,0.0,707.99,bb4e29d8-b9db-4b30-8fc0-d46888305d05,C519921150,PAYMENT,USD,False,2026-10-01T01:00:00+00:00
82,CASH_OUT,40734.79,C788153732,95954.94,55220.15,C338149490,17186.99,57921.78,0,0,0.0,0.0,f5e1ea28-cfcd-49bc-890b-2e810eeb67f3,C788153732,CASH_OUT,USD,False,2026-10-04T10:00:00+00:00
45,CASH_OUT,82603.23,C900942073,198719.41,116116.18,C477753674,13545.82,96149.05,0,0,0.0,-0.0,e3ca5b4f-6840-42b8-8188-761a26540d65,C900942073,CASH_OUT,USD,False,2026-10-02T21:00:00+00:00
10,CASH_OUT,94078.45,C365287051,252087.15,158008.7,C544001496,18086.13,112164.58,0,0,0.0,0.0,4fabe536-5ff8-4426-abc2-1a96db48777f,C365287051,CASH_OUT,USD,False,2026-10-01T10:00:00+00:00
48,PAYMENT,1892.26,C141467227,15143.89,13251.63,M945461555,0.0,0.0,0,0,0.0,1892.26,4ed1cfe2-d27d-4257-8174-c3bac8fbb601,C141467227,PAYMENT,USD,False,2026-10-03T00:00:00+00:00
7,CASH_IN,24394.73,C563859207,14396.69,38791.42,C642872186,60906.79,36512.06,0,0,-48789.46,48789.46,73d8a179-80fb-4832-a77b-1fffe2d9c296,C563859207,CASH_IN,USD,False,2026-10-01T07:00:00+00:00
85,PAYMENT,4745.97,C624966887,6836.1,2090.13,M569709241,0.0,0.0,0,0,0.0,4745.97,b10a074a-c03e-4a2e-8496-1665015fc3b4,C624966887,PAYMENT,USD,False,2026-10-04T13:00:00+00:00
75,CASH_OUT,37305.3,C710702692,79485.65,42180.35,C454714699,14720.38,52025.68,0,0,-0.0,0.0,4026a882-293d-4431-9fad-94b9a2a9344b,C710702692,CASH_OUT,USD,False,2026-10-04T03:00:00+00:00
21,TRANSFER,154178.14,C970070946,514193.38,360015.24,C808653239,61384.51,215562.65,0,0,0.0,0.0,492b24a4-9e42-4c3c-919c-23f750e110aa,C970070946,TRANSFER,USD,False,2026-10-01T21:00:00+00:00
84,CASH_OUT,133928.93,C377055078,209483.41,75554.48,C268084350,10594.07,144523.0,0,0,0.0,0.0,a5e4ddf0-e12e-477d-bf89-cc351456d0bb,C377055078,CASH_OUT,USD,False,2026-10-04T12:00:00+00:00
23,TRANSFER,43095.92,C182653501,153389.97,110294.05,C916323767,47520.41,90616.33,0,0,0.0,0.0,4efcebb3-954d-46de-b937-c430061736fa,C182653501,TRANSFER,USD,False,2026-10-01T23:00:00+00:00
65,CASH_OUT,22519.22,C987462850,30510.04,7990.82,C203399810,45080.41,67599.63,0,0,0.0,0.0,8d4d6e0c-c74e-4377-ba36-3ef21bd72021,C987462850,CASH_OUT,USD,False,2026-10-03T17:00:00+00:00
93,PAYMENT,4022.85,C766087112,31773.9,27751.05,M951809949,0.0,0.0,0,0,0.0,4022.85,67dc31ce-bd8f-4ffb-989c-f23767fd7c92,C766087112,PAYMENT,USD,False,2026-10-04T21:00:00+00:00
77,PAYMENT,4654.93,C294651280,18151.56,13496.63,M188655524,0.0,0.0,0,0,0.0,4654.93,d2307eb5-05ec-4d54-b3eb-d9728b871b29,C294651280,PAYMENT,USD,False,2026-10-04T05:00:00+00:00
9,PAYMENT,2764.99,C487079860,9219.51,6454.52,M303101025,0.0,0.0,0,0,0.0,2764.99,e11ccaf5-7e0b-47e4-a5da-c070642cd923,C487079860,PAYMENT,USD,False,2026-10-01T09:00:00+00:00
33,PAYMENT,4523.27,C241949922,27188.13,22664.86,M992968317,0.0,0.0,0,0,0.0,4523.27,05c95cc1-7ee5-4a19-8cbe-191b9725adb9,C241949922,PAYMENT,USD,False,2026-10-02T09:00:00+00:00
35,TRANSFER,10209.99,C567530517,23926.23,13716.24,C560921851,47062.88,57272.87,0,0,0.0,-0.0,c46ac5cf-0600-4faf-9a61-afbb865c7b19,C567530517,TRANSFER,USD,False,2026-10-02T11:00:00+00:00
27,PAYMENT,4280.85,C746502655,22004.48,17723.63,M699429663,0.0,0.0,0,0,-0.0,4280.85,d8d16937-d8de-4798-8a1f-d4b0ef4090cc,C746502655,PAYMENT,USD,False,2026-10-02T03:00:00+00:00
66,PAYMENT,2758.37,C818143426,7587.69,4829.32,M204256082,0.0,0.0,0,0,0.0,2758.37,3c3727ce-2f35-4526-80c7-fc17603bfdb1,C818143426,PAYMENT,USD,False,2026-10-03T18:00:00+00:00
38,PAYMENT,4795.66,C207395318,20650.37,15854.71,M629316212,0.0,0.0,0,0,0.0,4795.66,9b98342e-cc86-4772-ad81-376589e7c294,C207395318,PAYMENT,USD,False,2026-10-02T14:00:00+00:00
22,TRANSFER,175017.95,C444283515,591771.42,416753.47,C863002504,10798.05,185816.0,0,0,0.0,0.0,6e61fad8-2248-4cd5-a98b-6d808df8bf97,C444283515,TRANSFER,USD,False,2026-10-01T22:00:00+00:00
73,CASH_OUT,24005.99,C619729862,47870.97,23864.98,C657695689,41318.32,65324.31,0,0,0.0,0.0,c6b17d52-513a-4381-937c-d93c008004fb,C619729862,CASH_OUT,USD,False,2026-10-04T01:00:00+00:00
40,PAYMENT,1137.78,C379180880,11078.01,9940.23,M499327067,0.0,0.0,0,0,0.0,1137.78,1165064d-095d-4a7d-8604-5fbdbe12886e,C379180880,PAYMENT,USD,False,2026-10-02T16:00:00+00:00
100,CASH_IN,10866.94,C584471226,1899.08,12766.02,C540886010,68698.55,57831.61,0,0,-21733.88,21733.88,2422e470-7fe4-4118-91c4-d934799d8412,C584471226,CASH_IN,USD,False,2026-10-05T04:00:00+00:00
41,PAYMENT,2937.25,C322434334,24632.41,21695.16,M907727084,0.0,0.0,0,0,0.0,2937.25,d54ac488-0032-472e-981e-b01d2091324f,C322434334,PAYMENT,USD,False,2026-10-02T17:00:00+00:00
2,CASH_OUT,10286.0,C993019801,12295.86,2009.86,C541575005,5195.36,15481.36,0,0,0.0,0.0,508b046a-0e10-4a59-a213-2de80c433a24,C993019801,CASH_OUT,USD,False,2026-10-01T02:00:00+00:00
46,CASH_OUT,61796.72,C306860005,179338.4,117541.68,C271551118,11113.46,72910.18,0,0,0.0,0.0,9d02bd83-a807-49cd-a312-5354aca9bf1f,C306860005,CASH_OUT,USD,False,2026-10-02T22:00:00+00:00
43,CASH_OUT,63844.16,C829535965,151586.56,87742.4,C816479341,31237.91,95082.07,0,0,0.0,0.0,51bc38a5-7c25-4a2a-9ca6-076dac952d80,C829535965,CASH_OUT,USD,False,2026-10-02T19:00:00+00:00
38,CASH_OUT,14820.54,C369173782,32030.02,17209.48,C879095530,47577.0,62397.54,0,0,0.0,0.0,b75de1ba-b886-4fdb-b270-2f0c394f9ac7,C369173782,CASH_OUT,USD,False,2026-10-02T14:00:00+00:00
32,PAYMENT,1149.8,C865171242,11174.88,10025.08,M185585358,0.0,0.0,0,0,0.0,1149.8,921f090d-df8b-45a1-ace5-fe1534181ad9,C865171242,PAYMENT,USD,False,2026-10-02T08:00:00+00:00
95,CASH_OUT,126696.0,C252340867,206446.64,79750.64,C733819589,31746.81,158442.81,0,0,0.0,0.0,4cffaa09-48eb-43d3-8c3f-0c4cc256e959,C252340867,CASH_OUT,USD,False,2026-10-04T23:00:00+00:00
83,PAYMENT,3098.12,C530089808,7102.36,4004.24,M742839570,0.0,0.0,0,0,0.0,3098.12,2b13cb16-fccf-42ea-8f75-0bd3ea0b442c,C530089808,PAYMENT,USD,False,2026-10-04T11:00:00+00:00
50,PAYMENT,3425.25,C409853650,14904.25,11479.0,M449696563,0.0,0.0,0,0,0.0,3425.25,52a2c7db-b165-4e0d-ab05-9814bc184ae5,C409853650,PAYMENT,USD,False,2026-10-03T02:00:00+00:00
24,PAYMENT,1821.09,C627514698,3649.02,1827.93,M426800512,0.0,0.0,0,0,0.0,1821.09,62bb9444-a971-4a85-ad81-8fd366704fa3,C627514698,PAYMENT,USD,False,2026-10-02T00:00:00+00:00
82,PAYMENT,1378.77,C896233790,3110.29,1731.52,M339670711,0.0,0.0,0,0,0.0,1378.77,252986f9-64c0-41c9-a4dd-1478e05b5330,C896233790,PAYMENT,USD,False,2026-10-04T10:00:00+00:00
58,CASH_IN,43343.37,C899772748,2067.11,45410.48,C544977661,60071.67,16728.3,0,0,-86686.74,86686.74,6d96d3cb-c500-4258-9cd6-2a97dd212839,C899772748,CASH_IN,USD,False,2026-10-03T10:00:00+00:00
32,PAYMENT,3698.48,C956061995,34865.57,31167.09,M840558696,0.0,0.0,0,0,0.0,3698.48,f77fa3ca-52de-4e49-9385-bf5b6282e25b,C956061995,PAYMENT,USD,False,2026-10-02T08:00:00+00:00
33,CASH_OUT,26224.56,C958222695,60824.63,34600.07,C772387031,18414.37,44638.93,0,0,-0.0,0.0,77db94aa-dc4a-4978-8e45-4f06a4743e29,C958222695,CASH_OUT,USD,False,2026-10-02T09:00:00+00:00
49,CASH_IN,44582.1,C152369237,6550.96,51133.06,C515850822,15521.42,0.0,0,0,-89164.2,60103.52,1e2ff0ae-394d-428e-abf8-996504bb05c4,C152369237,CASH_IN,USD,False,2026-10-03T01:00:00+00:00
53,PAYMENT,569.94,C977713238,3531.88,2961.94,M815684382,0.0,0.0,0,0,0.0,569.94,0a957e82-e547-45a8-9c13-6759b59c9883,C977713238,PAYMENT,USD,False,2026-10-03T05:00:00+00:00
95,CASH_IN,7567.79,C115232939,18676.39,26244.18,C592481419,50445.12,42877.33,0,0,-15135.58,15135.58,a4034f29-f26f-4362-82ae-27b34743a1fc,C115232939,CASH_IN,USD,False,2026-10-04T23:00:00+00:00
99,CASH_IN,33765.09,C758819288,525.08,34290.17,C697794767,92979.34,59214.25,0,0,-67530.18,67530.18,fc28d28b-6c0e-4d71-ae01-67d8dcd17577,C758819288,CASH_IN,USD,False,2026-10-05T03:00:00+00:00
30,CASH_OUT,84230.63,C128492780,193710.98,109480.35,C868820204,27247.07,111477.7,0,0,0.0,0.0,2c033a68-b48e-457a-98b2-907e48517347,C128492780,CASH_OUT,USD,False,2026-10-02T06:00:00+00:00
9,PAYMENT,897.3,C239344057,2529.23,1631.93,M133579936,0.0,0.0,0,0,0.0,897.3,1c500adb-f36a-4c25-b3f1-d156ae2f99a2,C239344057,PAYMENT,USD,False,2026-10-01T09:00:00+00:00
6,CASH_OUT,4035.08,C601773279,4429.33,394.25,C743398610,33101.86,37136.94,0,0,0.0,0.0,98d2cf0f-eb38-407b-8847-70d7360e1073,C601773279,CASH_OUT,USD,False,2026-10-01T06:00:00+00:00
6,PAYMENT,3959.97,C660852445,25450.19,21490.22,M503368085,0.0,0.0,0,0,-0.0,3959.97,6773c6dd-83ff-43ac-9c18-29f2b06e8654,C660852445,PAYMENT,USD,False,2026-10-01T06:00:00+00:00
99,CASH_OUT,27702.59,C330653508,40317.37,12614.78,C602861644,18110.19,45812.78,0,0,0.0,0.0,a05e205c-799e-4966-9fef-b0c76aacda06,C330653508,CASH_OUT,USD,False,2026-10-05T03:00:00+00:00
60,CASH_IN,5180.24,C805510612,10542.31,15722.55,C751019699,56316.7,51136.46,0,0,-10360.48,10360.48,7087f9c0-86ab-40d6-81f5-1b5e58ce56ef,C805510612,CASH_IN,USD,False,2026-10-03T12:00:00+00:00
64,PAYMENT,3803.39,C170393950,14231.41,10428.02,M822602684,0.0,0.0,0,0,0.0,3803.39,ea6d41a2-df68-451c-a5a4-771b6e2de2d5,C170393950,PAYMENT,USD,False,2026-10-03T16:00:00+00:00
100,PAYMENT,1925.99,C621733910,10761.04,8835.05,M692433358,0.0,0.0,0,0,0.0,1925.99,d494f5f9-6af3-4ee4-97be-3879c2011091,C621733910,PAYMENT,USD,False,2026-10-05T04:00:00+00:00
99,CASH_OUT,60262.68,C221964801,90020.21,29757.53,C871392566,30081.6,90344.28,0,0,0.0,0.0,f587f399-efef-4451-a098-c68b306269eb,C221964801,CASH_OUT,USD,False,2026-10-05T03:00:00+00:00
13,PAYMENT,597.66,C587193534,1623.73,1026.07,M395775004,0.0,0.0,0,0,0.0,597.66,9709135d-4780-4f40-9fd3-54ec013065dd,C587193534,PAYMENT,USD,False,2026-10-01T13:00:00+00:00
50,PAYMENT,3014.68,C937768549,15022.96,12008.28,M109255799,0.0,0.0,0,0,-0.0,3014.68,8e239e83-882f-4b99-8664-affcf04e6d9e,C937768549,PAYMENT,USD,False,2026-10-03T02:00:00+00:00
91,PAYMENT,2252.57,C706773699,19106.45,16853.88,M104027443,0.0,0.0,0,0,0.0,2252.57,fcc78ec7-18d5-4869-91b8-ccf4448c98e2,C706773699,PAYMENT,USD,False,2026-10-04T19:00:00+00:00
87,CASH_IN,48140.46,C245587477,8231.92,56372.38,C943629337,6869.3,0.0,0,0,-96280.92,55009.76,0697d2f2-a48c-4487-bf32-4bec113c0bef,C245587477,CASH_IN,USD,False,2026-10-04T15:00:00+00:00
70,PAYMENT,4608.28,C188402322,15712.45,11104.17,M622972582,0.0,0.0,0,0,0.0,4608.28,33839031-30c2-4276-8998-c98bc4648b8e,C188402322,PAYMENT,USD,False,2026-10-03T22:00:00+00:00
38,PAYMENT,2857.36,C121002727,25113.05,22255.69,M380287338,0.0,0.0,0,0,0.0,2857.36,423f90cc-3c26-4cfd-8a8a-fd4b1314b8ba,C121002727,PAYMENT,USD,False,2026-10-02T14:00:00+00:00
7,CASH_OUT,64614.41,C672783451,176144.08,111529.67,C242859142,23173.43,87787.84,0,0,-0.0,0.0,855f6dc9-876e-4f0a-9e69-9760f0b3913b,C672783451,CASH_OUT,USD,False,2026-10-01T07:00:00+00:00
12,TRANSFER,204267.46,C338411494,774462.87,570195.41,C475364113,33191.75,237459.21,0,0,0.0,0.0,8633754e-321d-460b-935f-7c81f92d951b,C338411494,TRANSFER,USD,False,2026-10-01T12:00:00+00:00
93,PAYMENT,3223.46,C374762050,31905.79,28682.33,M590432899,0.0,0.0,0,0,0.0,3223.46,eaa3d20e-b76d-496c-b2dc-417460a6337b,C374762050,PAYMENT,USD,False,2026-10-04T21:00:00+00:00
13,PAYMENT,3285.82,C356624948,4149.11,863.29,M718587449,0.0,0.0,0,0,-0.0,3285.82,9ec77d64-a1d2-47d6-96cc-4b6ca38e8d43,C356624948,PAYMENT,USD,False,2026-10-01T13:00:00+00:00
17,PAYMENT,1766.28,C513409285,8503.73,6737.45,M630650165,0.0,0.0,0,0,0.0,1766.28,8fe70309-1a5a-431d-9065-9315b0e587e1,C513409285,PAYMENT,USD,False,2026-10-01T17:00:00+00:00
62,CASH_IN,22981.01,C710088706,2926.8,25907.81,C466574854,60992.39,38011.38,0,0,-45962.02,45962.02,e6ffcf23-4413-49c2-a49d-876a78f02838,C710088706,CASH_IN,USD,False,2026-10-03T14:00:00+00:00
31,PAYMENT,687.86,C396550191,5497.57,4809.71,M495075488,0.0,0.0,0,0,0.0,687.86,d4344b22-ee4e-4be0-9a3d-1cdef30f7012,C396550191,PAYMENT,USD,False,2026-10-02T07:00:00+00:00
49,DEBIT,433.38,C778827038,921.04,487.66,C647960971,890.94,1324.32,0,0,-0.0,0.0,e847e99b-244d-40fb-88c0-e741fdb63f09,C778827038,DEBIT,USD,False,2026-10-03T01:00:00+00:00
34,PAYMENT,2339.33,C509408129,5115.77,2776.44,M355794196,0.0,0.0,0,0,0.0,2339.33,3a79690f-4904-4ff4-baa5-7af8f7c4566d,C509408129,PAYMENT,USD,False,2026-10-02T10:00:00+00:00
31,CASH_OUT,22579.34,C221932595,33669.71,11090.37,C129747132,41361.44,63940.78,0,0,-0.0,0.0,eed55c02-0ef0-43eb-ba39-6e66faf551b8,C221932595,CASH_OUT,USD,False,2026-10-02T07:00:00+00:00
96,CASH_IN,3508.68,C147090260,16576.08,20084.76,C861110278,15987.81,12479.13,0,0,-7017.36,7017.36,1d503133-074d-4c20-b1a3-30eeac59f506,C147090260,CASH_IN,USD,False,2026-10-05T00:00:00+00:00
51,PAYMENT,3633.84,C821185117,16414.0,12780.16,M501238247,0.0,0.0,0,0,0.0,3633.84,144b01c2-3453-41c6-a21b-b7763bc96c8f,C821185117,PAYMENT,USD,False,2026-10-03T03:00:00+00:00
9,PAYMENT,2324.84,C610767573,20238.35,17913.51,M545685360,0.0,0.0,0,0,0.0,2324.84,6b597991-5fba-4207-8c6a-fcdf53ea6f16,C610767573,PAYMENT,USD,False,2026-10-01T09:00:00+00:00
34,PAYMENT,4965.42,C246907242,34849.5,29884.08,M885585745,0.0,0.0,0,0,0.0,4965.42,4f78f3ee-6da1-4c7a-911e-adc9ed804fd3,C246907242,PAYMENT,USD,False,2026-10-02T10:00:00+00:00
11,PAYMENT,1998.74,C737456707,5244.01,3245.27,M216795399,0.0,0.0,0,0,0.0,1998.74,a21d8f35-3254-4cb4-99ac-36fec2885822,C737456707,PAYMENT,USD,False,2026-10-01T11:00:00+00:00
42,CASH_OUT,101560.2,C902178290,148290.74,46730.54,C449701561,5506.64,107066.84,0,0,-0.0,0.0,1bf89458-dece-485e-80db-12bafc53f2ad,C902178290,CASH_OUT,USD,False,2026-10-02T18:00:00+00:00
49,CASH_OUT,61800.19,C888055028,169260.58,107460.39,C881310467,5463.7,67263.89,0,0,-0.0,0.0,83054ba2-3b7e-488a-b087-cbc573df7295,C888055028,CASH_OUT,USD,False,2026-10-03T01:00:00+00:00
48,CASH_OUT,23706.66,C983958713,31986.8,8280.14,C285134558,25929.98,49636.64,0,0,0.0,0.0,465ebb11-ccff-40d6-a46f-6a592ecc1832,C983958713,CASH_OUT,USD,False,2026-10-03T00:00:00+00:00
63,CASH_IN,13791.36,C185669964,11528.75,25320.11,C461377871,88863.29,75071.93,0,0,-27582.72,27582.72,144cf383-7154-457f-82e6-745315556ae5,C185669964,CASH_IN,USD,False,2026-10-03T15:00:00+00:00
46,PAYMENT,104.3,C739014339,260.28,155.98,M281259137,0.0,0.0,0,0,-0.0,104.3,7874931f-0c85-4dc7-b546-4ecba4668401,C739014339,PAYMENT,USD,False,2026-10-02T22:00:00+00:00
16,CASH_OUT,50893.32,C620941587,54997.19,4103.87,C343401206,43915.33,94808.65,0,0,0.0,0.0,4fc71cbb-48fe-4f6b-a866-6c7cba38c08a,C620941587,CASH_OUT,USD,False,2026-10-01T16:00:00+00:00
29,PAYMENT,4150.27,C481327572,15056.57,10906.3,M958899743,0.0,0.0,0,0,0.0,4150.27,43a24587-c2fe-4917-a818-c29be39a97ba,C481327572,PAYMENT,USD,False,2026-10-02T05:00:00+00:00
97,PAYMENT,4623.46,C694265300,7417.38,2793.92,M939825580,0.0,0.0,0,0,0.0,4623.46,58dc6c98-08a6-4af6-a0cb-a8b844b52307,C694265300,PAYMENT,USD,False,2026-10-05T01:00:00+00:00
63,CASH_IN,6434.63,C469334329,19327.2,25761.83,C501073600,35872.64,29438.01,0,0,-12869.26,12869.26,df649adb-d730-4b39-934e-896c8f9c61bd,C469334329,CASH_IN,USD,False,2026-10-03T15:00:00+00:00
76,CASH_IN,1460.38,C938415097,8888.6,10348.98,C643629617,50705.19,49244.81,0,0,-2920.76,2920.76,18d702ab-4c56-4ee8-aaa9-48a522b9535e,C938415097,CASH_IN,USD,False,2026-10-04T04:00:00+00:00
29,TRANSFER,102797.18,C467403460,244459.35,141662.17,C156737741,16901.77,119698.95,0,0,0.0,0.0,d739cd8b-df16-41fd-a6cb-3c36e5603dd6,C467403460,TRANSFER,USD,False,2026-10-02T05:00:00+00:00
11,PAYMENT,2584.25,C368009789,21903.05,19318.8,M924212122,0.0,0.0,0,0,0.0,2584.25,84ed4d01-4e9b-416e-a806-7fbe6219e4b6,C368009789,PAYMENT,USD,False,2026-10-01T11:00:00+00:00
41,PAYMENT,4186.9,C418711858,29810.01,25623.11,M636691235,0.0,0.0,0,0,0.0,4186.9,8499b20d-33a6-4def-86e7-e1b0fb2a2bdb,C418711858,PAYMENT,USD,False,2026-10-02T17:00:00+00:00
49,PAYMENT,2259.6,C907928256,21843.94,19584.34,M799891975,0.0,0.0,0,0,0.0,2259.6,12460779-51f5-4c24-be6a-a2d1851cd6f3,C907928256,PAYMENT,USD,False,2026-10-03T01:00:00+00:00
45,PAYMENT,4258.07,C426466318,20900.86,16642.79,M487080174,0.0,0.0,0,0,0.0,4258.07,29779570-9973-4a31-b527-77732a70c507,C426466318,PAYMENT,USD,False,2026-10-02T21:00:00+00:00
34,CASH_OUT,25825.78,C550829541,43394.42,17568.64,C686397334,41487.37,67313.15,0,0,0.0,0.0,cdf69d7f-eef2-4f45-aa51-688bcca6d2b9,C550829541,CASH_OUT,USD,False,2026-10-02T10:00:00+00:00
80,CASH_OUT,87994.54,C930499979,99768.31,11773.77,C848778902,49651.11,137645.65,0,0,0.0,0.0,62edc2fa-6104-443d-8c31-bae573e08879,C930499979,CASH_OUT,USD,False,2026-10-04T08:00:00+00:00
75,CASH_IN,49970.12,C955947538,327.71,50297.83,C927396077,45967.67,0.0,0,0,-99940.24,95937.79,b61f8139-a69f-4ff6-856a-a35adf91ec29,C955947538,CASH_IN,USD,False,2026-10-04T03:00:00+00:00
32,TRANSFER,18489.45,C874689719,28429.7,9940.25,C382692545,59443.68,77933.13,0,0,0.0,0.0,f1d476fc-bfdb-49dc-9ec0-3b8294b58370,C874689719,TRANSFER,USD,False,2026-10-02T08:00:00+00:00
99,CASH_OUT,35611.91,C444311548,105816.91,70205.0,C253824712,26062.55,61674.46,0,0,0.0,0.0,7389c214-1587-46eb-95c1-f603099fe1bc,C444311548,CASH_OUT,USD,False,2026-10-05T03:00:00+00:00
93,CASH_OUT,137543.22,C297619784,409967.8,272424.58,C682115008,47861.84,185405.06,0,0,-0.0,0.0,89e2195e-77fc-4de9-905d-437b88d3efc9,C297619784,CASH_OUT,USD,False,2026-10-04T21:00:00+00:00
66,PAYMENT,2352.56,C760962673,5626.52,3273.96,M996348457,0.0,0.0,0,0,0.0,2352.56,d45d2701-8bbc-4855-a917-3a2fa23c549e,C760962673,PAYMENT,USD,False,2026-10-03T18:00:00+00:00
54,TRANSFER,136465.3,C300027050,191013.32,54548.02,C525092245,21160.59,157625.89,0,0,0.0,-0.0,3cacd039-e585-4ad8-88a7-988c47f4a2d1,C300027050,TRANSFER,USD,False,2026-10-03T06:00:00+00:00
62,PAYMENT,1808.84,C969194628,3548.98,1740.14,M681929857,0.0,0.0,0,0,0.0,1808.84,8b5dfa10-2a8d-4544-8af7-2bddfe97ad33,C969194628,PAYMENT,USD,False,2026-10-03T14:00:00+00:00
15,CASH_OUT,58113.81,C469837972,156340.74,98226.93,C466044145,8109.9,66223.71,0,0,0.0,-0.0,71532b2b-0a82-4639-a778-818102379b76,C469837972,CASH_OUT,USD,False,2026-10-01T15:00:00+00:00
5,PAYMENT,4281.15,C421810334,41170.99,36889.84,M331083132,0.0,0.0,0,0,0.0,4281.15,755b5062-7f50-4136-8b79-0c39b6ca095e,C421810334,PAYMENT,USD,False,2026-10-01T05:00:00+00:00
40,CASH_OUT,116346.8,C681048625,225601.97,109255.17,C258279275,30166.47,146513.27,0,0,0.0,0.0,48b7f677-b63e-45ce-94dd-fea455a584a5,C681048625,CASH_OUT,USD,False,2026-10-02T16:00:00+00:00
3,CASH_OUT,13539.86,C742328417,37463.72,23923.86,C832975067,34289.39,47829.25,0,0,0.0,0.0,85d1b9f2-09f6-4b57-8e66-1707d73bf38d,C742328417,CASH_OUT,USD,False,2026-10-01T03:00:00+00:00
75,PAYMENT,2521.21,C282392760,22441.47,19920.26,M464188244,0.0,0.0,0,0,0.0,2521.21,18583ca4-7e52-4b6c-b408-6370434cdc6e,C282392760,PAYMENT,USD,False,2026-10-04T03:00:00+00:00
22,TRANSFER,29002.14,C629872519,68990.84,39988.7,C818781178,71952.42,100954.56,0,0,0.0,0.0,e1d3791c-2b79-48b8-b424-f6071165712c,C629872519,TRANSFER,USD,False,2026-10-01T22:00:00+00:00
86,CASH_OUT,69604.7,C935082100,160134.1,90529.4,C978530356,13760.8,83365.5,0,0,0.0,0.0,17b6e616-f84e-41a9-a958-bdedd119540a,C935082100,CASH_OUT,USD,False,2026-10-04T14:00:00+00:00
57,CASH_IN,34408.74,C626072176,17751.74,52160.48,C591285126,43328.01,8919.27,0,0,-68817.48,68817.48,2df2a4c1-7f4a-47fe-b76e-28d3986bbe8c,C626072176,CASH_IN,USD,False,2026-10-03T09:00:00+00:00
69,CASH_OUT,15672.32,C777861093,16135.66,463.34,C959195052,39921.59,55593.91,0,0,0.0,-0.0,0ce05c45-9e94-4c06-8ace-9afefa73463a,C777861093,CASH_OUT,USD,False,2026-10-03T21:00:00+00:00
15,CASH_OUT,85032.43,C259128258,214005.77,128973.34,C725644753,46982.5,132014.93,0,0,0.0,0.0,12a0c321-0078-4502-aed7-546341692ad1,C259128258,CASH_OUT,USD,False,2026-10-01T15:00:00+00:00
38,PAYMENT,4675.13,C295182679,46556.21,41881.08,M867352565,0.0,0.0,0,0,0.0,4675.13,c7ba574a-fbfe-4774-9e31-36eafa26962f,C295182679,PAYMENT,USD,False,2026-10-02T14:00:00+00:00
79,PAYMENT,1707.09,C240112087,15823.06,14115.97,M290546084,0.0,0.0,0,0,0.0,1707.09,67de0322-cad2-43b5-a0ce-a90320c3e611,C240112087,PAYMENT,USD,False,2026-10-04T07:00:00+00:00
10,PAYMENT,3280.47,C324130818,5641.13,2360.66,M993436624,0.0,0.0,0,0,0.0,3280.47,cb136c9d-2404-4353-8bfd-6cad361b5831,C324130818,PAYMENT,USD,False,2026-10-01T10:00:00+00:00
22,PAYMENT,483.71,C202624416,1151.53,667.82,M946389170,0.0,0.0,0,0,-0.0,483.71,71b9a4be-5f1e-4ec4-8cc7-b47423ea4b7e,C202624416,PAYMENT,USD,False,2026-10-01T22:00:00+00:00
14,PAYMENT,4589.0,C212358004,20384.37,15795.37,M903387645,0.0,0.0,0,0,-0.0,4589.0,9ac7dbe6-a7ff-4ed5-aafb-b427a14f6abe,C212358004,PAYMENT,USD,False,2026-10-01T14:00:00+00:00
41,CASH_OUT,72263.18,C139406767,119399.53,47136.35,C488313090,36264.21,108527.39,0,0,0.0,-0.0,75947198-5f36-4f3b-9dff-a4ded9280380,C139406767,CASH_OUT,USD,False,2026-10-02T17:00:00+00:00
86,TRANSFER,74564.44,C245419344,148272.85,73708.41,C112193978,77569.68,152134.12,0,0,0.0,0.0,7a69d091-e9d3-429d-805e-5270ebdfbfec,C245419344,TRANSFER,USD,False,2026-10-04T14:00:00+00:00
85,CASH_OUT,149700.88,C726579237,307190.82,157489.94,C104429962,28539.39,178240.27,0,0,0.0,0.0,e2b90a51-83fc-43e0-940f-54e26c2431ef,C726579237,CASH_OUT,USD,False,2026-10-04T13:00:00+00:00
11,CASH_OUT,61375.41,C886137921,101271.92,39896.51,C124517413,12497.04,73872.45,0,0,-0.0,0.0,3956a59b-8321-4c1d-a680-d0ad15c8bc5f,C886137921,CASH_OUT,USD,False,2026-10-01T11:00:00+00:00
18,TRANSFER,408295.54,C781895408,408295.54,0.0,C964406493,2271.07,410566.61,1,1,0.0,0.0,a359377f-6a0e-4bd2-992c-f29278b74e9b,C781895408,TRANSFER,USD,False,2026-10-01T18:00:00+00:00
14,CASH_OUT,13132.13,C685582861,13966.88,834.75,C553035110,4684.76,17816.89,0,0,0.0,0.0,df91cc47-67af-4eb9-8bbb-122d294462aa,C685582861,CASH_OUT,USD,False,2026-10-01T14:00:00+00:00
85,PAYMENT,1775.65,C203274109,12543.72,10768.07,M341166057,0.0,0.0,0,0,0.0,1775.65,c5213084-f077-4484-9121-eff38a6da1a1,C203274109,PAYMENT,USD,False,2026-10-04T13:00:00+00:00
17,CASH_IN,12619.77,C810841299,14013.94,26633.71,C898730065,8926.41,0.0,0,0,-25239.54,21546.18,6a756e02-7215-4693-9e5d-fb3dcbb35bf2,C810841299,CASH_IN,USD,False,2026-10-01T17:00:00+00:00
38,PAYMENT,3299.67,C358113984,13121.98,9822.31,M992605912,0.0,0.0,0,0,0.0,3299.67,66ddcce8-2b07-43be-ab19-6bd05505c003,C358113984,PAYMENT,USD,False,2026-10-02T14:00:00+00:00
48,CASH_OUT,27779.97,C483716962,57503.96,29723.99,C784432173,46215.13,73995.1,0,0,-0.0,0.0,a26e0a08-62ae-4e7f-af2d-1188f01afd7d,C483716962,CASH_OUT,USD,False,2026-10-03T00:00:00+00:00
11,CASH_OUT,90429.71,C596808815,138539.64,48109.93,C881498108,22474.25,112903.96,0,0,0.0,0.0,a5544bc7-6fe1-4708-955b-2e5e631c20e2,C596808815,CASH_OUT,USD,False,2026-10-01T11:00:00+00:00
83,CASH_OUT,35326.5,C977357994,66709.78,31383.28,C592949064,28651.75,63978.25,0,0,0.0,0.0,2eb8e16c-03ef-4d66-83c9-174a048794d2,C977357994,CASH_OUT,USD,False,2026-10-04T11:00:00+00:00
24,CASH_OUT,65590.23,C995342141,134666.11,69075.88,C248831220,34706.67,100296.9,0,0,-0.0,0.0,235f0345-a59d-4be0-b8d5-1163b3778c4d,C995342141,CASH_OUT,USD,False,2026-10-02T00:00:00+00:00
93,PAYMENT,2177.07,C686404315,2231.72,54.65,M976242620,0.0,0.0,0,0,-0.0,2177.07,ca9eeb08-610b-43ab-90f1-1ef4b0372918,C686404315,PAYMENT,USD,False,2026-10-04T21:00:00+00:00
83,PAYMENT,825.95,C959047280,2639.09,1813.14,M895094534,0.0,0.0,0,0,0.0,825.95,2a99f109-7ba4-4593-9391-c9e0ef018b5a,C959047280,PAYMENT,USD,False,2026-10-04T11:00:00+00:00
49,PAYMENT,2842.66,C623281005,11713.06,8870.4,M483399227,0.0,0.0,0,0,0.0,2842.66,8120bbe7-3caa-41bf-8764-8416fe01fa86,C623281005,PAYMENT,USD,False,2026-10-03T01:00:00+00:00
82,DEBIT,1039.07,C717920888,4708.83,3669.76,C120021570,4961.75,6000.82,0,0,0.0,0.0,8ae29917-7c5b-4f62-8de2-b4a785f2af96,C717920888,DEBIT,USD,False,2026-10-04T10:00:00+00:00
41,TRANSFER,93542.28,C258853889,367284.13,273741.85,C679677338,42691.44,136233.72,0,0,0.0,0.0,021476a4-281b-42f4-a75d-48b156b9dac6,C258853889,TRANSFER,USD,False,2026-10-02T17:00:00+00:00
28,PAYMENT,418.8,C351612944,2872.13,2453.33,M513466574,0.0,0.0,0,0,0.0,418.8,d6e536f3-3e4f-4559-bfd9-c575e81cbd7f,C351612944,PAYMENT,USD,False,2026-10-02T04:00:00+00:00
67,PAYMENT,4067.03,C802430291,32263.43,28196.4,M365603228,0.0,0.0,0,0,0.0,4067.03,0cb130be-0c03-4252-b519-77589c1ddae6,C802430291,PAYMENT,USD,False,2026-10-03T19:00:00+00:00
29,TRANSFER,736830.93,C865596218,736830.93,0.0,C713713429,3292.95,740123.88,1,0,0.0,0.0,85720769-3404-4f9c-8771-a9f999dec250,C865596218,TRANSFER,USD,False,2026-10-02T05:00:00+00:00
61,TRANSFER,98035.12,C239370727,306470.98,208435.86,C334493013,57058.26,155093.38,0,0,0.0,0.0,1a32dd5a-8243-4dc8-b9a1-fec46df2b8fa,C239370727,TRANSFER,USD,False,2026-10-03T13:00:00+00:00
75,CASH_OUT,265343.8,C306723705,265343.8,0.0,C703279813,1261.89,266605.69,1,0,0.0,0.0,d7bad76f-254a-49a8-a934-91fe232d55e8,C306723705,CASH_OUT,USD,False,2026-10-04T03:00:00+00:00
71,PAYMENT,1996.2,C582459879,18941.72,16945.52,M919742008,0.0,0.0,0,0,0.0,1996.2,e6bbd3bd-bc9b-4a8a-be17-2dfb488bcb84,C582459879,PAYMENT,USD,False,2026-10-03T23:00:00+00:00
56,CASH_OUT,17435.3,C649136331,24063.46,6628.16,C719106699,2219.33,19654.63,0,0,0.0,-0.0,339cd804-936b-4fae-b5b0-bd46a4776dcc,C649136331,CASH_OUT,USD,False,2026-10-03T08:00:00+00:00
38,PAYMENT,3090.56,C588920837,22574.23,19483.67,M392201792,0.0,0.0,0,0,0.0,3090.56,49890391-22bd-44dd-9c81-8e6070e39746,C588920837,PAYMENT,USD,False,2026-10-02T14:00:00+00:00
62,CASH_IN,17558.36,C509349574,14827.88,32386.24,C963955258,76392.38,58834.02,0,0,-35116.72,35116.72,d578db60-e2c4-4e06-b557-aec2449c0426,C509349574,CASH_IN,USD,False,2026-10-03T14:00:00+00:00
83,CASH_IN,7791.45,C845806690,1789.47,9580.92,C983524116,21518.2,13726.75,0,0,-15582.9,15582.9,2f651d19-c800-47b1-84c9-0392f247b6b9,C845806690,CASH_IN,USD,False,2026-10-04T11:00:00+00:00
59,CASH_IN,2436.59,C884987950,4667.17,7103.76,C488358749,44609.48,42172.89,0,0,-4873.18,4873.18,ec706a88-58ad-43ce-a62d-017646798f2e,C884987950,CASH_IN,USD,False,2026-10-03T11:00:00+00:00
96,CASH_IN,5030.12,C684903401,10067.23,15097.35,C576852350,80781.19,75751.07,0,0,-10060.24,10060.24,18d41088-a89f-4416-aba6-15bc422779ae,C684903401,CASH_IN,USD,False,2026-10-05T00:00:00+00:00
13,CASH_OUT,66739.42,C332344597,123980.42,57241.0,C875539066,15045.41,81784.83,0,0,0.0,0.0,10794303-722a-43cb-b659-e45fd1878dba,C332344597,CASH_OUT,USD,False,2026-10-01T13:00:00+00:00
98,PAYMENT,287.7,C121131527,1568.75,1281.05,M841033555,0.0,0.0,0,0,0.0,287.7,8b6e6306-ae3f-4cd5-bc41-f6d7865039dd,C121131527,PAYMENT,USD,False,2026-10-05T02:00:00+00:00
10,CASH_OUT,6896.06,C204494207,12487.24,5591.18,C820897372,26225.28,33121.34,0,0,-0.0,0.0,b8fd306b-bbf1-496d-aecb-da0e2dd77d73,C204494207,CASH_OUT,USD,False,2026-10-01T10:00:00+00:00
68,PAYMENT,2688.48,C697292534,10172.5,7484.02,M518183156,0.0,0.0,0,0,0.0,2688.48,8c0a130b-92de-4542-bd20-bb99341297d5,C697292534,PAYMENT,USD,False,2026-10-03T20:00:00+00:00
29,CASH_OUT,35710.1,C109704042,84042.78,48332.68,C707029508,34011.06,69721.16,0,0,0.0,0.0,b418ef14-4df2-4ce8-842b-60901b9d82ae,C109704042,CASH_OUT,USD,False,2026-10-02T05:00:00+00:00
87,CASH_OUT,64118.54,C814298538,85509.68,21391.14,C211779101,9019.83,73138.37,0,0,-0.0,0.0,04cff6a5-e916-4023-b4cc-030c68de5d50,C814298538,CASH_OUT,USD,False,2026-10-04T15:00:00+00:00
49,PAYMENT,3195.84,C539655012,15118.32,11922.48,M393484627,0.0,0.0,0,0,0.0,3195.84,c604a059-60a1-4603-add9-fcb91483e9ae,C539655012,PAYMENT,USD,False,2026-10-03T01:00:00+00:00
83,TRANSFER,53109.22,C766985517,185572.89,132463.67,C663169142,23232.07,76341.29,0,0,0.0,0.0,9065cb58-6d43-4769-9d89-ab6eb1a9dae5,C766985517,TRANSFER,USD,False,2026-10-04T11:00:00+00:00
34,CASH_IN,28255.28,C554795749,5511.21,33766.49,C757001875,68379.96,40124.68,0,0,-56510.56,56510.56,79c9f3a9-23ec-4e25-899a-562acd1aa480,C554795749,CASH_IN,USD,False,2026-10-02T10:00:00+00:00
84,PAYMENT,2980.12,C103449831,16413.72,13433.6,M343885977,0.0,0.0,0,0,0.0,2980.12,6faffec4-c0b7-4806-8932-1c8804894ebd,C103449831,PAYMENT,USD,False,2026-10-04T12:00:00+00:00
86,CASH_OUT,123171.92,C492391386,368755.17,245583.25,C322509601,12447.19,135619.11,0,0,0.0,0.0,4fe28dda-da08-4d4c-b2c9-3cf09e85c0c2,C492391386,CASH_OUT,USD,False,2026-10-04T14:00:00+00:00
84,PAYMENT,4396.15,C161224814,33100.45,28704.3,M847403765,0.0,0.0,0,0,-0.0,4396.15,3ec640bf-8887-45e8-bbb5-318e90960094,C161224814,PAYMENT,USD,False,2026-10-04T12:00:00+00:00
26,PAYMENT,2955.28,C323622397,16858.27,13902.99,M916050964,0.0,0.0,0,0,0.0,2955.28,6639f58e-5769-4c56-ae10-91bade6ccccc,C323622397,PAYMENT,USD,False,2026-10-02T02:00:00+00:00
80,PAYMENT,915.58,C845775496,1642.73,727.15,M999568632,0.0,0.0,0,0,0.0,915.58,0086775f-984d-4682-a0ff-6c5ca9b5567f,C845775496,PAYMENT,USD,False,2026-10-04T08:00:00+00:00
94,PAYMENT,669.15,C523826048,2334.63,1665.48,M334221394,0.0,0.0,0,0,0.0,669.15,82802678-6ca8-474c-aa2c-2bf70b79af89,C523826048,PAYMENT,USD,False,2026-10-04T22:00:00+00:00
53,CASH_OUT,110136.08,C172714670,257790.57,147654.49,C231915340,21388.81,131524.89,0,0,0.0,0.0,aa88dc25-b3b7-4ade-823e-b61973fec20d,C172714670,CASH_OUT,USD,False,2026-10-03T05:00:00+00:00
87,CASH_IN,30567.18,C288436227,17940.86,48508.04,C785826598,82871.99,52304.81,0,0,-61134.36,61134.36,4f578c81-a86c-41d1-a54c-b126fe3c422e,C288436227,CASH_IN,USD,False,2026-10-04T15:00:00+00:00
72,DEBIT,429.59,C563816134,2074.78,1645.19,C642046610,1659.69,2089.28,0,0,0.0,0.0,b86c33e6-4aeb-4856-aa70-67736f956930,C563816134,DEBIT,USD,False,2026-10-04T00:00:00+00:00
70,CASH_OUT,11713.67,C317527335,14126.13,2412.46,C263661669,10822.07,22535.74,0,0,-0.0,-0.0,e6c8f46f-0dd0-42c7-9df0-5de9b3fbb279,C317527335,CASH_OUT,USD,False,2026-10-03T22:00:00+00:00
34,CASH_OUT,26289.75,C270301326,27970.72,1680.97,C640606355,3183.28,29473.03,0,0,0.0,0.0,4e370d50-9960-4545-b6b9-ad77b153e578,C270301326,CASH_OUT,USD,False,2026-10-02T10:00:00+00:00
84,PAYMENT,809.43,C871542059,4570.61,3761.18,M638610283,0.0,0.0,0,0,0.0,809.43,527fa39d-2d1a-4b05-a061-1218da37aa68,C871542059,PAYMENT,USD,False,2026-10-04T12:00:00+00:00
86,CASH_OUT,148173.51,C464832392,168588.85,20415.34,C497250289,6747.17,154920.68,0,0,-0.0,0.0,c9abcf0a-1c62-44cc-88cf-171c696af8b6,C464832392,CASH_OUT,USD,False,2026-10-04T14:00:00+00:00
21,PAYMENT,2536.44,C861894343,20354.04,17817.6,M245652883,0.0,0.0,0,0,0.0,2536.44,18624ee6-7079-4d78-9f5f-de5ac04ca48f,C861894343,PAYMENT,USD,False,2026-10-01T21:00:00+00:00
14,PAYMENT,3577.4,C234259822,3841.54,264.14,M880725278,0.0,0.0,0,0,-0.0,3577.4,9a8b3c3b-6df0-4343-bdce-af7fad711d58,C234259822,PAYMENT,USD,False,2026-10-01T14:00:00+00:00
76,DEBIT,135.23,C426968135,445.77,310.54,C570162291,2042.15,2177.38,0,0,-0.0,0.0,4e74f2bc-e0d1-4813-9073-8d25ff2e9a36,C426968135,DEBIT,USD,False,2026-10-04T04:00:00+00:00
45,CASH_OUT,101184.04,C327730919,150664.43,49480.39,C896374831,43100.9,144284.94,0,0,0.0,0.0,5c36306f-aae8-4c69-a0f6-5a1248336f60,C327730919,CASH_OUT,USD,False,2026-10-02T21:00:00+00:00
44,CASH_OUT,72308.15,C436029974,97526.5,25218.35,C387673568,19540.74,91848.89,0,0,0.0,0.0,bcf61a11-3adc-4dcb-8b08-af3638066a4d,C436029974,CASH_OUT,USD,False,2026-10-02T20:00:00+00:00
5,PAYMENT,3536.31,C855965460,3763.41,227.1,M324504731,0.0,0.0,0,0,-0.0,3536.31,93d06f74-69a1-4662-ab73-7df5d5347cdd,C855965460,PAYMENT,USD,False,2026-10-01T05:00:00+00:00
56,CASH_IN,23785.42,C997536058,8128.74,31914.16,C155961512,67510.37,43724.95,0,0,-47570.84,47570.84,33a47393-3044-4672-9521-39e4674de686,C997536058,CASH_IN,USD,False,2026-10-03T08:00:00+00:00
61,TRANSFER,233848.75,C837115354,686680.9,452832.15,C362071276,5175.6,239024.35,0,0,0.0,0.0,d47ad3f0-7649-41a7-9f85-f307494fc266,C837115354,TRANSFER,USD,False,2026-10-03T13:00:00+00:00
14,PAYMENT,1152.46,C110695352,3198.56,2046.1,M335642938,0.0,0.0,0,0,0.0,1152.46,b639df5d-e078-45ef-94db-0e9db2f59d95,C110695352,PAYMENT,USD,False,2026-10-01T14:00:00+00:00
70,PAYMENT,3236.97,C708889385,18473.23,15236.26,M679842474,0.0,0.0,0,0,0.0,3236.97,3555c863-e866-40a1-9f3c-84b40a9ee3c9,C708889385,PAYMENT,USD,False,2026-10-03T22:00:00+00:00
68,CASH_IN,14475.17,C112737840,8976.41,23451.58,C956104065,68170.85,53695.68,0,0,-28950.34,28950.34,30a12c60-850c-445d-bd9b-79e3fbde04b5,C112737840,CASH_IN,USD,False,2026-10-03T20:00:00+00:00
18,CASH_IN,15595.83,C181874897,16170.27,31766.1,C176141919,87213.32,71617.49,0,0,-31191.66,31191.66,fb43224e-bb1f-4d18-b0aa-8b6f8cb0cbd1,C181874897,CASH_IN,USD,False,2026-10-01T18:00:00+00:00
20,PAYMENT,3319.74,C725711790,12588.74,9269.0,M475617211,0.0,0.0,0,0,0.0,3319.74,f011d871-2d7f-4e59-b0df-9a9cf658d87a,C725711790,PAYMENT,USD,False,2026-10-01T20:00:00+00:00
36,PAYMENT,120.47,C827974104,855.29,734.82,M844087852,0.0,0.0,0,0,-0.0,120.47,bcd21820-a284-4205-934f-88329351f5b6,C827974104,PAYMENT,USD,False,2026-10-02T12:00:00+00:00
67,CASH_OUT,77554.85,C977061402,184401.75,106846.9,C272784128,35853.84,113408.69,0,0,0.0,0.0,dafbc96c-fc2f-4015-af93-28f824b7593b,C977061402,CASH_OUT,USD,False,2026-10-03T19:00:00+00:00
86,CASH_OUT,120146.97,C517614209,284181.01,164034.04,C832549899,3314.66,123461.63,0,0,0.0,0.0,7e98b3f0-a071-4b79-b392-5d0219b63830,C517614209,CASH_OUT,USD,False,2026-10-04T14:00:00+00:00
88,CASH_IN,45535.32,C152660856,9934.55,55469.87,C900122509,90511.37,44976.05,0,0,-91070.64,91070.64,64bfc8cb-2945-4c4d-a704-b74aaae1a005,C152660856,CASH_IN,USD,False,2026-10-04T16:00:00+00:00
50,CASH_OUT,57425.76,C919714221,154695.34,97269.58,C478399041,12979.08,70404.84,0,0,-0.0,0.0,ce8ac635-5c23-4679-84ac-ff029f251405,C919714221,CASH_OUT,USD,False,2026-10-03T02:00:00+00:00
18,PAYMENT,1028.77,C147112298,5982.12,4953.35,M542768047,0.0,0.0,0,0,0.0,1028.77,32e51fb4-cfea-4485-9eb4-7d822c649af9,C147112298,PAYMENT,USD,False,2026-10-01T18:00:00+00:00
80,CASH_OUT,36657.74,C882966815,67540.02,30882.28,C392379167,39633.61,76291.35,0,0,0.0,0.0,114b61fd-062a-4dbb-8387-c4d4c9b1c41a,C882966815,CASH_OUT,USD,False,2026-10-04T08:00:00+00:00
83,PAYMENT,2324.02,C984607950,8644.68,6320.66,M852775879,0.0,0.0,0,0,0.0,2324.02,acedc595-eb7d-42ec-a989-be5679a4117d,C984607950,PAYMENT,USD,False,2026-10-04T11:00:00+00:00
45,CASH_OUT,112048.31,C294481468,286723.64,174675.33,C255656968,35347.34,147395.65,0,0,0.0,0.0,9ed749a5-34c3-4c4e-a2ad-c658814e6a05,C294481468,CASH_OUT,USD,False,2026-10-02T21:00:00+00:00
61,DEBIT,1973.41,C664037702,9339.38,7365.97,C170991275,2994.33,4967.74,0,0,-0.0,0.0,17d1da59-e251-40d0-b9c6-c2702568e7f1,C664037702,DEBIT,USD,False,2026-10-03T13:00:00+00:00
18,CASH_OUT,94406.05,C151623165,133341.02,38934.97,C904647951,46258.94,140664.99,0,0,-0.0,0.0,97d3c07e-ebb1-4e9e-b4e6-ee9cd6d5bcf5,C151623165,CASH_OUT,USD,False,2026-10-01T18:00:00+00:00
33,PAYMENT,4360.21,C798655471,35809.87,31449.66,M147561472,0.0,0.0,0,0,0.0,4360.21,5f412936-7fe5-49ac-9510-14bb93fde1e9,C798655471,PAYMENT,USD,False,2026-10-02T09:00:00+00:00
14,PAYMENT,726.2,C580042598,4961.16,4234.96,M877726463,0.0,0.0,0,0,0.0,726.2,6f6bcf50-c660-4b37-98da-c486b69c54dc,C580042598,PAYMENT,USD,False,2026-10-01T14:00:00+00:00
75,PAYMENT,4518.41,C156665940,36177.75,31659.34,M674487589,0.0,0.0,0,0,0.0,4518.41,288da236-dc6e-4f1c-b0b8-1ca6d3ee98fb,C156665940,PAYMENT,USD,False,2026-10-04T03:00:00+00:00
66,PAYMENT,2419.45,C707335545,23618.64,21199.19,M423558333,0.0,0.0,0,0,0.0,2419.45,2663ba9c-cfe7-4f08-a453-de6d4078eed0,C707335545,PAYMENT,USD,False,2026-10-03T18:00:00+00:00
2,PAYMENT,2176.8,C695767741,15582.49,13405.69,M439269877,0.0,0.0,0,0,-0.0,2176.8,dcdfb10b-d45c-454f-9575-b93503931cd3,C695767741,PAYMENT,USD,False,2026-10-01T02:00:00+00:00
58,PAYMENT,4918.25,C910599978,48941.03,44022.78,M383497061,0.0,0.0,0,0,0.0,4918.25,9a64d049-acde-46c4-8cfd-39bc09d37cf9,C910599978,PAYMENT,USD,False,2026-10-03T10:00:00+00:00
19,PAYMENT,3493.22,C352442333,27518.64,24025.42,M797833491,0.0,0.0,0,0,0.0,3493.22,b08e4543-527e-4272-a34b-75ceca2c3421,C352442333,PAYMENT,USD,False,2026-10-01T19:00:00+00:00
78,CASH_IN,32865.06,C867939251,17663.47,50528.53,C240830436,72576.51,39711.45,0,0,-65730.12,65730.12,7c5fc9c4-e62b-45a0-bc23-07adaecd16fb,C867939251,CASH_IN,USD,False,2026-10-04T06:00:00+00:00
11,PAYMENT,2614.25,C360170812,4653.35,2039.1,M592075731,0.0,0.0,0,0,0.0,2614.25,b394151e-2a99-45ca-9354-a8f000823ddb,C360170812,PAYMENT,USD,False,2026-10-01T11:00:00+00:00
51,CASH_OUT,15678.87,C189390303,20547.92,4869.05,C763682156,32741.63,48420.5,0,0,-0.0,0.0,12453cb5-b9d7-4872-93f9-279e385eda7b,C189390303,CASH_OUT,USD,False,2026-10-03T03:00:00+00:00
5,CASH_IN,30765.41,C550156166,4813.33,35578.74,C116799547,7661.8,0.0,0,0,-61530.82,38427.21,36ed356f-83ea-4277-b61b-070753ec8643,C550156166,CASH_IN,USD,False,2026-10-01T05:00:00+00:00
68,PAYMENT,3799.81,C889646658,15500.77,11700.96,M614023624,0.0,0.0,0,0,0.0,3799.81,f09d148c-035e-44a2-8e68-76e5a16951ec,C889646658,PAYMENT,USD,False,2026-10-03T20:00:00+00:00
30,CASH_OUT,86024.01,C988547695,207907.89,121883.88,C138559748,39828.8,125852.81,0,0,0.0,0.0,a8d7c6bb-4995-4ea5-8cab-e87b9c3d18f5,C988547695,CASH_OUT,USD,False,2026-10-02T06:00:00+00:00
2,TRANSFER,76209.91,C100010183,242823.42,166613.51,C509547590,76896.67,153106.58,0,0,0.0,0.0,16a4a98f-75ca-4c3b-82c7-f7e30fb10fe1,C100010183,TRANSFER,USD,False,2026-10-01T02:00:00+00:00
66,CASH_OUT,365634.03,C844303913,365634.03,0.0,C309005373,2609.34,368243.37,1,0,0.0,0.0,cb24618b-bfa8-44cf-bada-ab9105a17b83,C844303913,CASH_OUT,USD,False,2026-10-03T18:00:00+00:00
97,CASH_OUT,116215.68,C228509048,258893.78,142678.1,C176250049,26488.6,142704.28,0,0,0.0,0.0,8932ded0-6743-475c-9472-cda20981112c,C228509048,CASH_OUT,USD,False,2026-10-05T01:00:00+00:00
37,TRANSFER,180898.37,C629082656,646514.25,465615.88,C597830785,10955.23,191853.6,0,0,0.0,0.0,93637de1-2f1e-48c3-acf7-4aced3f3fb71,C629082656,TRANSFER,USD,False,2026-10-02T13:00:00+00:00
63,CASH_OUT,106106.72,C287048690,253289.56,147182.84,C703418543,46442.26,152548.98,0,0,0.0,0.0,74e76204-3c49-4b14-9e2a-4af326f05edd,C287048690,CASH_OUT,USD,False,2026-10-03T15:00:00+00:00
32,PAYMENT,4794.22,C355936253,7142.89,2348.67,M993908879,0.0,0.0,0,0,0.0,4794.22,4f2c2de0-a20a-4a7d-8f90-733ac35384f2,C355936253,PAYMENT,USD,False,2026-10-02T08:00:00+00:00
79,PAYMENT,4590.09,C500346767,21476.68,16886.59,M515985367,0.0,0.0,0,0,0.0,4590.09,561a1819-01d4-4de4-a2c5-24c8cb3eaf77,C500346767,PAYMENT,USD,False,2026-10-04T07:00:00+00:00
8,CASH_OUT,131363.02,C332230445,233445.16,102082.14,C671159915,1611.58,132974.6,0,0,0.0,-0.0,f5915b1a-6135-4497-bbdf-e11e723a2a41,C332230445,CASH_OUT,USD,False,2026-10-01T08:00:00+00:00
33,PAYMENT,3938.55,C124221107,29048.07,25109.52,M974450336,0.0,0.0,0,0,0.0,3938.55,0aa54a2b-92a8-45c0-bf73-f927610327dc,C124221107,PAYMENT,USD,False,2026-10-02T09:00:00+00:00
68,CASH_OUT,79835.66,C853987850,200694.63,120858.97,C523252826,32159.93,111995.59,0,0,0.0,0.0,81dd7a4c-7cb1-443a-baeb-35d4445cbc77,C853987850,CASH_OUT,USD,False,2026-10-03T20:00:00+00:00
64,CASH_OUT,51873.4,C394952837,123354.11,71480.71,C591806906,12205.04,64078.44,0,0,-0.0,0.0,62ba6bdb-d201-42bc-8dce-fd5255acb018,C394952837,CASH_OUT,USD,False,2026-10-03T16:00:00+00:00
5,CASH_IN,1414.72,C937569689,13817.67,15232.39,C813911758,86425.69,85010.97,0,0,-2829.44,2829.44,ab670ed0-c7ca-41c2-81dd-080909e14cb5,C937569689,CASH_IN,USD,False,2026-10-01T05:00:00+00:00
4,TRANSFER,81708.17,C494586855,243070.03,161361.86,C657426622,3650.42,85358.59,0,0,0.0,0.0,0e13872c-2194-4c71-9a3d-5cfc30f79335,C494586855,TRANSFER,USD,False,2026-10-01T04:00:00+00:00
88,PAYMENT,4295.41,C781087988,36893.92,32598.51,M342942130,0.0,0.0,0,0,0.0,4295.41,775a3a35-730a-4907-9643-d9828dd9c3e1,C781087988,PAYMENT,USD,False,2026-10-04T16:00:00+00:00
89,DEBIT,852.33,C170070955,1629.5,777.17,C302828617,4012.04,4864.37,0,0,0.0,0.0,9116abb2-1dcc-4d0a-8f98-e5d2ecfea9c4,C170070955,DEBIT,USD,False,2026-10-04T17:00:00+00:00
98,PAYMENT,3942.61,C767496930,17406.65,13464.04,M437276949,0.0,0.0,0,0,0.0,3942.61,cbf0b2b6-ca31-4048-9852-118b2e73a9d8,C767496930,PAYMENT,USD,False,2026-10-05T02:00:00+00:00
90,CASH_OUT,25920.13,C115424523,72818.06,46897.93,C153641985,41036.96,66957.09,0,0,-0.0,0.0,eddd65f6-9a03-4db6-9210-ca08417a96fc,C115424523,CASH_OUT,USD,False,2026-10-04T18:00:00+00:00
70,PAYMENT,4208.56,C906676189,7630.66,3422.1,M561925672,0.0,0.0,0,0,-0.0,4208.56,7047e6f1-c9d9-4939-a865-81e61d57a17a,C906676189,PAYMENT,USD,False,2026-10-03T22:00:00+00:00
46,CASH_OUT,113080.13,C584009254,150232.87,37152.74,C830507008,2137.79,115217.92,0,0,-0.0,0.0,16f0e612-9636-494a-9769-49183a221e08,C584009254,CASH_OUT,USD,False,2026-10-02T22:00:00+00:00
55,TRANSFER,118871.35,C650807925,436123.92,317252.57,C674395925,64966.8,183838.15,0,0,-0.0,0.0,429a8978-fc59-4fa0-8317-0be4dade7d6d,C650807925,TRANSFER,USD,False,2026-10-03T07:00:00+00:00
86,CASH_IN,12445.95,C970535450,15747.49,28193.44,C270937380,11701.47,0.0,0,0,-24891.9,24147.42,6560489a-21cc-4367-a063-047fd59b5002,C970535450,CASH_IN,USD,False,2026-10-04T14:00:00+00:00
22,CASH_OUT,28146.08,C250642261,63014.01,34867.93,C584258607,43276.11,71422.19,0,0,0.0,0.0,71e87d7e-3d61-4bca-8710-3609159a0713,C250642261,CASH_OUT,USD,False,2026-10-01T22:00:00+00:00
49,PAYMENT,64.94,C609910484,298.35,233.41,M686429833,0.0,0.0,0,0,0.0,64.94,45a3aa93-2580-48e6-b8dc-40d35632b431,C609910484,PAYMENT,USD,False,2026-10-03T01:00:00+00:00
85,CASH_OUT,8078.01,C572435232,8959.6,881.59,C259580383,9157.07,17235.08,0,0,0.0,0.0,22bec76a-052c-47dc-842d-1addb1fa3d77,C572435232,CASH_OUT,USD,False,2026-10-04T13:00:00+00:00
60,PAYMENT,3678.22,C884035306,8677.69,4999.47,M609672432,0.0,0.0,0,0,0.0,3678.22,909bee61-5c31-4b19-8c2a-f04b978a8fbb,C884035306,PAYMENT,USD,False,2026-10-03T12:00:00+00:00
51,TRANSFER,41031.34,C421346113,110788.22,69756.88,C358205053,67955.39,108986.73,0,0,0.0,0.0,55a81bf4-180a-4d4f-b971-e0930a1a5f39,C421346113,TRANSFER,USD,False,2026-10-03T03:00:00+00:00
32,PAYMENT,1166.06,C616901348,3774.5,2608.44,M465487674,0.0,0.0,0,0,0.0,1166.06,ad9d238a-2be1-4d82-af22-6614d0d416b5,C616901348,PAYMENT,USD,False,2026-10-02T08:00:00+00:00
97,CASH_IN,32093.65,C690913910,6297.24,38390.89,C309366141,41458.14,9364.49,0,0,-64187.3,64187.3,ccbfb8d6-4ad7-4c1a-86f6-1a0b0b9495f0,C690913910,CASH_IN,USD,False,2026-10-05T01:00:00+00:00
97,PAYMENT,1000.81,C365518424,6597.36,5596.55,M121882877,0.0,0.0,0,0,-0.0,1000.81,2cdd9675-8fb4-497a-8062-11d4cd8e046b,C365518424,PAYMENT,USD,False,2026-10-05T01:00:00+00:00
71,CASH_IN,43671.67,C235612785,9051.3,52722.97,C429671389,55776.56,12104.89,0,0,-87343.34,87343.34,c64dff64-14aa-47d2-af6d-fce4d6690c02,C235612785,CASH_IN,USD,False,2026-10-03T23:00:00+00:00
52,PAYMENT,3743.07,C835606935,32058.97,28315.9,M992229472,0.0,0.0,0,0,0.0,3743.07,001a8dc6-11a0-4192-8df2-6993ea6d69f0,C835606935,PAYMENT,USD,False,2026-10-03T04:00:00+00:00
11,CASH_IN,18664.93,C303313908,1858.81,20523.74,C955621465,7109.47,0.0,0,0,-37329.86,25774.4,db3f1693-1d40-435e-a23c-1ac627ee9440,C303313908,CASH_IN,USD,False,2026-10-01T11:00:00+00:00
78,CASH_IN,45760.57,C525880424,6432.3,52192.87,C692790631,29022.86,0.0,0,0,-91521.14,74783.43,314f372f-ec26-4fbc-9ee7-46b236af4d31,C525880424,CASH_IN,USD,False,2026-10-04T06:00:00+00:00
34,CASH_OUT,31616.0,C860599173,50959.78,19343.78,C996944199,49199.53,80815.53,0,0,0.0,0.0,8464fb86-544a-4857-aaf5-ec9a5dc3891a,C860599173,CASH_OUT,USD,False,2026-10-02T10:00:00+00:00
87,CASH_OUT,75116.37,C408701001,196247.76,121131.39,C639759503,36200.78,111317.15,0,0,0.0,0.0,29ba41d9-5c33-467a-9824-d6c0477cb8cd,C408701001,CASH_OUT,USD,False,2026-10-04T15:00:00+00:00
2,PAYMENT,4776.29,C907237702,29813.65,25037.36,M814384353,0.0,0.0,0,0,0.0,4776.29,3e293cba-1511-4b95-a202-16f5a34668d2,C907237702,PAYMENT,USD,False,2026-10-01T02:00:00+00:00
78,PAYMENT,29.75,C995729198,293.81,264.06,M337609168,0.0,0.0,0,0,0.0,29.75,a0e6a5ed-f49e-4674-baf0-5068611d1906,C995729198,PAYMENT,USD,False,2026-10-04T06:00:00+00:00
39,PAYMENT,3863.2,C778127557,5037.62,1174.42,M365545740,0.0,0.0,0,0,0.0,3863.2,4043dac0-2264-4b47-9555-484c49def108,C778127557,PAYMENT,USD,False,2026-10-02T15:00:00+00:00
78,DEBIT,41.75,C631233659,111.51,69.76,C733854211,928.39,970.14,0,0,0.0,0.0,ae79ad47-310a-41b4-bbb7-14d294d974ca,C631233659,DEBIT,USD,False,2026-10-04T06:00:00+00:00
43,CASH_OUT,23776.81,C913825022,46886.33,23109.52,C296180898,21933.58,45710.39,0,0,0.0,0.0,4efd5ce6-2531-403a-a0b6-76eecfc67d4b,C913825022,CASH_OUT,USD,False,2026-10-02T19:00:00+00:00
56,PAYMENT,607.84,C343406810,3268.53,2660.69,M340620860,0.0,0.0,0,0,0.0,607.84,a2562254-c6c3-493c-b463-1b682adbe72e,C343406810,PAYMENT,USD,False,2026-10-03T08:00:00+00:00
76,PAYMENT,3871.92,C993599071,18603.46,14731.54,M880083367,0.0,0.0,0,0,-0.0,3871.92,49a3aa72-0825-4117-8497-85b76c338b74,C993599071,PAYMENT,USD,False,2026-10-04T04:00:00+00:00
100,CASH_OUT,97913.16,C357399415,156058.4,58145.24,C338107857,26770.86,124684.02,0,0,-0.0,0.0,d57cb446-dad9-42ce-b1b9-3a90a93eb766,C357399415,CASH_OUT,USD,False,2026-10-05T04:00:00+00:00
97,CASH_OUT,47616.58,C735631188,135856.29,88239.71,C327004707,28767.22,76383.8,0,0,0.0,0.0,4db98df6-e697-4c97-905c-5e8f5333c184,C735631188,CASH_OUT,USD,False,2026-10-05T01:00:00+00:00
21,CASH_IN,41121.21,C226565106,6961.23,48082.44,C338594744,5728.04,0.0,0,0,-82242.42,46849.25,376534fb-8342-48e5-a3bd-c1c8d8ef5efb,C226565106,CASH_IN,USD,False,2026-10-01T21:00:00+00:00
71,PAYMENT,3716.04,C292093081,15196.65,11480.61,M459190863,0.0,0.0,0,0,0.0,3716.04,dd715133-399b-4b29-977c-9b431b662803,C292093081,PAYMENT,USD,False,2026-10-03T23:00:00+00:00
69,PAYMENT,489.34,C470707181,4508.55,4019.21,M833560098,0.0,0.0,0,0,0.0,489.34,180c7f1d-252d-4fa4-b56e-947efa404840,C470707181,PAYMENT,USD,False,2026-10-03T21:00:00+00:00
93,CASH_IN,38438.32,C984634188,7860.76,46299.08,C316466362,96232.83,57794.51,0,0,-76876.64,76876.64,20b6f0b6-a953-41c6-8def-3eddacb03a27,C984634188,CASH_IN,USD,False,2026-10-04T21:00:00+00:00
67,PAYMENT,2131.29,C779684090,5625.2,3493.91,M892588016,0.0,0.0,0,0,0.0,2131.29,67e05249-fadc-493d-957e-fcabdd89df53,C779684090,PAYMENT,USD,False,2026-10-03T19:00:00+00:00
54,PAYMENT,4211.85,C866720825,21212.72,17000.87,M151343291,0.0,0.0,0,0,0.0,4211.85,06d2fc95-e414-4fb4-972e-ac442748ba5b,C866720825,PAYMENT,USD,False,2026-10-03T06:00:00+00:00
9,CASH_OUT,60625.96,C352548261,90480.04,29854.08,C711684318,29725.96,90351.92,0,0,-0.0,0.0,ea1415c9-186c-40f4-8839-a224990e70ce,C352548261,CASH_OUT,USD,False,2026-10-01T09:00:00+00:00
21,PAYMENT,2479.87,C844826434,23575.48,21095.61,M811443654,0.0,0.0,0,0,0.0,2479.87,c2fa6a93-0f43-4af8-8016-68caca1bbbda,C844826434,PAYMENT,USD,False,2026-10-01T21:00:00+00:00
48,CASH_OUT,676564.72,C687880005,676564.72,0.0,C615918469,63.08,676627.8,1,0,0.0,-0.0,2d760080-529e-4281-8713-cf73ca1d4cdc,C687880005,CASH_OUT,USD,False,2026-10-03T00:00:00+00:00
21,CASH_IN,7568.58,C141502816,16615.87,24184.45,C703250965,42305.68,34737.1,0,0,-15137.16,15137.16,064565a8-4007-4595-9cf2-55b77a168331,C141502816,CASH_IN,USD,False,2026-10-01T21:00:00+00:00
77,CASH_OUT,44360.77,C134733994,115224.47,70863.7,C588361228,33611.79,77972.56,0,0,0.0,0.0,42bd4eaa-4a19-4fe9-b1cd-60d55e80119c,C134733994,CASH_OUT,USD,False,2026-10-04T05:00:00+00:00
15,TRANSFER,333435.92,C189296866,333435.92,0.0,C978295327,369.0,333804.92,1,1,0.0,0.0,3d30be4e-1297-40da-88bf-ba90770071f7,C189296866,TRANSFER,USD,False,2026-10-01T15:00:00+00:00
77,PAYMENT,2470.61,C752242470,4898.38,2427.77,M565537242,0.0,0.0,0,0,0.0,2470.61,89c916bb-4181-49c3-b798-9154ec6a96ce,C752242470,PAYMENT,USD,False,2026-10-04T05:00:00+00:00
61,PAYMENT,3236.27,C908839964,13633.65,10397.38,M407209235,0.0,0.0,0,0,0.0,3236.27,2d873237-60f2-4c3e-bb6f-b7d37baeb93c,C908839964,PAYMENT,USD,False,2026-10-03T13:00:00+00:00
36,PAYMENT,538.32,C301792175,665.25,126.93,M298370042,0.0,0.0,0,0,-0.0,538.32,96176e07-4439-46d0-ab87-a920fa9f0b57,C301792175,PAYMENT,USD,False,2026-10-02T12:00:00+00:00
29,CASH_IN,44857.98,C953739357,13793.06,58651.04,C758663681,95297.03,50439.05,0,0,-89715.96,89715.96,18629019-6067-416e-9010-b72b8c29164f,C953739357,CASH_IN,USD,False,2026-10-02T05:00:00+00:00
57,CASH_OUT,21632.85,C773212157,37570.25,15937.4,C883806173,31875.14,53507.99,0,0,0.0,0.0,2526be08-db27-4e8b-bdf6-da50ecc1eebd,C773212157,CASH_OUT,USD,False,2026-10-03T09:00:00+00:00
50,PAYMENT,144.88,C344725121,905.37,760.49,M327270384,0.0,0.0,0,0,0.0,144.88,f957aa1b-ac78-4739-95aa-f30a2e8b60f2,C344725121,PAYMENT,USD,False,2026-10-03T02:00:00+00:00
4,CASH_OUT,148999.6,C620205644,330371.21,181371.61,C559676548,40019.98,189019.58,0,0,0.0,0.0,624b70db-bd13-4b52-9d28-9ed75c4b6f22,C620205644,CASH_OUT,USD,False,2026-10-01T04:00:00+00:00
72,TRANSFER,826508.96,C612916746,826508.96,0.0,C345882044,2312.54,828821.5,1,1,0.0,0.0,50a66285-eaff-4af6-876a-cb6a137346c7,C612916746,TRANSFER,USD,False,2026-10-04T00:00:00+00:00
2,PAYMENT,677.08,C135107823,4092.76,3415.68,M474359078,0.0,0.0,0,0,0.0,677.08,049e3fcd-7e7d-4b93-a68b-446ee50ef6de,C135107823,PAYMENT,USD,False,2026-10-01T02:00:00+00:00
56,CASH_IN,8792.39,C542837170,11535.21,20327.6,C114247551,5359.34,0.0,0,0,-17584.78,14151.73,ff11b6e3-3799-4495-aa10-41812544b9c0,C542837170,CASH_IN,USD,False,2026-10-03T08:00:00+00:00
33,CASH_IN,28545.83,C198682372,18357.64,46903.47,C711028819,73692.33,45146.5,0,0,-57091.66,57091.66,29c2d445-6cee-4509-9c90-c63038d09998,C198682372,CASH_IN,USD,False,2026-10-02T09:00:00+00:00
10,TRANSFER,223593.82,C528424763,582531.63,358937.81,C426540001,12857.31,236451.13,0,0,0.0,0.0,cda73592-0bd7-4a10-b407-0045317d601c,C528424763,TRANSFER,USD,False,2026-10-01T10:00:00+00:00
82,PAYMENT,1813.63,C538358997,16265.55,14451.92,M356960471,0.0,0.0,0,0,-0.0,1813.63,90386b05-2432-45a3-a667-21050b20ee73,C538358997,PAYMENT,USD,False,2026-10-04T10:00:00+00:00
32,PAYMENT,2244.11,C718928228,6311.8,4067.69,M782474359,0.0,0.0,0,0,0.0,2244.11,18e08ca0-ec0b-498a-907c-e1e6cb6a27e0,C718928228,PAYMENT,USD,False,2026-10-02T08:00:00+00:00
70,PAYMENT,724.66,C780801356,6509.48,5784.82,M827233573,0.0,0.0,0,0,0.0,724.66,d8e7f003-c09b-43e0-a06e-f262e75014fe,C780801356,PAYMENT,USD,False,2026-10-03T22:00:00+00:00
81,CASH_OUT,72601.08,C194134670,160416.15,87815.07,C839436897,39409.24,112010.32,0,0,-0.0,0.0,4a1fff73-f406-4335-b340-02835c92ee39,C194134670,CASH_OUT,USD,False,2026-10-04T09:00:00+00:00
96,PAYMENT,3514.45,C556317624,14428.73,10914.28,M904949834,0.0,0.0,0,0,-0.0,3514.45,26abfc1f-c2d1-483d-b410-3c58b942155a,C556317624,PAYMENT,USD,False,2026-10-05T00:00:00+00:00
95,CASH_IN,6614.31,C517522908,15854.26,22468.57,C215834822,13486.23,6871.92,0,0,-13228.62,13228.62,030369d5-dc01-431c-a30d-737ab479c16d,C517522908,CASH_IN,USD,False,2026-10-04T23:00:00+00:00
78,CASH_IN,3422.88,C283520510,15713.53,19136.41,C663105566,52703.14,49280.26,0,0,-6845.76,6845.76,d6eedc33-60db-492e-86bf-aa768c59ada7,C283520510,CASH_IN,USD,False,2026-10-04T06:00:00+00:00
17,CASH_OUT,142546.76,C121388847,371309.47,228762.71,C122674951,4512.64,147059.4,0,0,-0.0,0.0,3cb07782-9495-4a47-aa4a-81b25930ee23,C121388847,CASH_OUT,USD,False,2026-10-01T17:00:00+00:00
59,PAYMENT,905.88,C868443155,4881.09,3975.21,M186770648,0.0,0.0,0,0,0.0,905.88,bbf2b672-f6bd-44b3-a087-446f8cb32c28,C868443155,PAYMENT,USD,False,2026-10-03T11:00:00+00:00
34,PAYMENT,2175.65,C740563507,17574.58,15398.93,M882269302,0.0,0.0,0,0,0.0,2175.65,f000bd27-4f25-4714-b3a7-ed4d1a3bd490,C740563507,PAYMENT,USD,False,2026-10-02T10:00:00+00:00
62,PAYMENT,1519.42,C457517705,4415.84,2896.42,M116464447,0.0,0.0,0,0,0.0,1519.42,a654d718-ae37-4eaa-b7c8-a3e1b1016748,C457517705,PAYMENT,USD,False,2026-10-03T14:00:00+00:00
70,CASH_IN,27630.84,C135078649,6275.85,33906.69,C799140262,71076.79,43445.95,0,0,-55261.68,55261.68,35c6a700-4ba1-4bc8-b4b6-230b86e96dae,C135078649,CASH_IN,USD,False,2026-10-03T22:00:00+00:00
60,CASH_OUT,80217.75,C939494253,125920.02,45702.27,C181033974,18842.22,99059.97,0,0,0.0,0.0,6c56b132-0956-4a72-8ae5-f541bc227e70,C939494253,CASH_OUT,USD,False,2026-10-03T12:00:00+00:00
55,PAYMENT,3239.94,C341387305,27344.06,24104.12,M385220694,0.0,0.0,0,0,0.0,3239.94,91de91cf-4cbc-4818-a65a-24b0a8507bae,C341387305,PAYMENT,USD,False,2026-10-03T07:00:00+00:00
29,CASH_IN,3030.67,C536359513,858.18,3888.85,C563717999,32728.27,29697.6,0,0,-6061.34,6061.34,1b235513-7f52-4355-93cd-64470a24f68d,C536359513,CASH_IN,USD,False,2026-10-02T05:00:00+00:00
54,PAYMENT,3413.29,C527581324,6682.8,3269.51,M995750327,0.0,0.0,0,0,0.0,3413.29,1276f255-97b8-4489-b129-943bc90b59fd,C527581324,PAYMENT,USD,False,2026-10-03T06:00:00+00:00
66,PAYMENT,1980.14,C903575808,11981.05,10000.91,M578685950,0.0,0.0,0,0,0.0,1980.14,0eea2c52-98ff-4bbb-a624-6fef6ee23c76,C903575808,PAYMENT,USD,False,2026-10-03T18:00:00+00:00
16,PAYMENT,2287.35,C382099523,21114.74,18827.39,M959591246,0.0,0.0,0,0,0.0,2287.35,5f6d50cc-9a19-4296-a63d-9128a71b3623,C382099523,PAYMENT,USD,False,2026-10-01T16:00:00+00:00
14,CASH_IN,41047.01,C993461003,14416.87,55463.88,C932858219,83070.99,42023.98,0,0,-82094.02,82094.02,154b3334-a986-499f-af3a-011281803c06,C993461003,CASH_IN,USD,False,2026-10-01T14:00:00+00:00
61,PAYMENT,4236.63,C108780419,9343.53,5106.9,M562705171,0.0,0.0,0,0,0.0,4236.63,31f1adfa-635c-428a-b79b-774cba7d683b,C108780419,PAYMENT,USD,False,2026-10-03T13:00:00+00:00
29,CASH_OUT,25691.3,C450316416,67711.02,42019.72,C984859342,26718.88,52410.18,0,0,0.0,0.0,41819368-c23e-4a31-9e0a-c93f58cd0aca,C450316416,CASH_OUT,USD,False,2026-10-02T05:00:00+00:00
59,PAYMENT,647.04,C729728465,1368.64,721.6,M118206605,0.0,0.0,0,0,0.0,647.04,d2dba852-d531-48ef-9831-9dd63d63bbdf,C729728465,PAYMENT,USD,False,2026-10-03T11:00:00+00:00
84,PAYMENT,491.51,C738167383,2992.8,2501.29,M412004592,0.0,0.0,0,0,0.0,491.51,32217a02-5523-491d-b6f9-06aef795c915,C738167383,PAYMENT,USD,False,2026-10-04T12:00:00+00:00
91,CASH_OUT,13139.14,C396818857,14830.67,1691.53,C836405675,31805.68,44944.82,0,0,0.0,0.0,3f6b343a-6225-40af-bc07-03ff7e4a3bcc,C396818857,CASH_OUT,USD,False,2026-10-04T19:00:00+00:00
35,TRANSFER,95684.68,C143992952,128075.16,32390.48,C374289896,37322.05,133006.73,0,0,0.0,-0.0,66279665-2fab-416b-8a5b-08d20168b67f,C143992952,TRANSFER,USD,False,2026-10-02T11:00:00+00:00
5,PAYMENT,4116.87,C186000877,21571.66,17454.79,M627950113,0.0,0.0,0,0,0.0,4116.87,5f55de0b-56e4-4f79-bb45-020c2e1c5c38,C186000877,PAYMENT,USD,False,2026-10-01T05:00:00+00:00
53,PAYMENT,3614.99,C768321592,28469.89,24854.9,M813050798,0.0,0.0,0,0,0.0,3614.99,fafad7dd-e4f8-416c-a940-9ed06d914445,C768321592,PAYMENT,USD,False,2026-10-03T05:00:00+00:00
89,PAYMENT,2413.24,C815509975,2796.56,383.32,M459816489,0.0,0.0,0,0,0.0,2413.24,13d5f8df-5af2-4419-a82c-e69d7c0e74a7,C815509975,PAYMENT,USD,False,2026-10-04T17:00:00+00:00
63,CASH_OUT,88586.11,C853030195,153493.87,64907.76,C152705290,30297.68,118883.79,0,0,-0.0,0.0,764e5abe-af11-434b-adb1-12feb2547f94,C853030195,CASH_OUT,USD,False,2026-10-03T15:00:00+00:00
17,PAYMENT,222.84,C422955277,1368.58,1145.74,M533430835,0.0,0.0,0,0,0.0,222.84,9404961c-4cf2-4935-a929-e6cb9d8e8822,C422955277,PAYMENT,USD,False,2026-10-01T17:00:00+00:00
2,CASH_IN,38679.3,C567248132,16545.15,55224.45,C587165109,49920.75,11241.45,0,0,-77358.6,77358.6,a427a4a7-6809-4c07-8d4a-f01ca63b1906,C567248132,CASH_IN,USD,False,2026-10-01T02:00:00+00:00
27,CASH_OUT,88091.85,C653863250,221572.37,133480.52,C693366110,36125.52,124217.37,0,0,0.0,0.0,5967370d-6fcf-4914-bdec-a7b97d418d74,C653863250,CASH_OUT,USD,False,2026-10-02T03:00:00+00:00
9,CASH_OUT,72985.41,C585772239,194076.94,121091.53,C665521130,23508.19,96493.6,0,0,0.0,0.0,432de53d-eee3-4e36-9aef-6d895fc0fe4c,C585772239,CASH_OUT,USD,False,2026-10-01T09:00:00+00:00
35,CASH_IN,39983.09,C654566741,8074.29,48057.38,C901444044,7233.81,0.0,0,0,-79966.18,47216.9,71d7c190-00f8-46d8-a881-f8380a99700e,C654566741,CASH_IN,USD,False,2026-10-02T11:00:00+00:00
11,PAYMENT,4733.16,C363707031,8970.0,4236.84,M122216686,0.0,0.0,0,0,0.0,4733.16,d7ae5b53-7cea-46dd-9a2b-f6c5ec64da56,C363707031,PAYMENT,USD,False,2026-10-01T11:00:00+00:00
30,CASH_IN,1836.41,C112686584,15756.79,17593.2,C851624282,74290.32,72453.91,0,0,-3672.82,3672.82,08f424a9-4df0-47ad-b919-263f9b753db7,C112686584,CASH_IN,USD,False,2026-10-02T06:00:00+00:00
62,PAYMENT,540.48,C789897190,2525.12,1984.64,M116964748,0.0,0.0,0,0,-0.0,540.48,8dca49fb-2b8a-4e94-b414-43f4f213f5ed,C789897190,PAYMENT,USD,False,2026-10-03T14:00:00+00:00
74,CASH_OUT,37948.99,C310150544,89472.26,51523.27,C569777998,11274.83,49223.82,0,0,0.0,0.0,b49c5e49-425f-4048-b0cb-dcffdb8476fd,C310150544,CASH_OUT,USD,False,2026-10-04T02:00:00+00:00
100,PAYMENT,891.93,C839118629,8773.49,7881.56,M511939260,0.0,0.0,0,0,-0.0,891.93,29a70390-f4a4-4d5d-ac34-a974d306c5aa,C839118629,PAYMENT,USD,False,2026-10-05T04:00:00+00:00
62,CASH_OUT,43588.9,C140166847,103076.76,59487.86,C262712486,3937.64,47526.54,0,0,-0.0,0.0,cd81f7dd-370f-4210-b2d7-5bc7d8cc4046,C140166847,CASH_OUT,USD,False,2026-10-03T14:00:00+00:00
92,CASH_OUT,137428.18,C266134114,140955.76,3527.58,C104488833,25034.99,162463.17,0,0,0.0,-0.0,3efb9d2a-a62c-4648-b874-2c0ea3f80501,C266134114,CASH_OUT,USD,False,2026-10-04T20:00:00+00:00
4,CASH_OUT,27303.06,C467976839,49969.0,22665.94,C818750379,44846.34,72149.4,0,0,0.0,0.0,a020d91d-e8c6-4725-a1ca-c6fe12746409,C467976839,CASH_OUT,USD,False,2026-10-01T04:00:00+00:00
65,PAYMENT,4485.2,C522679992,30956.89,26471.69,M653265930,0.0,0.0,0,0,0.0,4485.2,b343e8b0-981a-4d84-b7b4-150c0d92be42,C522679992,PAYMENT,USD,False,2026-10-03T17:00:00+00:00
22,PAYMENT,3633.42,C847506709,7024.92,3391.5,M271149511,0.0,0.0,0,0,0.0,3633.42,59d6e2a3-966f-48e9-9cc5-ebe2cfe317d7,C847506709,PAYMENT,USD,False,2026-10-01T22:00:00+00:00
24,PAYMENT,1267.45,C996304234,3336.21,2068.76,M223075021,0.0,0.0,0,0,0.0,1267.45,f9059774-1dfb-4463-b5e7-96393844f5d6,C996304234,PAYMENT,USD,False,2026-10-02T00:00:00+00:00
57,CASH_OUT,38247.37,C203096393,89456.08,51208.71,C629032641,24456.99,62704.36,0,0,0.0,0.0,045b082d-da6f-4524-b26a-081f00e6ce32,C203096393,CASH_OUT,USD,False,2026-10-03T09:00:00+00:00
51,CASH_OUT,22587.27,C643571747,35710.69,13123.42,C899792917,13169.58,35756.85,0,0,0.0,0.0,6797d362-8b63-4ee9-a294-7ff933ccf472,C643571747,CASH_OUT,USD,False,2026-10-03T03:00:00+00:00
63,PAYMENT,821.02,C863238508,7946.89,7125.87,M342169920,0.0,0.0,0,0,0.0,821.02,20ac26b0-bb7b-4f9a-b17f-ba22e5bd723e,C863238508,PAYMENT,USD,False,2026-10-03T15:00:00+00:00
73,CASH_IN,33292.75,C774035360,4676.76,37969.51,C739465782,30620.96,0.0,0,0,-66585.5,63913.71,0858955b-a02a-4d04-9cd6-ee623f547f29,C774035360,CASH_IN,USD,False,2026-10-04T01:00:00+00:00
32,CASH_IN,7841.98,C482281482,2397.57,10239.55,C214556759,8770.27,928.29,0,0,-15683.96,15683.96,cfcaff4c-5cc0-4eed-828f-b494deaf5387,C482281482,CASH_IN,USD,False,2026-10-02T08:00:00+00:00
86,CASH_OUT,82086.1,C525188957,143528.42,61442.32,C107425539,23435.37,105521.47,0,0,0.0,0.0,c4e59b3b-dcdc-4a06-a253-aae456b93de4,C525188957,CASH_OUT,USD,False,2026-10-04T14:00:00+00:00
35,CASH_IN,25700.22,C738268451,18536.4,44236.62,C436136625,33092.27,7392.05,0,0,-51400.44,51400.44,57c6eb32-7739-45b7-ba2f-20ac598912b6,C738268451,CASH_IN,USD,False,2026-10-02T11:00:00+00:00
89,CASH_OUT,147032.76,C942150718,378558.42,231525.66,C709038381,27226.34,174259.1,0,0,-0.0,0.0,7a4048b3-bd77-4026-8375-d4977eb5b0a2,C942150718,CASH_OUT,USD,False,2026-10-04T17:00:00+00:00
29,CASH_OUT,121433.63,C398704996,305723.1,184289.47,C106977991,7982.97,129416.6,0,0,-0.0,0.0,5b12b3ff-68a4-4980-bca2-55429ec6e24f,C398704996,CASH_OUT,USD,False,2026-10-02T05:00:00+00:00
53,PAYMENT,2785.81,C165452764,24842.25,22056.44,M735297732,0.0,0.0,0,0,0.0,2785.81,9ac2e907-cd40-41ae-b5ca-32e16f63d61d,C165452764,PAYMENT,USD,False,2026-10-03T05:00:00+00:00
100,PAYMENT,1384.67,C926722888,5918.14,4533.47,M253634591,0.0,0.0,0,0,0.0,1384.67,92f59128-82d6-45d8-9868-218f5bf80a06,C926722888,PAYMENT,USD,False,2026-10-05T04:00:00+00:00
22,CASH_OUT,71146.75,C173446805,135860.15,64713.4,C106752404,15319.66,86466.41,0,0,-0.0,0.0,b43105c1-bb46-4d20-a81c-96ad628493e4,C173446805,CASH_OUT,USD,False,2026-10-01T22:00:00+00:00
68,CASH_OUT,10167.0,C382178361,14202.06,4035.06,C309667991,22693.32,32860.32,0,0,-0.0,0.0,eb02747b-5507-4a13-b27a-e75c0cc9c2aa,C382178361,CASH_OUT,USD,False,2026-10-03T20:00:00+00:00
93,PAYMENT,4591.06,C190049667,36049.84,31458.78,M756995956,0.0,0.0,0,0,-0.0,4591.06,90d433e9-e137-4447-9f04-17913e6a8714,C190049667,PAYMENT,USD,False,2026-10-04T21:00:00+00:00
23,PAYMENT,1079.27,C838179083,8725.8,7646.53,M575558434,0.0,0.0,0,0,-0.0,1079.27,a9022136-61ef-4b88-b578-8e469cf8a710,C838179083,PAYMENT,USD,False,2026-10-01T23:00:00+00:00
24,CASH_IN,20010.86,C723731918,17772.08,37782.94,C717892099,97933.98,77923.12,0,0,-40021.72,40021.72,5c11b7d7-9354-41fe-b32d-e1e14514729e,C723731918,CASH_IN,USD,False,2026-10-02T00:00:00+00:00
1,CASH_OUT,34791.87,C777210736,45301.08,10509.21,C859317542,10935.98,45727.85,0,0,0.0,0.0,a6f634c3-317f-4e6b-a6f5-5a5cbedd1960,C777210736,CASH_OUT,USD,False,2026-10-01T01:00:00+00:00
94,CASH_OUT,114428.79,C500224021,139215.05,24786.26,C867273075,11203.04,125631.83,0,0,-0.0,-0.0,19203b84-0e3a-4ab6-a7bc-417c15fb3114,C500224021,CASH_OUT,USD,False,2026-10-04T22:00:00+00:00
29,PAYMENT,4316.5,C989282376,5728.09,1411.59,M194786655,0.0,0.0,0,0,0.0,4316.5,d169c6da-7c5f-4af6-b3db-ab1572b92157,C989282376,PAYMENT,USD,False,2026-10-02T05:00:00+00:00
78,TRANSFER,203212.88,C784848085,436041.8,232828.92,C208579695,78421.32,281634.2,0,0,-0.0,0.0,462add5b-e062-4645-b130-cd77b3553d6f,C784848085,TRANSFER,USD,False,2026-10-04T06:00:00+00:00
67,CASH_OUT,7254.47,C710460550,20563.55,13309.08,C182176167,25670.73,32925.2,0,0,-0.0,0.0,24443069-8072-4822-8b4d-75a56eada91a,C710460550,CASH_OUT,USD,False,2026-10-03T19:00:00+00:00
65,CASH_OUT,1019.08,C923594990,1698.36,679.28,C836410568,19802.47,20821.55,0,0,-0.0,0.0,355b5e2b-ab9d-4067-a885-e8b0260fe5c6,C923594990,CASH_OUT,USD,False,2026-10-03T17:00:00+00:00
17,TRANSFER,194223.84,C363006537,587005.7,392781.86,C537675889,53272.21,247496.05,0,0,0.0,0.0,16abed00-8e04-4dec-9cab-406ae1800ad9,C363006537,TRANSFER,USD,False,2026-10-01T17:00:00+00:00
17,CASH_OUT,126740.86,C650270404,221462.69,94721.83,C436774194,34110.04,160850.9,0,0,0.0,0.0,092d112c-578d-4cfb-9d1d-24a9fd38c7e3,C650270404,CASH_OUT,USD,False,2026-10-01T17:00:00+00:00
67,CASH_OUT,48465.56,C921731005,102758.57,54293.01,C364024393,47536.92,96002.48,0,0,0.0,0.0,a5519c64-8775-4d39-8cab-734c9e55957d,C921731005,CASH_OUT,USD,False,2026-10-03T19:00:00+00:00
70,PAYMENT,731.84,C604623813,2840.77,2108.93,M329211822,0.0,0.0,0,0,0.0,731.84,b7f1c9fb-09fc-4d8a-8082-3fda967256cc,C604623813,PAYMENT,USD,False,2026-10-03T22:00:00+00:00
33,PAYMENT,2702.23,C804776508,18958.54,16256.31,M758858259,0.0,0.0,0,0,0.0,2702.23,983d11f3-33bd-4e7e-bfd9-ee6ab09d3c3a,C804776508,PAYMENT,USD,False,2026-10-02T09:00:00+00:00
35,TRANSFER,127544.42,C735805629,137894.56,10350.14,C326853761,38643.76,166188.18,0,0,0.0,0.0,cd0ffe43-7411-4758-a694-cc4eaca7df6d,C735805629,TRANSFER,USD,False,2026-10-02T11:00:00+00:00
41,PAYMENT,1951.11,C437102611,2876.89,925.78,M933203117,0.0,0.0,0,0,0.0,1951.11,ff260a24-ca5a-4946-8d68-86f603eadb9d,C437102611,PAYMENT,USD,False,2026-10-02T17:00:00+00:00
90,PAYMENT,373.48,C724495847,2369.85,1996.37,M999191343,0.0,0.0,0,0,0.0,373.48,0bbf3aad-0d14-4fed-bd7b-404e7869ab75,C724495847,PAYMENT,USD,False,2026-10-04T18:00:00+00:00
45,CASH_IN,18507.88,C362298393,8763.69,27271.57,C269379374,54778.58,36270.7,0,0,-37015.76,37015.76,a8e20cf9-341d-4d62-8ecc-79124ebc8070,C362298393,CASH_IN,USD,False,2026-10-02T21:00:00+00:00
27,PAYMENT,1851.36,C357859027,12863.58,11012.22,M499808042,0.0,0.0,0,0,0.0,1851.36,e4066b39-b53d-4806-b078-681b24e2dacc,C357859027,PAYMENT,USD,False,2026-10-02T03:00:00+00:00
95,PAYMENT,1584.49,C622574029,10316.49,8732.0,M919686587,0.0,0.0,0,0,0.0,1584.49,5c730ab4-0d4f-49d8-8f55-dc4322f498ed,C622574029,PAYMENT,USD,False,2026-10-04T23:00:00+00:00
29,CASH_IN,22553.2,C508427798,5947.06,28500.26,C575368059,59263.99,36710.79,0,0,-45106.4,45106.4,c25d53c0-ed9e-44fa-af2f-331a416f0002,C508427798,CASH_IN,USD,False,2026-10-02T05:00:00+00:00
58,PAYMENT,4004.83,C871282955,28120.68,24115.85,M521336947,0.0,0.0,0,0,0.0,4004.83,4f72e9bf-1523-4e01-afe5-d610b5fa4826,C871282955,PAYMENT,USD,False,2026-10-03T10:00:00+00:00
50,TRANSFER,192934.59,C443214044,586117.25,393182.66,C956328583,63725.22,256659.81,0,0,0.0,0.0,058805e1-986a-4608-9fac-e6d3469ad8ec,C443214044,TRANSFER,USD,False,2026-10-03T02:00:00+00:00
5,CASH_OUT,36092.15,C117977747,69029.09,32936.94,C228899367,31780.13,67872.28,0,0,-0.0,0.0,5f6813aa-f277-46f5-abdb-063c7de21cf7,C117977747,CASH_OUT,USD,False,2026-10-01T05:00:00+00:00
6,PAYMENT,351.92,C117472245,2980.29,2628.37,M202134123,0.0,0.0,0,0,0.0,351.92,b34f5522-a67b-4557-85c9-b3b7121d9aa4,C117472245,PAYMENT,USD,False,2026-10-01T06:00:00+00:00
31,PAYMENT,1579.7,C818335840,15082.98,13503.28,M700104110,0.0,0.0,0,0,-0.0,1579.7,310c1241-4b3e-41ff-af60-2705cd9e08ec,C818335840,PAYMENT,USD,False,2026-10-02T07:00:00+00:00
14,CASH_IN,48889.96,C343547971,6454.08,55344.04,C951776628,5872.74,0.0,0,0,-97779.92,54762.7,e122df86-e137-4385-9ba1-4ba7bfa5df90,C343547971,CASH_IN,USD,False,2026-10-01T14:00:00+00:00
23,PAYMENT,2624.31,C203416251,7157.51,4533.2,M358738317,0.0,0.0,0,0,0.0,2624.31,ad8a299f-3b28-43bf-9e72-83b4306877be,C203416251,PAYMENT,USD,False,2026-10-01T23:00:00+00:00
100,CASH_IN,24050.86,C992482946,1643.72,25694.58,C468716370,78346.38,54295.52,0,0,-48101.72,48101.72,93ad9e49-59d2-480e-9ec7-96f7deb2c588,C992482946,CASH_IN,USD,False,2026-10-05T04:00:00+00:00
86,CASH_OUT,145701.5,C216401532,371678.59,225977.09,C354732715,18860.82,164562.32,0,0,0.0,0.0,60939b02-0bed-4b80-a967-8588ecbe0b4c,C216401532,CASH_OUT,USD,False,2026-10-04T14:00:00+00:00
69,CASH_OUT,92150.63,C344761663,117484.57,25333.94,C568052911,12926.58,105077.21,0,0,0.0,0.0,ed1b968d-ef64-495a-beb9-dc057c9b16f6,C344761663,CASH_OUT,USD,False,2026-10-03T21:00:00+00:00
56,CASH_OUT,37199.9,C748118351,46471.69,9271.79,C390044760,5499.51,42699.41,0,0,0.0,0.0,8d5237f2-bf97-476b-aa42-be3209d66faf,C748118351,CASH_OUT,USD,False,2026-10-03T08:00:00+00:00
72,CASH_OUT,16473.06,C247395716,35806.85,19333.79,C895525625,12122.9,28595.96,0,0,-0.0,0.0,63746724-aa4e-4dba-a7f4-d46d36ae14d9,C247395716,CASH_OUT,USD,False,2026-10-04T00:00:00+00:00
97,CASH_OUT,71085.66,C819429524,105562.63,34476.97,C981482739,33093.55,104179.21,0,0,0.0,0.0,7f71f0a3-fa1c-467f-9928-3f295a2fd778,C819429524,CASH_OUT,USD,False,2026-10-05T01:00:00+00:00
92,CASH_OUT,25250.71,C327731112,27512.27,2261.56,C230058682,5848.65,31099.36,0,0,0.0,0.0,aba1403b-8a1b-41d5-b813-c71b6d859fc3,C327731112,CASH_OUT,USD,False,2026-10-04T20:00:00+00:00
55,PAYMENT,2923.96,C339326299,11519.16,8595.2,M924396251,0.0,0.0,0,0,0.0,2923.96,a0917e35-ac4a-4dbd-ba26-3c10a739b5c9,C339326299,PAYMENT,USD,False,2026-10-03T07:00:00+00:00
2,PAYMENT,4926.91,C328187922,16238.77,11311.86,M436192432,0.0,0.0,0,0,0.0,4926.91,a6316b7b-6170-4812-a666-0f3003c6b77d,C328187922,PAYMENT,USD,False,2026-10-01T02:00:00+00:00
47,PAYMENT,3742.2,C438031505,27084.76,23342.56,M223927974,0.0,0.0,0,0,-0.0,3742.2,7dc2cb7d-f337-4122-9ac2-5f7d95fa1097,C438031505,PAYMENT,USD,False,2026-10-02T23:00:00+00:00
61,PAYMENT,4297.74,C845841941,24683.96,20386.22,M453484964,0.0,0.0,0,0,0.0,4297.74,65e48b5e-fdda-499b-8f00-541cc5ecb781,C845841941,PAYMENT,USD,False,2026-10-03T13:00:00+00:00
41,CASH_OUT,73243.33,C915401487,78502.07,5258.74,C680911523,3421.04,76664.37,0,0,0.0,0.0,7605e361-1221-472a-86b3-23ba785cf119,C915401487,CASH_OUT,USD,False,2026-10-02T17:00:00+00:00
53,TRANSFER,111029.62,C425717549,408854.39,297824.77,C982292061,74660.0,185689.62,0,0,0.0,0.0,5fd918a8-1ab4-4111-aeff-8ab427ecc0b4,C425717549,TRANSFER,USD,False,2026-10-03T05:00:00+00:00
4,CASH_OUT,55705.26,C766774890,90813.73,35108.47,C351049259,45995.86,101701.12,0,0,-0.0,0.0,424e62e2-b360-4cb1-b5c9-047a15ecf6a7,C766774890,CASH_OUT,USD,False,2026-10-01T04:00:00+00:00
57,CASH_IN,44233.37,C278604541,17635.41,61868.78,C629442753,35771.89,0.0,0,0,-88466.74,80005.26,5e13926d-b048-4c49-8790-60ce34ce6e3d,C278604541,CASH_IN,USD,False,2026-10-03T09:00:00+00:00
48,PAYMENT,1760.02,C470355261,15609.12,13849.1,M578433629,0.0,0.0,0,0,0.0,1760.02,ed831a75-b7c3-423a-a955-e9ca259a317b,C470355261,PAYMENT,USD,False,2026-10-03T00:00:00+00:00
39,PAYMENT,1078.04,C338249032,1288.59,210.55,M438126323,0.0,0.0,0,0,-0.0,1078.04,2c6201ce-7cb5-4978-b620-583f2b2fc390,C338249032,PAYMENT,USD,False,2026-10-02T15:00:00+00:00
41,TRANSFER,184361.01,C719459743,218588.52,34227.51,C433717796,42848.24,227209.25,0,0,-0.0,0.0,98cc9e37-17be-493b-8617-d949b9e5c800,C719459743,TRANSFER,USD,False,2026-10-02T17:00:00+00:00
60,PAYMENT,4691.03,C874755886,7852.01,3160.98,M100379688,0.0,0.0,0,0,0.0,4691.03,a0e964c4-13ed-4aec-94f9-f85aa9d2e378,C874755886,PAYMENT,USD,False,2026-10-03T12:00:00+00:00
66,CASH_OUT,80323.16,C558588596,189804.97,109481.81,C420003033,41590.16,121913.32,0,0,0.0,0.0,76ce7ae4-0b04-4702-8714-34de7e884d0a,C558588596,CASH_OUT,USD,False,2026-10-03T18:00:00+00:00
73,CASH_OUT,125320.32,C412092259,251429.27,126108.95,C664003494,37749.62,163069.94,0,0,-0.0,0.0,19e8aa5e-67d6-4bd5-8b49-960cb99b987b,C412092259,CASH_OUT,USD,False,2026-10-04T01:00:00+00:00
83,PAYMENT,3958.37,C675904997,21337.93,17379.56,M235106204,0.0,0.0,0,0,0.0,3958.37,6dbe2f92-0abf-4fc9-a35b-514bf93669d4,C675904997,PAYMENT,USD,False,2026-10-04T11:00:00+00:00
7,CASH_OUT,81278.22,C133614668,233630.0,152351.78,C473452277,45502.7,126780.92,0,0,0.0,0.0,b5d0d0ae-a241-4213-a09f-419bfececfa8,C133614668,CASH_OUT,USD,False,2026-10-01T07:00:00+00:00
4,PAYMENT,780.18,C285267560,7167.34,6387.16,M708676979,0.0,0.0,0,0,0.0,780.18,aef29741-6039-4548-a007-192558ccc4a2,C285267560,PAYMENT,USD,False,2026-10-01T04:00:00+00:00
73,PAYMENT,3999.27,C810869393,37202.62,33203.35,M780056967,0.0,0.0,0,0,0.0,3999.27,49ad6a4d-5a5a-4af0-aff3-83f65610f16d,C810869393,PAYMENT,USD,False,2026-10-04T01:00:00+00:00
25,PAYMENT,2233.22,C841436988,12018.18,9784.96,M959386451,0.0,0.0,0,0,0.0,2233.22,9a22d42e-6f9e-49fe-8c4f-e54952bab798,C841436988,PAYMENT,USD,False,2026-10-02T01:00:00+00:00
69,CASH_IN,3344.57,C839200409,12390.82,15735.39,C747216575,45583.31,42238.74,0,0,-6689.14,6689.14,58dfccd5-aea7-48a1-9570-a947bc8091e1,C839200409,CASH_IN,USD,False,2026-10-03T21:00:00+00:00
64,CASH_OUT,128465.03,C563114070,183850.57,55385.54,C744333988,41204.44,169669.47,0,0,0.0,0.0,7130d640-d59e-497d-9d8a-668b09f47782,C563114070,CASH_OUT,USD,False,2026-10-03T16:00:00+00:00
34,CASH_OUT,98473.78,C948254067,179863.49,81389.71,C725047143,27983.33,126457.11,0,0,-0.0,0.0,a793a6d4-f31a-42a2-8f1a-468067a60888,C948254067,CASH_OUT,USD,False,2026-10-02T10:00:00+00:00
51,PAYMENT,3908.19,C985358270,15794.57,11886.38,M869645166,0.0,0.0,0,0,0.0,3908.19,20b60bf5-d11a-481a-87aa-4ebdbe12d565,C985358270,PAYMENT,USD,False,2026-10-03T03:00:00+00:00
68,PAYMENT,308.26,C169271942,438.62,130.36,M961134201,0.0,0.0,0,0,0.0,308.26,1ea3907e-96f1-47e9-a625-29b568901e0e,C169271942,PAYMENT,USD,False,2026-10-03T20:00:00+00:00
4,CASH_OUT,17777.07,C955485064,46204.89,28427.82,C322619790,49949.35,67726.42,0,0,0.0,0.0,7f14cd65-4955-4dde-993a-0d79f8d1abf3,C955485064,CASH_OUT,USD,False,2026-10-01T04:00:00+00:00
96,PAYMENT,4909.67,C955554613,40335.53,35425.86,M962672189,0.0,0.0,0,0,0.0,4909.67,1e4f8e42-00a5-4b4d-b546-d79f6e5b682a,C955554613,PAYMENT,USD,False,2026-10-05T00:00:00+00:00
92,CASH_OUT,41916.8,C832937704,107164.16,65247.36,C737641925,12264.83,54181.63,0,0,0.0,0.0,6e15b1b5-7364-4809-af84-ce81ab37d631,C832937704,CASH_OUT,USD,False,2026-10-04T20:00:00+00:00
10,PAYMENT,3478.61,C139173177,12681.4,9202.79,M884612399,0.0,0.0,0,0,-0.0,3478.61,c0d3f608-2b90-46ea-a375-d8cb08c98c9a,C139173177,PAYMENT,USD,False,2026-10-01T10:00:00+00:00
97,PAYMENT,4580.94,C152414193,22675.93,18094.99,M804182553,0.0,0.0,0,0,0.0,4580.94,de9a69e1-3292-473b-8a9d-f2daa9f2daa8,C152414193,PAYMENT,USD,False,2026-10-05T01:00:00+00:00
7,TRANSFER,33389.79,C398534576,33389.79,0.0,C761518815,4609.57,37999.36,1,0,0.0,0.0,38311398-6677-4f95-8751-191cf783cdf0,C398534576,TRANSFER,USD,False,2026-10-01T07:00:00+00:00
66,PAYMENT,3771.19,C875652273,3812.57,41.38,M274497626,0.0,0.0,0,0,0.0,3771.19,1ad5511d-fb62-48f3-8e62-51c8d51a1e0c,C875652273,PAYMENT,USD,False,2026-10-03T18:00:00+00:00
61,CASH_OUT,98824.34,C500792887,242356.54,143532.2,C498650571,27038.35,125862.69,0,0,0.0,0.0,8cc92c3a-2fbd-4bda-8442-2d33755172bc,C500792887,CASH_OUT,USD,False,2026-10-03T13:00:00+00:00
66,PAYMENT,1076.17,C351294700,8446.67,7370.5,M404904755,0.0,0.0,0,0,0.0,1076.17,bed122a4-ca6b-4db7-83b7-dfaaadfaf835,C351294700,PAYMENT,USD,False,2026-10-03T18:00:00+00:00
6,PAYMENT,3264.94,C321437670,19793.59,16528.65,M194297000,0.0,0.0,0,0,0.0,3264.94,eb3593b9-3976-4f71-9885-624d2ca9bafd,C321437670,PAYMENT,USD,False,2026-10-01T06:00:00+00:00
36,CASH_OUT,118600.06,C539395521,203030.53,84430.47,C548296799,36888.47,155488.53,0,0,0.0,0.0,0ec8ff75-a324-414f-8345-e2472b00c80e,C539395521,CASH_OUT,USD,False,2026-10-02T12:00:00+00:00
28,PAYMENT,4835.36,C191670434,39686.74,34851.38,M347480237,0.0,0.0,0,0,0.0,4835.36,3632b6d3-1083-4a0c-9c51-5da60f5a937b,C191670434,PAYMENT,USD,False,2026-10-02T04:00:00+00:00
95,CASH_OUT,64751.48,C491079829,183994.03,119242.55,C813219781,31157.77,95909.25,0,0,-0.0,0.0,dfdcbe6b-4259-44b8-8393-f63506e966ac,C491079829,CASH_OUT,USD,False,2026-10-04T23:00:00+00:00
97,CASH_OUT,136160.26,C436142310,299863.97,163703.71,C756838508,6694.87,142855.13,0,0,-0.0,0.0,ba31fe49-c9ba-4914-9d6f-899dab641f6f,C436142310,CASH_OUT,USD,False,2026-10-05T01:00:00+00:00
5,CASH_OUT,136118.96,C198395588,401856.7,265737.74,C691875560,2278.08,138397.04,0,0,0.0,-0.0,e2d28607-adce-4dfb-8088-8305bc397e76,C198395588,CASH_OUT,USD,False,2026-10-01T05:00:00+00:00
29,CASH_OUT,118345.26,C784319101,343072.85,224727.59,C872407753,32157.28,150502.54,0,0,-0.0,-0.0,c2ab043e-2d46-459d-b023-12445fc32082,C784319101,CASH_OUT,USD,False,2026-10-02T05:00:00+00:00
1,PAYMENT,689.19,C156037713,3416.45,2727.26,M966761327,0.0,0.0,0,0,-0.0,689.19,c78884cc-fd9e-4d7c-b6d9-e3769c140f31,C156037713,PAYMENT,USD,False,2026-10-01T01:00:00+00:00
35,PAYMENT,158.93,C817424055,558.73,399.8,M844239726,0.0,0.0,0,0,0.0,158.93,a2ef92a4-852f-4a84-9f6a-eb7bd6bdf505,C817424055,PAYMENT,USD,False,2026-10-02T11:00:00+00:00
81,CASH_IN,34855.31,C779807255,14288.9,49144.21,C306832116,56800.57,21945.26,0,0,-69710.62,69710.62,66f8a231-2ba9-413b-b9c5-614543bf8f9d,C779807255,CASH_IN,USD,False,2026-10-04T09:00:00+00:00
69,CASH_OUT,121432.83,C747757401,197068.7,75635.87,C100774843,23474.35,144907.18,0,0,0.0,0.0,045af5e5-a05a-4e94-81b0-9fb7a6997c70,C747757401,CASH_OUT,USD,False,2026-10-03T21:00:00+00:00
89,PAYMENT,892.3,C437351729,8671.84,7779.54,M527606494,0.0,0.0,0,0,0.0,892.3,fc901e02-841a-4142-bb39-3e71fa226b8d,C437351729,PAYMENT,USD,False,2026-10-04T17:00:00+00:00
83,CASH_OUT,90915.69,C606540191,195657.65,104741.96,C293675680,46370.61,137286.3,0,0,-0.0,0.0,b1673c47-4ffa-4a11-8272-9f4976da5bf7,C606540191,CASH_OUT,USD,False,2026-10-04T11:00:00+00:00
64,PAYMENT,306.72,C886960612,2563.97,2257.25,M911373139,0.0,0.0,0,0,0.0,306.72,ac99ad8d-c71d-4105-880a-69441785ed0a,C886960612,PAYMENT,USD,False,2026-10-03T16:00:00+00:00
93,CASH_IN,21744.22,C103433519,11154.74,32898.96,C626875613,21646.15,0.0,0,0,-43488.44,43390.37,aa719660-c2a5-4168-8c1b-440cba98044d,C103433519,CASH_IN,USD,False,2026-10-04T21:00:00+00:00
51,PAYMENT,4133.21,C479052259,15075.78,10942.57,M756472244,0.0,0.0,0,0,0.0,4133.21,ef560cd5-0098-4962-a5a0-5b858d38f3dd,C479052259,PAYMENT,USD,False,2026-10-03T03:00:00+00:00
82,CASH_IN,24452.17,C642678844,1845.97,26298.14,C154544899,42934.0,18481.83,0,0,-48904.34,48904.34,b7905e74-f71a-4450-bcb7-2ae95701401b,C642678844,CASH_IN,USD,False,2026-10-04T10:00:00+00:00
37,PAYMENT,3818.8,C580933864,36271.82,32453.02,M414562491,0.0,0.0,0,0,0.0,3818.8,0c06639d-3084-4840-a199-e736d176ac0b,C580933864,PAYMENT,USD,False,2026-10-02T13:00:00+00:00
62,PAYMENT,3419.98,C470025309,13569.72,10149.74,M861411019,0.0,0.0,0,0,0.0,3419.98,c25d04b7-653d-47d7-b557-7003adee62a5,C470025309,PAYMENT,USD,False,2026-10-03T14:00:00+00:00
25,CASH_IN,43817.89,C658404186,17136.05,60953.94,C942739088,50959.02,7141.13,0,0,-87635.78,87635.78,3ec284bd-824a-4f85-92a3-57e698609298,C658404186,CASH_IN,USD,False,2026-10-02T01:00:00+00:00
65,PAYMENT,903.18,C390378111,5756.91,4853.73,M442392183,0.0,0.0,0,0,0.0,903.18,f4fa4d69-8801-4ec9-ba03-01eaeb7d9100,C390378111,PAYMENT,USD,False,2026-10-03T17:00:00+00:00
59,CASH_OUT,28011.24,C871588919,46897.1,18885.86,C890937440,14751.21,42762.45,0,0,-0.0,0.0,3239fa22-f0ca-40f9-bdf6-bbc38dfea6a9,C871588919,CASH_OUT,USD,False,2026-10-03T11:00:00+00:00
22,PAYMENT,3235.0,C498871608,11093.71,7858.71,M309090380,0.0,0.0,0,0,-0.0,3235.0,0be18aef-6c39-4a99-ac3c-4db2c8930196,C498871608,PAYMENT,USD,False,2026-10-01T22:00:00+00:00
39,CASH_OUT,67575.82,C736821089,187159.82,119584.0,C432333282,4451.34,72027.16,0,0,0.0,0.0,6595672a-6146-4fa5-a710-f9f4b289cc3f,C736821089,CASH_OUT,USD,False,2026-10-02T15:00:00+00:00
31,CASH_OUT,107058.14,C207889701,293830.71,186772.57,C789191955,19252.53,126310.67,0,0,0.0,0.0,9a0c9919-e0f1-4367-bd41-52a9a4a21163,C207889701,CASH_OUT,USD,False,2026-10-02T07:00:00+00:00
64,PAYMENT,3329.81,C565753802,33217.26,29887.45,M211632051,0.0,0.0,0,0,0.0,3329.81,10cbb8eb-7301-4ae4-b64c-8f913c5cc9bb,C565753802,PAYMENT,USD,False,2026-10-03T16:00:00+00:00
84,CASH_OUT,76330.2,C508774805,91535.74,15205.54,C862022549,15772.8,92103.0,0,0,0.0,0.0,e7832ac3-56e0-438e-b240-276632ba56d5,C508774805,CASH_OUT,USD,False,2026-10-04T12:00:00+00:00
20,CASH_OUT,30079.15,C716422428,56444.2,26365.05,C194494822,16392.11,46471.26,0,0,-0.0,0.0,ce0aa889-b979-49b7-9f9e-cc340d88b890,C716422428,CASH_OUT,USD,False,2026-10-01T20:00:00+00:00
86,PAYMENT,1378.31,C565242667,5515.85,4137.54,M658093774,0.0,0.0,0,0,0.0,1378.31,b3ab9aeb-afc2-414f-9057-875d3f2c7e91,C565242667,PAYMENT,USD,False,2026-10-04T14:00:00+00:00
18,CASH_IN,5493.19,C727825475,3287.5,8780.69,C213449146,47139.46,41646.27,0,0,-10986.38,10986.38,08b7bf1c-d2ae-4d3d-b64c-29692ef6603d,C727825475,CASH_IN,USD,False,2026-10-01T18:00:00+00:00
27,CASH_OUT,144185.96,C831693114,189925.04,45739.08,C446886458,36411.85,180597.81,0,0,0.0,0.0,4c987e4d-877a-45d1-a63c-17d3c3bb65e9,C831693114,CASH_OUT,USD,False,2026-10-02T03:00:00+00:00
23,CASH_IN,7116.19,C845407515,7074.46,14190.65,C497331717,19467.32,12351.13,0,0,-14232.38,14232.38,0c49e771-37dc-46fc-bcf3-ed2d110952f0,C845407515,CASH_IN,USD,False,2026-10-01T23:00:00+00:00
22,CASH_OUT,9662.48,C202600029,20260.94,10598.46,C608079376,1318.25,10980.73,0,0,0.0,0.0,f9501a4f-4a08-4794-becd-b05278b91e9c,C202600029,CASH_OUT,USD,False,2026-10-01T22:00:00+00:00
15,CASH_OUT,139157.87,C890224337,223351.48,84193.61,C107971093,27136.58,166294.45,0,0,0.0,0.0,66daff88-9aee-4526-8baa-0bf59b5d932a,C890224337,CASH_OUT,USD,False,2026-10-01T15:00:00+00:00
41,CASH_IN,40003.87,C835477875,13708.87,53712.74,C391476850,69146.32,29142.45,0,0,-80007.74,80007.74,13496a72-f44f-4585-a2b2-94e0a1b718b8,C835477875,CASH_IN,USD,False,2026-10-02T17:00:00+00:00
86,CASH_OUT,47494.96,C590941149,136380.29,88885.33,C907308348,465.77,47960.73,0,0,0.0,-0.0,27a63825-ef82-45bd-966a-62526e107515,C590941149,CASH_OUT,USD,False,2026-10-04T14:00:00+00:00
6,PAYMENT,2540.48,C633216664,10548.88,8008.4,M798294005,0.0,0.0,0,0,0.0,2540.48,1cca611b-8a8d-44be-acd7-8708b501b84c,C633216664,PAYMENT,USD,False,2026-10-01T06:00:00+00:00
72,PAYMENT,874.57,C952984682,4615.07,3740.5,M683369363,0.0,0.0,0,0,-0.0,874.57,9880a869-ced3-48fd-9d8d-f831af398c22,C952984682,PAYMENT,USD,False,2026-10-04T00:00:00+00:00
7,PAYMENT,3115.06,C488457631,20648.73,17533.67,M635252889,0.0,0.0,0,0,0.0,3115.06,f0a05d77-9d8d-4209-a38e-07c6fd818138,C488457631,PAYMENT,USD,False,2026-10-01T07:00:00+00:00
38,PAYMENT,3591.23,C321455851,20901.17,17309.94,M734966253,0.0,0.0,0,0,0.0,3591.23,f4ce6c30-b3c2-4b93-819a-3b72bbf29f62,C321455851,PAYMENT,USD,False,2026-10-02T14:00:00+00:00
26,CASH_OUT,64051.9,C473188349,96965.81,32913.91,C136265329,16531.29,80583.19,0,0,-0.0,0.0,0c41f11c-944b-449d-ba80-0ece30061d8a,C473188349,CASH_OUT,USD,False,2026-10-02T02:00:00+00:00
17,PAYMENT,804.8,C717936964,6754.12,5949.32,M192922198,0.0,0.0,0,0,0.0,804.8,85559be3-3343-4d3e-8c3c-ad85d64fb403,C717936964,PAYMENT,USD,False,2026-10-01T17:00:00+00:00
82,TRANSFER,166581.95,C583573331,491747.35,325165.4,C192286195,68861.93,235443.88,0,0,-0.0,0.0,3d6e22f5-10c0-4d9d-b3e7-beb7871a81c3,C583573331,TRANSFER,USD,False,2026-10-04T10:00:00+00:00
5,TRANSFER,155547.31,C199890239,577189.55,421642.24,C869960751,44814.61,200361.92,0,0,0.0,-0.0,3a946aba-e1e4-4513-8505-44d422f66135,C199890239,TRANSFER,USD,False,2026-10-01T05:00:00+00:00
16,PAYMENT,4895.33,C231518435,39425.96,34530.63,M527598238,0.0,0.0,0,0,0.0,4895.33,3c131379-d35f-49a0-a02d-be8256bd5aff,C231518435,PAYMENT,USD,False,2026-10-01T16:00:00+00:00
45,PAYMENT,4263.56,C915097044,38929.63,34666.07,M780324505,0.0,0.0,0,0,0.0,4263.56,d76d9993-1246-4ac3-b18f-ce1efed6cf6c,C915097044,PAYMENT,USD,False,2026-10-02T21:00:00+00:00
58,CASH_IN,14957.09,C467873912,17256.67,32213.76,C612053387,91359.7,76402.61,0,0,-29914.18,29914.18,2a861e76-5a3a-40eb-a13a-d3c4960ba68c,C467873912,CASH_IN,USD,False,2026-10-03T10:00:00+00:00
44,PAYMENT,4174.05,C868157534,33681.36,29507.31,M135440208,0.0,0.0,0,0,0.0,4174.05,2af65434-5605-47ad-ada9-0934bdb5dae5,C868157534,PAYMENT,USD,False,2026-10-02T20:00:00+00:00
56,CASH_IN,49514.95,C469651326,162.39,49677.34,C725698331,98655.74,49140.79,0,0,-99029.9,99029.9,97e35f8d-ef28-47fa-b9aa-aa7773a9c6d0,C469651326,CASH_IN,USD,False,2026-10-03T08:00:00+00:00
54,CASH_IN,12224.36,C607042130,2892.84,15117.2,C691916368,19870.43,7646.07,0,0,-24448.72,24448.72,ba0a9cb8-8875-44f6-bcb6-b64e6a66c6ef,C607042130,CASH_IN,USD,False,2026-10-03T06:00:00+00:00
56,CASH_OUT,43391.73,C681815214,118726.51,75334.78,C687042694,47654.35,91046.08,0,0,0.0,0.0,084e3764-9964-415d-9ddd-117738d85012,C681815214,CASH_OUT,USD,False,2026-10-03T08:00:00+00:00
54,PAYMENT,2676.12,C540054094,25320.94,22644.82,M275215227,0.0,0.0,0,0,0.0,2676.12,2af60555-5dab-4d18-aee7-631b6d7114b0,C540054094,PAYMENT,USD,False,2026-10-03T06:00:00+00:00
60,PAYMENT,1568.81,C192208503,7623.06,6054.25,M301698698,0.0,0.0,0,0,0.0,1568.81,2ccf0d67-a837-46ec-83e8-1b7c21fcd260,C192208503,PAYMENT,USD,False,2026-10-03T12:00:00+00:00
91,PAYMENT,2162.55,C534244788,16100.24,13937.69,M259203528,0.0,0.0,0,0,-0.0,2162.55,fcbd5419-20d0-4d6a-a264-f988345ba670,C534244788,PAYMENT,USD,False,2026-10-04T19:00:00+00:00
81,CASH_OUT,62139.34,C927020351,103366.14,41226.8,C958644430,34438.33,96577.67,0,0,0.0,0.0,d9473e90-5039-49da-80db-627df0016c5a,C927020351,CASH_OUT,USD,False,2026-10-04T09:00:00+00:00
33,CASH_OUT,127858.52,C809419607,289314.18,161455.66,C184405248,28066.29,155924.81,0,0,-0.0,0.0,1a78a4b6-45b3-45c7-b229-0f322a9be9ad,C809419607,CASH_OUT,USD,False,2026-10-02T09:00:00+00:00
64,CASH_OUT,91236.79,C106174601,134643.3,43406.51,C629855936,29443.12,120679.91,0,0,-0.0,-0.0,fa185d18-80c2-46ec-915f-be676e227ff5,C106174601,CASH_OUT,USD,False,2026-10-03T16:00:00+00:00
35,CASH_IN,32295.46,C749591392,8834.33,41129.79,C301794412,91429.85,59134.39,0,0,-64590.92,64590.92,0e1b57fa-61d3-456c-b621-6d57e0276425,C749591392,CASH_IN,USD,False,2026-10-02T11:00:00+00:00
26,CASH_OUT,70533.27,C598132464,144361.7,73828.43,C516999976,23830.44,94363.71,0,0,0.0,0.0,0a1ab5a6-6e2b-4bff-8f42-bb67297195df,C598132464,CASH_OUT,USD,False,2026-10-02T02:00:00+00:00
83,PAYMENT,279.45,C687809201,466.01,186.56,M811011291,0.0,0.0,0,0,0.0,279.45,02f4ae6c-b646-44a7-8a4b-5230a9505456,C687809201,PAYMENT,USD,False,2026-10-04T11:00:00+00:00
27,CASH_OUT,65838.17,C579761146,92915.07,27076.9,C313285647,19025.24,84863.41,0,0,0.0,0.0,2b9aa002-475d-4d9a-b431-0632029c172e,C579761146,CASH_OUT,USD,False,2026-10-02T03:00:00+00:00
24,CASH_OUT,76457.25,C104073079,184046.73,107589.48,C549152157,19371.34,95828.59,0,0,0.0,0.0,51ed3956-6cbc-48e7-836e-8fdd818f8b09,C104073079,CASH_OUT,USD,False,2026-10-02T00:00:00+00:00
52,PAYMENT,4676.19,C246941318,38727.65,34051.46,M698510766,0.0,0.0,0,0,0.0,4676.19,6fb4fb4e-45f7-4d96-ab6d-3d8c30c351df,C246941318,PAYMENT,USD,False,2026-10-03T04:00:00+00:00
55,PAYMENT,2505.73,C424505786,17355.62,14849.89,M672520551,0.0,0.0,0,0,0.0,2505.73,bf7c6d4f-87ce-4212-a835-baf93a1874c2,C424505786,PAYMENT,USD,False,2026-10-03T07:00:00+00:00
85,CASH_OUT,733107.14,C812526377,733107.14,0.0,C706282556,4924.63,738031.77,1,0,0.0,0.0,96d62961-5a64-4308-aacc-21d773b216b6,C812526377,CASH_OUT,USD,False,2026-10-04T13:00:00+00:00
89,PAYMENT,1988.42,C791040228,19696.48,17708.06,M524314330,0.0,0.0,0,0,-0.0,1988.42,055be9d8-3713-4aee-8230-c2b77d57f217,C791040228,PAYMENT,USD,False,2026-10-04T17:00:00+00:00
8,PAYMENT,104.54,C334944315,105.18,0.64,M613236768,0.0,0.0,0,0,0.0,104.54,204459d0-e6e2-4647-9426-1fb8d8c79b9f,C334944315,PAYMENT,USD,False,2026-10-01T08:00:00+00:00
81,CASH_IN,13319.05,C402169366,10217.59,23536.64,C501902191,16826.47,3507.42,0,0,-26638.1,26638.1,2a206393-f2b8-46b0-b2b0-ffbf82e726ca,C402169366,CASH_IN,USD,False,2026-10-04T09:00:00+00:00
90,CASH_OUT,62092.54,C522052175,65186.25,3093.71,C584135007,22684.04,84776.58,0,0,-0.0,0.0,1d7b9b4b-b74b-4734-8e6a-9df18ef65927,C522052175,CASH_OUT,USD,False,2026-10-04T18:00:00+00:00
10,CASH_IN,23075.69,C672031195,8268.84,31344.53,C734083157,62466.61,39390.92,0,0,-46151.38,46151.38,9762b39d-0afe-4dbb-9b63-99cf67491a78,C672031195,CASH_IN,USD,False,2026-10-01T10:00:00+00:00
53,CASH_OUT,4060.68,C700124081,7479.11,3418.43,C923312698,37792.82,41853.5,0,0,0.0,0.0,06f9f891-7a2d-48e0-81f9-312b99bf7a69,C700124081,CASH_OUT,USD,False,2026-10-03T05:00:00+00:00
7,CASH_OUT,18320.56,C142782651,35184.66,16864.1,C625726985,2503.68,20824.24,0,0,0.0,0.0,be3e21b0-31c3-4b78-98bd-7bdb831753fa,C142782651,CASH_OUT,USD,False,2026-10-01T07:00:00+00:00
60,CASH_OUT,99632.13,C154710586,124155.45,24523.32,C217885943,16651.29,116283.42,0,0,-0.0,0.0,7cbdd6b4-96c0-4e52-89a2-49ea04d1bbdf,C154710586,CASH_OUT,USD,False,2026-10-03T12:00:00+00:00
84,CASH_IN,13477.66,C968451673,17069.64,30547.3,C301864129,19058.31,5580.65,0,0,-26955.32,26955.32,b6f4e624-a1bd-4ac2-a3af-b7b78efa497c,C968451673,CASH_IN,USD,False,2026-10-04T12:00:00+00:00
89,CASH_OUT,80298.22,C987288467,217702.17,137403.95,C208516997,35858.94,116157.16,0,0,0.0,0.0,b21567c7-05d8-43a0-ad73-5270f3fa4440,C987288467,CASH_OUT,USD,False,2026-10-04T17:00:00+00:00
28,CASH_IN,21037.8,C301495110,15487.69,36525.49,C686355619,60493.39,39455.59,0,0,-42075.6,42075.6,56f97158-fabf-4316-9ea5-919a967932f2,C301495110,CASH_IN,USD,False,2026-10-02T04:00:00+00:00
15,TRANSFER,121320.15,C743172472,193802.08,72481.93,C150347583,66641.96,187962.11,0,0,0.0,0.0,996de912-35b8-487b-b5b9-880778ee4fa6,C743172472,TRANSFER,USD,False,2026-10-01T15:00:00+00:00
88,TRANSFER,190791.57,C820595525,339739.72,148948.15,C139534273,2312.25,193103.82,0,0,-0.0,0.0,3f4f9b09-3485-434b-98f3-3bf48f3bf93b,C820595525,TRANSFER,USD,False,2026-10-04T16:00:00+00:00
4,CASH_IN,44572.5,C152624468,13517.78,58090.28,C873138581,29925.61,0.0,0,0,-89145.0,74498.11,bdb1e165-f8fe-4cac-b451-1386a171c02d,C152624468,CASH_IN,USD,False,2026-10-01T04:00:00+00:00
4,TRANSFER,199705.99,C330739390,676674.43,476968.44,C379935186,76087.3,275793.29,0,0,0.0,0.0,0333c865-e876-4c6d-9538-ccfb396ab255,C330739390,TRANSFER,USD,False,2026-10-01T04:00:00+00:00
73,CASH_IN,26660.63,C472807202,7411.42,34072.05,C810303128,51090.12,24429.49,0,0,-53321.26,53321.26,78d2df0c-d108-47d8-9ecf-36b617c88c6a,C472807202,CASH_IN,USD,False,2026-10-04T01:00:00+00:00
1,PAYMENT,1756.67,C701896059,9128.13,7371.46,M466631819,0.0,0.0,0,0,-0.0,1756.67,e8e6b48b-4b83-4ff7-a12d-4e0d3b91b387,C701896059,PAYMENT,USD,False,2026-10-01T01:00:00+00:00
69,CASH_IN,26227.28,C303870775,15314.68,41541.96,C634239338,16259.02,0.0,0,0,-52454.56,42486.3,a4ea7524-e222-4b52-912d-403da0b689dc,C303870775,CASH_IN,USD,False,2026-10-03T21:00:00+00:00
33,CASH_IN,39703.65,C775496328,19433.38,59137.03,C381312969,34804.05,0.0,0,0,-79407.3,74507.7,dadbe53c-72fb-4397-90c7-8ac6e072e7b1,C775496328,CASH_IN,USD,False,2026-10-02T09:00:00+00:00
7,CASH_IN,44517.93,C418496956,16576.27,61094.2,C304541049,16599.56,0.0,0,0,-89035.86,61117.49,171f5b3d-19f6-4776-a32c-928891a6d530,C418496956,CASH_IN,USD,False,2026-10-01T07:00:00+00:00
13,PAYMENT,3230.63,C331185888,24800.31,21569.68,M554370671,0.0,0.0,0,0,0.0,3230.63,ee885d16-01aa-4072-ab5e-c91dea77e18a,C331185888,PAYMENT,USD,False,2026-10-01T13:00:00+00:00
82,CASH_IN,47551.96,C110302352,15178.58,62730.54,C101569849,38251.21,0.0,0,0,-95103.92,85803.17,9122c423-100f-4333-8af4-b7d7b750e5b4,C110302352,CASH_IN,USD,False,2026-10-04T10:00:00+00:00
79,PAYMENT,1579.37,C973844067,2384.83,805.46,M903580651,0.0,0.0,0,0,0.0,1579.37,a2808696-6777-44bb-8a71-bdd3cd45606e,C973844067,PAYMENT,USD,False,2026-10-04T07:00:00+00:00
55,CASH_OUT,77257.01,C576583771,156812.99,79555.98,C842095037,28493.8,105750.81,0,0,0.0,0.0,d2c28157-055e-43c6-97c6-f77b9d572629,C576583771,CASH_OUT,USD,False,2026-10-03T07:00:00+00:00
94,CASH_OUT,35156.29,C570224835,96088.01,60931.72,C557436027,11581.44,46737.73,0,0,-0.0,0.0,42d5fbdb-e6d5-4c54-9ce4-0d4037cdbffe,C570224835,CASH_OUT,USD,False,2026-10-04T22:00:00+00:00
23,PAYMENT,1319.05,C838714681,8810.25,7491.2,M508333520,0.0,0.0,0,0,0.0,1319.05,bda269f1-6465-42d0-a7bf-592be8cbad10,C838714681,PAYMENT,USD,False,2026-10-01T23:00:00+00:00
15,CASH_OUT,114364.82,C632378393,180301.0,65936.18,C856699057,36106.83,150471.65,0,0,0.0,0.0,a9b2f80b-6b66-4079-a720-368905ab73ba,C632378393,CASH_OUT,USD,False,2026-10-01T15:00:00+00:00
81,CASH_OUT,3703.66,C574378104,9821.41,6117.75,C775597843,31630.55,35334.21,0,0,0.0,0.0,29568079-eb4a-4344-9998-479f71bdea3f,C574378104,CASH_OUT,USD,False,2026-10-04T09:00:00+00:00
81,DEBIT,1272.65,C436525794,3573.87,2301.22,C105061082,1125.97,2398.62,0,0,0.0,0.0,05c06240-f0de-47f1-8c0e-b61189b34b0e,C436525794,DEBIT,USD,False,2026-10-04T09:00:00+00:00
5,CASH_OUT,126451.87,C834911471,153898.1,27446.23,C551354522,38220.88,164672.75,0,0,0.0,0.0,4bf3e7ae-d2b4-4167-9d92-0864255f77f5,C834911471,CASH_OUT,USD,False,2026-10-01T05:00:00+00:00
12,TRANSFER,232359.28,C173003126,561590.14,329230.86,C936587372,73850.86,306210.14,0,0,0.0,0.0,2fbb46dd-174c-4605-a87c-3d4f6dab14e7,C173003126,TRANSFER,USD,False,2026-10-01T12:00:00+00:00
13,CASH_OUT,56620.84,C176523710,97923.3,41302.46,C872766784,40377.14,96997.98,0,0,0.0,0.0,aa169859-75a1-4158-8490-6d819ef10484,C176523710,CASH_OUT,USD,False,2026-10-01T13:00:00+00:00
68,CASH_IN,37725.21,C827487371,10829.38,48554.59,C690897037,40985.95,3260.74,0,0,-75450.42,75450.42,5f01534b-3566-4cf7-b328-4e5a48d03ceb,C827487371,CASH_IN,USD,False,2026-10-03T20:00:00+00:00
9,CASH_OUT,82301.67,C320703798,189606.52,107304.85,C575868914,17957.21,100258.88,0,0,-0.0,0.0,937c8b61-7e13-4341-951d-30b47009d3f0,C320703798,CASH_OUT,USD,False,2026-10-01T09:00:00+00:00
32,PAYMENT,507.25,C164538795,1236.24,728.99,M433401541,0.0,0.0,0,0,0.0,507.25,330daec3-8335-4faf-b25d-746d6fd01f37,C164538795,PAYMENT,USD,False,2026-10-02T08:00:00+00:00
57,CASH_IN,20708.68,C875469593,5178.87,25887.55,C992628933,88426.68,67718.0,0,0,-41417.36,41417.36,a8c39005-bf54-436a-90cd-1ca0eab26d19,C875469593,CASH_IN,USD,False,2026-10-03T09:00:00+00:00
88,PAYMENT,719.87,C726160204,4852.75,4132.88,M595155950,0.0,0.0,0,0,0.0,719.87,62facc95-232e-4da2-80b4-a9f9a4e78bc7,C726160204,PAYMENT,USD,False,2026-10-04T16:00:00+00:00
100,CASH_OUT,61222.12,C667944560,70245.05,9022.93,C728468793,18641.66,79863.78,0,0,0.0,0.0,52beeccb-68f9-4dab-8e7a-e708d3c972af,C667944560,CASH_OUT,USD,False,2026-10-05T04:00:00+00:00
62,PAYMENT,2638.41,C908415147,16310.0,13671.59,M746330798,0.0,0.0,0,0,0.0,2638.41,3c0aab58-68fb-448f-99fc-ae06fa49ca19,C908415147,PAYMENT,USD,False,2026-10-03T14:00:00+00:00
80,PAYMENT,470.3,C865096129,1738.71,1268.41,M567370643,0.0,0.0,0,0,0.0,470.3,88a11a3a-c9bc-44f9-9141-755ce521addd,C865096129,PAYMENT,USD,False,2026-10-04T08:00:00+00:00
71,PAYMENT,2924.36,C294287831,7406.82,4482.46,M427785295,0.0,0.0,0,0,-0.0,2924.36,60df7425-f0d3-416b-a8c8-201d6d3dcad9,C294287831,PAYMENT,USD,False,2026-10-03T23:00:00+00:00
16,PAYMENT,653.89,C749276419,5149.2,4495.31,M804798365,0.0,0.0,0,0,-0.0,653.89,a7ef123a-12c6-44d4-bb4c-67cfc9efae74,C749276419,PAYMENT,USD,False,2026-10-01T16:00:00+00:00
53,PAYMENT,2804.28,C475433873,8163.38,5359.1,M784514218,0.0,0.0,0,0,0.0,2804.28,5f359d4d-0bcd-4ace-aec0-3b54c8674f01,C475433873,PAYMENT,USD,False,2026-10-03T05:00:00+00:00
49,CASH_IN,3953.28,C711122760,10344.94,14298.22,C940082030,10990.39,7037.11,0,0,-7906.56,7906.56,eb36336e-cc62-41d8-8e43-fb24f7a8e6b6,C711122760,CASH_IN,USD,False,2026-10-03T01:00:00+00:00
71,PAYMENT,3250.6,C509935637,14954.5,11703.9,M275362844,0.0,0.0,0,0,0.0,3250.6,cd2cf474-f3d6-4a77-b817-c2b98912eee4,C509935637,PAYMENT,USD,False,2026-10-03T23:00:00+00:00
5,CASH_OUT,134108.49,C683545743,260734.79,126626.3,C679473892,38759.86,172868.35,0,0,0.0,-0.0,8b79ba14-9d1b-4922-b02c-099b7fbad139,C683545743,CASH_OUT,USD,False,2026-10-01T05:00:00+00:00
46,CASH_OUT,123845.42,C361088967,192014.21,68168.79,C536616671,27335.6,151181.02,0,0,0.0,0.0,28af94b6-c983-4810-b943-3cd1b2e57064,C361088967,CASH_OUT,USD,False,2026-10-02T22:00:00+00:00
74,CASH_IN,34249.03,C945777677,17616.94,51865.97,C766208705,73840.32,39591.29,0,0,-68498.06,68498.06,62463f8e-af38-4f73-a781-f441d5654bc1,C945777677,CASH_IN,USD,False,2026-10-04T02:00:00+00:00
93,CASH_IN,20433.94,C393284532,9184.76,29618.7,C840638865,35450.58,15016.64,0,0,-40867.88,40867.88,4bd269f0-1afd-49c3-bef8-38ee875980ad,C393284532,CASH_IN,USD,False,2026-10-04T21:00:00+00:00
52,CASH_IN,37416.52,C696950800,1894.51,39311.03,C368277223,11088.83,0.0,0,0,-74833.04,48505.35,cfc0a824-b1c5-4457-a8ca-2d4f0c240a23,C696950800,CASH_IN,USD,False,2026-10-03T04:00:00+00:00
37,CASH_OUT,44233.52,C553615317,105271.62,61038.1,C158569033,45183.78,89417.3,0,0,0.0,-0.0,9036903c-5a18-4c03-9d34-8c94d8e21633,C553615317,CASH_OUT,USD,False,2026-10-02T13:00:00+00:00
41,CASH_OUT,53685.71,C135148462,63737.19,10051.48,C791175622,23922.06,77607.77,0,0,0.0,0.0,a1dccee3-3592-4059-bd7c-6ea40b491ca3,C135148462,CASH_OUT,USD,False,2026-10-02T17:00:00+00:00
15,CASH_OUT,116690.78,C140152609,220259.47,103568.69,C199432918,1246.74,117937.52,0,0,0.0,0.0,b239e089-3ddd-4a1c-8858-0e0b54e31124,C140152609,CASH_OUT,USD,False,2026-10-01T15:00:00+00:00
64,TRANSFER,80759.34,C810372798,146987.09,66227.75,C971148490,50413.16,131172.5,0,0,0.0,0.0,1ba4e869-dee6-4a6d-98a3-3a2d2767c9fd,C810372798,TRANSFER,USD,False,2026-10-03T16:00:00+00:00
72,CASH_OUT,148277.39,C372491666,250397.9,102120.51,C720248205,35274.73,183552.12,0,0,-0.0,0.0,7b7b997f-201e-4944-9c58-36da2caec4c4,C372491666,CASH_OUT,USD,False,2026-10-04T00:00:00+00:00
57,CASH_IN,6203.67,C762668916,12723.94,18927.61,C257030842,19295.98,13092.31,0,0,-12407.34,12407.34,7ed07cd7-37c3-4061-bddd-6a305d02a5c9,C762668916,CASH_IN,USD,False,2026-10-03T09:00:00+00:00
17,CASH_OUT,148696.84,C269655154,202281.94,53585.1,C629629907,43058.95,191755.79,0,0,0.0,-0.0,4595878e-e755-4652-b5d0-858af3f9933e,C269655154,CASH_OUT,USD,False,2026-10-01T17:00:00+00:00
27,CASH_OUT,75779.38,C935689969,204867.7,129088.32,C256384640,9211.57,84990.95,0,0,0.0,0.0,f674d6b8-d93e-4923-a8f3-69c9429038d3,C935689969,CASH_OUT,USD,False,2026-10-02T03:00:00+00:00
97,CASH_OUT,149571.03,C372468758,317154.33,167583.3,C471628615,33517.65,183088.68,0,0,0.0,0.0,68e945d5-215c-42ef-bdee-8a83d587d5dd,C372468758,CASH_OUT,USD,False,2026-10-05T01:00:00+00:00
81,PAYMENT,2840.28,C153514537,18213.77,15373.49,M110183118,0.0,0.0,0,0,0.0,2840.28,82328ee8-8b63-4783-9588-397cedc5fab2,C153514537,PAYMENT,USD,False,2026-10-04T09:00:00+00:00
62,CASH_OUT,436116.88,C572788298,436116.88,0.0,C135839518,1826.46,437943.34,1,0,0.0,0.0,caf114b3-04b5-4ec4-8318-99dbd5d9bbd8,C572788298,CASH_OUT,USD,False,2026-10-03T14:00:00+00:00
67,TRANSFER,84906.76,C191029915,335028.05,250121.29,C531269332,13145.97,98052.73,0,0,-0.0,0.0,55222aa4-dd67-4b7e-854e-9a9a89fef659,C191029915,TRANSFER,USD,False,2026-10-03T19:00:00+00:00
48,TRANSFER,47632.89,C140236774,125778.88,78145.99,C701527902,10829.51,58462.4,0,0,0.0,0.0,985d81af-3c39-4c1c-8e1d-c70fdf67f5cf,C140236774,TRANSFER,USD,False,2026-10-03T00:00:00+00:00
56,TRANSFER,65903.52,C918239378,219989.38,154085.86,C377316000,38278.11,104181.63,0,0,0.0,0.0,daa29627-0691-4af8-80fa-b10456880153,C918239378,TRANSFER,USD,False,2026-10-03T08:00:00+00:00
34,PAYMENT,2809.03,C899925830,21694.49,18885.46,M382116655,0.0,0.0,0,0,0.0,2809.03,1bbb3f48-a7ac-4e51-9cea-1d9440ee2554,C899925830,PAYMENT,USD,False,2026-10-02T10:00:00+00:00
49,CASH_OUT,66409.9,C297080451,74992.3,8582.4,C106488260,24582.11,90992.01,0,0,0.0,0.0,c4171e87-7dd3-4af2-9192-01016a2163cc,C297080451,CASH_OUT,USD,False,2026-10-03T01:00:00+00:00
82,CASH_OUT,133296.94,C820586864,349216.6,215919.66,C401257560,49221.54,182518.48,0,0,-0.0,0.0,7353c4a5-9fa9-4f93-ae5f-9dcb782e4656,C820586864,CASH_OUT,USD,False,2026-10-04T10:00:00+00:00
77,CASH_IN,20722.45,C546126710,29.91,20752.36,C183708400,99740.81,79018.36,0,0,-41444.9,41444.9,4d73d93e-69bf-4ade-be25-b11f484af8f9,C546126710,CASH_IN,USD,False,2026-10-04T05:00:00+00:00
43,DEBIT,1118.04,C914696672,1834.98,716.94,C914608646,2445.3,3563.34,0,0,0.0,0.0,7e67f507-4e84-44ed-a596-49501b1983f8,C914696672,DEBIT,USD,False,2026-10-02T19:00:00+00:00
75,CASH_OUT,132069.66,C425713292,216469.88,84400.22,C247168982,12183.81,144253.47,0,0,0.0,0.0,2efee01d-7d64-4ec7-8493-0b884e87c64f,C425713292,CASH_OUT,USD,False,2026-10-04T03:00:00+00:00
65,TRANSFER,36690.1,C771156085,96151.29,59461.19,C466843761,66561.05,103251.15,0,0,-0.0,0.0,b05fdfb2-38eb-4d2f-a219-0d5b2bb66721,C771156085,TRANSFER,USD,False,2026-10-03T17:00:00+00:00
57,PAYMENT,4912.76,C761052590,20467.06,15554.3,M494824181,0.0,0.0,0,0,0.0,4912.76,c5f9f452-71e4-42a7-aacb-a7ac75d8ed38,C761052590,PAYMENT,USD,False,2026-10-03T09:00:00+00:00
77,CASH_OUT,16494.48,C191248659,38188.07,21693.59,C366535973,17750.44,34244.92,0,0,0.0,0.0,93adbe05-7a04-46a5-a802-92ca27444e73,C191248659,CASH_OUT,USD,False,2026-10-04T05:00:00+00:00
88,CASH_OUT,149330.63,C658096119,170346.11,21015.48,C513729471,20854.48,170185.11,0,0,-0.0,0.0,226bc864-fa15-40ed-a613-bec0e77327d0,C658096119,CASH_OUT,USD,False,2026-10-04T16:00:00+00:00
55,CASH_IN,5368.2,C661277051,2906.53,8274.73,C508956386,67355.16,61986.96,0,0,-10736.4,10736.4,215101b9-6d77-47fe-aab4-bb57d597532c,C661277051,CASH_IN,USD,False,2026-10-03T07:00:00+00:00
32,PAYMENT,2808.52,C827827896,18629.74,15821.22,M431575791,0.0,0.0,0,0,0.0,2808.52,2c1a9cef-cd1a-4375-b9d1-425d628b7f77,C827827896,PAYMENT,USD,False,2026-10-02T08:00:00+00:00
24,CASH_IN,12086.36,C608436962,6014.73,18101.09,C341961866,71050.1,58963.74,0,0,-24172.72,24172.72,589d9cb2-c3a5-47bd-bbdf-d9ead67c987a,C608436962,CASH_IN,USD,False,2026-10-02T00:00:00+00:00
40,CASH_IN,38212.36,C623400737,13500.49,51712.85,C710803644,66347.78,28135.42,0,0,-76424.72,76424.72,6ae5d58e-bcec-45bd-9587-158f263b51a8,C623400737,CASH_IN,USD,False,2026-10-02T16:00:00+00:00
36,PAYMENT,4492.77,C412113998,28771.34,24278.57,M507424954,0.0,0.0,0,0,0.0,4492.77,169f7926-21ef-4334-9633-689dd2f35283,C412113998,PAYMENT,USD,False,2026-10-02T12:00:00+00:00
11,CASH_OUT,66902.67,C308325394,72166.26,5263.59,C935942776,17121.67,84024.34,0,0,-0.0,0.0,d10247f9-0925-4ed3-a47c-a0d717f138ae,C308325394,CASH_OUT,USD,False,2026-10-01T11:00:00+00:00
35,CASH_OUT,945365.05,C415384448,945365.05,0.0,C192482457,4050.77,949415.82,1,0,0.0,0.0,ca4f232a-78d3-4305-9fe5-ed1408c492b6,C415384448,CASH_OUT,USD,False,2026-10-02T11:00:00+00:00
27,PAYMENT,1741.43,C318587507,12804.18,11062.75,M409229641,0.0,0.0,0,0,0.0,1741.43,a9ff89c6-bc40-4084-b118-6d25b0ab3a08,C318587507,PAYMENT,USD,False,2026-10-02T03:00:00+00:00
88,PAYMENT,373.18,C584566178,1363.67,990.49,M135876704,0.0,0.0,0,0,0.0,373.18,a76bc51c-7ff8-4993-9b01-2a57b8974ae6,C584566178,PAYMENT,USD,False,2026-10-04T16:00:00+00:00
99,TRANSFER,416554.09,C250011536,416554.09,0.0,C122539199,3753.26,420307.35,1,0,0.0,0.0,37a244db-9836-459d-9ef4-25f125219962,C250011536,TRANSFER,USD,False,2026-10-05T03:00:00+00:00
33,CASH_IN,15374.37,C265600378,13572.17,28946.54,C537309736,6832.46,0.0,0,0,-30748.74,22206.83,478abca4-bd09-47c1-9164-ef500e60d589,C265600378,CASH_IN,USD,False,2026-10-02T09:00:00+00:00
17,CASH_OUT,4576.55,C959760529,12444.92,7868.37,C698214656,47559.83,52136.38,0,0,0.0,0.0,4f9795f5-ca21-410f-9d7d-f383a7b8726c,C959760529,CASH_OUT,USD,False,2026-10-01T17:00:00+00:00
27,PAYMENT,1552.24,C320844007,11466.47,9914.23,M978209248,0.0,0.0,0,0,0.0,1552.24,4a6eb69c-3e55-4cc4-ae6b-8a0d0f45c7de,C320844007,PAYMENT,USD,False,2026-10-02T03:00:00+00:00
96,CASH_IN,6479.29,C338754922,2847.19,9326.48,C845439079,23430.87,16951.58,0,0,-12958.58,12958.58,753c2782-470c-4f44-9dc6-5626ab1c7fc9,C338754922,CASH_IN,USD,False,2026-10-05T00:00:00+00:00
68,PAYMENT,4606.72,C491549162,9601.89,4995.17,M775046798,0.0,0.0,0,0,-0.0,4606.72,b3265100-8bdb-4b89-a2bc-cd9886b8fee4,C491549162,PAYMENT,USD,False,2026-10-03T20:00:00+00:00
28,PAYMENT,546.66,C545659596,3989.08,3442.42,M346162961,0.0,0.0,0,0,0.0,546.66,fe10059f-8078-492d-8e66-6218ac147d6f,C545659596,PAYMENT,USD,False,2026-10-02T04:00:00+00:00
11,TRANSFER,222801.99,C648572850,768984.69,546182.7,C824067553,21633.29,244435.28,0,0,0.0,0.0,247a5c78-4d15-4fe5-adc6-0519eb9d7026,C648572850,TRANSFER,USD,False,2026-10-01T11:00:00+00:00
87,TRANSFER,173583.33,C928291327,264886.97,91303.64,C456532271,60937.3,234520.63,0,0,-0.0,0.0,aab5466f-c9b9-4abd-9098-f1def5317253,C928291327,TRANSFER,USD,False,2026-10-04T15:00:00+00:00
63,PAYMENT,4227.68,C364347668,13436.5,9208.82,M337268477,0.0,0.0,0,0,0.0,4227.68,28f8c7fa-3bd6-46f0-b93c-19a6d93aed96,C364347668,PAYMENT,USD,False,2026-10-03T15:00:00+00:00
92,CASH_IN,33127.51,C333865216,16965.56,50093.07,C712329191,31368.92,0.0,0,0,-66255.02,64496.43,736ec958-7f8c-4731-9076-51fc4c1acee2,C333865216,CASH_IN,USD,False,2026-10-04T20:00:00+00:00
68,PAYMENT,1640.25,C121013174,13002.56,11362.31,M840492926,0.0,0.0,0,0,0.0,1640.25,901597cb-1c17-4b81-871c-9d8f6c667aec,C121013174,PAYMENT,USD,False,2026-10-03T20:00:00+00:00
77,CASH_OUT,1289.65,C875913440,1418.15,128.5,C968596953,47770.67,49060.32,0,0,0.0,0.0,30c8682f-fda2-4222-93ad-116d9585cab5,C875913440,CASH_OUT,USD,False,2026-10-04T05:00:00+00:00
73,PAYMENT,407.36,C549211554,1687.94,1280.58,M528817558,0.0,0.0,0,0,0.0,407.36,314cd4ed-fba8-459d-8bbb-615184b906a1,C549211554,PAYMENT,USD,False,2026-10-04T01:00:00+00:00
44,CASH_IN,2381.48,C926108943,5349.82,7731.3,C698098197,15966.66,13585.18,0,0,-4762.96,4762.96,071f339c-be5e-4556-b190-557b6c7cd4e0,C926108943,CASH_IN,USD,False,2026-10-02T20:00:00+00:00
57,PAYMENT,4203.48,C178271453,36234.36,32030.88,M640365793,0.0,0.0,0,0,0.0,4203.48,3e7bed23-79b1-4f56-81b7-c5f465cee65b,C178271453,PAYMENT,USD,False,2026-10-03T09:00:00+00:00
76,CASH_IN,49221.16,C728805189,3147.94,52369.1,C586464277,99724.55,50503.39,0,0,-98442.32,98442.32,a7250464-9450-4aeb-babe-15853baeaa95,C728805189,CASH_IN,USD,False,2026-10-04T04:00:00+00:00
2,CASH_OUT,75884.58,C268499484,205172.35,129287.77,C603895158,43470.78,119355.36,0,0,0.0,0.0,1b85a49f-83e9-4dde-b135-1c3dcda784f2,C268499484,CASH_OUT,USD,False,2026-10-01T02:00:00+00:00
7,PAYMENT,242.38,C936564504,1561.24,1318.86,M109136275,0.0,0.0,0,0,0.0,242.38,b71ec19b-5163-4887-9c3b-973bb7ece7d8,C936564504,PAYMENT,USD,False,2026-10-01T07:00:00+00:00
23,TRANSFER,173904.94,C257424246,498418.73,324513.79,C994776964,66866.01,240770.95,0,0,0.0,0.0,3cd256e3-f343-4ebb-a9c3-f1cd66380116,C257424246,TRANSFER,USD,False,2026-10-01T23:00:00+00:00
23,PAYMENT,90.45,C296518095,142.52,52.07,M841071924,0.0,0.0,0,0,0.0,90.45,a746a079-52ff-487e-bbfc-69ec609a3c92,C296518095,PAYMENT,USD,False,2026-10-01T23:00:00+00:00
19,CASH_OUT,88624.53,C846290420,220042.68,131418.15,C209223328,44621.38,133245.91,0,0,0.0,0.0,43bbfd41-1d98-40ee-b1bf-c51374870508,C846290420,CASH_OUT,USD,False,2026-10-01T19:00:00+00:00
3,PAYMENT,3291.34,C622591579,5799.25,2507.91,M245788098,0.0,0.0,0,0,0.0,3291.34,d9161783-94c9-4a0f-b48c-955944095e3a,C622591579,PAYMENT,USD,False,2026-10-01T03:00:00+00:00
70,CASH_IN,27855.89,C379945037,5828.39,33684.28,C977579923,3163.33,0.0,0,0,-55711.78,31019.22,e9c10a4e-75a3-43ec-9c16-9e0557ba3cc5,C379945037,CASH_IN,USD,False,2026-10-03T22:00:00+00:00
46,TRANSFER,238261.1,C171839853,578998.48,340737.38,C858087611,23145.75,261406.85,0,0,0.0,0.0,9aaa216c-5403-46bc-828a-56a6e21d3031,C171839853,TRANSFER,USD,False,2026-10-02T22:00:00+00:00
22,CASH_IN,2035.88,C576079975,7970.04,10005.92,C540136803,26965.34,24929.46,0,0,-4071.76,4071.76,4ff8b5f9-3f20-4171-9d5f-277c7c25dcbe,C576079975,CASH_IN,USD,False,2026-10-01T22:00:00+00:00
44,CASH_IN,10720.79,C585239484,10184.67,20905.46,C273649503,84343.44,73622.65,0,0,-21441.58,21441.58,06cc01d8-f86c-4aef-8106-9e6572af2102,C585239484,CASH_IN,USD,False,2026-10-02T20:00:00+00:00
91,DEBIT,1491.69,C559381725,3737.53,2245.84,C911286994,4171.52,5663.21,0,0,0.0,0.0,7f85decd-c0eb-4a76-9eb2-8e988c2b96fc,C559381725,DEBIT,USD,False,2026-10-04T19:00:00+00:00
28,TRANSFER,132859.47,C763873742,461163.88,328304.41,C702728525,78490.66,211350.13,0,0,0.0,0.0,e1259390-d5e2-4e31-95c3-41e0bf6529f5,C763873742,TRANSFER,USD,False,2026-10-02T04:00:00+00:00
46,PAYMENT,1405.9,C260314927,5697.23,4291.33,M133471933,0.0,0.0,0,0,0.0,1405.9,5839416d-4263-4c56-bd53-f2380a635c94,C260314927,PAYMENT,USD,False,2026-10-02T22:00:00+00:00
49,PAYMENT,834.4,C842098773,6641.32,5806.92,M991310560,0.0,0.0,0,0,0.0,834.4,aa86bca4-c638-4343-b033-f0002ed9a9bd,C842098773,PAYMENT,USD,False,2026-10-03T01:00:00+00:00
79,TRANSFER,61040.09,C944639764,129364.3,68324.21,C649977856,49671.18,110711.27,0,0,0.0,-0.0,4f5ab7fc-a7e9-417c-b792-004566e569b3,C944639764,TRANSFER,USD,False,2026-10-04T07:00:00+00:00
51,PAYMENT,3833.41,C951641794,9548.56,5715.15,M434561986,0.0,0.0,0,0,0.0,3833.41,2dbb6098-82e6-4550-8896-66fb732ddcc7,C951641794,PAYMENT,USD,False,2026-10-03T03:00:00+00:00
96,PAYMENT,2129.36,C430730611,16745.83,14616.47,M522562723,0.0,0.0,0,0,0.0,2129.36,88662d1d-13fb-46d5-89c1-e68e75c9017d,C430730611,PAYMENT,USD,False,2026-10-05T00:00:00+00:00
92,PAYMENT,3627.52,C875509468,17695.05,14067.53,M667280402,0.0,0.0,0,0,-0.0,3627.52,61e369e5-ba77-4829-a31f-0a7c4404357e,C875509468,PAYMENT,USD,False,2026-10-04T20:00:00+00:00
21,CASH_IN,30252.94,C960345542,1043.6,31296.54,C368438908,48578.47,18325.53,0,0,-60505.88,60505.88,296e62c0-eeb8-40bd-8572-004a41949855,C960345542,CASH_IN,USD,False,2026-10-01T21:00:00+00:00
16,PAYMENT,606.19,C325097061,4646.92,4040.73,M625176174,0.0,0.0,0,0,0.0,606.19,f495f56e-a0d4-4497-881d-ec3edff4f971,C325097061,PAYMENT,USD,False,2026-10-01T16:00:00+00:00
68,PAYMENT,3760.49,C709872762,26213.09,22452.6,M239469212,0.0,0.0,0,0,0.0,3760.49,2c241f79-ae72-4f56-9786-3007530d0eba,C709872762,PAYMENT,USD,False,2026-10-03T20:00:00+00:00
64,CASH_OUT,121785.54,C995769426,130808.07,9022.53,C117629000,2802.72,124588.26,0,0,0.0,0.0,e3686867-6f19-4413-86c3-36a9dfd21885,C995769426,CASH_OUT,USD,False,2026-10-03T16:00:00+00:00
60,TRANSFER,152710.02,C255422037,287969.06,135259.04,C194889047,14901.31,167611.33,0,0,0.0,0.0,4982184b-642a-4949-91d5-193e44e7f991,C255422037,TRANSFER,USD,False,2026-10-03T12:00:00+00:00
47,CASH_IN,25000.44,C668011575,7477.24,32477.68,C130053409,72158.03,47157.59,0,0,-50000.88,50000.88,ef6b6791-f1d8-4450-b923-7cebfd5614f3,C668011575,CASH_IN,USD,False,2026-10-02T23:00:00+00:00
81,TRANSFER,38187.12,C742381335,105521.36,67334.24,C211206375,49554.11,87741.23,0,0,-0.0,0.0,b41bdce1-f099-45f4-8157-1ce504ccd460,C742381335,TRANSFER,USD,False,2026-10-04T09:00:00+00:00
46,CASH_OUT,137899.24,C644509042,171273.86,33374.62,C247668785,8099.77,145999.01,0,0,-0.0,-0.0,9f6c8343-166e-4a1e-a574-113886536ca2,C644509042,CASH_OUT,USD,False,2026-10-02T22:00:00+00:00
76,DEBIT,371.37,C385287934,1757.51,1386.14,C231576116,1500.98,1872.35,0,0,-0.0,0.0,4b9e2884-7269-4a71-a69a-7f529ff1d468,C385287934,DEBIT,USD,False,2026-10-04T04:00:00+00:00
31,CASH_OUT,46680.33,C930157967,72065.23,25384.9,C646568148,44949.7,91630.03,0,0,-0.0,0.0,d458400b-85af-4847-911a-11dc687d277b,C930157967,CASH_OUT,USD,False,2026-10-02T07:00:00+00:00
95,PAYMENT,3667.76,C771709698,9525.19,5857.43,M791250747,0.0,0.0,0,0,0.0,3667.76,3538c4ef-482c-4972-9b07-092477b857ef,C771709698,PAYMENT,USD,False,2026-10-04T23:00:00+00:00
6,CASH_IN,34119.23,C325567963,2055.87,36175.1,C816114302,78231.51,44112.28,0,0,-68238.46,68238.46,215f19be-6798-4b14-8bc6-3c6759601c9b,C325567963,CASH_IN,USD,False,2026-10-01T06:00:00+00:00
39,PAYMENT,4669.76,C620312606,37140.77,32471.01,M180619668,0.0,0.0,0,0,-0.0,4669.76,ba980840-9b5e-46d1-8db3-46cba54f0ce8,C620312606,PAYMENT,USD,False,2026-10-02T15:00:00+00:00
100,CASH_OUT,115904.89,C897272900,243336.8,127431.91,C631838653,5660.55,121565.44,0,0,-0.0,0.0,95559b18-359c-4acd-aa43-9088d0502529,C897272900,CASH_OUT,USD,False,2026-10-05T04:00:00+00:00
21,CASH_IN,47094.62,C687386446,6759.01,53853.63,C199970392,98542.33,51447.71,0,0,-94189.24,94189.24,867dddd4-7891-4093-be04-cfb26e6fad6d,C687386446,CASH_IN,USD,False,2026-10-01T21:00:00+00:00
67,CASH_OUT,521596.85,C646282887,521596.85,0.0,C370932583,2336.49,523933.34,1,0,0.0,-0.0,5b6544aa-313a-4b7c-9e7f-7e178e670177,C646282887,CASH_OUT,USD,False,2026-10-03T19:00:00+00:00
17,PAYMENT,2039.32,C193429353,19064.58,17025.26,M681510765,0.0,0.0,0,0,0.0,2039.32,7955a573-306a-4ad9-96c7-a058399fb4ef,C193429353,PAYMENT,USD,False,2026-10-01T17:00:00+00:00
8,CASH_OUT,99060.41,C139829091,128967.16,29906.75,C788768615,28727.86,127788.27,0,0,0.0,0.0,5578c12f-4abd-4a32-b377-6aebb0c29249,C139829091,CASH_OUT,USD,False,2026-10-01T08:00:00+00:00
14,PAYMENT,3083.22,C117637808,5960.1,2876.88,M541608179,0.0,0.0,0,0,0.0,3083.22,b4498a16-3d23-4791-9a0f-9610632d3470,C117637808,PAYMENT,USD,False,2026-10-01T14:00:00+00:00
69,PAYMENT,2877.36,C653380476,6595.46,3718.1,M871531100,0.0,0.0,0,0,0.0,2877.36,ec90bd48-4d8c-410e-a81e-7cf7d4e8f1e3,C653380476,PAYMENT,USD,False,2026-10-03T21:00:00+00:00
31,PAYMENT,3277.73,C890340597,12185.18,8907.45,M785137090,0.0,0.0,0,0,0.0,3277.73,6633e609-71fd-4493-9d8d-3971fea677d7,C890340597,PAYMENT,USD,False,2026-10-02T07:00:00+00:00
14,CASH_OUT,4480.35,C868546986,12568.71,8088.36,C450577559,38315.44,42795.79,0,0,-0.0,0.0,00904920-df78-4978-a506-1110ebf51977,C868546986,CASH_OUT,USD,False,2026-10-01T14:00:00+00:00
40,CASH_OUT,91782.85,C560632480,115541.41,23758.56,C743295718,14094.86,105877.71,0,0,-0.0,0.0,e591443b-28bc-420b-9e6a-8000f4660fb6,C560632480,CASH_OUT,USD,False,2026-10-02T16:00:00+00:00
29,CASH_IN,37900.94,C317790892,3541.56,41442.5,C171013341,95515.21,57614.27,0,0,-75801.88,75801.88,f1a3b6ba-2960-48dc-94f2-4aa9c3877ea4,C317790892,CASH_IN,USD,False,2026-10-02T05:00:00+00:00
71,CASH_OUT,81699.03,C579565455,192603.1,110904.07,C129434510,2102.16,83801.19,0,0,0.0,0.0,6d1c191f-9d20-4394-871c-e2e92d6e46bc,C579565455,CASH_OUT,USD,False,2026-10-03T23:00:00+00:00
41,CASH_OUT,126743.62,C448594692,320454.61,193710.99,C542750235,21529.4,148273.02,0,0,0.0,0.0,782aa786-0979-4361-91a1-63da89cbac76,C448594692,CASH_OUT,USD,False,2026-10-02T17:00:00+00:00
31,PAYMENT,367.08,C550633661,3420.36,3053.28,M682231056,0.0,0.0,0,0,0.0,367.08,87b2a323-7216-4545-a321-faa73a93e1ae,C550633661,PAYMENT,USD,False,2026-10-02T07:00:00+00:00
49,CASH_OUT,131583.89,C394123530,274988.33,143404.44,C828857585,45619.52,177203.41,0,0,0.0,0.0,53fcc4dc-284a-40d5-9b7a-e01410b8800c,C394123530,CASH_OUT,USD,False,2026-10-03T01:00:00+00:00
62,CASH_IN,3235.65,C258785076,1308.26,4543.91,C480547282,72168.01,68932.36,0,0,-6471.3,6471.3,3de08971-7206-4e03-908f-f27455be3520,C258785076,CASH_IN,USD,False,2026-10-03T14:00:00+00:00
67,CASH_OUT,65106.42,C462747729,194729.71,129623.29,C837424573,17136.64,82243.06,0,0,0.0,0.0,ae96768c-b9d7-4236-8d74-b8c3fe77bf0c,C462747729,CASH_OUT,USD,False,2026-10-03T19:00:00+00:00
16,CASH_OUT,69750.02,C960514523,207561.06,137811.04,C670298515,29772.62,99522.64,0,0,-0.0,0.0,401bfac6-eb5d-4323-9511-eaf814540f83,C960514523,CASH_OUT,USD,False,2026-10-01T16:00:00+00:00
58,CASH_OUT,148157.77,C850558193,188892.47,40734.7,C275394713,9655.43,157813.2,0,0,0.0,-0.0,389be28e-f5ef-4c7c-beee-8570d57648b3,C850558193,CASH_OUT,USD,False,2026-10-03T10:00:00+00:00
11,PAYMENT,2259.85,C864726126,12933.12,10673.27,M550672916,0.0,0.0,0,0,0.0,2259.85,a97ad66a-4f14-4069-bb98-cb87c2b593f2,C864726126,PAYMENT,USD,False,2026-10-01T11:00:00+00:00
67,TRANSFER,28788.31,C460591086,68414.58,39626.27,C288778639,29849.72,58638.03,0,0,0.0,0.0,dcf4392b-9a7e-4c4c-91f8-91df7679f543,C460591086,TRANSFER,USD,False,2026-10-03T19:00:00+00:00
4,PAYMENT,595.54,C497692607,3203.22,2607.68,M353061966,0.0,0.0,0,0,0.0,595.54,799194ca-b47c-4ea7-ab75-90807090ebcb,C497692607,PAYMENT,USD,False,2026-10-01T04:00:00+00:00
22,TRANSFER,907927.48,C436104080,907927.48,0.0,C298651998,2072.37,909999.85,1,0,0.0,0.0,e574206e-7a9b-49fd-9d79-c973f5874a45,C436104080,TRANSFER,USD,False,2026-10-01T22:00:00+00:00
11,CASH_IN,46947.35,C317995417,9736.96,56684.31,C550756345,50607.63,3660.28,0,0,-93894.7,93894.7,e8ca4777-8121-4abf-96b0-dc2f2153ca0a,C317995417,CASH_IN,USD,False,2026-10-01T11:00:00+00:00
67,CASH_OUT,116743.92,C924760361,145070.22,28326.3,C196616677,5955.55,122699.47,0,0,0.0,0.0,fa313a88-baed-4353-8ab9-f85dac27dcbc,C924760361,CASH_OUT,USD,False,2026-10-03T19:00:00+00:00
9,PAYMENT,3954.82,C397264190,16822.97,12868.15,M148353737,0.0,0.0,0,0,0.0,3954.82,6e52f34d-10b6-40f8-9287-0d709d84fd8e,C397264190,PAYMENT,USD,False,2026-10-01T09:00:00+00:00
94,PAYMENT,1280.81,C876676811,5546.81,4266.0,M789808060,0.0,0.0,0,0,0.0,1280.81,73d4f22e-181c-495a-a368-126d35a4d1d2,C876676811,PAYMENT,USD,False,2026-10-04T22:00:00+00:00
74,CASH_OUT,117626.31,C178255153,241226.88,123600.57,C441298507,47849.39,165475.7,0,0,0.0,0.0,6e41862a-c58b-4b58-8051-24a14ab5412f,C178255153,CASH_OUT,USD,False,2026-10-04T02:00:00+00:00
49,CASH_IN,3480.97,C375333978,13659.15,17140.12,C856768276,8577.8,5096.83,0,0,-6961.94,6961.94,72fbca58-c7de-4137-ba19-37aa982d6fca,C375333978,CASH_IN,USD,False,2026-10-03T01:00:00+00:00
9,CASH_OUT,72687.51,C894929258,82185.38,9497.87,C902645429,25789.36,98476.87,0,0,0.0,0.0,072b8990-8264-4171-b0e8-03a3f536440f,C894929258,CASH_OUT,USD,False,2026-10-01T09:00:00+00:00
35,TRANSFER,191342.62,C221730927,261052.01,69709.39,C462419904,61279.98,252622.6,0,0,0.0,0.0,76061e55-e64a-402e-856a-090761014ae7,C221730927,TRANSFER,USD,False,2026-10-02T11:00:00+00:00
78,CASH_OUT,137087.01,C623989827,156561.75,19474.74,C644512278,28697.94,165784.95,0,0,-0.0,0.0,728cea00-f569-4b69-82fe-ef6729ad691f,C623989827,CASH_OUT,USD,False,2026-10-04T06:00:00+00:00
67,CASH_OUT,6962.14,C214162630,13818.76,6856.62,C276260482,41091.93,48054.07,0,0,0.0,0.0,4340042f-6e23-4bf7-94eb-ffcf385249f6,C214162630,CASH_OUT,USD,False,2026-10-03T19:00:00+00:00
68,PAYMENT,1340.29,C480578233,2293.47,953.18,M526164289,0.0,0.0,0,0,-0.0,1340.29,bd4362b5-4506-4091-8f4b-a472e12555d4,C480578233,PAYMENT,USD,False,2026-10-03T20:00:00+00:00
11,PAYMENT,1478.76,C190224542,6157.81,4679.05,M657079511,0.0,0.0,0,0,0.0,1478.76,7d768224-6f69-4b43-8aa5-f87665de076d,C190224542,PAYMENT,USD,False,2026-10-01T11:00:00+00:00
52,PAYMENT,1505.21,C735325355,2947.91,1442.7,M376641293,0.0,0.0,0,0,-0.0,1505.21,b766eace-5c24-4859-a737-3ecca6b7c98e,C735325355,PAYMENT,USD,False,2026-10-03T04:00:00+00:00
24,DEBIT,1886.7,C439219391,9148.5,7261.8,C336875344,4556.98,6443.68,0,0,0.0,-0.0,c2a8ca5a-e026-4d99-b3e5-cc229fa4f268,C439219391,DEBIT,USD,False,2026-10-02T00:00:00+00:00
20,PAYMENT,3957.92,C952485739,37700.15,33742.23,M493647374,0.0,0.0,0,0,0.0,3957.92,d20934a4-72c3-470e-bb7b-8d07a9f5e792,C952485739,PAYMENT,USD,False,2026-10-01T20:00:00+00:00
14,TRANSFER,662702.22,C485930437,662702.22,0.0,C184624287,2593.29,665295.51,1,0,0.0,0.0,15d6f72e-2f38-42f1-9ffc-e6f4489cf8ce,C485930437,TRANSFER,USD,False,2026-10-01T14:00:00+00:00
87,TRANSFER,56184.67,C292569534,221605.91,165421.24,C653808250,76326.35,132511.02,0,0,0.0,0.0,23597c41-40a0-4f4a-8810-4bf1e1360b1b,C292569534,TRANSFER,USD,False,2026-10-04T15:00:00+00:00
23,TRANSFER,1166.89,C879454950,2096.78,929.89,C725199704,48999.32,50166.21,0,0,0.0,0.0,8047593e-d047-412b-a661-69e08139dae8,C879454950,TRANSFER,USD,False,2026-10-01T23:00:00+00:00
93,CASH_OUT,80864.96,C411592665,154684.38,73819.42,C911505699,14224.28,95089.24,0,0,0.0,0.0,22078356-ff6d-42f5-84a9-b95e0a91c316,C411592665,CASH_OUT,USD,False,2026-10-04T21:00:00+00:00
68,PAYMENT,3957.76,C527282034,9548.13,5590.37,M145403352,0.0,0.0,0,0,-0.0,3957.76,c32f7425-a467-4135-8544-af961d716a5d,C527282034,PAYMENT,USD,False,2026-10-03T20:00:00+00:00
20,TRANSFER,26323.72,C583745511,53445.4,27121.68,C999126903,57145.24,83468.96,0,0,0.0,-0.0,faae7fb6-a516-4b22-8687-b63953dc0a78,C583745511,TRANSFER,USD,False,2026-10-01T20:00:00+00:00
42,PAYMENT,1692.75,C917652479,4402.99,2710.24,M618942472,0.0,0.0,0,0,0.0,1692.75,1e37ddc2-0a8c-4bfb-a46f-2e5d9f4060d5,C917652479,PAYMENT,USD,False,2026-10-02T18:00:00+00:00
33,CASH_OUT,89766.83,C291343796,248788.68,159021.85,C889435015,38215.91,127982.74,0,0,-0.0,0.0,27cd4482-0cc8-48c4-8979-26e8f30f8ade,C291343796,CASH_OUT,USD,False,2026-10-02T09:00:00+00:00
92,CASH_IN,33860.73,C455604686,17691.68,51552.41,C649454789,80481.33,46620.6,0,0,-67721.46,67721.46,0815b12e-123d-4430-902e-933384674c82,C455604686,CASH_IN,USD,False,2026-10-04T20:00:00+00:00
24,CASH_OUT,53033.02,C771636160,76860.68,23827.66,C201332643,6527.5,59560.52,0,0,-0.0,0.0,def3845e-5211-4e30-8051-5fba63e4e513,C771636160,CASH_OUT,USD,False,2026-10-02T00:00:00+00:00
15,CASH_OUT,83273.9,C360997634,151164.08,67890.18,C222279518,25412.81,108686.71,0,0,0.0,-0.0,4b5de5e2-2822-4892-b537-5b1c64c468de,C360997634,CASH_OUT,USD,False,2026-10-01T15:00:00+00:00
12,PAYMENT,3134.99,C734740899,24768.0,21633.01,M121590125,0.0,0.0,0,0,0.0,3134.99,c8e352a3-fb09-4d43-ab10-0f6b51e87a17,C734740899,PAYMENT,USD,False,2026-10-01T12:00:00+00:00
20,CASH_OUT,74896.3,C897329706,179410.4,104514.1,C671488738,33649.3,108545.6,0,0,-0.0,0.0,565e056c-b08a-458e-a7c5-175bac7b4ec8,C897329706,CASH_OUT,USD,False,2026-10-01T20:00:00+00:00
63,TRANSFER,147311.59,C525571850,337390.22,190078.63,C535206561,18808.91,166120.5,0,0,-0.0,0.0,1211f6cb-fc4c-43f1-a471-4b51c5ebf8c7,C525571850,TRANSFER,USD,False,2026-10-03T15:00:00+00:00
74,PAYMENT,3417.12,C901179178,18763.39,15346.27,M304190795,0.0,0.0,0,0,0.0,3417.12,09f3caf6-89f2-49ce-952f-39e58cb198d2,C901179178,PAYMENT,USD,False,2026-10-04T02:00:00+00:00
49,TRANSFER,689732.48,C920512735,689732.48,0.0,C830573088,4448.28,694180.76,1,0,0.0,0.0,941eeac3-0d87-4c4d-bdd5-72345e28bc72,C920512735,TRANSFER,USD,False,2026-10-03T01:00:00+00:00
32,CASH_OUT,144062.02,C357108928,198327.36,54265.34,C626958290,20214.23,164276.25,0,0,0.0,0.0,0eaec170-69b4-4b7d-ad00-d76a3beebd3d,C357108928,CASH_OUT,USD,False,2026-10-02T08:00:00+00:00
83,PAYMENT,1087.6,C152385253,8269.82,7182.22,M662557672,0.0,0.0,0,0,-0.0,1087.6,bf894819-6072-4bce-8668-c082575ffdad,C152385253,PAYMENT,USD,False,2026-10-04T11:00:00+00:00
86,TRANSFER,143816.21,C758841666,541537.41,397721.2,C668996535,50201.55,194017.76,0,0,0.0,0.0,a10190e9-44ec-4c7e-9ee1-75f826e922ea,C758841666,TRANSFER,USD,False,2026-10-04T14:00:00+00:00
77,CASH_OUT,52095.39,C176940902,129241.28,77145.89,C819274604,29321.45,81416.84,0,0,0.0,0.0,fd91aab5-624a-41a9-96a2-e224aeb70702,C176940902,CASH_OUT,USD,False,2026-10-04T05:00:00+00:00
44,CASH_OUT,25861.39,C717877949,37325.85,11464.46,C732567335,34729.88,60591.27,0,0,0.0,0.0,6e92163c-4be7-4405-94b1-4c1402213ab6,C717877949,CASH_OUT,USD,False,2026-10-02T20:00:00+00:00
79,CASH_OUT,77169.09,C913043828,101743.19,24574.1,C579125557,28317.86,105486.95,0,0,0.0,0.0,3b5e7377-92da-4a69-96d4-7bb66a3e4daf,C913043828,CASH_OUT,USD,False,2026-10-04T07:00:00+00:00
40,CASH_IN,6989.59,C102165309,5659.91,12649.5,C490073376,72345.73,65356.14,0,0,-13979.18,13979.18,c06a6b64-bcdc-40ba-bd41-70b3db1fe007,C102165309,CASH_IN,USD,False,2026-10-02T16:00:00+00:00
91,CASH_OUT,24635.24,C789914514,35808.24,11173.0,C982235154,8752.52,33387.76,0,0,-0.0,0.0,c68ec43f-a1a6-49b7-8843-16d9364d3dce,C789914514,CASH_OUT,USD,False,2026-10-04T19:00:00+00:00
23,CASH_OUT,79428.9,C761122988,190006.46,110577.56,C231011214,26186.05,105614.95,0,0,0.0,0.0,745270c4-a9c0-4ffe-bbd7-18a3e2486a4b,C761122988,CASH_OUT,USD,False,2026-10-01T23:00:00+00:00
14,CASH_OUT,35328.54,C866494676,60787.48,25458.94,C910309537,17854.05,53182.59,0,0,0.0,0.0,7772ede2-a227-4bf6-88f6-c39c83f1ffb8,C866494676,CASH_OUT,USD,False,2026-10-01T14:00:00+00:00
59,PAYMENT,2725.79,C270089241,27178.62,24452.83,M552930293,0.0,0.0,0,0,-0.0,2725.79,238e608b-11cb-4ef2-941c-23f57e7b8ea1,C270089241,PAYMENT,USD,False,2026-10-03T11:00:00+00:00
58,CASH_OUT,42566.22,C878731965,45464.28,2898.06,C307317573,30969.86,73536.08,0,0,-0.0,0.0,1bc3b00a-65cc-43c2-8a38-2e1fa85a2dea,C878731965,CASH_OUT,USD,False,2026-10-03T10:00:00+00:00
38,PAYMENT,3476.94,C964575468,22485.53,19008.59,M257331241,0.0,0.0,0,0,0.0,3476.94,f8bd306c-c7b3-4253-8bf8-52911e3aab47,C964575468,PAYMENT,USD,False,2026-10-02T14:00:00+00:00
69,CASH_OUT,85945.71,C108503323,243581.32,157635.61,C763921816,15317.47,101263.18,0,0,0.0,0.0,8053f71b-07e9-422b-b24f-bfa198a0f0c4,C108503323,CASH_OUT,USD,False,2026-10-03T21:00:00+00:00
83,CASH_OUT,147542.87,C704753177,338387.69,190844.82,C827429909,48340.56,195883.43,0,0,0.0,0.0,79026c9a-e2f9-4e75-b8d9-b3365967da40,C704753177,CASH_OUT,USD,False,2026-10-04T11:00:00+00:00
51,CASH_IN,46833.61,C300050585,17534.86,64368.47,C410812797,1917.45,0.0,0,0,-93667.22,48751.06,a8044e5b-d1e2-4398-b53b-73ac8f069f76,C300050585,CASH_IN,USD,False,2026-10-03T03:00:00+00:00
19,TRANSFER,246900.15,C549856928,468996.04,222095.89,C780766368,66017.39,312917.54,0,1,-0.0,0.0,2943f7cd-f7b4-4809-96e3-610edbd7fc2b,C549856928,TRANSFER,USD,False,2026-10-01T19:00:00+00:00
57,CASH_IN,21979.69,C589857352,9367.75,31347.44,C502207830,75930.01,53950.32,0,0,-43959.38,43959.38,4557bd97-9185-4868-9118-24c75b8a2768,C589857352,CASH_IN,USD,False,2026-10-03T09:00:00+00:00
62,CASH_OUT,92652.03,C129752081,106292.99,13640.96,C476236519,6534.79,99186.82,0,0,0.0,-0.0,11d5360b-96dc-4737-b5cc-bd1deefe49b1,C129752081,CASH_OUT,USD,False,2026-10-03T14:00:00+00:00
63,DEBIT,1759.59,C495152475,4265.57,2505.98,C954251421,2683.22,4442.81,0,0,-0.0,-0.0,102b26c7-7e61-47a8-92b1-64fc18b794ba,C495152475,DEBIT,USD,False,2026-10-03T15:00:00+00:00
60,PAYMENT,113.98,C552989372,1039.7,925.72,M278354412,0.0,0.0,0,0,0.0,113.98,d63366ee-99ef-45ba-a9ad-cbe717c9f3fe,C552989372,PAYMENT,USD,False,2026-10-03T12:00:00+00:00
100,CASH_IN,822.32,C950837330,45.03,867.35,C920914314,54521.44,53699.12,0,0,-1644.64,1644.64,0bfd9fb2-931b-45d0-ae88-b03c998c74bc,C950837330,CASH_IN,USD,False,2026-10-05T04:00:00+00:00
94,CASH_IN,44999.88,C928316966,16142.16,61142.04,C459715348,27926.08,0.0,0,0,-89999.76,72925.96,dfaf611c-f418-44b4-b82e-e5a84c9f7b7d,C928316966,CASH_IN,USD,False,2026-10-04T22:00:00+00:00
25,PAYMENT,3436.85,C312468211,12131.2,8694.35,M870298232,0.0,0.0,0,0,0.0,3436.85,b4b5f6d6-30b0-4b7b-ace3-468be5a208cf,C312468211,PAYMENT,USD,False,2026-10-02T01:00:00+00:00
46,CASH_IN,33719.87,C733386544,561.01,34280.88,C791396646,23829.36,0.0,0,0,-67439.74,57549.23,505901a0-0239-44c8-95c2-6782c42e96c7,C733386544,CASH_IN,USD,False,2026-10-02T22:00:00+00:00
93,PAYMENT,394.05,C986907524,817.5,423.45,M500299721,0.0,0.0,0,0,0.0,394.05,69655ef1-e95a-47f8-9964-bfdce81dedf9,C986907524,PAYMENT,USD,False,2026-10-04T21:00:00+00:00
80,PAYMENT,773.65,C387527837,4343.47,3569.82,M327805883,0.0,0.0,0,0,0.0,773.65,15ab70e7-c544-4c5f-8289-ca8881a16bdc,C387527837,PAYMENT,USD,False,2026-10-04T08:00:00+00:00
7,TRANSFER,198319.43,C432079935,675172.33,476852.9,C251892535,36697.08,235016.51,0,0,-0.0,0.0,0946c707-f279-41ea-9e97-12010a70499d,C432079935,TRANSFER,USD,False,2026-10-01T07:00:00+00:00
11,CASH_IN,19037.3,C208449460,12713.69,31750.99,C586845604,37118.39,18081.09,0,0,-38074.6,38074.6,4f446b08-0141-456f-90b9-c1697ee4f496,C208449460,CASH_IN,USD,False,2026-10-01T11:00:00+00:00
60,PAYMENT,722.63,C751396498,2799.36,2076.73,M871336275,0.0,0.0,0,0,0.0,722.63,93ae30c2-a253-454a-81e8-0b1deccaed84,C751396498,PAYMENT,USD,False,2026-10-03T12:00:00+00:00
17,TRANSFER,60949.62,C415297820,85260.77,24311.15,C441713055,61188.41,122138.03,0,0,0.0,0.0,9e30871f-cdeb-4327-a31c-b04a4a554ffd,C415297820,TRANSFER,USD,False,2026-10-01T17:00:00+00:00
1,TRANSFER,39185.61,C303873421,132185.05,92999.44,C643143165,16090.01,55275.62,0,0,-0.0,0.0,f8e24c4c-9eb5-4baa-b500-6d38c768a040,C303873421,TRANSFER,USD,False,2026-10-01T01:00:00+00:00
35,CASH_IN,6592.97,C178328639,6023.24,12616.21,C218376857,86998.98,80406.01,0,0,-13185.94,13185.94,735dc2b0-1396-4405-aacb-7d278d32b8c1,C178328639,CASH_IN,USD,False,2026-10-02T11:00:00+00:00
93,CASH_IN,32467.95,C942530606,4350.16,36818.11,C804760422,25344.11,0.0,0,0,-64935.9,57812.06,43dbdd9c-ef48-492e-bd3d-b85c4540b5db,C942530606,CASH_IN,USD,False,2026-10-04T21:00:00+00:00
28,CASH_OUT,141008.07,C367043613,379447.63,238439.56,C138735200,37756.09,178764.16,0,0,0.0,0.0,8804d893-1f42-45e9-80ce-cd1c86153854,C367043613,CASH_OUT,USD,False,2026-10-02T04:00:00+00:00
35,PAYMENT,2628.43,C762208123,22487.2,19858.77,M950309725,0.0,0.0,0,0,0.0,2628.43,8a87282d-5b83-41b2-be8e-df695f07ea7e,C762208123,PAYMENT,USD,False,2026-10-02T11:00:00+00:00
15,DEBIT,1830.33,C432616209,5939.7,4109.37,C421077501,2391.95,4222.28,0,0,0.0,0.0,b577e817-50d9-4daf-a93d-26ee1ab9925f,C432616209,DEBIT,USD,False,2026-10-01T15:00:00+00:00
23,CASH_IN,47858.06,C474194628,4125.8,51983.86,C365500051,1649.49,0.0,0,0,-95716.12,49507.55,7ace069b-d4e2-4fc1-aaeb-2f6357192546,C474194628,CASH_IN,USD,False,2026-10-01T23:00:00+00:00
29,DEBIT,1783.08,C369907473,5373.35,3590.27,C681905812,2781.1,4564.18,0,0,0.0,0.0,15ef140c-cab6-449f-8dfa-d2c9a76d8927,C369907473,DEBIT,USD,False,2026-10-02T05:00:00+00:00
38,PAYMENT,1952.79,C989297289,5911.23,3958.44,M109167505,0.0,0.0,0,0,-0.0,1952.79,85c69825-8981-42e4-bad7-f7ba85bf5af7,C989297289,PAYMENT,USD,False,2026-10-02T14:00:00+00:00
64,CASH_OUT,137284.06,C282877760,141131.73,3847.67,C180722375,8073.85,145357.91,0,0,0.0,0.0,0df7648d-fcde-410b-a589-71c79279c654,C282877760,CASH_OUT,USD,False,2026-10-03T16:00:00+00:00
98,CASH_OUT,9274.47,C238608002,11410.26,2135.79,C286119282,23936.86,33211.33,0,0,0.0,0.0,48c103fa-6aea-4091-8d1b-e9f7f42fe5f6,C238608002,CASH_OUT,USD,False,2026-10-05T02:00:00+00:00
56,CASH_OUT,84921.91,C455699119,236896.67,151974.76,C202393989,45957.61,130879.52,0,0,0.0,0.0,372973ba-b75f-4fda-87e3-478beb39e4dd,C455699119,CASH_OUT,USD,False,2026-10-03T08:00:00+00:00
40,CASH_IN,7573.07,C995847952,13779.95,21353.02,C445146772,60274.28,52701.21,0,0,-15146.14,15146.14,466cfd04-770f-4431-8e40-39e61098f252,C995847952,CASH_IN,USD,False,2026-10-02T16:00:00+00:00
7,CASH_OUT,78714.77,C807808200,128610.39,49895.62,C573538845,9751.18,88465.95,0,0,-0.0,0.0,6c230a68-7b11-4f87-a4dc-b60c49d92eb8,C807808200,CASH_OUT,USD,False,2026-10-01T07:00:00+00:00
51,CASH_IN,15693.83,C655752874,585.97,16279.8,C265632702,66636.55,50942.72,0,0,-31387.66,31387.66,0d776adc-978d-46d2-a25a-747f237f2c8d,C655752874,CASH_IN,USD,False,2026-10-03T03:00:00+00:00
16,CASH_IN,3890.24,C359928114,17219.66,21109.9,C759191828,33612.87,29722.63,0,0,-7780.48,7780.48,1954b950-5d7c-4e04-a486-6c923c505f77,C359928114,CASH_IN,USD,False,2026-10-01T16:00:00+00:00
43,CASH_OUT,141537.78,C354201569,311373.12,169835.34,C932954653,21926.47,163464.25,0,0,0.0,0.0,5c05f934-26ef-4730-a8dc-e6ee8a100c44,C354201569,CASH_OUT,USD,False,2026-10-02T19:00:00+00:00
63,TRANSFER,52968.85,C181940124,112599.23,59630.38,C550871833,25086.79,78055.64,0,0,0.0,0.0,8d935d16-50fc-4559-a32c-b78b12bdc66a,C181940124,TRANSFER,USD,False,2026-10-03T15:00:00+00:00
34,CASH_OUT,85846.28,C621392697,92278.86,6432.58,C607929943,13770.71,99616.99,0,0,0.0,-0.0,40194459-01bb-4c35-921b-6fdcf206ecb9,C621392697,CASH_OUT,USD,False,2026-10-02T10:00:00+00:00
99,CASH_OUT,64567.48,C330879256,118005.28,53437.8,C345343109,41370.96,105938.44,0,0,-0.0,0.0,f410d530-f4de-44fb-b451-3fc9f7c57ad0,C330879256,CASH_OUT,USD,False,2026-10-05T03:00:00+00:00
11,CASH_OUT,87705.11,C882411034,164122.85,76417.74,C454852364,48146.84,135851.95,0,0,0.0,0.0,7ded6c81-1b0e-4a74-afdc-3d63aa84d3b4,C882411034,CASH_OUT,USD,False,2026-10-01T11:00:00+00:00
91,CASH_OUT,32331.62,C143303806,41922.72,9591.1,C451965766,35557.87,67889.49,0,0,0.0,0.0,15874d7a-73c7-4b35-b80a-3bb79db315e8,C143303806,CASH_OUT,USD,False,2026-10-04T19:00:00+00:00
14,CASH_OUT,57243.89,C106336800,63931.98,6688.09,C704207045,19376.36,76620.25,0,0,0.0,0.0,49d2c4cc-bb55-41cd-bd81-5b17195cd1ec,C106336800,CASH_OUT,USD,False,2026-10-01T14:00:00+00:00
69,PAYMENT,3230.98,C970513199,20826.03,17595.05,M741654357,0.0,0.0,0,0,0.0,3230.98,71daff37-62b4-45ac-aad0-463d424a9b8e,C970513199,PAYMENT,USD,False,2026-10-03T21:00:00+00:00
92,PAYMENT,4858.99,C674477822,39209.39,34350.4,M219907046,0.0,0.0,0,0,0.0,4858.99,96de646f-c2ea-4aa1-ab2f-6cee9d62e6b7,C674477822,PAYMENT,USD,False,2026-10-04T20:00:00+00:00
48,CASH_IN,6623.22,C194061273,10213.84,16837.06,C349720370,81453.49,74830.27,0,0,-13246.44,13246.44,92bf79e4-d1f2-45ad-9bec-83d03663ca39,C194061273,CASH_IN,USD,False,2026-10-03T00:00:00+00:00
42,PAYMENT,4367.81,C486767831,33292.83,28925.02,M967108597,0.0,0.0,0,0,0.0,4367.81,d589f0c1-0494-45a1-a45c-fc7ef170867b,C486767831,PAYMENT,USD,False,2026-10-02T18:00:00+00:00
27,CASH_IN,29690.81,C625931052,2826.61,32517.42,C190074889,62032.36,32341.55,0,0,-59381.62,59381.62,5161ea08-306e-4d95-b825-28b9d98f519d,C625931052,CASH_IN,USD,False,2026-10-02T03:00:00+00:00
100,CASH_OUT,32484.33,C127531354,34052.96,1568.63,C294065618,47297.49,79781.82,0,0,-0.0,0.0,27482dd2-7b38-4a39-a594-802122e6c04c,C127531354,CASH_OUT,USD,False,2026-10-05T04:00:00+00:00
73,CASH_IN,46621.87,C906425007,9225.3,55847.17,C689324397,55416.8,8794.93,0,0,-93243.74,93243.74,1695685d-c3d9-4a3b-9e1c-d8c673abb586,C906425007,CASH_IN,USD,False,2026-10-04T01:00:00+00:00
40,CASH_IN,47135.74,C789683047,14948.17,62083.91,C305177088,74072.94,26937.2,0,0,-94271.48,94271.48,55d850ae-166a-47ae-8777-a1082fb4007a,C789683047,CASH_IN,USD,False,2026-10-02T16:00:00+00:00
65,CASH_IN,36775.28,C485771029,3842.11,40617.39,C669517824,74142.91,37367.63,0,0,-73550.56,73550.56,89cc5994-fc5d-42d0-acf1-ef856754144d,C485771029,CASH_IN,USD,False,2026-10-03T17:00:00+00:00
74,PAYMENT,4195.46,C552855808,17644.11,13448.65,M149816092,0.0,0.0,0,0,0.0,4195.46,750577b3-cc1d-4c47-b44d-714cb1a501a1,C552855808,PAYMENT,USD,False,2026-10-04T02:00:00+00:00
48,PAYMENT,4937.01,C357070361,34091.05,29154.04,M721162257,0.0,0.0,0,0,0.0,4937.01,64c9d532-54a7-4ac0-9ed0-e7a927300b32,C357070361,PAYMENT,USD,False,2026-10-03T00:00:00+00:00
33,CASH_OUT,60487.97,C277812762,145916.54,85428.57,C741936943,31188.78,91676.75,0,0,0.0,0.0,664ff0ce-b60d-4deb-bda2-6cc321de1ef1,C277812762,CASH_OUT,USD,False,2026-10-02T09:00:00+00:00
64,CASH_OUT,56459.57,C470403591,81104.59,24645.02,C304426702,3716.8,60176.37,0,0,-0.0,0.0,11f45bb5-0849-46ff-a018-aae6af769ada,C470403591,CASH_OUT,USD,False,2026-10-03T16:00:00+00:00
8,CASH_OUT,121699.4,C100566867,183430.43,61731.03,C119499324,21729.84,143429.24,0,0,0.0,0.0,f1f20414-5dfc-4405-90a0-1253836b2207,C100566867,CASH_OUT,USD,False,2026-10-01T08:00:00+00:00
85,PAYMENT,1953.57,C847197907,13041.16,11087.59,M214641286,0.0,0.0,0,0,0.0,1953.57,655393b9-a79c-4c24-9b25-11ce4b9a90e2,C847197907,PAYMENT,USD,False,2026-10-04T13:00:00+00:00
62,PAYMENT,3259.93,C920855521,22094.49,18834.56,M886558549,0.0,0.0,0,0,0.0,3259.93,69d5a080-e283-4e6d-82b0-c869ed9488d0,C920855521,PAYMENT,USD,False,2026-10-03T14:00:00+00:00
49,CASH_OUT,88193.06,C492234424,101922.51,13729.45,C997078087,12579.32,100772.38,0,0,-0.0,0.0,fdf2f80f-7954-4df0-9a1f-1a2f5d63daec,C492234424,CASH_OUT,USD,False,2026-10-03T01:00:00+00:00
30,TRANSFER,49967.42,C596524942,177658.79,127691.37,C852973431,3982.64,53950.06,0,0,0.0,0.0,e17935b1-bef3-4f9c-a1ab-d61faeaa13c7,C596524942,TRANSFER,USD,False,2026-10-02T06:00:00+00:00
60,TRANSFER,103463.03,C703857319,276438.76,172975.73,C547221915,10727.42,114190.45,0,0,0.0,0.0,e57288b9-8e4d-45d1-85d8-247851246e42,C703857319,TRANSFER,USD,False,2026-10-03T12:00:00+00:00
6,PAYMENT,4436.06,C670051497,30266.41,25830.35,M194199394,0.0,0.0,0,0,0.0,4436.06,734877f2-592c-48ab-8b2b-4b171e1985f1,C670051497,PAYMENT,USD,False,2026-10-01T06:00:00+00:00
86,DEBIT,640.17,C170629479,748.48,108.31,C284813059,3091.74,3731.91,0,0,0.0,0.0,94ba6ee2-cf7b-41f0-aa9d-c701d217b291,C170629479,DEBIT,USD,False,2026-10-04T14:00:00+00:00
5,CASH_OUT,77052.02,C621946930,171285.92,94233.9,C878048553,33933.4,110985.42,0,0,0.0,0.0,c9019472-6a79-4835-8886-77af08cac4a9,C621946930,CASH_OUT,USD,False,2026-10-01T05:00:00+00:00
37,CASH_IN,43257.16,C735453350,8850.33,52107.49,C165784237,51250.85,7993.69,0,0,-86514.32,86514.32,18c33e58-ee31-49d6-8f1f-8d7392250d72,C735453350,CASH_IN,USD,False,2026-10-02T13:00:00+00:00
100,CASH_IN,25270.22,C359654955,1982.11,27252.33,C173376339,58235.23,32965.01,0,0,-50540.44,50540.44,c82242bf-04db-44d1-8796-98e70c8b8e4f,C359654955,CASH_IN,USD,False,2026-10-05T04:00:00+00:00
37,CASH_IN,30372.9,C347087743,4380.09,34752.99,C478301747,19823.07,0.0,0,0,-60745.8,50195.97,bbdf2a8b-9033-4bd1-beb0-8f3b5c5ac9f5,C347087743,CASH_IN,USD,False,2026-10-02T13:00:00+00:00
97,TRANSFER,95260.3,C350891920,206734.99,111474.69,C857640614,21010.01,116270.31,0,0,-0.0,0.0,108f4845-e440-46fd-a9be-fbcc3beff7b9,C350891920,TRANSFER,USD,False,2026-10-05T01:00:00+00:00
34,CASH_IN,20192.54,C920184955,8011.63,28204.17,C148578655,57457.88,37265.34,0,0,-40385.08,40385.08,db9b8eb7-d87f-437c-adce-21984ab7f1a1,C920184955,CASH_IN,USD,False,2026-10-02T10:00:00+00:00
5,DEBIT,766.77,C931296850,1875.5,1108.73,C968156321,2207.54,2974.31,0,0,0.0,0.0,c4a52242-9891-4b1d-ab74-6b5ee75ecbec,C931296850,DEBIT,USD,False,2026-10-01T05:00:00+00:00
13,PAYMENT,4905.44,C594993208,41672.83,36767.39,M493551454,0.0,0.0,0,0,0.0,4905.44,30f86a59-c679-45d3-9392-fd42a57de184,C594993208,PAYMENT,USD,False,2026-10-01T13:00:00+00:00
5,CASH_OUT,51506.55,C876314648,146848.33,95341.78,C897338846,37997.6,89504.15,0,0,-0.0,0.0,c5e61037-1c2e-48f2-a92d-ce29403ece4e,C876314648,CASH_OUT,USD,False,2026-10-01T05:00:00+00:00
31,TRANSFER,36497.34,C334084722,59940.53,23443.19,C288070455,21963.79,58461.13,0,0,0.0,0.0,282139c0-e379-4314-9b1d-7488c5281282,C334084722,TRANSFER,USD,False,2026-10-02T07:00:00+00:00
23,PAYMENT,4265.06,C490402402,30885.15,26620.09,M842159490,0.0,0.0,0,0,0.0,4265.06,6b9fe2fa-4440-4220-868a-80ec94344da4,C490402402,PAYMENT,USD,False,2026-10-01T23:00:00+00:00
18,PAYMENT,4152.71,C166216779,9038.11,4885.4,M338680070,0.0,0.0,0,0,0.0,4152.71,2f9ba405-a72f-4953-b815-dad78f864d60,C166216779,PAYMENT,USD,False,2026-10-01T18:00:00+00:00
64,CASH_IN,26177.46,C271665508,19640.85,45818.31,C520067776,11376.3,0.0,0,0,-52354.92,37553.76,f20e941b-dd7f-48be-a567-b4b9f51ff464,C271665508,CASH_IN,USD,False,2026-10-03T16:00:00+00:00
50,DEBIT,742.48,C272138688,2024.7,1282.22,C122481067,1569.3,2311.78,0,0,0.0,-0.0,e5fafb7e-d5b1-4549-8329-b96c8c43a48f,C272138688,DEBIT,USD,False,2026-10-03T02:00:00+00:00
33,CASH_OUT,115548.85,C212071430,244104.33,128555.48,C100584937,26981.2,142530.05,0,0,-0.0,0.0,7cf82896-4b75-448d-a9b3-9e77a0ef6085,C212071430,CASH_OUT,USD,False,2026-10-02T09:00:00+00:00
36,PAYMENT,3856.74,C458153605,37866.17,34009.43,M784095277,0.0,0.0,0,0,0.0,3856.74,e43ee806-41f7-4501-b89d-3ea45af94725,C458153605,PAYMENT,USD,False,2026-10-02T12:00:00+00:00
10,PAYMENT,1068.2,C900110851,8447.7,7379.5,M288450446,0.0,0.0,0,0,0.0,1068.2,20a6e8f7-8172-48b2-9d93-ace8a92e0ebe,C900110851,PAYMENT,USD,False,2026-10-01T10:00:00+00:00
12,CASH_OUT,90109.65,C669562242,115324.5,25214.85,C918949659,26029.23,116138.88,0,0,0.0,-0.0,1bdaf1fb-428f-4b43-a913-1672c2c38ee6,C669562242,CASH_OUT,USD,False,2026-10-01T12:00:00+00:00
86,CASH_IN,19883.71,C177390472,846.05,20729.76,C896760809,2855.41,0.0,0,0,-39767.42,22739.12,80feabbb-de3b-4a05-80cc-803aedb88e25,C177390472,CASH_IN,USD,False,2026-10-04T14:00:00+00:00
31,CASH_OUT,26219.51,C116944811,32866.6,6647.09,C156263020,21048.03,47267.54,0,0,0.0,-0.0,4d40c2d9-0c94-4afa-86e4-b503a98a7d5d,C116944811,CASH_OUT,USD,False,2026-10-02T07:00:00+00:00
52,CASH_IN,37280.52,C932225920,8706.89,45987.41,C739728228,13800.82,0.0,0,0,-74561.04,51081.34,d6648f49-b8f2-4962-a667-e2fc56ab531a,C932225920,CASH_IN,USD,False,2026-10-03T04:00:00+00:00
56,CASH_IN,41713.12,C608494141,14467.45,56180.57,C371200090,60493.25,18780.13,0,0,-83426.24,83426.24,45c93da3-4a41-4212-bcd4-ef9635593476,C608494141,CASH_IN,USD,False,2026-10-03T08:00:00+00:00
34,CASH_OUT,32948.6,C280970231,75452.88,42504.28,C728670022,29955.26,62903.86,0,0,0.0,0.0,f65ea190-2653-4110-86bf-2f3ab0145800,C280970231,CASH_OUT,USD,False,2026-10-02T10:00:00+00:00
11,CASH_OUT,64243.44,C635746975,155661.65,91418.21,C551744840,16999.07,81242.51,0,0,-0.0,0.0,b5271e70-f8c0-48c8-a9c3-0303fdf35b80,C635746975,CASH_OUT,USD,False,2026-10-01T11:00:00+00:00
71,PAYMENT,4810.52,C197936506,6421.16,1610.64,M753048081,0.0,0.0,0,0,-0.0,4810.52,2e1d66c7-8406-402f-b6aa-6f1aef894e5e,C197936506,PAYMENT,USD,False,2026-10-03T23:00:00+00:00
62,CASH_OUT,80300.99,C769093336,227191.7,146890.71,C287620469,3354.27,83655.26,0,0,0.0,0.0,9c5a92db-a1ae-4bcf-bcb4-08a37d72f289,C769093336,CASH_OUT,USD,False,2026-10-03T14:00:00+00:00
95,CASH_OUT,108764.69,C933381221,172756.99,63992.3,C307766587,8871.29,117635.98,0,0,-0.0,0.0,e2fe0fab-51c0-445b-b646-be3e53b24d3d,C933381221,CASH_OUT,USD,False,2026-10-04T23:00:00+00:00
68,CASH_IN,9556.21,C520484091,6747.64,16303.85,C725293851,68076.54,58520.33,0,0,-19112.42,19112.42,4e227f0f-6570-4400-82a4-8fa9bb32d19a,C520484091,CASH_IN,USD,False,2026-10-03T20:00:00+00:00
62,CASH_OUT,112920.51,C788501872,263009.82,150089.31,C616635640,3060.07,115980.58,0,0,0.0,0.0,39242a78-e159-45b9-9f66-bce701ef4e20,C788501872,CASH_OUT,USD,False,2026-10-03T14:00:00+00:00
26,CASH_IN,34442.18,C431784498,18191.25,52633.43,C662431852,43576.37,9134.19,0,0,-68884.36,68884.36,20fa137c-e0d9-4dff-a1a1-0232592990c3,C431784498,CASH_IN,USD,False,2026-10-02T02:00:00+00:00
100,TRANSFER,27105.14,C363505836,78476.25,51371.11,C721328532,61173.5,88278.64,0,0,0.0,0.0,2681f4e7-f412-4da1-98e1-464131203611,C363505836,TRANSFER,USD,False,2026-10-05T04:00:00+00:00
49,CASH_OUT,117849.02,C394174865,320918.03,203069.01,C895170314,30669.52,148518.54,0,0,0.0,0.0,b92c50f7-0d47-40ab-883a-cab8ad96a44d,C394174865,CASH_OUT,USD,False,2026-10-03T01:00:00+00:00
39,PAYMENT,3957.06,C130040913,31870.69,27913.63,M252621455,0.0,0.0,0,0,-0.0,3957.06,6ad49f81-da07-45bd-96e8-82b87f4c0faf,C130040913,PAYMENT,USD,False,2026-10-02T15:00:00+00:00
54,PAYMENT,632.12,C819477978,1040.29,408.17,M112458366,0.0,0.0,0,0,-0.0,632.12,19c6a91e-e53e-47f4-9890-150a804fd0e7,C819477978,PAYMENT,USD,False,2026-10-03T06:00:00+00:00
2,CASH_IN,12450.47,C382769582,7978.61,20429.08,C199868119,75130.03,62679.56,0,0,-24900.94,24900.94,3aa8c5a8-477a-4da3-a891-654825c22cd2,C382769582,CASH_IN,USD,False,2026-10-01T02:00:00+00:00
42,CASH_IN,20379.73,C472360508,8035.58,28415.31,C722997665,47280.93,26901.2,0,0,-40759.46,40759.46,096df7f9-0593-43ff-b25b-57547a6f4093,C472360508,CASH_IN,USD,False,2026-10-02T18:00:00+00:00
24,CASH_IN,39745.94,C710571363,1913.11,41659.05,C114940230,97950.53,58204.59,0,0,-79491.88,79491.88,971087e7-79fc-4cd3-8c18-b1db5f76209a,C710571363,CASH_IN,USD,False,2026-10-02T00:00:00+00:00
54,CASH_IN,38848.74,C423193523,4269.82,43118.56,C431728531,81149.73,42300.99,0,0,-77697.48,77697.48,51309a1a-baa7-4d18-a8a4-755753af3457,C423193523,CASH_IN,USD,False,2026-10-03T06:00:00+00:00
74,PAYMENT,4155.43,C350502766,16209.82,12054.39,M918400762,0.0,0.0,0,0,0.0,4155.43,a4f79d6d-5cb1-4de3-85c9-5063f75c911c,C350502766,PAYMENT,USD,False,2026-10-04T02:00:00+00:00
52,CASH_OUT,106546.32,C598206872,236727.82,130181.5,C584192935,18608.45,125154.77,0,0,0.0,0.0,d794a74b-1654-4421-b467-3a2f77467413,C598206872,CASH_OUT,USD,False,2026-10-03T04:00:00+00:00
26,CASH_OUT,115405.97,C546407987,172027.85,56621.88,C107073358,40457.26,155863.23,0,0,0.0,0.0,f17d8e27-456b-4fd5-8478-da13641a8f38,C546407987,CASH_OUT,USD,False,2026-10-02T02:00:00+00:00
17,PAYMENT,4297.03,C832816859,16816.58,12519.55,M678658039,0.0,0.0,0,0,0.0,4297.03,69d6c9ad-5165-4b9c-9d35-1d0108bda045,C832816859,PAYMENT,USD,False,2026-10-01T17:00:00+00:00
5,CASH_OUT,20847.39,C267618731,57940.12,37092.73,C494152254,12492.85,33340.24,0,0,0.0,0.0,46c1c4ad-b8ea-4543-8084-f4b74a306d3d,C267618731,CASH_OUT,USD,False,2026-10-01T05:00:00+00:00
8,CASH_IN,44591.04,C828959132,2751.73,47342.77,C929546712,64416.67,19825.63,0,0,-89182.08,89182.08,4b4d9ad8-310f-4129-9de9-5a2bcc0c06f3,C828959132,CASH_IN,USD,False,2026-10-01T08:00:00+00:00
47,CASH_OUT,21351.04,C607462143,36045.56,14694.52,C524587460,19474.27,40825.31,0,0,-0.0,0.0,3f726b23-4e6c-4108-99d6-64b806d4e443,C607462143,CASH_OUT,USD,False,2026-10-02T23:00:00+00:00
58,CASH_IN,14972.81,C293065688,13193.33,28166.14,C291853043,63490.13,48517.32,0,0,-29945.62,29945.62,db743e84-0696-409a-96eb-8f4276af55d0,C293065688,CASH_IN,USD,False,2026-10-03T10:00:00+00:00
9,CASH_IN,10930.61,C527044165,16496.95,27427.56,C561325766,49976.78,39046.17,0,0,-21861.22,21861.22,62a9e75e-f0cf-4e86-8dab-977b14a5af32,C527044165,CASH_IN,USD,False,2026-10-01T09:00:00+00:00
22,CASH_OUT,1811.55,C517865294,3652.66,1841.11,C101738851,43922.49,45734.04,0,0,0.0,0.0,8e757032-7486-461e-9040-2ec2885f092b,C517865294,CASH_OUT,USD,False,2026-10-01T22:00:00+00:00
53,PAYMENT,3296.62,C204078666,15864.02,12567.4,M480424119,0.0,0.0,0,0,0.0,3296.62,f685086d-52c9-45f2-aa64-02b898fb0fcb,C204078666,PAYMENT,USD,False,2026-10-03T05:00:00+00:00
68,CASH_OUT,97347.38,C610193066,165961.1,68613.72,C551354463,42033.0,139380.38,0,0,0.0,0.0,3608c6d8-618f-4768-add2-557b7e2147ed,C610193066,CASH_OUT,USD,False,2026-10-03T20:00:00+00:00
54,CASH_OUT,14696.95,C663204192,27226.1,12529.15,C957708983,42577.97,57274.92,0,0,-0.0,0.0,d6295ede-a1fd-4b5e-8536-daa73132f828,C663204192,CASH_OUT,USD,False,2026-10-03T06:00:00+00:00
58,PAYMENT,2532.79,C322664095,3141.83,609.04,M596248563,0.0,0.0,0,0,0.0,2532.79,39b80622-e4dc-4966-ae9a-ecf64c0d8e16,C322664095,PAYMENT,USD,False,2026-10-03T10:00:00+00:00
46,CASH_OUT,6405.21,C311618404,6559.22,154.01,C786294662,46108.72,52513.93,0,0,0.0,0.0,304c0eb6-94be-432d-aa4f-efcd77fec3e9,C311618404,CASH_OUT,USD,False,2026-10-02T22:00:00+00:00
25,CASH_OUT,132133.7,C370531433,135493.17,3359.47,C793765080,42554.08,174687.78,0,0,0.0,0.0,f564eee8-4639-4ef9-9253-37d8c434d76f,C370531433,CASH_OUT,USD,False,2026-10-02T01:00:00+00:00
60,CASH_IN,23038.03,C656207153,1693.18,24731.21,C158353824,27747.31,4709.28,0,0,-46076.06,46076.06,8a2bde93-8cf3-4012-b3e6-6b5cb9142f17,C656207153,CASH_IN,USD,False,2026-10-03T12:00:00+00:00
59,TRANSFER,96099.6,C143571772,209689.68,113590.08,C852076914,12237.73,108337.33,0,0,-0.0,0.0,f1df212a-da6b-4b15-b5f6-fb46bdccc42c,C143571772,TRANSFER,USD,False,2026-10-03T11:00:00+00:00
95,PAYMENT,4398.0,C191795596,42786.6,38388.6,M483773375,0.0,0.0,0,0,0.0,4398.0,a3864798-100e-484a-8eaa-e1feaef77111,C191795596,PAYMENT,USD,False,2026-10-04T23:00:00+00:00
28,CASH_IN,37749.24,C830511568,1637.41,39386.65,C945432844,45228.05,7478.81,0,0,-75498.48,75498.48,5110c89a-99f3-4efc-9a9c-ac73b3ea3614,C830511568,CASH_IN,USD,False,2026-10-02T04:00:00+00:00
14,CASH_OUT,117883.27,C208437656,325389.84,207506.57,C675132064,43894.68,161777.95,0,0,0.0,0.0,670da53d-b314-42a9-b3b2-be86f1b6e569,C208437656,CASH_OUT,USD,False,2026-10-01T14:00:00+00:00
27,CASH_IN,41755.94,C293976787,10174.76,51930.7,C905238350,28006.36,0.0,0,0,-83511.88,69762.3,9769f637-3995-4618-86a6-94ab37651f53,C293976787,CASH_IN,USD,False,2026-10-02T03:00:00+00:00
82,TRANSFER,17566.74,C943170597,52763.12,35196.38,C303318997,55582.53,73149.27,0,0,0.0,0.0,371ca78f-5a62-4d1b-8b13-5eec8bcc85be,C943170597,TRANSFER,USD,False,2026-10-04T10:00:00+00:00
74,CASH_IN,1190.89,C200469209,12858.23,14049.12,C260218791,17580.53,16389.64,0,0,-2381.78,2381.78,cf1a5fbc-4a77-4362-b441-66959a488a45,C200469209,CASH_IN,USD,False,2026-10-04T02:00:00+00:00
84,PAYMENT,917.34,C656831984,7783.5,6866.16,M461672337,0.0,0.0,0,0,0.0,917.34,851281e9-4526-4906-8310-12ac132c4d61,C656831984,PAYMENT,USD,False,2026-10-04T12:00:00+00:00
70,CASH_IN,21416.46,C556686459,12095.05,33511.51,C620633149,21593.73,177.27,0,0,-42832.92,42832.92,cf9f9ad5-9298-44d6-975c-85b189c5aa7a,C556686459,CASH_IN,USD,False,2026-10-03T22:00:00+00:00
64,CASH_OUT,80918.84,C766790630,91430.79,10511.95,C858793241,9626.02,90544.86,0,0,-0.0,0.0,87734251-f349-4522-80c8-3241f0c4f2ac,C766790630,CASH_OUT,USD,False,2026-10-03T16:00:00+00:00
86,PAYMENT,1926.53,C693487068,18545.46,16618.93,M786066323,0.0,0.0,0,0,0.0,1926.53,18c5831f-c692-480e-9141-460991e310a6,C693487068,PAYMENT,USD,False,2026-10-04T14:00:00+00:00
4,TRANSFER,193072.83,C597959196,427865.05,234792.22,C854985336,63188.7,256261.53,0,0,0.0,-0.0,e11fbca5-5b47-4fb6-b4f5-03573c23d7a2,C597959196,TRANSFER,USD,False,2026-10-01T04:00:00+00:00
74,CASH_IN,40720.69,C469788966,14974.6,55695.29,C388859459,93071.67,52350.98,0,0,-81441.38,81441.38,141b636c-2b52-478a-84c8-29f3ad48c0e2,C469788966,CASH_IN,USD,False,2026-10-04T02:00:00+00:00
2,PAYMENT,515.54,C462943972,1257.02,741.48,M252836083,0.0,0.0,0,0,0.0,515.54,c0ea1d7f-f34b-49a8-b7e5-d155894914ce,C462943972,PAYMENT,USD,False,2026-10-01T02:00:00+00:00
82,CASH_OUT,30335.92,C111500207,86806.75,56470.83,C805324063,25907.66,56243.58,0,0,0.0,0.0,30236475-0286-4c8f-ad26-e9693b816704,C111500207,CASH_OUT,USD,False,2026-10-04T10:00:00+00:00
89,CASH_IN,33490.82,C748850893,1008.44,34499.26,C858496505,94680.51,61189.69,0,0,-66981.64,66981.64,522eb381-7ecf-4e2e-807a-134ae3129e25,C748850893,CASH_IN,USD,False,2026-10-04T17:00:00+00:00
57,PAYMENT,4208.36,C222568433,24114.91,19906.55,M431109618,0.0,0.0,0,0,0.0,4208.36,93e050a2-3e81-42e2-b68f-6af5dd7e7a92,C222568433,PAYMENT,USD,False,2026-10-03T09:00:00+00:00
35,CASH_OUT,123941.74,C577485358,160284.71,36342.97,C807633214,11146.57,135088.31,0,0,-0.0,0.0,cbf376f5-323b-4ce0-94f0-c48723a365c9,C577485358,CASH_OUT,USD,False,2026-10-02T11:00:00+00:00
8,CASH_IN,6636.74,C866291023,18538.97,25175.71,C168588368,14851.23,8214.49,0,0,-13273.48,13273.48,afcccaff-0003-47bb-9651-b769227884b4,C866291023,CASH_IN,USD,False,2026-10-01T08:00:00+00:00
70,CASH_IN,4476.11,C384866066,19100.27,23576.38,C166653961,86632.55,82156.44,0,0,-8952.22,8952.22,afadf7e6-bee2-47bb-a203-5fe5c7dc8b91,C384866066,CASH_IN,USD,False,2026-10-03T22:00:00+00:00
40,TRANSFER,172439.78,C210376728,469501.76,297061.98,C497258095,59565.02,232004.8,0,0,0.0,0.0,637e1abc-ce2e-4f80-ab5c-51dee91169c2,C210376728,TRANSFER,USD,False,2026-10-02T16:00:00+00:00
65,PAYMENT,3871.49,C557300445,17834.99,13963.5,M720073011,0.0,0.0,0,0,0.0,3871.49,e4300a57-fa87-4932-9b8c-212d01fdbcc9,C557300445,PAYMENT,USD,False,2026-10-03T17:00:00+00:00
68,PAYMENT,496.32,C201197568,3477.06,2980.74,M395054475,0.0,0.0,0,0,0.0,496.32,aa73ce27-997b-4509-85da-fc747630b1f3,C201197568,PAYMENT,USD,False,2026-10-03T20:00:00+00:00
31,CASH_OUT,2773.66,C406056061,7522.74,4749.08,C941068017,49397.74,52171.4,0,0,0.0,-0.0,e1c328b4-8c49-4c54-979c-440738b767a9,C406056061,CASH_OUT,USD,False,2026-10-02T07:00:00+00:00
39,PAYMENT,3711.2,C699536371,23672.72,19961.52,M297313013,0.0,0.0,0,0,0.0,3711.2,c48c164c-1850-4a68-b158-8b80f98f2115,C699536371,PAYMENT,USD,False,2026-10-02T15:00:00+00:00
52,CASH_IN,49406.55,C985758835,17387.35,66793.9,C806157458,46735.66,0.0,0,0,-98813.1,96142.21,486b09aa-44fe-40d1-8dfe-1d1704292238,C985758835,CASH_IN,USD,False,2026-10-03T04:00:00+00:00
43,PAYMENT,3678.93,C777127299,29407.2,25728.27,M821641990,0.0,0.0,0,0,0.0,3678.93,70777c32-f15f-44db-bbac-2a1ecc6fb436,C777127299,PAYMENT,USD,False,2026-10-02T19:00:00+00:00
31,TRANSFER,84338.77,C741789327,194610.01,110271.24,C179192371,39525.75,123864.52,0,0,0.0,0.0,c91422d2-4c79-4717-9960-76b010f1d714,C741789327,TRANSFER,USD,False,2026-10-02T07:00:00+00:00
72,CASH_OUT,38731.45,C969747935,70627.64,31896.19,C121298026,17554.52,56285.97,0,0,0.0,0.0,378f52de-02e2-4bdf-9996-bb4b51e5d406,C969747935,CASH_OUT,USD,False,2026-10-04T00:00:00+00:00
11,PAYMENT,1926.98,C224256201,12339.43,10412.45,M590641779,0.0,0.0,0,0,0.0,1926.98,94624a01-c2cb-4f56-abaa-7542b6226c9e,C224256201,PAYMENT,USD,False,2026-10-01T11:00:00+00:00
82,PAYMENT,3964.95,C863868715,6929.36,2964.41,M944580900,0.0,0.0,0,0,0.0,3964.95,796ff862-a9ab-4d01-a834-761356577313,C863868715,PAYMENT,USD,False,2026-10-04T10:00:00+00:00
37,TRANSFER,95275.54,C824200423,199467.71,104192.17,C865198335,62426.51,157702.05,0,0,0.0,0.0,191d5203-a348-469d-a1ee-8ce2b9a87ba0,C824200423,TRANSFER,USD,False,2026-10-02T13:00:00+00:00
100,CASH_OUT,18402.42,C648445418,41014.06,22611.64,C817257792,39274.85,57677.27,0,0,0.0,0.0,52fb9665-3388-4b1f-9e3e-a16b45cc05da,C648445418,CASH_OUT,USD,False,2026-10-05T04:00:00+00:00
19,PAYMENT,3819.17,C496845507,35032.75,31213.58,M200482595,0.0,0.0,0,0,0.0,3819.17,bb66b920-2734-454a-bbbe-f032e1c79ac0,C496845507,PAYMENT,USD,False,2026-10-01T19:00:00+00:00
81,CASH_OUT,174274.25,C159793243,174274.25,0.0,C104485637,1249.06,175523.31,1,0,0.0,0.0,5afce67b-3425-4d01-b9d5-d9e55d625026,C159793243,CASH_OUT,USD,False,2026-10-04T09:00:00+00:00
94,PAYMENT,3278.7,C706110978,31509.03,28230.33,M299875360,0.0,0.0,0,0,-0.0,3278.7,a9f5b9a1-e8d0-4ed3-90e2-003d82194999,C706110978,PAYMENT,USD,False,2026-10-04T22:00:00+00:00
29,PAYMENT,2592.2,C847229579,15596.37,13004.17,M153921577,0.0,0.0,0,0,0.0,2592.2,3246e2e2-6f08-4cba-a593-384e270e3967,C847229579,PAYMENT,USD,False,2026-10-02T05:00:00+00:00
99,CASH_IN,17688.39,C259277073,19124.28,36812.67,C589547387,62244.39,44556.0,0,0,-35376.78,35376.78,f0d819d5-1a34-4d34-bad9-4046a7f880ad,C259277073,CASH_IN,USD,False,2026-10-05T03:00:00+00:00
74,DEBIT,1115.92,C359664179,1975.89,859.97,C520222172,3257.73,4373.65,0,0,0.0,0.0,b2e9b72a-e231-412e-8853-96da32529b03,C359664179,DEBIT,USD,False,2026-10-04T02:00:00+00:00
87,TRANSFER,144425.01,C313629646,425677.24,281252.23,C797787747,13963.11,158388.12,0,0,0.0,0.0,e79a7fe0-d6b3-494c-91a4-352fed2de3cd,C313629646,TRANSFER,USD,False,2026-10-04T15:00:00+00:00
26,CASH_IN,39529.13,C354193540,7217.93,46747.06,C128222260,57655.46,18126.33,0,0,-79058.26,79058.26,3e117b2e-0757-4569-8244-4e6925f247e6,C354193540,CASH_IN,USD,False,2026-10-02T02:00:00+00:00
36,PAYMENT,1255.69,C487014547,8765.44,7509.75,M499264207,0.0,0.0,0,0,0.0,1255.69,650e4a3c-041a-4500-a399-bdde4a24b7af,C487014547,PAYMENT,USD,False,2026-10-02T12:00:00+00:00
61,PAYMENT,504.93,C465266436,2510.73,2005.8,M691072338,0.0,0.0,0,0,0.0,504.93,1a5a8566-36f5-4d3d-a66a-1b9466d20c7b,C465266436,PAYMENT,USD,False,2026-10-03T13:00:00+00:00
63,TRANSFER,87316.28,C604669821,171417.12,84100.84,C457887167,8367.99,95684.27,0,0,0.0,0.0,0bc8c966-e0ef-4597-a9a5-1576dc3a143e,C604669821,TRANSFER,USD,False,2026-10-03T15:00:00+00:00
31,PAYMENT,3767.5,C283001054,27499.66,23732.16,M808395905,0.0,0.0,0,0,0.0,3767.5,d6afa9bf-0506-457b-b82a-602c69bbf795,C283001054,PAYMENT,USD,False,2026-10-02T07:00:00+00:00
97,PAYMENT,1749.63,C313250824,9333.62,7583.99,M550006352,0.0,0.0,0,0,0.0,1749.63,6162d15a-cbe0-40c4-8224-5816c0d4f02f,C313250824,PAYMENT,USD,False,2026-10-05T01:00:00+00:00
87,CASH_OUT,120938.04,C296686575,147788.58,26850.54,C469309222,2555.63,123493.67,0,0,-0.0,0.0,a675b1f0-63b4-4b7e-8624-7d3ee965883a,C296686575,CASH_OUT,USD,False,2026-10-04T15:00:00+00:00
80,CASH_OUT,117574.27,C256895366,231550.23,113975.96,C443635681,15708.41,133282.68,0,0,0.0,0.0,e1c730a7-bee2-457f-8acd-a409fafbbc07,C256895366,CASH_OUT,USD,False,2026-10-04T08:00:00+00:00
86,TRANSFER,166313.57,C612320575,299597.83,133284.26,C153714342,47107.33,213420.9,0,0,0.0,0.0,9c8e2ed8-c2c7-4f27-b8da-fb3d351ea794,C612320575,TRANSFER,USD,False,2026-10-04T14:00:00+00:00
88,PAYMENT,4056.65,C260199682,7166.59,3109.94,M426240903,0.0,0.0,0,0,0.0,4056.65,df78ffcc-26e7-40bd-a277-e869904084db,C260199682,PAYMENT,USD,False,2026-10-04T16:00:00+00:00
38,PAYMENT,4359.61,C123661636,37120.02,32760.41,M349460359,0.0,0.0,0,0,-0.0,4359.61,6b114a0e-e133-4bb9-832b-e9a8e49eecc3,C123661636,PAYMENT,USD,False,2026-10-02T14:00:00+00:00
92,CASH_IN,41429.92,C518462171,5259.61,46689.53,C336859315,42801.7,1371.78,0,0,-82859.84,82859.84,2a2d51b8-a06b-4eb4-a6a3-cc7e14e54e4b,C518462171,CASH_IN,USD,False,2026-10-04T20:00:00+00:00
53,CASH_OUT,13058.19,C563546514,36165.24,23107.05,C371871756,16640.2,29698.39,0,0,-0.0,0.0,9492b959-c047-4548-a1b5-04abc5719410,C563546514,CASH_OUT,USD,False,2026-10-03T05:00:00+00:00
52,CASH_OUT,67152.74,C713270104,90093.48,22940.74,C396111085,2540.04,69692.78,0,0,-0.0,0.0,1e3416c1-4bbb-457a-bf9d-60e59a74018f,C713270104,CASH_OUT,USD,False,2026-10-03T04:00:00+00:00
95,CASH_IN,5505.05,C966935604,19049.47,24554.52,C516730543,93314.8,87809.75,0,0,-11010.1,11010.1,180d46a7-f56f-4afe-9cb8-87a84f20b5d0,C966935604,CASH_IN,USD,False,2026-10-04T23:00:00+00:00
67,CASH_OUT,88973.54,C225084361,176940.86,87967.32,C608341388,49806.78,138780.32,0,0,-0.0,0.0,c5a4171a-0130-4dd0-8dc1-1d4064952a45,C225084361,CASH_OUT,USD,False,2026-10-03T19:00:00+00:00
23,CASH_OUT,44252.38,C760396220,99591.93,55339.55,C236860018,41934.13,86186.51,0,0,-0.0,0.0,99c9b52f-6590-437f-8234-1b72f446b050,C760396220,CASH_OUT,USD,False,2026-10-01T23:00:00+00:00
93,CASH_OUT,68736.86,C451498831,151470.33,82733.47,C519569330,8262.86,76999.72,0,0,-0.0,0.0,b5d3009c-53d9-4db2-bd5a-875241725168,C451498831,CASH_OUT,USD,False,2026-10-04T21:00:00+00:00
42,CASH_IN,15841.14,C773469560,1365.73,17206.87,C572191734,44778.6,28937.46,0,0,-31682.28,31682.28,b57ba2be-5b7a-4f8f-8c5f-a847887b2aa6,C773469560,CASH_IN,USD,False,2026-10-02T18:00:00+00:00
26,PAYMENT,3156.21,C198160064,17148.41,13992.2,M312590309,0.0,0.0,0,0,0.0,3156.21,56aaaf1c-3c2d-4c4c-a837-419d07fee4f7,C198160064,PAYMENT,USD,False,2026-10-02T02:00:00+00:00
78,PAYMENT,2973.86,C389663020,7816.86,4843.0,M785688236,0.0,0.0,0,0,0.0,2973.86,9d86ea04-9c9f-4a81-ba3f-b16b2bcf92c4,C389663020,PAYMENT,USD,False,2026-10-04T06:00:00+00:00
13,PAYMENT,4010.47,C542536154,20491.93,16481.46,M882819390,0.0,0.0,0,0,0.0,4010.47,c65efd35-c8a3-4fe8-a881-c5ea16165f06,C542536154,PAYMENT,USD,False,2026-10-01T13:00:00+00:00
57,PAYMENT,352.69,C535717670,2528.64,2175.95,M216763663,0.0,0.0,0,0,0.0,352.69,3f321435-6e69-49b1-b1fb-8b2dbe802a27,C535717670,PAYMENT,USD,False,2026-10-03T09:00:00+00:00
45,PAYMENT,706.5,C396586682,1491.59,785.09,M531043494,0.0,0.0,0,0,-0.0,706.5,775c0ed8-3f89-4455-83fe-de45b41597af,C396586682,PAYMENT,USD,False,2026-10-02T21:00:00+00:00
6,PAYMENT,422.56,C926907506,3992.09,3569.53,M253153814,0.0,0.0,0,0,0.0,422.56,1a60ee45-8684-4206-83c7-b69968673387,C926907506,PAYMENT,USD,False,2026-10-01T06:00:00+00:00
95,CASH_OUT,10839.43,C360183853,20162.76,9323.33,C934052476,34236.9,45076.33,0,0,-0.0,0.0,192b3b4c-cf20-4078-ab44-3ae9525c5286,C360183853,CASH_OUT,USD,False,2026-10-04T23:00:00+00:00
97,CASH_OUT,35419.02,C166924725,92490.54,57071.52,C178288557,28192.81,63611.83,0,0,0.0,0.0,b05cdfb6-ae03-4148-82fc-7e4f34b2e204,C166924725,CASH_OUT,USD,False,2026-10-05T01:00:00+00:00
32,CASH_OUT,51289.22,C783616973,125545.67,74256.45,C488121954,13753.97,65043.19,0,0,0.0,0.0,c61d12dc-92fa-4e42-8a85-2182f8cc0b87,C783616973,CASH_OUT,USD,False,2026-10-02T08:00:00+00:00
72,CASH_OUT,15583.61,C538134097,26614.13,11030.52,C196227496,4653.21,20236.82,0,0,0.0,0.0,0d18c3f0-3984-43a4-adb2-ef531edaefd5,C538134097,CASH_OUT,USD,False,2026-10-04T00:00:00+00:00
52,CASH_OUT,140642.48,C776776838,304441.41,163798.93,C190236646,12941.03,153583.51,0,0,-0.0,0.0,f29dc370-c305-4ce8-921d-f36b9b8a093d,C776776838,CASH_OUT,USD,False,2026-10-03T04:00:00+00:00
36,PAYMENT,3034.64,C776309194,11812.44,8777.8,M892131934,0.0,0.0,0,0,0.0,3034.64,26fd634e-4db0-4acf-bc97-503f2b1d156f,C776309194,PAYMENT,USD,False,2026-10-02T12:00:00+00:00
43,PAYMENT,4879.21,C776364820,29509.31,24630.1,M202423196,0.0,0.0,0,0,0.0,4879.21,10a2d6b9-208d-4295-91d9-789384e10de4,C776364820,PAYMENT,USD,False,2026-10-02T19:00:00+00:00
22,CASH_IN,35502.16,C834450885,9783.6,45285.76,C459595848,33223.24,0.0,0,0,-71004.32,68725.4,5d06c626-5cff-4d73-a866-478797f36b5a,C834450885,CASH_IN,USD,False,2026-10-01T22:00:00+00:00
95,CASH_OUT,149875.27,C984079709,354928.05,205052.78,C667055316,2117.8,151993.07,0,0,0.0,-0.0,e9bc8ebf-3336-420b-b1e9-92260e88daa5,C984079709,CASH_OUT,USD,False,2026-10-04T23:00:00+00:00
21,PAYMENT,1533.79,C319125903,6685.26,5151.47,M771424174,0.0,0.0,0,0,0.0,1533.79,72f15e5c-11ae-4e7c-b9e4-75b726478ad3,C319125903,PAYMENT,USD,False,2026-10-01T21:00:00+00:00
94,CASH_IN,31699.32,C464959908,12874.92,44574.24,C168513167,39751.08,8051.76,0,0,-63398.64,63398.64,b35e299a-72cd-490d-8df3-8c7ea59e2280,C464959908,CASH_IN,USD,False,2026-10-04T22:00:00+00:00
98,CASH_IN,22058.93,C933611596,18799.11,40858.04,C334890347,37853.27,15794.34,0,0,-44117.86,44117.86,c90ce819-6114-446a-ae02-11e7e3422ab2,C933611596,CASH_IN,USD,False,2026-10-05T02:00:00+00:00
17,CASH_OUT,128928.34,C871983390,233377.85,104449.51,C675541228,33221.9,162150.24,0,0,0.0,0.0,cc8208a8-82f0-40f3-923c-421b1a0e91f0,C871983390,CASH_OUT,USD,False,2026-10-01T17:00:00+00:00
57,TRANSFER,219679.65,C388095021,465252.16,245572.51,C199805719,27417.82,247097.47,0,0,-0.0,0.0,3db9688a-581f-4b49-92b9-68e36c9f20db,C388095021,TRANSFER,USD,False,2026-10-03T09:00:00+00:00
41,TRANSFER,17219.48,C966878665,45960.39,28740.91,C516718295,44164.34,61383.82,0,0,0.0,-0.0,58d9d757-186b-427f-9eb3-229131fb0ace,C966878665,TRANSFER,USD,False,2026-10-02T17:00:00+00:00
77,CASH_OUT,140746.93,C775498487,153180.67,12433.74,C358997266,34449.83,175196.76,0,0,0.0,0.0,b61d528e-80df-4be6-a31c-1e78842bedb2,C775498487,CASH_OUT,USD,False,2026-10-04T05:00:00+00:00
32,CASH_IN,39313.11,C966614227,5209.59,44522.7,C927201666,6123.14,0.0,0,0,-78626.22,45436.25,e6987b08-6b54-4985-af38-5cfe0224e389,C966614227,CASH_IN,USD,False,2026-10-02T08:00:00+00:00
36,CASH_OUT,29958.58,C551501133,88771.92,58813.34,C154753357,31405.64,61364.22,0,0,0.0,0.0,5dc7eaf2-e714-494a-91ee-f23b60c75e74,C551501133,CASH_OUT,USD,False,2026-10-02T12:00:00+00:00
18,CASH_OUT,130123.64,C478472089,338694.24,208570.6,C476796271,26719.16,156842.8,0,0,-0.0,0.0,f30d7204-a4fd-45b8-81b8-909e81b79f02,C478472089,CASH_OUT,USD,False,2026-10-01T18:00:00+00:00
24,CASH_OUT,117761.54,C436883282,201924.39,84162.85,C707620091,48098.95,165860.49,0,0,0.0,0.0,ad130240-69b2-408e-90e2-f0df5e18e52c,C436883282,CASH_OUT,USD,False,2026-10-02T00:00:00+00:00
76,CASH_OUT,33110.59,C731832764,79984.65,46874.06,C176228245,2943.69,36054.28,0,0,0.0,0.0,e2dffeeb-977e-4320-88db-9e7203b70c49,C731832764,CASH_OUT,USD,False,2026-10-04T04:00:00+00:00
65,CASH_IN,45617.7,C874182210,2366.3,47984.0,C801827399,47738.3,2120.6,0,0,-91235.4,91235.4,c76195a9-b456-43f3-880f-12e1477313fd,C874182210,CASH_IN,USD,False,2026-10-03T17:00:00+00:00
59,PAYMENT,409.23,C498695801,3658.26,3249.03,M218250305,0.0,0.0,0,0,0.0,409.23,a1533259-c403-4a10-94aa-ff3d132edd5a,C498695801,PAYMENT,USD,False,2026-10-03T11:00:00+00:00
99,CASH_IN,26427.46,C835782861,17870.06,44297.52,C258377529,19407.71,0.0,0,0,-52854.92,45835.17,0feaaaaa-2cfe-4ac0-a592-b6e1d8f8ff5e,C835782861,CASH_IN,USD,False,2026-10-05T03:00:00+00:00
63,PAYMENT,4070.91,C324048532,23402.85,19331.94,M917764490,0.0,0.0,0,0,0.0,4070.91,c80e346e-2a2a-46ce-bb13-bd12a286b033,C324048532,PAYMENT,USD,False,2026-10-03T15:00:00+00:00
1,PAYMENT,1012.57,C994628785,4717.38,3704.81,M668314010,0.0,0.0,0,0,0.0,1012.57,0f314fe5-10e9-42bb-8ed1-4ab3bbb70e57,C994628785,PAYMENT,USD,False,2026-10-01T01:00:00+00:00
59,TRANSFER,63944.86,C258234528,174890.82,110945.96,C746552918,53008.37,116953.23,0,0,0.0,0.0,9694bd1a-f5f3-41a8-af60-aad8b7b867a5,C258234528,TRANSFER,USD,False,2026-10-03T11:00:00+00:00
12,CASH_OUT,71396.59,C991694626,174085.13,102688.54,C554384353,38124.82,109521.41,0,0,0.0,0.0,148070ad-2061-4ef1-b203-c9f1d9f6bc9d,C991694626,CASH_OUT,USD,False,2026-10-01T12:00:00+00:00
13,PAYMENT,1338.65,C248120733,10025.36,8686.71,M791449380,0.0,0.0,0,0,0.0,1338.65,9005dfb7-47d4-4ff2-8bd5-714fca1f45aa,C248120733,PAYMENT,USD,False,2026-10-01T13:00:00+00:00
37,CASH_IN,19217.35,C504064729,14407.1,33624.45,C366991189,93620.09,74402.74,0,0,-38434.7,38434.7,de21768f-3fb6-42e1-8e26-66a8750e27ed,C504064729,CASH_IN,USD,False,2026-10-02T13:00:00+00:00
57,CASH_IN,4472.07,C793547595,14144.17,18616.24,C277827512,57627.48,53155.41,0,0,-8944.14,8944.14,b5ee1b0b-e375-42c5-858f-cc1c8e189521,C793547595,CASH_IN,USD,False,2026-10-03T09:00:00+00:00
36,PAYMENT,4906.64,C542413659,20971.31,16064.67,M670116459,0.0,0.0,0,0,0.0,4906.64,dbe13afa-c0a4-4d43-b26a-c478524e7111,C542413659,PAYMENT,USD,False,2026-10-02T12:00:00+00:00
19,PAYMENT,3680.32,C158968513,33313.68,29633.36,M536553669,0.0,0.0,0,0,0.0,3680.32,ef35aaf3-5bca-4d33-9ae8-9a71b6d78ca8,C158968513,PAYMENT,USD,False,2026-10-01T19:00:00+00:00
83,CASH_OUT,70385.35,C111081272,207552.2,137166.85,C447082726,19877.74,90263.09,0,0,0.0,0.0,69ea717a-7a02-431b-b158-566a5eda60fb,C111081272,CASH_OUT,USD,False,2026-10-04T11:00:00+00:00
12,DEBIT,1748.17,C828799173,1851.89,103.72,C493032997,1741.75,3489.92,0,0,0.0,0.0,1fe17a1b-7d19-4b3d-8e01-e27bf861c575,C828799173,DEBIT,USD,False,2026-10-01T12:00:00+00:00
51,PAYMENT,3813.87,C165704672,30003.92,26190.05,M531879514,0.0,0.0,0,0,0.0,3813.87,9539503b-7ce6-4025-970b-f7819bd3ff6f,C165704672,PAYMENT,USD,False,2026-10-03T03:00:00+00:00
72,PAYMENT,4495.1,C731087338,10159.47,5664.37,M162906470,0.0,0.0,0,0,-0.0,4495.1,ef3ce612-8e63-4b8e-9fdd-4775ef177d79,C731087338,PAYMENT,USD,False,2026-10-04T00:00:00+00:00
86,CASH_OUT,47878.3,C663137920,86971.81,39093.51,C547025173,14994.42,62872.72,0,0,-0.0,0.0,a4fbbf78-69bd-4f9c-84d5-a37976ff5395,C663137920,CASH_OUT,USD,False,2026-10-04T14:00:00+00:00
32,CASH_OUT,140866.62,C396830806,256691.06,115824.44,C529567320,49953.14,190819.76,0,0,0.0,0.0,576021d4-eb4b-4896-af6a-fd4b3bad860a,C396830806,CASH_OUT,USD,False,2026-10-02T08:00:00+00:00
60,CASH_OUT,136101.4,C833743378,294021.99,157920.59,C511622607,20905.0,157006.4,0,0,0.0,0.0,ca009578-7873-4598-9c87-e386c09d0e3d,C833743378,CASH_OUT,USD,False,2026-10-03T12:00:00+00:00
78,CASH_IN,10040.74,C609238563,14844.07,24884.81,C548952976,95742.32,85701.58,0,0,-20081.48,20081.48,650f5c66-765c-4fd8-a539-16477edba33e,C609238563,CASH_IN,USD,False,2026-10-04T06:00:00+00:00
95,CASH_OUT,19548.01,C117656481,51331.3,31783.29,C622012269,45360.8,64908.81,0,0,0.0,0.0,c928f194-201b-456c-85b1-ebf605edf329,C117656481,CASH_OUT,USD,False,2026-10-04T23:00:00+00:00
16,CASH_OUT,74868.66,C482790534,211534.29,136665.63,C711397169,45315.1,120183.76,0,0,0.0,0.0,34c78ce3-2755-45a4-b6b2-d8cc35564cb1,C482790534,CASH_OUT,USD,False,2026-10-01T16:00:00+00:00
50,PAYMENT,2915.65,C692099952,4751.75,1836.1,M713812213,0.0,0.0,0,0,0.0,2915.65,fbad119b-552c-440f-84f4-e11e6cd2e23c,C692099952,PAYMENT,USD,False,2026-10-03T02:00:00+00:00
95,PAYMENT,100.22,C802046257,141.53,41.31,M763971973,0.0,0.0,0,0,0.0,100.22,f5e17e41-22b7-4ed2-8b98-64abd39bbe5c,C802046257,PAYMENT,USD,False,2026-10-04T23:00:00+00:00
84,CASH_OUT,129529.4,C649042259,248118.46,118589.06,C273279673,36153.01,165682.41,0,0,0.0,0.0,272c6cee-19fa-4e40-b967-92d5f36bc1a8,C649042259,CASH_OUT,USD,False,2026-10-04T12:00:00+00:00
10,CASH_IN,23896.94,C602979426,12837.82,36734.76,C800831233,82898.11,59001.17,0,0,-47793.88,47793.88,a5081959-0782-46a2-b510-0d41c09cdab0,C602979426,CASH_IN,USD,False,2026-10-01T10:00:00+00:00
52,CASH_OUT,144909.24,C751747513,353003.87,208094.63,C144729990,1164.69,146073.93,0,0,0.0,0.0,5bfe77b7-17c8-4df8-b1aa-e8a57c921d76,C751747513,CASH_OUT,USD,False,2026-10-03T04:00:00+00:00
18,CASH_OUT,141326.45,C713341529,181589.16,40262.71,C449432358,4511.7,145838.15,0,0,-0.0,0.0,ee02f0f7-83f7-4f43-a186-160b8df4201f,C713341529,CASH_OUT,USD,False,2026-10-01T18:00:00+00:00
60,PAYMENT,991.69,C874891307,2566.41,1574.72,M555284547,0.0,0.0,0,0,-0.0,991.69,c896f51c-95b8-4c21-8ee9-160c48ff0e2f,C874891307,PAYMENT,USD,False,2026-10-03T12:00:00+00:00
33,PAYMENT,476.51,C648728848,3820.58,3344.07,M456966239,0.0,0.0,0,0,-0.0,476.51,f04a7683-d4e1-43ab-9063-2c4fc36b836c,C648728848,PAYMENT,USD,False,2026-10-02T09:00:00+00:00
5,CASH_IN,29679.15,C651344082,2378.44,32057.59,C603673335,26048.23,0.0,0,0,-59358.3,55727.38,823e4232-f3b9-4857-9cd9-0351ff8b2624,C651344082,CASH_IN,USD,False,2026-10-01T05:00:00+00:00
46,PAYMENT,4669.93,C813587596,18906.35,14236.42,M796554388,0.0,0.0,0,0,-0.0,4669.93,715f2cf0-b331-4f97-9a87-22a2d84d6f78,C813587596,PAYMENT,USD,False,2026-10-02T22:00:00+00:00
2,CASH_OUT,141317.73,C221029042,195866.77,54549.04,C474850376,41295.23,182612.96,0,0,-0.0,0.0,f9066450-abfd-4d24-9cff-0adf2f2c5f68,C221029042,CASH_OUT,USD,False,2026-10-01T02:00:00+00:00
23,CASH_IN,21632.23,C887314701,18216.66,39848.89,C513030888,19160.99,0.0,0,0,-43264.46,40793.22,8c1bcaf3-311f-4fa4-aa4b-29fd26a27837,C887314701,CASH_IN,USD,False,2026-10-01T23:00:00+00:00
83,CASH_IN,47521.82,C404383047,1742.74,49264.56,C950891289,77857.04,30335.22,0,0,-95043.64,95043.64,dd097cc8-6778-4d8e-a483-155b171af011,C404383047,CASH_IN,USD,False,2026-10-04T11:00:00+00:00
34,TRANSFER,9166.25,C975353559,15790.3,6624.05,C840371118,6294.85,15461.1,0,0,-0.0,0.0,65874b6e-6586-4e5a-9180-67698c368960,C975353559,TRANSFER,USD,False,2026-10-02T10:00:00+00:00
9,CASH_OUT,123842.19,C357317854,351326.46,227484.27,C659597342,49020.15,172862.34,0,0,0.0,0.0,af34099e-9bd8-41b9-8b44-5478fa4b052f,C357317854,CASH_OUT,USD,False,2026-10-01T09:00:00+00:00
43,PAYMENT,2057.77,C155189435,10083.24,8025.47,M812384153,0.0,0.0,0,0,-0.0,2057.77,5618b499-7a56-4947-b180-ea2664eaba5a,C155189435,PAYMENT,USD,False,2026-10-02T19:00:00+00:00
55,PAYMENT,2560.94,C586469216,4053.56,1492.62,M262875248,0.0,0.0,0,0,0.0,2560.94,6e1df21c-4a99-4054-b646-3b3f76ed57cd,C586469216,PAYMENT,USD,False,2026-10-03T07:00:00+00:00
32,CASH_OUT,50096.48,C959519811,92444.68,42348.2,C805690050,12300.09,62396.57,0,0,-0.0,0.0,ad6b0540-88f8-4819-874b-5d100070a33f,C959519811,CASH_OUT,USD,False,2026-10-02T08:00:00+00:00
23,CASH_OUT,83422.01,C558703133,245642.82,162220.81,C150341410,47079.32,130501.33,0,0,0.0,-0.0,db92a99f-5a38-4e4c-a3b1-4bed3669a92b,C558703133,CASH_OUT,USD,False,2026-10-01T23:00:00+00:00
31,CASH_IN,31432.71,C373130219,6426.72,37859.43,C825211525,93245.32,61812.61,0,0,-62865.42,62865.42,5a2b28a1-5f98-46d1-8a94-e596312f2b31,C373130219,CASH_IN,USD,False,2026-10-02T07:00:00+00:00
53,CASH_IN,31752.1,C196787722,14599.06,46351.16,C182348704,94541.83,62789.73,0,0,-63504.2,63504.2,d6d7ff41-430b-45ed-b1e0-2d3c86aa7764,C196787722,CASH_IN,USD,False,2026-10-03T05:00:00+00:00
41,DEBIT,1292.85,C946711815,5458.54,4165.69,C472929578,2249.72,3542.57,0,0,0.0,-0.0,cb6c67fb-1a84-40b3-b905-50ac868e0910,C946711815,DEBIT,USD,False,2026-10-02T17:00:00+00:00
30,TRANSFER,197916.31,C945923902,590493.03,392576.72,C733281747,74693.48,272609.79,0,0,0.0,0.0,5e5cbe11-5f66-4cc8-8f99-26f1c06c8c11,C945923902,TRANSFER,USD,False,2026-10-02T06:00:00+00:00
65,CASH_OUT,59925.42,C889842632,179011.42,119086.0,C437539518,4338.18,64263.6,0,0,0.0,0.0,afd546e7-5da7-42d4-8223-798f5fdab361,C889842632,CASH_OUT,USD,False,2026-10-03T17:00:00+00:00
40,PAYMENT,46.67,C558606186,365.99,319.32,M309055506,0.0,0.0,0,0,0.0,46.67,65927d21-7a35-4e98-95a4-6c32011c2d12,C558606186,PAYMENT,USD,False,2026-10-02T16:00:00+00:00
6,PAYMENT,4608.19,C702015917,14564.91,9956.72,M445916685,0.0,0.0,0,0,0.0,4608.19,848bc19e-696f-4482-9e80-59d42ea8079b,C702015917,PAYMENT,USD,False,2026-10-01T06:00:00+00:00
90,CASH_OUT,8780.1,C356234948,25016.75,16236.65,C192570281,5799.33,14579.43,0,0,0.0,0.0,b4ef7a37-07d1-42e3-9a50-d0affcb25bc4,C356234948,CASH_OUT,USD,False,2026-10-04T18:00:00+00:00
17,PAYMENT,1908.89,C141275037,9873.42,7964.53,M966291876,0.0,0.0,0,0,0.0,1908.89,4a3df726-665e-4a84-9043-f9002bfc07db,C141275037,PAYMENT,USD,False,2026-10-01T17:00:00+00:00
2,CASH_OUT,408521.47,C174571085,408521.47,0.0,C543259677,217.22,408738.69,1,0,0.0,-0.0,ab7a2790-2189-4e9a-aa0c-8079a25a1957,C174571085,CASH_OUT,USD,False,2026-10-01T02:00:00+00:00
77,PAYMENT,1415.9,C252294589,2598.17,1182.27,M293947512,0.0,0.0,0,0,0.0,1415.9,417e0682-665a-474d-911e-ad71754c3994,C252294589,PAYMENT,USD,False,2026-10-04T05:00:00+00:00
88,CASH_OUT,11038.66,C586989309,14528.65,3489.99,C164331134,20781.09,31819.75,0,0,0.0,0.0,4944212e-f51f-439b-bece-8d6e106f3f4f,C586989309,CASH_OUT,USD,False,2026-10-04T16:00:00+00:00
50,TRANSFER,65813.28,C226444910,204818.39,139005.11,C379484009,17165.63,82978.91,0,0,0.0,0.0,b5738ebd-dcd0-4a36-b34e-129c8d4d34b5,C226444910,TRANSFER,USD,False,2026-10-03T02:00:00+00:00
85,CASH_OUT,27988.36,C104692647,38953.28,10964.92,C945488046,44648.98,72637.34,0,0,-0.0,0.0,d2ce201d-6337-48e9-ba9b-aa379f18a8c8,C104692647,CASH_OUT,USD,False,2026-10-04T13:00:00+00:00
92,CASH_OUT,52849.51,C942219606,56176.69,3327.18,C637409177,8485.82,61335.33,0,0,0.0,0.0,37eebe23-2e61-4620-ba1f-802e69d9bf86,C942219606,CASH_OUT,USD,False,2026-10-04T20:00:00+00:00
71,CASH_OUT,548.19,C348385055,1141.64,593.45,C398826584,24321.07,24869.26,0,0,0.0,0.0,90ccf8d4-5dd9-4f81-905c-7458593dba5a,C348385055,CASH_OUT,USD,False,2026-10-03T23:00:00+00:00
41,TRANSFER,51558.67,C598257752,170670.64,119111.97,C909076285,60143.37,111702.04,0,0,0.0,0.0,973a1b53-cb0a-4d5f-9d97-27663147193f,C598257752,TRANSFER,USD,False,2026-10-02T17:00:00+00:00
78,PAYMENT,300.44,C698212050,558.64,258.2,M500663522,0.0,0.0,0,0,0.0,300.44,f5baa3e5-8171-4912-bb24-76f1dfc3d0ed,C698212050,PAYMENT,USD,False,2026-10-04T06:00:00+00:00
33,PAYMENT,4691.02,C739204955,25122.91,20431.89,M522404300,0.0,0.0,0,0,0.0,4691.02,283e677b-3f82-4cb7-bf7c-579d1a510734,C739204955,PAYMENT,USD,False,2026-10-02T09:00:00+00:00
84,PAYMENT,3597.45,C804303106,18474.11,14876.66,M464311019,0.0,0.0,0,0,0.0,3597.45,c2feffe6-48de-49cc-aa33-2ebcb5016819,C804303106,PAYMENT,USD,False,2026-10-04T12:00:00+00:00
97,PAYMENT,2533.21,C233913984,24563.23,22030.02,M490369190,0.0,0.0,0,0,0.0,2533.21,fe60dd31-1986-4d7d-9d5f-484be6426f42,C233913984,PAYMENT,USD,False,2026-10-05T01:00:00+00:00
74,CASH_OUT,134374.49,C507693523,354312.6,219938.11,C523625992,47730.44,182104.93,0,0,0.0,0.0,8bcb57e2-7d36-4445-a835-d587bbe5af11,C507693523,CASH_OUT,USD,False,2026-10-04T02:00:00+00:00
22,CASH_OUT,128265.1,C693516844,233877.59,105612.49,C192851105,26088.44,154353.54,0,0,-0.0,0.0,d3c7d281-cf2f-4796-86f2-1c5adb0a4d1e,C693516844,CASH_OUT,USD,False,2026-10-01T22:00:00+00:00
10,PAYMENT,3787.88,C619964733,10481.67,6693.79,M145652216,0.0,0.0,0,0,0.0,3787.88,b14cbc84-3abe-43d7-b8a1-2348586d7010,C619964733,PAYMENT,USD,False,2026-10-01T10:00:00+00:00
98,PAYMENT,3415.56,C531078054,4329.75,914.19,M575433457,0.0,0.0,0,0,0.0,3415.56,5bb223a8-4ee7-4e8c-b752-720fb24d699e,C531078054,PAYMENT,USD,False,2026-10-05T02:00:00+00:00
43,TRANSFER,26933.17,C562198122,47839.1,20905.93,C205877984,40854.1,67787.27,0,0,0.0,-0.0,e69f20a9-d126-4001-8a33-51b2ef282fab,C562198122,TRANSFER,USD,False,2026-10-02T19:00:00+00:00
80,PAYMENT,775.1,C861484069,3501.04,2725.94,M932757063,0.0,0.0,0,0,0.0,775.1,f8987656-ae64-4226-9767-4534c1e3a52d,C861484069,PAYMENT,USD,False,2026-10-04T08:00:00+00:00
96,CASH_OUT,41754.94,C358245981,121100.17,79345.23,C971135032,1603.58,43358.52,0,0,0.0,0.0,1e31cc7d-c5e2-406b-9183-305abcc36210,C358245981,CASH_OUT,USD,False,2026-10-05T00:00:00+00:00
63,PAYMENT,2643.9,C165181159,16359.48,13715.58,M553123931,0.0,0.0,0,0,0.0,2643.9,fc0ae9f8-a955-4a82-ae57-c1c7ada7ca88,C165181159,PAYMENT,USD,False,2026-10-03T15:00:00+00:00
44,TRANSFER,158164.23,C378683318,621648.28,463484.05,C563200280,63854.91,222019.14,0,0,0.0,0.0,56fdc2b6-412c-44b1-90c1-b3963778d8b4,C378683318,TRANSFER,USD,False,2026-10-02T20:00:00+00:00
52,CASH_OUT,146298.23,C161462633,382210.04,235911.81,C454608877,154.23,146452.46,0,0,-0.0,0.0,f3d89225-4d2e-444c-af70-1430161cdc86,C161462633,CASH_OUT,USD,False,2026-10-03T04:00:00+00:00
86,CASH_IN,11933.37,C273145929,19875.46,31808.83,C144186034,57877.99,45944.62,0,0,-23866.74,23866.74,3ac93794-680e-4320-8396-8423164cb743,C273145929,CASH_IN,USD,False,2026-10-04T14:00:00+00:00
98,CASH_IN,368.58,C261669421,478.21,846.79,C540272920,54612.97,54244.39,0,0,-737.16,737.16,ecfd05d7-1096-47cb-8e0e-fa69c80c3e4b,C261669421,CASH_IN,USD,False,2026-10-05T02:00:00+00:00
57,PAYMENT,81.66,C590622789,382.97,301.31,M254785699,0.0,0.0,0,0,0.0,81.66,e495a27c-fa98-469c-932e-ae64b484efef,C590622789,PAYMENT,USD,False,2026-10-03T09:00:00+00:00
11,TRANSFER,11696.2,C706445962,28672.31,16976.11,C948498387,3843.91,15540.11,0,0,0.0,0.0,649409b3-e3f2-4d63-98c2-99c051c20fca,C706445962,TRANSFER,USD,False,2026-10-01T11:00:00+00:00
82,CASH_IN,4918.9,C437408933,5549.56,10468.46,C684205193,85405.01,80486.11,0,0,-9837.8,9837.8,929051fb-2203-4493-8238-d7da9be0b166,C437408933,CASH_IN,USD,False,2026-10-04T10:00:00+00:00
48,CASH_IN,9772.63,C916267975,10964.7,20737.33,C550639157,30125.91,20353.28,0,0,-19545.26,19545.26,925e4631-b6d2-4031-8734-12e0017978e5,C916267975,CASH_IN,USD,False,2026-10-03T00:00:00+00:00
98,PAYMENT,2282.44,C393724281,16791.16,14508.72,M312365395,0.0,0.0,0,0,0.0,2282.44,42f89a62-36f4-4278-9f41-ab3a5418e262,C393724281,PAYMENT,USD,False,2026-10-05T02:00:00+00:00
88,TRANSFER,133772.4,C132199020,427083.36,293310.96,C836864391,39654.59,173426.99,0,0,-0.0,0.0,319f0956-ea06-47d1-b413-9ccbb87a49bd,C132199020,TRANSFER,USD,False,2026-10-04T16:00:00+00:00
53,CASH_OUT,45026.48,C558022242,121870.96,76844.48,C184141769,30704.08,75730.56,0,0,0.0,0.0,c99bafa7-0a2c-4819-80de-1a4d5e411b23,C558022242,CASH_OUT,USD,False,2026-10-03T05:00:00+00:00
32,CASH_IN,7377.57,C848800417,13565.89,20943.46,C844895323,74297.71,66920.14,0,0,-14755.14,14755.14,ff5d5cc4-8570-49e2-943b-e94946469ddc,C848800417,CASH_IN,USD,False,2026-10-02T08:00:00+00:00
47,CASH_OUT,34629.44,C749848507,63638.54,29009.1,C944287643,28467.11,63096.55,0,0,0.0,0.0,91b49329-7776-427a-9f98-6313713bad9f,C749848507,CASH_OUT,USD,False,2026-10-02T23:00:00+00:00
26,CASH_OUT,58386.48,C561228852,83468.86,25082.38,C856704108,13917.24,72303.72,0,0,-0.0,0.0,aaab23c0-11c3-4483-bee7-58af5ec399c4,C561228852,CASH_OUT,USD,False,2026-10-02T02:00:00+00:00
14,PAYMENT,2749.08,C476151232,6251.44,3502.36,M391039983,0.0,0.0,0,0,-0.0,2749.08,2ad69721-c36a-4e19-be1b-83f372378571,C476151232,PAYMENT,USD,False,2026-10-01T14:00:00+00:00
95,CASH_OUT,121143.4,C639208572,126882.04,5738.64,C261261699,39803.46,160946.86,0,0,-0.0,0.0,420bdd4e-187b-44e2-8c61-5bcf0508442c,C639208572,CASH_OUT,USD,False,2026-10-04T23:00:00+00:00
22,CASH_OUT,132321.42,C565832017,155731.63,23410.21,C226133687,48432.87,180754.29,0,0,-0.0,0.0,b4ea2d0d-cccf-4010-9f0a-afe202a20e69,C565832017,CASH_OUT,USD,False,2026-10-01T22:00:00+00:00
68,CASH_IN,18710.86,C177880216,7911.91,26622.77,C810966933,11002.18,0.0,0,0,-37421.72,29713.04,993536ab-8eb0-43ff-8141-f1cbdd40273f,C177880216,CASH_IN,USD,False,2026-10-03T20:00:00+00:00
6,CASH_OUT,81010.0,C351619881,220951.57,139941.57,C910015485,2822.2,83832.2,0,0,0.0,0.0,b789dd10-5f71-4dac-a688-c35531c5906f,C351619881,CASH_OUT,USD,False,2026-10-01T06:00:00+00:00
65,CASH_IN,47360.36,C258304834,4982.08,52342.44,C621267068,19575.02,0.0,0,0,-94720.72,66935.38,1f3735aa-150e-42ae-9660-a1145a19f428,C258304834,CASH_IN,USD,False,2026-10-03T17:00:00+00:00
71,PAYMENT,1922.16,C617945843,5524.56,3602.4,M465839040,0.0,0.0,0,0,0.0,1922.16,2e29be90-7aad-4b4b-9a07-cc4eba0c2fe9,C617945843,PAYMENT,USD,False,2026-10-03T23:00:00+00:00
37,PAYMENT,1359.11,C211586005,9453.41,8094.3,M636066442,0.0,0.0,0,0,0.0,1359.11,b932af7e-8253-41f8-acf2-86d40fc9faa3,C211586005,PAYMENT,USD,False,2026-10-02T13:00:00+00:00
99,CASH_OUT,37042.82,C956905222,43120.66,6077.84,C178927201,7711.05,44753.87,0,0,0.0,0.0,61113e1c-14e8-4d9f-aa0a-d9785180b8a8,C956905222,CASH_OUT,USD,False,2026-10-05T03:00:00+00:00
9,CASH_OUT,87201.76,C488436316,163253.64,76051.88,C707281088,12895.58,100097.34,0,0,0.0,0.0,21203904-1787-4328-9633-6a02a959557c,C488436316,CASH_OUT,USD,False,2026-10-01T09:00:00+00:00
78,PAYMENT,1378.38,C794945166,6319.38,4941.0,M614037655,0.0,0.0,0,0,0.0,1378.38,b1e00fa2-4e82-4e95-ad7c-b9c5385d7cdd,C794945166,PAYMENT,USD,False,2026-10-04T06:00:00+00:00
54,TRANSFER,77676.16,C396618097,212720.09,135043.93,C144130760,56146.85,133823.01,0,0,0.0,0.0,ed775c43-3ebd-4393-9907-a5b25b2328c5,C396618097,TRANSFER,USD,False,2026-10-03T06:00:00+00:00
95,PAYMENT,369.76,C454795914,2284.01,1914.25,M795612752,0.0,0.0,0,0,0.0,369.76,01f92802-72dc-49fb-940b-550d3ba361ac,C454795914,PAYMENT,USD,False,2026-10-04T23:00:00+00:00
52,PAYMENT,2126.4,C999912828,7456.57,5330.17,M635915400,0.0,0.0,0,0,0.0,2126.4,6d025b06-12e9-40db-b607-dd86ad125182,C999912828,PAYMENT,USD,False,2026-10-03T04:00:00+00:00
3,CASH_IN,45680.7,C258290859,7988.67,53669.37,C654059843,80795.35,35114.65,0,0,-91361.4,91361.4,590fa14d-546d-4a3c-b299-ed64dc4e7114,C258290859,CASH_IN,USD,False,2026-10-01T03:00:00+00:00
11,CASH_OUT,111376.71,C127154794,330435.58,219058.87,C240174860,31723.16,143099.87,0,0,0.0,0.0,9668b790-1786-4b52-8eee-a35c12c4b967,C127154794,CASH_OUT,USD,False,2026-10-01T11:00:00+00:00
97,PAYMENT,3380.1,C584642883,4077.98,697.88,M509123196,0.0,0.0,0,0,0.0,3380.1,b97e4c06-11f6-4630-89d3-b8786d2fd6ac,C584642883,PAYMENT,USD,False,2026-10-05T01:00:00+00:00
41,TRANSFER,52597.41,C806701483,78363.13,25765.72,C425268081,79280.29,131877.7,0,0,0.0,0.0,02b148d6-cf5c-42e0-875a-f0d11e5b7974,C806701483,TRANSFER,USD,False,2026-10-02T17:00:00+00:00
81,CASH_IN,14610.18,C631529611,1176.25,15786.43,C504487813,81210.81,66600.63,0,0,-29220.36,29220.36,224dc89a-2fe3-4bd5-a7de-95fd437c0455,C631529611,CASH_IN,USD,False,2026-10-04T09:00:00+00:00
65,PAYMENT,2627.65,C858302909,4111.99,1484.34,M650878040,0.0,0.0,0,0,-0.0,2627.65,ecb73a53-51cb-43c9-bb95-2a2c2d431d6f,C858302909,PAYMENT,USD,False,2026-10-03T17:00:00+00:00
48,CASH_OUT,95047.01,C855809082,108486.39,13439.38,C773563645,44671.72,139718.73,0,0,0.0,-0.0,d4ef7496-020b-430c-9969-1e488c4ac7dd,C855809082,CASH_OUT,USD,False,2026-10-03T00:00:00+00:00
54,CASH_OUT,135038.07,C104464143,143862.7,8824.63,C545126826,1312.34,136350.41,0,0,0.0,0.0,deb36bae-3afc-445f-bf63-584b273261f8,C104464143,CASH_OUT,USD,False,2026-10-03T06:00:00+00:00
27,PAYMENT,2769.98,C422135540,23673.77,20903.79,M177298097,0.0,0.0,0,0,0.0,2769.98,918ad606-f936-4615-9616-4bf1b3a4ccb4,C422135540,PAYMENT,USD,False,2026-10-02T03:00:00+00:00
19,CASH_OUT,78151.08,C319318381,81697.62,3546.54,C773532691,20826.83,98977.91,0,0,-0.0,0.0,f1d07062-737d-4bf1-806c-d18053e672b4,C319318381,CASH_OUT,USD,False,2026-10-01T19:00:00+00:00
3,DEBIT,1644.63,C821856853,1909.29,264.66,C718740490,3805.72,5450.35,0,0,-0.0,0.0,1d037691-33ff-43a5-adc9-dc8eacb14566,C821856853,DEBIT,USD,False,2026-10-01T03:00:00+00:00
12,CASH_OUT,22922.82,C798160783,39853.49,16930.67,C255960650,40795.51,63718.33,0,0,0.0,0.0,f3572173-0220-443f-b454-ae1feae1056a,C798160783,CASH_OUT,USD,False,2026-10-01T12:00:00+00:00
96,CASH_OUT,859244.4,C664844179,859244.4,0.0,C503851259,4848.74,864093.14,1,0,0.0,0.0,26ad7d40-1008-469e-a988-c3a4a139ffe1,C664844179,CASH_OUT,USD,False,2026-10-05T00:00:00+00:00
76,CASH_IN,16903.46,C658294552,19864.3,36767.76,C841180707,32013.71,15110.25,0,0,-33806.92,33806.92,ae3f23a1-9371-4979-b446-055ba37c7d1d,C658294552,CASH_IN,USD,False,2026-10-04T04:00:00+00:00
71,CASH_OUT,113535.93,C768630388,217817.91,104281.98,C277968787,41932.18,155468.11,0,0,0.0,0.0,7172ea6b-1205-49df-96e4-acf2653679b2,C768630388,CASH_OUT,USD,False,2026-10-03T23:00:00+00:00
56,CASH_OUT,80114.24,C786688228,157288.56,77174.32,C472769123,11356.42,91470.66,0,0,-0.0,0.0,bfce6321-085d-4acb-b7d4-02274c3153cb,C786688228,CASH_OUT,USD,False,2026-10-03T08:00:00+00:00
17,PAYMENT,4319.81,C982804364,13595.65,9275.84,M647269515,0.0,0.0,0,0,0.0,4319.81,d16e0519-ba41-4cbb-9d71-e3fe670083ce,C982804364,PAYMENT,USD,False,2026-10-01T17:00:00+00:00
34,CASH_IN,12992.83,C303021597,12134.01,25126.84,C855460504,81826.59,68833.76,0,0,-25985.66,25985.66,8425f1ad-3f83-42d4-8c96-e69d9661feac,C303021597,CASH_IN,USD,False,2026-10-02T10:00:00+00:00
21,PAYMENT,710.68,C492177998,1203.6,492.92,M363115935,0.0,0.0,0,0,-0.0,710.68,13ba700b-9366-4205-a995-1b69dcf5391b,C492177998,PAYMENT,USD,False,2026-10-01T21:00:00+00:00
64,DEBIT,1396.9,C597877404,3242.2,1845.3,C134077472,4233.38,5630.28,0,0,-0.0,0.0,759f5d1f-bc31-4ae9-99c9-94c8db0800bc,C597877404,DEBIT,USD,False,2026-10-03T16:00:00+00:00
57,PAYMENT,1724.54,C960231593,5226.82,3502.28,M274056391,0.0,0.0,0,0,-0.0,1724.54,d91ad306-c20c-4d8f-95b3-493050199dd6,C960231593,PAYMENT,USD,False,2026-10-03T09:00:00+00:00
74,PAYMENT,404.22,C813977944,803.81,399.59,M817012115,0.0,0.0,0,0,-0.0,404.22,6278add8-fc04-4a80-92e2-4ade98b5e5d6,C813977944,PAYMENT,USD,False,2026-10-04T02:00:00+00:00
2,CASH_OUT,57434.8,C778812730,117670.51,60235.71,C427258676,15965.83,73400.63,0,0,-0.0,0.0,d2b3ab15-8398-4876-85f1-a267d8a8b814,C778812730,CASH_OUT,USD,False,2026-10-01T02:00:00+00:00
49,CASH_OUT,25651.65,C612046054,55724.38,30072.73,C121425574,49388.65,75040.3,0,0,-0.0,0.0,b379b462-832d-4fdd-b7c8-b507fbdeeeb4,C612046054,CASH_OUT,USD,False,2026-10-03T01:00:00+00:00
94,PAYMENT,1247.75,C308970522,9936.59,8688.84,M745883049,0.0,0.0,0,0,0.0,1247.75,d8b7bb3e-1b15-478e-ba78-fc9c0c711c17,C308970522,PAYMENT,USD,False,2026-10-04T22:00:00+00:00
24,CASH_OUT,857.15,C392787282,889.24,32.09,C322410957,20716.24,21573.39,0,0,0.0,0.0,825acd70-67bb-4429-902a-aac39b911099,C392787282,CASH_OUT,USD,False,2026-10-02T00:00:00+00:00
61,CASH_OUT,130995.46,C624316008,159653.6,28658.14,C607416289,40946.32,171941.78,0,0,0.0,0.0,0457c443-4bf5-4caa-bf51-82df94e99d3b,C624316008,CASH_OUT,USD,False,2026-10-03T13:00:00+00:00
55,CASH_OUT,74773.73,C720556736,110179.09,35405.36,C884812266,25086.44,99860.17,0,0,0.0,0.0,83c7e625-8062-42a5-80f8-98269583dec8,C720556736,CASH_OUT,USD,False,2026-10-03T07:00:00+00:00
65,TRANSFER,65850.05,C661084098,156137.67,90287.62,C327932482,31694.34,97544.39,0,0,0.0,0.0,71289c51-fb24-416c-9387-c28698cc46d7,C661084098,TRANSFER,USD,False,2026-10-03T17:00:00+00:00
57,PAYMENT,131.99,C502775535,1146.69,1014.7,M898802042,0.0,0.0,0,0,0.0,131.99,9837e67f-9a88-44ba-a8d4-917e14053bdd,C502775535,PAYMENT,USD,False,2026-10-03T09:00:00+00:00
32,PAYMENT,2913.93,C654535921,23331.68,20417.75,M983520645,0.0,0.0,0,0,0.0,2913.93,15734ccc-e845-4200-a43c-45ca49e4e060,C654535921,PAYMENT,USD,False,2026-10-02T08:00:00+00:00
29,PAYMENT,4844.23,C920917342,46271.03,41426.8,M389758574,0.0,0.0,0,0,0.0,4844.23,bca13140-edd5-428b-9595-1b7db9874728,C920917342,PAYMENT,USD,False,2026-10-02T05:00:00+00:00
9,CASH_OUT,106266.24,C449359982,262750.33,156484.09,C920611315,35015.86,141282.1,0,0,0.0,0.0,190b6ddc-9371-4c03-bd08-3c3c413025ed,C449359982,CASH_OUT,USD,False,2026-10-01T09:00:00+00:00
86,PAYMENT,2795.34,C553054055,23387.22,20591.88,M530430099,0.0,0.0,0,0,0.0,2795.34,17e4a7c6-b243-498b-a244-c635517d6d10,C553054055,PAYMENT,USD,False,2026-10-04T14:00:00+00:00
83,PAYMENT,3783.67,C707326507,33861.34,30077.67,M142285535,0.0,0.0,0,0,0.0,3783.67,0ecb944a-0183-473f-b9c1-ea5cd44f6566,C707326507,PAYMENT,USD,False,2026-10-04T11:00:00+00:00
16,DEBIT,1391.12,C553456129,1785.24,394.12,C612926731,1977.04,3368.16,0,0,0.0,0.0,03a48ad0-0644-4321-9061-2ce08dc19eff,C553456129,DEBIT,USD,False,2026-10-01T16:00:00+00:00
100,CASH_OUT,74512.69,C203208269,177195.95,102683.26,C340294732,1601.69,76114.38,0,0,0.0,0.0,c8e5739a-ccbf-45a7-b0cc-c1553b1e6d03,C203208269,CASH_OUT,USD,False,2026-10-05T04:00:00+00:00
19,CASH_OUT,143177.25,C598803400,222575.34,79398.09,C596467660,5893.28,149070.53,0,0,0.0,0.0,1a298470-af1d-4858-a0c3-4e7c8202c57f,C598803400,CASH_OUT,USD,False,2026-10-01T19:00:00+00:00
44,CASH_IN,2468.04,C918464025,12523.59,14991.63,C206917560,83833.52,81365.48,0,0,-4936.08,4936.08,be2fa40d-fb60-427d-a7fa-4ac36fb7362d,C918464025,CASH_IN,USD,False,2026-10-02T20:00:00+00:00
56,PAYMENT,4298.94,C125830942,19079.12,14780.18,M440786794,0.0,0.0,0,0,0.0,4298.94,4e9202c7-d09b-4d4a-89d0-93d6d9e30e35,C125830942,PAYMENT,USD,False,2026-10-03T08:00:00+00:00
45,CASH_IN,9225.09,C978510324,2205.15,11430.24,C996649844,78644.05,69418.96,0,0,-18450.18,18450.18,c6f6385f-5eec-4544-b0d7-04c3853ae14a,C978510324,CASH_IN,USD,False,2026-10-02T21:00:00+00:00
95,CASH_OUT,461798.4,C795349276,461798.4,0.0,C992785960,518.83,462317.23,1,0,0.0,0.0,165ef4f2-de8c-4f9d-9b4d-84a76e00e62a,C795349276,CASH_OUT,USD,False,2026-10-04T23:00:00+00:00
2,CASH_IN,15954.92,C818264518,13466.69,29421.61,C235867560,2977.54,0.0,0,0,-31909.84,18932.46,8b75619f-c1a0-43a4-a3f2-9b261913ad12,C818264518,CASH_IN,USD,False,2026-10-01T02:00:00+00:00
77,PAYMENT,1294.64,C817831634,9222.45,7927.81,M554021632,0.0,0.0,0,0,0.0,1294.64,b49bab6a-7909-4edc-99df-bbfef016319d,C817831634,PAYMENT,USD,False,2026-10-04T05:00:00+00:00
65,PAYMENT,737.67,C936379822,6203.77,5466.1,M509616187,0.0,0.0,0,0,0.0,737.67,8f41845c-5cae-4a8f-8090-39817fa175f7,C936379822,PAYMENT,USD,False,2026-10-03T17:00:00+00:00
81,CASH_OUT,134090.68,C825233908,288821.83,154731.15,C985116069,46315.93,180406.61,0,0,0.0,0.0,a6233722-a479-4d0e-bce3-7ee16420dc03,C825233908,CASH_OUT,USD,False,2026-10-04T09:00:00+00:00
4,TRANSFER,214155.55,C619524536,682827.41,468671.86,C291320822,5257.01,219412.56,0,0,0.0,0.0,2f98a6b8-ab1d-402e-a8d2-de70d559cd48,C619524536,TRANSFER,USD,False,2026-10-01T04:00:00+00:00
32,CASH_OUT,86041.32,C352013072,86041.32,0.0,C596094067,1834.96,87876.28,1,0,0.0,0.0,68d44c8d-ecb4-422a-88ce-95f6e6f78d8c,C352013072,CASH_OUT,USD,False,2026-10-02T08:00:00+00:00
63,PAYMENT,217.9,C654351339,1231.5,1013.6,M114097170,0.0,0.0,0,0,0.0,217.9,6fa94d07-53e4-4299-83f1-f7c4fb64df42,C654351339,PAYMENT,USD,False,2026-10-03T15:00:00+00:00
26,PAYMENT,318.91,C433725254,596.53,277.62,M771405073,0.0,0.0,0,0,-0.0,318.91,43c23a78-8dc1-43a7-a8f0-6dbffb6274b5,C433725254,PAYMENT,USD,False,2026-10-02T02:00:00+00:00
17,CASH_IN,11316.31,C253110789,14863.7,26180.01,C188249744,72009.54,60693.23,0,0,-22632.62,22632.62,289f391e-e95e-4e57-9d26-a11777b2884a,C253110789,CASH_IN,USD,False,2026-10-01T17:00:00+00:00
17,CASH_OUT,120149.63,C745471251,180798.87,60649.24,C340271240,40254.28,160403.91,0,0,-0.0,0.0,3b46e220-a378-41ff-b66d-ca6284b78479,C745471251,CASH_OUT,USD,False,2026-10-01T17:00:00+00:00
88,CASH_OUT,140425.53,C822785656,175955.17,35529.64,C749567251,45162.5,185588.03,0,0,0.0,0.0,854f70e4-77b4-42c6-a356-923ee17a2a11,C822785656,CASH_OUT,USD,False,2026-10-04T16:00:00+00:00
48,PAYMENT,3863.37,C549262283,32191.27,28327.9,M673927597,0.0,0.0,0,0,0.0,3863.37,ec0719f9-3a36-49e3-b627-2a245fba9c91,C549262283,PAYMENT,USD,False,2026-10-03T00:00:00+00:00
6,PAYMENT,4750.08,C349822837,26150.4,21400.32,M247825381,0.0,0.0,0,0,0.0,4750.08,7a4056fe-a698-4f26-847f-69d3ee9d1606,C349822837,PAYMENT,USD,False,2026-10-01T06:00:00+00:00
36,TRANSFER,140819.64,C134478330,399059.89,258240.25,C904509987,69299.49,210119.13,0,0,0.0,0.0,478895ed-3416-49ca-a3ff-02a24c6fa5ee,C134478330,TRANSFER,USD,False,2026-10-02T12:00:00+00:00
16,CASH_IN,31947.84,C412953988,11962.62,43910.46,C320905013,63710.98,31763.14,0,0,-63895.68,63895.68,cf61bc8c-e006-4230-9730-e4a210da90de,C412953988,CASH_IN,USD,False,2026-10-01T16:00:00+00:00
30,PAYMENT,1798.67,C181484595,6566.33,4767.66,M188496207,0.0,0.0,0,0,0.0,1798.67,69349f93-cfc3-491a-aa6c-f7a1bafcb80c,C181484595,PAYMENT,USD,False,2026-10-02T06:00:00+00:00
7,CASH_OUT,80367.35,C488799500,215086.99,134719.64,C268569854,19776.31,100143.66,0,0,-0.0,0.0,a04e294b-1d1e-4646-badd-3443a7a0e416,C488799500,CASH_OUT,USD,False,2026-10-01T07:00:00+00:00
53,CASH_OUT,94301.59,C709590736,142214.3,47912.71,C922800018,32745.34,127046.93,0,0,-0.0,0.0,657784c8-2f88-4503-aba7-e64d41493e6f,C709590736,CASH_OUT,USD,False,2026-10-03T05:00:00+00:00
77,PAYMENT,240.14,C227154328,525.33,285.19,M729359157,0.0,0.0,0,0,0.0,240.14,d4ef765a-513e-47c4-93df-11c3a69ae5e2,C227154328,PAYMENT,USD,False,2026-10-04T05:00:00+00:00
74,CASH_OUT,73721.76,C408361258,85016.51,11294.75,C924619873,8786.25,82508.01,0,0,0.0,0.0,8bc87453-a330-4fdf-9804-1934b8551399,C408361258,CASH_OUT,USD,False,2026-10-04T02:00:00+00:00
84,PAYMENT,4356.98,C361837363,21242.94,16885.96,M882543250,0.0,0.0,0,0,0.0,4356.98,f9b67299-d9eb-4f07-b4cd-19d7cc2666aa,C361837363,PAYMENT,USD,False,2026-10-04T12:00:00+00:00
12,CASH_OUT,61889.35,C492756851,99465.21,37575.86,C267200433,4.62,61893.97,0,0,0.0,0.0,a6109d83-0988-47a2-86d9-f5c64a882a81,C492756851,CASH_OUT,USD,False,2026-10-01T12:00:00+00:00
34,PAYMENT,1977.56,C228205532,18889.42,16911.86,M317031248,0.0,0.0,0,0,-0.0,1977.56,46bdb1b1-b770-4e3b-9460-3ed0ea30bfd1,C228205532,PAYMENT,USD,False,2026-10-02T10:00:00+00:00
74,CASH_OUT,68033.72,C330678603,142310.14,74276.42,C382184330,5890.96,73924.68,0,0,0.0,0.0,0385d47f-db9c-4300-9b8e-1cc5d0e326e9,C330678603,CASH_OUT,USD,False,2026-10-04T02:00:00+00:00
99,CASH_OUT,105954.39,C656929800,202590.62,96636.23,C814207218,39346.15,145300.54,0,0,0.0,0.0,d4b0beef-555b-4951-a77a-49de67a3d0dc,C656929800,CASH_OUT,USD,False,2026-10-05T03:00:00+00:00
85,CASH_OUT,42529.93,C960099249,50010.21,7480.28,C978707717,6186.24,48716.17,0,0,-0.0,0.0,c6401b84-9d98-4a55-b5f2-bc39f69b8368,C960099249,CASH_OUT,USD,False,2026-10-04T13:00:00+00:00
45,PAYMENT,3242.27,C605658736,15442.33,12200.06,M915684902,0.0,0.0,0,0,0.0,3242.27,55a36c99-c7df-40af-8c39-ed5ba2d3c9e7,C605658736,PAYMENT,USD,False,2026-10-02T21:00:00+00:00
47,TRANSFER,30952.42,C835779800,110591.18,79638.76,C353813127,31077.68,62030.1,0,0,0.0,0.0,8debc394-8d12-4644-8d2b-c046391f956c,C835779800,TRANSFER,USD,False,2026-10-02T23:00:00+00:00
54,CASH_OUT,66395.05,C365698202,79072.3,12677.25,C513681853,42172.05,108567.1,0,0,0.0,0.0,2c00356d-b673-45e4-a693-d8efb25e9898,C365698202,CASH_OUT,USD,False,2026-10-03T06:00:00+00:00
11,PAYMENT,511.52,C886699135,4210.81,3699.29,M534300167,0.0,0.0,0,0,0.0,511.52,d9780d56-62db-4496-b8d2-ee63c902df8f,C886699135,PAYMENT,USD,False,2026-10-01T11:00:00+00:00
47,PAYMENT,4059.19,C830154541,38362.28,34303.09,M845602677,0.0,0.0,0,0,0.0,4059.19,23e786f9-4471-4b5e-9f47-81b55c6824ed,C830154541,PAYMENT,USD,False,2026-10-02T23:00:00+00:00
78,TRANSFER,61031.3,C149628534,69131.14,8099.84,C439498723,39266.38,100297.68,0,0,-0.0,0.0,56334079-709c-4b3c-b707-4728e1bb934c,C149628534,TRANSFER,USD,False,2026-10-04T06:00:00+00:00
86,CASH_IN,41535.93,C297652556,17899.13,59435.06,C199258043,43424.9,1888.97,0,0,-83071.86,83071.86,370023b3-820f-42b0-8b47-fadfb247fe86,C297652556,CASH_IN,USD,False,2026-10-04T14:00:00+00:00
23,CASH_OUT,501.09,C268075622,1191.96,690.87,C583724666,23495.62,23996.71,0,0,0.0,0.0,7014ff14-6833-4314-93fc-2190120e58f4,C268075622,CASH_OUT,USD,False,2026-10-01T23:00:00+00:00
19,CASH_OUT,111571.53,C189529910,223906.15,112334.62,C885070927,11429.4,123000.93,0,0,0.0,0.0,f7d8d431-e567-484e-b334-f731926fd095,C189529910,CASH_OUT,USD,False,2026-10-01T19:00:00+00:00
24,CASH_OUT,96173.49,C387979376,135248.68,39075.19,C708121424,22406.84,118580.33,0,0,-0.0,0.0,b1e61c83-4968-4527-81fd-9c75052e72c1,C387979376,CASH_OUT,USD,False,2026-10-02T00:00:00+00:00
69,CASH_OUT,5983.82,C889382867,12160.64,6176.82,C515965279,31532.43,37516.25,0,0,0.0,0.0,d9daab62-718b-4903-a4d1-5bf862b9878a,C889382867,CASH_OUT,USD,False,2026-10-03T21:00:00+00:00
45,PAYMENT,1386.16,C975652436,13400.72,12014.56,M751077748,0.0,0.0,0,0,0.0,1386.16,2b71b695-8679-4fcd-a8bc-c0437c96bdaf,C975652436,PAYMENT,USD,False,2026-10-02T21:00:00+00:00
81,CASH_IN,17425.29,C423410784,11154.21,28579.5,C104907047,19998.38,2573.09,0,0,-34850.58,34850.58,fad38c63-6707-4fdb-b66f-1265a97f4879,C423410784,CASH_IN,USD,False,2026-10-04T09:00:00+00:00
21,CASH_OUT,92834.86,C836527450,208903.0,116068.14,C915571513,2988.76,95823.62,0,0,0.0,0.0,b44b6f94-816f-43b0-921e-50cb5194355b,C836527450,CASH_OUT,USD,False,2026-10-01T21:00:00+00:00
54,CASH_IN,15893.62,C394928476,8006.89,23900.51,C471326196,56088.57,40194.95,0,0,-31787.24,31787.24,0a09236c-ea8d-42c8-ad20-1759e4cd2d1d,C394928476,CASH_IN,USD,False,2026-10-03T06:00:00+00:00
7,PAYMENT,2419.73,C807216663,17484.14,15064.41,M982240807,0.0,0.0,0,0,0.0,2419.73,20ba8ae1-fdf2-4899-b926-b4c86e9eea84,C807216663,PAYMENT,USD,False,2026-10-01T07:00:00+00:00
52,CASH_OUT,46951.0,C202097643,109405.96,62454.96,C435569630,18715.05,65666.05,0,0,0.0,0.0,a31e2246-91ea-4b75-b2dd-f1fb33600fa7,C202097643,CASH_OUT,USD,False,2026-10-03T04:00:00+00:00
7,PAYMENT,4830.22,C591655222,15076.83,10246.61,M145058111,0.0,0.0,0,0,0.0,4830.22,e13fe300-125a-451c-9706-0248d9eb3d3a,C591655222,PAYMENT,USD,False,2026-10-01T07:00:00+00:00
59,PAYMENT,2449.26,C369176186,16300.66,13851.4,M347843014,0.0,0.0,0,0,0.0,2449.26,768a1d6b-9de8-46b2-93d9-429ba022d9fe,C369176186,PAYMENT,USD,False,2026-10-03T11:00:00+00:00
56,CASH_IN,22014.84,C898120571,6780.73,28795.57,C515156661,19494.9,0.0,0,0,-44029.68,41509.74,0cc278ee-3157-4bb0-b5a9-39d02ad5f58d,C898120571,CASH_IN,USD,False,2026-10-03T08:00:00+00:00
36,CASH_IN,9326.39,C935702900,13428.79,22755.18,C638549262,60857.63,51531.24,0,0,-18652.78,18652.78,4cba184e-259b-4d59-b3b8-987d07e68cba,C935702900,CASH_IN,USD,False,2026-10-02T12:00:00+00:00
27,PAYMENT,3679.83,C712255073,31265.19,27585.36,M420629813,0.0,0.0,0,0,0.0,3679.83,368aa9be-0116-4164-a99b-07c04fd0f574,C712255073,PAYMENT,USD,False,2026-10-02T03:00:00+00:00
36,CASH_IN,44011.36,C852890318,203.02,44214.38,C696776072,94858.2,50846.84,0,0,-88022.72,88022.72,652f609f-b7f3-48a4-badd-f7dae873a501,C852890318,CASH_IN,USD,False,2026-10-02T12:00:00+00:00
12,TRANSFER,41994.62,C353810544,102638.01,60643.39,C621453189,69172.03,111166.65,0,0,-0.0,0.0,d72cfd55-0fdf-4b38-9145-50ffd6993dad,C353810544,TRANSFER,USD,False,2026-10-01T12:00:00+00:00
67,CASH_IN,22462.31,C149062746,5013.43,27475.74,C560217320,2018.27,0.0,0,0,-44924.62,24480.58,054bd427-db78-4fef-bdb7-38d15da7ecf5,C149062746,CASH_IN,USD,False,2026-10-03T19:00:00+00:00
83,TRANSFER,122205.6,C780623472,266472.21,144266.61,C202253162,26303.92,148509.52,0,0,0.0,0.0,aef09539-4d48-4f6e-bbf2-d9d1e41d1edb,C780623472,TRANSFER,USD,False,2026-10-04T11:00:00+00:00
58,PAYMENT,394.57,C937784833,620.0,225.43,M759303485,0.0,0.0,0,0,0.0,394.57,c4b90eb2-c9b6-4841-8b65-78b75dbc97f0,C937784833,PAYMENT,USD,False,2026-10-03T10:00:00+00:00
88,CASH_OUT,125999.78,C862509565,168147.59,42147.81,C624737111,28269.89,154269.67,0,0,0.0,-0.0,7711e467-9a4e-4fbd-a04b-573969763b1d,C862509565,CASH_OUT,USD,False,2026-10-04T16:00:00+00:00
48,PAYMENT,1696.0,C601678009,14973.7,13277.7,M256381901,0.0,0.0,0,0,0.0,1696.0,b9293703-2af7-49ca-bc59-8380a336a4fc,C601678009,PAYMENT,USD,False,2026-10-03T00:00:00+00:00
3,TRANSFER,210368.8,C976104224,535420.14,325051.34,C732956260,54743.75,265112.55,0,0,0.0,0.0,435133bc-2b20-4420-b8ff-9c9963b40965,C976104224,TRANSFER,USD,False,2026-10-01T03:00:00+00:00
27,PAYMENT,2040.51,C619317577,3570.31,1529.8,M902067778,0.0,0.0,0,0,0.0,2040.51,a197283c-758a-4e1d-94d6-7b1df9f48ca9,C619317577,PAYMENT,USD,False,2026-10-02T03:00:00+00:00
67,PAYMENT,1575.27,C760863928,5612.87,4037.6,M472959512,0.0,0.0,0,0,0.0,1575.27,c5a62987-9f07-4b95-a685-6a7f5a0a6db7,C760863928,PAYMENT,USD,False,2026-10-03T19:00:00+00:00
63,CASH_OUT,15762.63,C324267921,46687.02,30924.39,C333634771,34949.14,50711.77,0,0,0.0,0.0,d5bb0373-3089-4109-81ed-989073ff4d71,C324267921,CASH_OUT,USD,False,2026-10-03T15:00:00+00:00
94,PAYMENT,1696.84,C800744575,12814.1,11117.26,M682848040,0.0,0.0,0,0,0.0,1696.84,a077eb0f-ba9c-4042-a665-ae41e1bba263,C800744575,PAYMENT,USD,False,2026-10-04T22:00:00+00:00
77,CASH_OUT,81173.62,C199489074,214675.77,133502.15,C876192710,31460.07,112633.69,0,0,0.0,0.0,5f9f097e-d968-4dad-b276-ac12b70826ca,C199489074,CASH_OUT,USD,False,2026-10-04T05:00:00+00:00
74,CASH_OUT,22202.4,C766013190,42141.92,19939.52,C913025234,47453.07,69655.47,0,0,-0.0,0.0,ad88695a-8823-4976-9841-8ddb7305f0e4,C766013190,CASH_OUT,USD,False,2026-10-04T02:00:00+00:00
94,CASH_IN,31316.74,C640789555,18556.07,49872.81,C411134568,51313.53,19996.79,0,0,-62633.48,62633.48,cc4e547d-e27b-4f6a-a647-d843ab1e333a,C640789555,CASH_IN,USD,False,2026-10-04T22:00:00+00:00
46,CASH_OUT,65753.76,C779454449,84157.31,18403.55,C303435957,9654.64,75408.4,0,0,0.0,0.0,b6e13333-8f05-484c-b7e3-04ebb63cfb2d,C779454449,CASH_OUT,USD,False,2026-10-02T22:00:00+00:00
79,CASH_OUT,91022.44,C574797329,117330.79,26308.35,C500463881,3867.85,94890.29,0,0,-0.0,0.0,76f7e9a6-3f64-4765-85c2-654af985d780,C574797329,CASH_OUT,USD,False,2026-10-04T07:00:00+00:00
43,CASH_OUT,119038.38,C388980197,318680.7,199642.32,C192352716,10509.29,129547.67,0,0,0.0,0.0,50b0bc34-c727-4beb-8b66-ca70c1d54f97,C388980197,CASH_OUT,USD,False,2026-10-02T19:00:00+00:00
89,PAYMENT,783.66,C219471674,1010.19,226.53,M789830038,0.0,0.0,0,0,0.0,783.66,47356d58-5e03-46b8-b333-3c6be8667d68,C219471674,PAYMENT,USD,False,2026-10-04T17:00:00+00:00
1,PAYMENT,513.3,C599305000,4240.77,3727.47,M529976876,0.0,0.0,0,0,0.0,513.3,1935acc4-93f0-4c50-a15c-046c8e155681,C599305000,PAYMENT,USD,False,2026-10-01T01:00:00+00:00
91,CASH_IN,38657.26,C256297926,7390.42,46047.68,C142894428,39933.47,1276.21,0,0,-77314.52,77314.52,8238146e-5b09-4305-be48-aacf074c16bf,C256297926,CASH_IN,USD,False,2026-10-04T19:00:00+00:00
33,CASH_IN,32532.09,C574642621,18796.59,51328.68,C250804079,97196.38,64664.29,0,0,-65064.18,65064.18,847446d7-a564-4ab4-8cd3-8deb94ea2b05,C574642621,CASH_IN,USD,False,2026-10-02T09:00:00+00:00
8,CASH_OUT,69426.75,C491136945,90320.4,20893.65,C358099562,34265.33,103692.08,0,0,-0.0,0.0,c29ab199-5b98-4a04-9b56-6859a8906f76,C491136945,CASH_OUT,USD,False,2026-10-01T08:00:00+00:00
55,CASH_IN,908.23,C353666379,12052.69,12960.92,C309793051,8627.7,7719.47,0,0,-1816.46,1816.46,ed5d92e2-3ee5-44b3-809f-920b980afbeb,C353666379,CASH_IN,USD,False,2026-10-03T07:00:00+00:00
81,CASH_OUT,14263.93,C422615928,14263.93,0.0,C176029916,1926.54,16190.47,1,0,0.0,0.0,b633431b-e68a-4947-a1ed-d8606f8ca475,C422615928,CASH_OUT,USD,False,2026-10-04T09:00:00+00:00
61,DEBIT,1728.39,C887532217,1927.37,198.98,C795396891,3669.52,5397.91,0,0,-0.0,0.0,9a0cb768-43db-43c1-a8e0-ec95d4959485,C887532217,DEBIT,USD,False,2026-10-03T13:00:00+00:00
17,PAYMENT,4495.41,C491541578,43829.2,39333.79,M954829815,0.0,0.0,0,0,-0.0,4495.41,53ee8900-5709-4bd3-8904-5f4bbdffdd8b,C491541578,PAYMENT,USD,False,2026-10-01T17:00:00+00:00
82,PAYMENT,3046.36,C515122551,29884.02,26837.66,M951290613,0.0,0.0,0,0,0.0,3046.36,70eb33bd-5869-4eb9-8dec-3045663c7eab,C515122551,PAYMENT,USD,False,2026-10-04T10:00:00+00:00
16,PAYMENT,2197.39,C622521131,7902.49,5705.1,M281806799,0.0,0.0,0,0,0.0,2197.39,d492454b-ab8f-4d77-9447-733b93decce5,C622521131,PAYMENT,USD,False,2026-10-01T16:00:00+00:00
37,PAYMENT,331.27,C214315434,364.0,32.73,M741142796,0.0,0.0,0,0,0.0,331.27,ecfecb33-42be-4c2d-b394-d0a9e4a2fe91,C214315434,PAYMENT,USD,False,2026-10-02T13:00:00+00:00
18,PAYMENT,554.14,C477059584,3928.44,3374.3,M141287038,0.0,0.0,0,0,0.0,554.14,65f33d2e-b4a7-4bc4-9621-a50d266f1531,C477059584,PAYMENT,USD,False,2026-10-01T18:00:00+00:00
74,DEBIT,1541.18,C595725097,3895.32,2354.14,C935504321,2684.55,4225.73,0,0,0.0,0.0,d68c6197-0be0-41bb-9542-5b0183826911,C595725097,DEBIT,USD,False,2026-10-04T02:00:00+00:00
49,PAYMENT,4609.75,C160046549,19044.59,14434.84,M459048149,0.0,0.0,0,0,0.0,4609.75,8e991638-5713-41a9-b7b4-c2af077e47eb,C160046549,PAYMENT,USD,False,2026-10-03T01:00:00+00:00
57,PAYMENT,3736.72,C479823041,15818.02,12081.3,M106238675,0.0,0.0,0,0,0.0,3736.72,6ed089b5-5f8d-4fbe-bb51-12ebfad7b29e,C479823041,PAYMENT,USD,False,2026-10-03T09:00:00+00:00
56,PAYMENT,1777.1,C415627526,10599.44,8822.34,M650358720,0.0,0.0,0,0,0.0,1777.1,1184a1e1-13c1-4010-b479-a9ba686fd0e5,C415627526,PAYMENT,USD,False,2026-10-03T08:00:00+00:00
69,PAYMENT,1506.95,C100852145,4778.24,3271.29,M910705458,0.0,0.0,0,0,0.0,1506.95,9e3e5e99-febc-46bc-95aa-c9d1fb9b9422,C100852145,PAYMENT,USD,False,2026-10-03T21:00:00+00:00
85,PAYMENT,4873.23,C415394753,45218.38,40345.15,M858434529,0.0,0.0,0,0,-0.0,4873.23,f8101bd4-c4a8-4fa6-8b03-3b8925efee38,C415394753,PAYMENT,USD,False,2026-10-04T13:00:00+00:00
5,PAYMENT,1417.18,C859088046,2325.05,907.87,M587512424,0.0,0.0,0,0,0.0,1417.18,5e15b731-a017-4e8d-9270-ce51dbb41556,C859088046,PAYMENT,USD,False,2026-10-01T05:00:00+00:00
18,PAYMENT,3293.93,C918843659,5316.04,2022.11,M522977752,0.0,0.0,0,0,0.0,3293.93,eb9de1ac-e36b-4951-a179-09e7cf36a04f,C918843659,PAYMENT,USD,False,2026-10-01T18:00:00+00:00
11,CASH_IN,49270.04,C559676686,2722.51,51992.55,C127268476,85250.3,35980.26,0,0,-98540.08,98540.08,03bdeb53-8488-4573-bc72-bd21ed04754c,C559676686,CASH_IN,USD,False,2026-10-01T11:00:00+00:00
65,CASH_IN,32929.81,C229153072,3594.87,36524.68,C671079725,2878.38,0.0,0,0,-65859.62,35808.19,643382ef-6698-4f9a-a5fe-24ffb68b0fd3,C229153072,CASH_IN,USD,False,2026-10-03T17:00:00+00:00
98,CASH_IN,8898.45,C180909963,12558.98,21457.43,C929839316,46931.35,38032.9,0,0,-17796.9,17796.9,2b746f45-c3a7-4e68-8343-f98f2bc3fb8f,C180909963,CASH_IN,USD,False,2026-10-05T02:00:00+00:00
59,CASH_OUT,129448.48,C290255458,180166.27,50717.79,C660286768,29123.12,158571.6,0,0,-0.0,0.0,1a35a6ae-cd04-4373-bb05-5290e9acc9f3,C290255458,CASH_OUT,USD,False,2026-10-03T11:00:00+00:00
30,DEBIT,1326.03,C496818788,2970.98,1644.95,C493215687,934.15,2260.18,0,0,0.0,0.0,673d57b1-3d23-4db6-a9b6-9dc21e2fcfc4,C496818788,DEBIT,USD,False,2026-10-02T06:00:00+00:00
18,PAYMENT,4956.11,C133830549,43720.57,38764.46,M349223189,0.0,0.0,0,0,0.0,4956.11,8f0c224e-93c9-423e-8ed3-9bd6e4a8cc5c,C133830549,PAYMENT,USD,False,2026-10-01T18:00:00+00:00
15,TRANSFER,77265.62,C726745401,279415.46,202149.84,C878810937,50340.84,127606.46,0,0,0.0,-0.0,534f94e2-639a-4695-bf71-20a72d4993aa,C726745401,TRANSFER,USD,False,2026-10-01T15:00:00+00:00
91,CASH_OUT,113571.39,C362775165,180644.85,67073.46,C467695264,22233.6,135804.99,0,0,0.0,0.0,9e3a2382-ffc6-4f47-91e5-8413e1630333,C362775165,CASH_OUT,USD,False,2026-10-04T19:00:00+00:00
98,CASH_IN,10955.77,C665800022,7470.33,18426.1,C363570700,5131.71,0.0,0,0,-21911.54,16087.48,b20f0e5f-e940-4a28-aa43-4355856aaf0c,C665800022,CASH_IN,USD,False,2026-10-05T02:00:00+00:00
74,CASH_OUT,132178.81,C429288079,208824.02,76645.21,C488756097,37158.99,169337.8,0,0,-0.0,0.0,93c9b697-614f-401a-b851-d3b1572486f9,C429288079,CASH_OUT,USD,False,2026-10-04T02:00:00+00:00
67,CASH_OUT,111976.8,C225104500,286729.31,174752.51,C557968054,898.44,112875.24,0,0,0.0,0.0,b1b89eed-b828-44d7-b605-79d820b4e4df,C225104500,CASH_OUT,USD,False,2026-10-03T19:00:00+00:00
97,TRANSFER,697784.47,C434059012,697784.47,0.0,C762701437,2928.33,700712.8,1,0,0.0,-0.0,e79edc2f-74f8-4f31-8412-3e883cfa0b02,C434059012,TRANSFER,USD,False,2026-10-05T01:00:00+00:00
45,TRANSFER,171753.15,C802953390,305529.79,133776.64,C731575530,50697.32,222450.47,0,0,-0.0,0.0,dd4e5387-7c5e-45dd-8d7a-3a76ee2a2900,C802953390,TRANSFER,USD,False,2026-10-02T21:00:00+00:00
85,PAYMENT,371.09,C430155209,2280.04,1908.95,M316665364,0.0,0.0,0,0,0.0,371.09,4ed55623-8e2a-4d1f-a66e-15fdb1a7b59f,C430155209,PAYMENT,USD,False,2026-10-04T13:00:00+00:00
54,CASH_OUT,12455.93,C531942087,25849.93,13394.0,C676132087,7634.02,20089.95,0,0,0.0,0.0,3197a0e1-d6a9-4156-a829-aec1855eb510,C531942087,CASH_OUT,USD,False,2026-10-03T06:00:00+00:00
86,PAYMENT,3374.49,C193520806,32458.45,29083.96,M354912023,0.0,0.0,0,0,0.0,3374.49,3bb2e9f2-fc4f-4e58-a84b-4a18742089a5,C193520806,PAYMENT,USD,False,2026-10-04T14:00:00+00:00
34,PAYMENT,3157.73,C892449086,9337.94,6180.21,M522647841,0.0,0.0,0,0,0.0,3157.73,5470e624-cb65-4651-b4be-e2bbaab890a7,C892449086,PAYMENT,USD,False,2026-10-02T10:00:00+00:00
80,CASH_OUT,19386.64,C227572362,34659.58,15272.94,C203810954,39744.86,59131.5,0,0,0.0,0.0,5e6c09f7-e917-4a8d-8d1e-6da3c973079d,C227572362,CASH_OUT,USD,False,2026-10-04T08:00:00+00:00
100,PAYMENT,4359.64,C926224353,42900.87,38541.23,M982764505,0.0,0.0,0,0,0.0,4359.64,fcf7d405-6791-42dd-9b2b-f32799c4577a,C926224353,PAYMENT,USD,False,2026-10-05T04:00:00+00:00
6,PAYMENT,3318.46,C248599901,13134.29,9815.83,M283086166,0.0,0.0,0,0,0.0,3318.46,a251cd4d-e83b-4936-8357-ddefeca4bca0,C248599901,PAYMENT,USD,False,2026-10-01T06:00:00+00:00
82,CASH_OUT,77306.23,C394678205,151104.58,73798.35,C333261266,22904.07,100210.3,0,0,-0.0,-0.0,b220c309-1901-4ddd-a53c-d5fc5786e531,C394678205,CASH_OUT,USD,False,2026-10-04T10:00:00+00:00
46,CASH_IN,38629.71,C118247557,12724.9,51354.61,C936030207,93921.11,55291.4,0,0,-77259.42,77259.42,bfe1d44a-0325-4fa5-8344-e114de567da4,C118247557,CASH_IN,USD,False,2026-10-02T22:00:00+00:00
75,PAYMENT,1125.1,C676888276,1844.42,719.32,M924531866,0.0,0.0,0,0,0.0,1125.1,c71d8fc9-9c03-498b-9782-d96b09848e51,C676888276,PAYMENT,USD,False,2026-10-04T03:00:00+00:00
44,CASH_OUT,149916.83,C468376600,221756.08,71839.25,C977082994,18060.53,167977.36,0,0,0.0,0.0,ef87fc19-02e2-4e92-b7a0-dbd66540b25e,C468376600,CASH_OUT,USD,False,2026-10-02T20:00:00+00:00
17,CASH_OUT,17029.33,C624117847,32038.57,15009.24,C541613113,3166.8,20196.13,0,0,-0.0,0.0,e658e043-e411-4f14-880e-bca438e4d094,C624117847,CASH_OUT,USD,False,2026-10-01T17:00:00+00:00
51,CASH_OUT,138297.16,C250980140,297734.3,159437.14,C109386819,16331.96,154629.12,0,0,-0.0,0.0,32c1150d-9ac7-4fe3-a1fe-f8b13f0d549c,C250980140,CASH_OUT,USD,False,2026-10-03T03:00:00+00:00
63,CASH_OUT,145309.93,C229592059,268223.06,122913.13,C214469419,2860.31,148170.24,0,0,0.0,0.0,0499553a-7caa-4fd5-8409-981a714cb59f,C229592059,CASH_OUT,USD,False,2026-10-03T15:00:00+00:00
60,CASH_IN,20743.55,C219879025,17200.65,37944.2,C639016181,1552.46,0.0,0,0,-41487.1,22296.01,193b8a5e-aa10-4300-b690-d5bf36fb36d7,C219879025,CASH_IN,USD,False,2026-10-03T12:00:00+00:00
17,PAYMENT,2997.4,C596542483,11580.26,8582.86,M781672153,0.0,0.0,0,0,0.0,2997.4,ecaa1142-7571-4497-899c-66852f5ca3a7,C596542483,PAYMENT,USD,False,2026-10-01T17:00:00+00:00
89,CASH_OUT,36801.98,C131382183,96156.44,59354.46,C633760050,23699.19,60501.17,0,0,0.0,0.0,dc658bae-b34d-4581-be4c-dde3c17af758,C131382183,CASH_OUT,USD,False,2026-10-04T17:00:00+00:00
84,CASH_OUT,19429.85,C520861681,55880.33,36450.48,C861104727,15479.09,34908.94,0,0,0.0,0.0,057bc1f1-0c5e-4231-b878-eeed1c5f6e5c,C520861681,CASH_OUT,USD,False,2026-10-04T12:00:00+00:00
67,CASH_OUT,99040.06,C869239841,176413.8,77373.74,C210373455,15416.21,114456.27,0,0,-0.0,-0.0,40c70b97-e4a7-45dc-922f-1443abe7d487,C869239841,CASH_OUT,USD,False,2026-10-03T19:00:00+00:00
77,PAYMENT,4788.3,C110089056,28161.58,23373.28,M214180573,0.0,0.0,0,0,0.0,4788.3,7448dc6f-eb0e-4a1d-a233-f046b292588a,C110089056,PAYMENT,USD,False,2026-10-04T05:00:00+00:00
96,CASH_IN,8253.7,C245319411,16588.16,24841.86,C867812836,1972.3,0.0,0,0,-16507.4,10226.0,751e3cda-2e55-448e-8919-5d3e470e787d,C245319411,CASH_IN,USD,False,2026-10-05T00:00:00+00:00
30,TRANSFER,193200.16,C333255174,272786.36,79586.2,C129309334,71910.37,265110.53,0,0,-0.0,0.0,3398d876-ec14-4c60-acb6-6dc018bd2264,C333255174,TRANSFER,USD,False,2026-10-02T06:00:00+00:00
88,PAYMENT,2288.11,C964937710,4280.74,1992.63,M936590144,0.0,0.0,0,0,-0.0,2288.11,7c7a8f45-3d90-47e7-b581-f5c3b8ea6e38,C964937710,PAYMENT,USD,False,2026-10-04T16:00:00+00:00
99,PAYMENT,3884.26,C498791621,34721.6,30837.34,M421363492,0.0,0.0,0,0,-0.0,3884.26,46be0f56-1869-40b2-acd0-3f8b33cfa079,C498791621,PAYMENT,USD,False,2026-10-05T03:00:00+00:00
70,PAYMENT,1787.64,C414863712,8975.62,7187.98,M118810873,0.0,0.0,0,0,0.0,1787.64,d577a795-a3c0-43e1-a241-cc445e6c6a91,C414863712,PAYMENT,USD,False,2026-10-03T22:00:00+00:00
33,PAYMENT,966.96,C874473159,7431.99,6465.03,M228370927,0.0,0.0,0,0,0.0,966.96,0424b67f-6e10-467d-b4f9-02390891eea6,C874473159,PAYMENT,USD,False,2026-10-02T09:00:00+00:00
78,CASH_IN,39749.55,C699517725,29.11,39778.66,C646409482,35285.36,0.0,0,0,-79499.1,75034.91,ebb2d43c-8e69-4908-b149-656d7208824d,C699517725,CASH_IN,USD,False,2026-10-04T06:00:00+00:00
73,PAYMENT,4915.6,C202487017,23691.88,18776.28,M531424463,0.0,0.0,0,0,0.0,4915.6,6a99fb50-6a44-44d8-bf4d-2514a62db239,C202487017,PAYMENT,USD,False,2026-10-04T01:00:00+00:00
29,PAYMENT,2919.93,C833401240,8930.88,6010.95,M629731650,0.0,0.0,0,0,-0.0,2919.93,d43a5d84-95cc-4b00-ac3f-0ea5167cacc7,C833401240,PAYMENT,USD,False,2026-10-02T05:00:00+00:00
37,PAYMENT,4851.95,C881684761,36668.37,31816.42,M555086354,0.0,0.0,0,0,0.0,4851.95,a291ae57-7ff2-4160-b400-c4ccaad55e79,C881684761,PAYMENT,USD,False,2026-10-02T13:00:00+00:00
40,CASH_OUT,33958.43,C576693984,53694.34,19735.91,C537315952,42768.28,76726.71,0,0,-0.0,-0.0,fbaed8e9-ffbe-4069-bc04-f1dc11698112,C576693984,CASH_OUT,USD,False,2026-10-02T16:00:00+00:00
12,CASH_IN,44351.41,C737513293,13870.07,58221.48,C546915228,79431.83,35080.42,0,0,-88702.82,88702.82,abf19a64-d3fb-43a0-a322-493535472a72,C737513293,CASH_IN,USD,False,2026-10-01T12:00:00+00:00
97,TRANSFER,63441.75,C552651788,152953.02,89511.27,C187946147,59921.94,123363.69,0,0,-0.0,0.0,f69aa826-6547-44d9-af97-fe1c03a82403,C552651788,TRANSFER,USD,False,2026-10-05T01:00:00+00:00
36,CASH_OUT,145576.7,C468141835,379896.03,234319.33,C586239368,6909.0,152485.7,0,0,0.0,0.0,742bc7f8-c658-4c76-a4d8-4d97e33a069a,C468141835,CASH_OUT,USD,False,2026-10-02T12:00:00+00:00
56,CASH_OUT,130481.0,C229429404,325596.72,195115.72,C343436246,42473.91,172954.91,0,0,-0.0,0.0,1133bdb6-1c8e-4667-92c2-0b9216c6c90e,C229429404,CASH_OUT,USD,False,2026-10-03T08:00:00+00:00
11,TRANSFER,106601.72,C687995164,230848.54,124246.82,C377039590,3250.44,109852.16,0,0,0.0,0.0,594d1b40-4f50-4439-bac9-f5e17696a700,C687995164,TRANSFER,USD,False,2026-10-01T11:00:00+00:00
1,PAYMENT,4688.75,C235352139,22767.04,18078.29,M330331543,0.0,0.0,0,0,0.0,4688.75,083c0c42-0cb7-4555-a96c-33ae5032f5b5,C235352139,PAYMENT,USD,False,2026-10-01T01:00:00+00:00
100,CASH_IN,36560.05,C200010094,12696.81,49256.86,C592256138,70031.61,33471.56,0,0,-73120.1,73120.1,c8832b08-05bb-421a-b4fa-b003501585ef,C200010094,CASH_IN,USD,False,2026-10-05T04:00:00+00:00
68,PAYMENT,3297.08,C621681258,15165.8,11868.72,M443995524,0.0,0.0,0,0,0.0,3297.08,da7efbb0-9a43-497c-bc6a-49d96fb8f927,C621681258,PAYMENT,USD,False,2026-10-03T20:00:00+00:00
84,CASH_OUT,4739.03,C678370314,12473.66,7734.63,C993443242,22258.84,26997.87,0,0,0.0,0.0,1b992021-aadf-4298-baff-cc04d321536d,C678370314,CASH_OUT,USD,False,2026-10-04T12:00:00+00:00
44,TRANSFER,67159.58,C645179180,124145.62,56986.04,C102754426,23884.47,91044.05,0,0,-0.0,0.0,744fd841-7b34-42b8-8b4d-4181c0b96334,C645179180,TRANSFER,USD,False,2026-10-02T20:00:00+00:00
83,PAYMENT,352.81,C440006560,2927.99,2575.18,M498331717,0.0,0.0,0,0,0.0,352.81,c058ee59-f4a7-4c6a-a664-b19ce4ab44a0,C440006560,PAYMENT,USD,False,2026-10-04T11:00:00+00:00
96,DEBIT,889.74,C310277395,1583.34,693.6,C664790986,2972.32,3862.06,0,0,-0.0,0.0,d66d0124-c472-4ab1-85e4-180faa153917,C310277395,DEBIT,USD,False,2026-10-05T00:00:00+00:00
40,PAYMENT,1395.19,C261156324,10546.04,9150.85,M935386554,0.0,0.0,0,0,0.0,1395.19,c21fcfd3-9c19-4f35-9954-e0bad3a0a5e9,C261156324,PAYMENT,USD,False,2026-10-02T16:00:00+00:00
40,PAYMENT,1887.59,C968661351,3757.05,1869.46,M156421407,0.0,0.0,0,0,0.0,1887.59,0e3b39cd-5640-487f-ba1b-de642f846b91,C968661351,PAYMENT,USD,False,2026-10-02T16:00:00+00:00
45,CASH_IN,29742.54,C282644562,7995.3,37737.84,C640090978,76362.01,46619.47,0,0,-59485.08,59485.08,dc41b725-faff-4ead-84e2-7047da2baf87,C282644562,CASH_IN,USD,False,2026-10-02T21:00:00+00:00
11,CASH_OUT,24002.42,C526346256,32776.37,8773.95,C706203548,41232.6,65235.02,0,0,0.0,0.0,13dffc56-efac-45af-82de-d3e13d68cf94,C526346256,CASH_OUT,USD,False,2026-10-01T11:00:00+00:00
17,PAYMENT,219.34,C110909909,1338.01,1118.67,M398648040,0.0,0.0,0,0,0.0,219.34,b3933c32-8783-4dd5-86e9-4ca7671a17df,C110909909,PAYMENT,USD,False,2026-10-01T17:00:00+00:00
16,CASH_IN,19495.02,C739137271,7007.82,26502.84,C775652564,21924.78,2429.76,0,0,-38990.04,38990.04,8383c3b5-b6fa-4beb-806f-4d3dcff98c52,C739137271,CASH_IN,USD,False,2026-10-01T16:00:00+00:00
15,CASH_IN,3508.67,C440780867,6479.53,9988.2,C105980425,48572.39,45063.72,0,0,-7017.34,7017.34,dfdff0c8-e7ed-455e-bd2e-5c6150b19586,C440780867,CASH_IN,USD,False,2026-10-01T15:00:00+00:00
21,CASH_IN,4605.0,C232654592,8987.97,13592.97,C858305156,36931.4,32326.4,0,0,-9210.0,9210.0,ad9d1c89-f399-49a3-9c27-dfc615ec277e,C232654592,CASH_IN,USD,False,2026-10-01T21:00:00+00:00
85,DEBIT,1567.09,C231119155,2628.44,1061.35,C407377982,3242.94,4810.03,0,0,0.0,0.0,6559cb61-8ba0-4ab5-b59a-4c578a06c635,C231119155,DEBIT,USD,False,2026-10-04T13:00:00+00:00
80,DEBIT,155.79,C207354053,471.04,315.25,C328872698,749.04,904.83,0,0,0.0,-0.0,32b56882-655c-4d8e-b207-3029368f5c07,C207354053,DEBIT,USD,False,2026-10-04T08:00:00+00:00
95,CASH_OUT,122098.75,C438222298,333763.14,211664.39,C115253620,29860.77,151959.52,0,0,0.0,0.0,f501461e-c401-45ca-a047-513b5503a323,C438222298,CASH_OUT,USD,False,2026-10-04T23:00:00+00:00
49,PAYMENT,2044.9,C971467813,9774.61,7729.71,M970654370,0.0,0.0,0,0,0.0,2044.9,1c2118fe-3267-4c32-8e92-9d946813ab4c,C971467813,PAYMENT,USD,False,2026-10-03T01:00:00+00:00
93,CASH_OUT,80229.61,C616772030,135051.2,54821.59,C923562283,36747.23,116976.84,0,0,0.0,0.0,0b734eea-e87c-4471-ad0b-845af70710e3,C616772030,CASH_OUT,USD,False,2026-10-04T21:00:00+00:00
75,PAYMENT,1185.18,C425556967,2719.82,1534.64,M691265526,0.0,0.0,0,0,0.0,1185.18,7ac7bd85-8af2-40f7-9e61-ae46fd368c45,C425556967,PAYMENT,USD,False,2026-10-04T03:00:00+00:00
75,PAYMENT,4707.68,C924926521,39473.55,34765.87,M172955065,0.0,0.0,0,0,0.0,4707.68,cbb07105-5701-45b9-8df6-4130cdbc4a39,C924926521,PAYMENT,USD,False,2026-10-04T03:00:00+00:00
96,PAYMENT,3632.41,C961299031,31851.55,28219.14,M365358704,0.0,0.0,0,0,0.0,3632.41,ec924f0c-f461-48bd-8aef-a035b865631a,C961299031,PAYMENT,USD,False,2026-10-05T00:00:00+00:00
47,PAYMENT,1220.37,C213669678,5618.64,4398.27,M732295732,0.0,0.0,0,0,0.0,1220.37,883821e8-324b-4e47-b9bb-443f7a314949,C213669678,PAYMENT,USD,False,2026-10-02T23:00:00+00:00
61,CASH_IN,35391.72,C383915098,1366.19,36757.91,C958906815,88749.24,53357.52,0,0,-70783.44,70783.44,c9ab5e40-8d87-4dd3-a644-7b170909d05b,C383915098,CASH_IN,USD,False,2026-10-03T13:00:00+00:00
14,PAYMENT,3895.09,C747670508,4878.37,983.28,M460209952,0.0,0.0,0,0,-0.0,3895.09,6034cf40-3acf-463f-9b05-5e86b5431ed6,C747670508,PAYMENT,USD,False,2026-10-01T14:00:00+00:00
99,CASH_OUT,115358.24,C428784175,127169.93,11811.69,C812228196,49443.42,164801.66,0,0,-0.0,0.0,53b38497-5e47-4491-b5a6-d189177e0ba8,C428784175,CASH_OUT,USD,False,2026-10-05T03:00:00+00:00
79,PAYMENT,2277.86,C953982207,18521.43,16243.57,M950967842,0.0,0.0,0,0,0.0,2277.86,170826b8-6d26-45f1-a049-00785bb05afe,C953982207,PAYMENT,USD,False,2026-10-04T07:00:00+00:00
74,CASH_OUT,115408.98,C232518956,291537.82,176128.84,C333664129,26454.33,141863.31,0,0,0.0,0.0,52eb1a90-1c7d-44e6-8bb8-f8d0d178c764,C232518956,CASH_OUT,USD,False,2026-10-04T02:00:00+00:00
38,PAYMENT,503.55,C153773200,4465.11,3961.56,M287584639,0.0,0.0,0,0,-0.0,503.55,f67b7816-ffc7-4482-86a2-eede017170fc,C153773200,PAYMENT,USD,False,2026-10-02T14:00:00+00:00
24,CASH_IN,37952.02,C967472894,1395.18,39347.2,C576783515,78747.13,40795.11,0,0,-75904.04,75904.04,31c9ef4a-8018-4f1c-afed-87c1bcf8baa4,C967472894,CASH_IN,USD,False,2026-10-02T00:00:00+00:00
3,PAYMENT,2059.64,C692322761,11873.33,9813.69,M117959560,0.0,0.0,0,0,0.0,2059.64,4d029e3f-be37-445e-9fea-8a72dce29836,C692322761,PAYMENT,USD,False,2026-10-01T03:00:00+00:00
93,PAYMENT,4351.56,C477070584,10670.2,6318.64,M808241088,0.0,0.0,0,0,0.0,4351.56,b3b54e60-3b52-4d5e-9a20-8e1f201501df,C477070584,PAYMENT,USD,False,2026-10-04T21:00:00+00:00
70,PAYMENT,4698.78,C696940471,22370.32,17671.54,M386450980,0.0,0.0,0,0,0.0,4698.78,989a0a90-d1b4-4d44-bd71-5ed9a192a8d5,C696940471,PAYMENT,USD,False,2026-10-03T22:00:00+00:00
40,PAYMENT,2452.7,C491043371,9956.12,7503.42,M575770773,0.0,0.0,0,0,0.0,2452.7,3bb254ab-cab0-452e-8bf1-4280c5851126,C491043371,PAYMENT,USD,False,2026-10-02T16:00:00+00:00
10,TRANSFER,244811.93,C694853574,509947.61,265135.68,C454648416,41506.34,286318.27,0,0,0.0,0.0,a19c51bf-1754-4889-a2b0-626daac10c98,C694853574,TRANSFER,USD,False,2026-10-01T10:00:00+00:00
16,CASH_OUT,134348.41,C191057929,174949.3,40600.89,C749083785,21431.42,155779.83,0,0,-0.0,0.0,624a3fe0-3295-4962-88be-ae908b21d4c6,C191057929,CASH_OUT,USD,False,2026-10-01T16:00:00+00:00
53,CASH_OUT,105524.62,C847850381,188422.88,82898.26,C918690821,4057.44,109582.06,0,0,0.0,0.0,4f8a2cc1-6f01-4551-a413-0c5ca194a4f7,C847850381,CASH_OUT,USD,False,2026-10-03T05:00:00+00:00
90,CASH_OUT,89677.87,C734399876,223999.46,134321.59,C777582116,43864.69,133542.56,0,0,0.0,0.0,ad254cfd-f87e-4d37-a5dd-b97964ef8e5d,C734399876,CASH_OUT,USD,False,2026-10-04T18:00:00+00:00
60,CASH_IN,4567.52,C585007134,2263.43,6830.95,C637577213,78094.38,73526.86,0,0,-9135.04,9135.04,8bea9767-6398-4188-a3ee-865abcfb2fe5,C585007134,CASH_IN,USD,False,2026-10-03T12:00:00+00:00
66,CASH_OUT,136110.12,C519481916,153152.46,17042.34,C517992968,2757.55,138867.67,0,0,-0.0,-0.0,294dbdbf-e694-4ea0-a559-515bed040cc5,C519481916,CASH_OUT,USD,False,2026-10-03T18:00:00+00:00
10,CASH_IN,15729.81,C737425155,92.07,15821.88,C115790275,48902.82,33173.01,0,0,-31459.62,31459.62,cce37a96-ff00-41e4-9f6f-2d29965c345d,C737425155,CASH_IN,USD,False,2026-10-01T10:00:00+00:00
97,CASH_OUT,14925.32,C902663395,28854.67,13929.35,C983298323,32611.58,47536.9,0,0,-0.0,0.0,b019e356-3279-4c8c-887c-8a6366528adb,C902663395,CASH_OUT,USD,False,2026-10-05T01:00:00+00:00
95,PAYMENT,3089.69,C330832863,26903.88,23814.19,M572557156,0.0,0.0,0,0,0.0,3089.69,f1abd341-75e1-423d-90bd-613c97463429,C330832863,PAYMENT,USD,False,2026-10-04T23:00:00+00:00
60,CASH_OUT,140891.09,C318777077,390748.14,249857.05,C544708930,25311.6,166202.69,0,0,0.0,0.0,413c6606-9ee9-44db-babc-58d37d29301e,C318777077,CASH_OUT,USD,False,2026-10-03T12:00:00+00:00
33,CASH_OUT,36883.89,C189082650,89672.74,52788.85,C991882236,46115.54,82999.43,0,0,0.0,0.0,1985720b-2aab-424b-a416-2adb8a5d0bfe,C189082650,CASH_OUT,USD,False,2026-10-02T09:00:00+00:00
66,CASH_OUT,86774.94,C943572065,118307.04,31532.1,C459565183,6234.46,93009.4,0,0,-0.0,0.0,697efc2f-af71-44eb-a1de-996910a4f5cd,C943572065,CASH_OUT,USD,False,2026-10-03T18:00:00+00:00
36,PAYMENT,825.2,C762263984,6594.81,5769.61,M363403074,0.0,0.0,0,0,0.0,825.2,b16afc62-d1f1-493c-8730-285d35b66860,C762263984,PAYMENT,USD,False,2026-10-02T12:00:00+00:00
2,CASH_OUT,122300.87,C309517616,245931.89,123631.02,C702994164,24748.49,147049.36,0,0,0.0,0.0,284d2c6c-e513-497b-b56d-3e3be3ef263e,C309517616,CASH_OUT,USD,False,2026-10-01T02:00:00+00:00
30,CASH_IN,11889.04,C754324436,4981.98,16871.02,C980099988,56766.5,44877.46,0,0,-23778.08,23778.08,a7629285-21a7-4b48-809f-17e44b49bbe2,C754324436,CASH_IN,USD,False,2026-10-02T06:00:00+00:00
85,PAYMENT,4555.51,C645523224,24487.83,19932.32,M606308772,0.0,0.0,0,0,0.0,4555.51,b64adc95-ccf4-495b-a3f8-57cbac5e04c2,C645523224,PAYMENT,USD,False,2026-10-04T13:00:00+00:00
73,PAYMENT,3454.26,C206273380,10152.78,6698.52,M164463569,0.0,0.0,0,0,0.0,3454.26,803bccd6-5638-4c93-b836-d89509fa5167,C206273380,PAYMENT,USD,False,2026-10-04T01:00:00+00:00
59,CASH_OUT,20281.94,C641378026,20457.89,175.95,C635613177,36810.7,57092.64,0,0,0.0,0.0,705a7d8a-a122-48e8-9b13-2fc583b02d71,C641378026,CASH_OUT,USD,False,2026-10-03T11:00:00+00:00
60,PAYMENT,4775.48,C579196694,33255.39,28479.91,M617724535,0.0,0.0,0,0,0.0,4775.48,8cc53797-95d6-42be-b8d1-4697c567026c,C579196694,PAYMENT,USD,False,2026-10-03T12:00:00+00:00
71,PAYMENT,2088.6,C796107135,4286.78,2198.18,M608242781,0.0,0.0,0,0,0.0,2088.6,e3b0cdc9-426e-41ad-8b37-0ecb0547a78d,C796107135,PAYMENT,USD,False,2026-10-03T23:00:00+00:00
52,TRANSFER,40031.69,C655422035,51990.51,11958.82,C348001621,64093.76,104125.45,0,0,0.0,0.0,dc67828f-8beb-4a7b-8d05-931e6c4bc484,C655422035,TRANSFER,USD,False,2026-10-03T04:00:00+00:00
52,CASH_OUT,25705.16,C920037430,55253.04,29547.88,C479999237,4710.04,30415.2,0,0,0.0,0.0,4fe2419d-7c79-4536-955a-87f6c9e4d22c,C920037430,CASH_OUT,USD,False,2026-10-03T04:00:00+00:00
86,DEBIT,847.98,C227552271,2528.91,1680.93,C690690799,3440.51,4288.49,0,0,-0.0,0.0,d28083be-d824-4fc0-810f-39e53b908769,C227552271,DEBIT,USD,False,2026-10-04T14:00:00+00:00
27,PAYMENT,40.73,C627706578,70.29,29.56,M853578008,0.0,0.0,0,0,0.0,40.73,9a16c6f5-5025-4897-b9ce-d93b7458f908,C627706578,PAYMENT,USD,False,2026-10-02T03:00:00+00:00
92,CASH_IN,20569.22,C664461415,16466.79,37036.01,C539625898,8301.32,0.0,0,0,-41138.44,28870.54,043f62e0-44a3-4626-8730-6108703c25ee,C664461415,CASH_IN,USD,False,2026-10-04T20:00:00+00:00
63,CASH_OUT,137098.02,C233491252,142485.38,5387.36,C140105054,32755.16,169853.18,0,0,0.0,0.0,036df425-13f4-4d22-8bcb-6a8f8661b238,C233491252,CASH_OUT,USD,False,2026-10-03T15:00:00+00:00
96,CASH_OUT,117012.66,C745250434,318257.16,201244.5,C704391021,26252.26,143264.92,0,0,-0.0,0.0,28e04daa-90e7-461d-b1de-6ef446c37fe8,C745250434,CASH_OUT,USD,False,2026-10-05T00:00:00+00:00
86,PAYMENT,4112.46,C284756848,31407.99,27295.53,M351491330,0.0,0.0,0,0,0.0,4112.46,e4acd8d8-19b8-41be-af37-4b92be5079c9,C284756848,PAYMENT,USD,False,2026-10-04T14:00:00+00:00
4,CASH_IN,17687.31,C963104232,8559.41,26246.72,C851972908,29990.87,12303.56,0,0,-35374.62,35374.62,2db6cdf6-fb72-47a6-a58c-44d115a6e143,C963104232,CASH_IN,USD,False,2026-10-01T04:00:00+00:00
47,PAYMENT,3187.28,C408017346,30812.57,27625.29,M287210273,0.0,0.0,0,0,0.0,3187.28,1e949d60-89d0-459f-af12-87d1b8d910f8,C408017346,PAYMENT,USD,False,2026-10-02T23:00:00+00:00
44,CASH_OUT,130492.42,C294782734,302049.4,171556.98,C708082645,3479.27,133971.69,0,0,0.0,0.0,507e7647-6ba7-471e-91d3-33bf358b4fa3,C294782734,CASH_OUT,USD,False,2026-10-02T20:00:00+00:00
97,PAYMENT,1770.99,C693366694,4188.97,2417.98,M353792122,0.0,0.0,0,0,0.0,1770.99,3df6f6cc-822e-4a74-9678-32096b40c546,C693366694,PAYMENT,USD,False,2026-10-05T01:00:00+00:00
27,CASH_OUT,38047.49,C426341155,54702.38,16654.89,C500159634,16515.32,54562.81,0,0,0.0,0.0,66531709-86ee-4c02-9ad0-d8f56d0b0ea3,C426341155,CASH_OUT,USD,False,2026-10-02T03:00:00+00:00
32,CASH_OUT,50483.08,C277054043,83513.44,33030.36,C742078459,18842.38,69325.46,0,0,0.0,0.0,2be08436-8644-4734-b9c0-ae74e97357c5,C277054043,CASH_OUT,USD,False,2026-10-02T08:00:00+00:00
55,PAYMENT,654.68,C383725108,5639.5,4984.82,M727050254,0.0,0.0,0,0,0.0,654.68,d5ddd014-77a1-420f-bece-0e3015a7f1bf,C383725108,PAYMENT,USD,False,2026-10-03T07:00:00+00:00
98,PAYMENT,2748.35,C386749454,13585.22,10836.87,M409268943,0.0,0.0,0,0,-0.0,2748.35,693e0bc3-1565-4701-a1f1-96236d1ef9f8,C386749454,PAYMENT,USD,False,2026-10-05T02:00:00+00:00
72,CASH_OUT,105009.41,C604194453,249914.77,144905.36,C401973366,45182.58,150191.99,0,0,0.0,0.0,2a19ed5b-73ca-4149-b1df-73639c8f5507,C604194453,CASH_OUT,USD,False,2026-10-04T00:00:00+00:00
14,CASH_IN,25389.92,C145064341,12598.52,37988.44,C279364596,87216.08,61826.16,0,0,-50779.84,50779.84,0f75da3e-15e1-4827-9846-7f73d894a1b7,C145064341,CASH_IN,USD,False,2026-10-01T14:00:00+00:00
96,PAYMENT,1290.35,C556771901,3308.71,2018.36,M208988708,0.0,0.0,0,0,0.0,1290.35,a72c8327-166e-49a5-8382-865a9086d10b,C556771901,PAYMENT,USD,False,2026-10-05T00:00:00+00:00
34,PAYMENT,4537.1,C584232533,28339.31,23802.21,M496895499,0.0,0.0,0,0,0.0,4537.1,9cf4d278-5d26-43c2-8365-74088caf32ae,C584232533,PAYMENT,USD,False,2026-10-02T10:00:00+00:00
53,PAYMENT,3707.56,C337591250,12409.08,8701.52,M117415986,0.0,0.0,0,0,0.0,3707.56,82ffdec0-724c-4103-8e95-ddbf71e999b8,C337591250,PAYMENT,USD,False,2026-10-03T05:00:00+00:00
65,CASH_OUT,120643.17,C929481744,227465.08,106821.91,C754351049,39652.56,160295.73,0,0,-0.0,-0.0,e1828868-edba-4641-9c21-31add08849d2,C929481744,CASH_OUT,USD,False,2026-10-03T17:00:00+00:00
54,CASH_OUT,44763.34,C531068038,54072.43,9309.09,C109058194,29142.46,73905.8,0,0,0.0,-0.0,30126196-9bd2-4c0e-af2f-db259472503d,C531068038,CASH_OUT,USD,False,2026-10-03T06:00:00+00:00
34,CASH_OUT,35521.76,C843854609,43920.87,8399.11,C817029885,15340.32,50862.08,0,0,0.0,0.0,fd866b1c-e31a-4e29-be72-3a0f1265c92d,C843854609,CASH_OUT,USD,False,2026-10-02T10:00:00+00:00
92,PAYMENT,4139.63,C616263188,15054.46,10914.83,M164195017,0.0,0.0,0,0,-0.0,4139.63,aff5c54f-514f-498e-b985-0eaa3f56679c,C616263188,PAYMENT,USD,False,2026-10-04T20:00:00+00:00
71,TRANSFER,90322.13,C372826122,211579.53,121257.4,C585764529,31767.24,122089.37,0,0,0.0,0.0,92bdb278-1264-455c-986b-3fd8ecdefa30,C372826122,TRANSFER,USD,False,2026-10-03T23:00:00+00:00
66,PAYMENT,138.09,C322500199,1123.05,984.96,M891007412,0.0,0.0,0,0,-0.0,138.09,adf5d0ab-22be-4ba8-829e-2df036da7236,C322500199,PAYMENT,USD,False,2026-10-03T18:00:00+00:00
52,PAYMENT,2893.82,C403789239,18268.2,15374.38,M862761737,0.0,0.0,0,0,0.0,2893.82,750ff5a3-0810-42af-a3a6-59eb23c4bf60,C403789239,PAYMENT,USD,False,2026-10-03T04:00:00+00:00
31,CASH_OUT,121263.55,C922043724,329371.23,208107.68,C748404640,3358.44,124621.99,0,0,0.0,0.0,764329a6-ef4b-4bfc-bdb6-626d9be3f8af,C922043724,CASH_OUT,USD,False,2026-10-02T07:00:00+00:00
40,PAYMENT,4981.6,C141813915,49286.27,44304.67,M188418118,0.0,0.0,0,0,0.0,4981.6,829a23c6-a9af-4e9f-a73d-68ce9eac431d,C141813915,PAYMENT,USD,False,2026-10-02T16:00:00+00:00
42,CASH_OUT,25192.48,C203032434,52298.32,27105.84,C930344435,366.53,25559.01,0,0,0.0,0.0,0a19952a-08e8-4119-84c1-437666d32cfe,C203032434,CASH_OUT,USD,False,2026-10-02T18:00:00+00:00
58,PAYMENT,2851.4,C598976917,12577.25,9725.85,M817461907,0.0,0.0,0,0,0.0,2851.4,12b4e74b-e849-412c-8ac5-abe55eafe7d8,C598976917,PAYMENT,USD,False,2026-10-03T10:00:00+00:00
64,TRANSFER,233314.52,C838953322,397454.97,164140.45,C454982932,1019.95,234334.47,0,0,-0.0,0.0,371dca07-d8dd-43c0-b9af-46d730808db3,C838953322,TRANSFER,USD,False,2026-10-03T16:00:00+00:00
79,CASH_IN,23458.76,C118857307,3071.3,26530.06,C435199547,23508.41,49.65,0,0,-46917.52,46917.52,5ab48be0-efd0-47c4-a49d-9521f3242c31,C118857307,CASH_IN,USD,False,2026-10-04T07:00:00+00:00
89,PAYMENT,4379.76,C806957378,24788.31,20408.55,M320595661,0.0,0.0,0,0,0.0,4379.76,0a041648-5493-48bc-90e6-fdfca960c574,C806957378,PAYMENT,USD,False,2026-10-04T17:00:00+00:00
23,PAYMENT,2103.89,C949592974,15785.62,13681.73,M989828324,0.0,0.0,0,0,0.0,2103.89,12f5ca74-07df-4b7b-9ead-b34a6fcc6954,C949592974,PAYMENT,USD,False,2026-10-01T23:00:00+00:00
41,CASH_IN,37555.36,C678168142,14438.25,51993.61,C910185625,96157.3,58601.94,0,0,-75110.72,75110.72,d680ef7e-02d6-4990-9219-83a16653d038,C678168142,CASH_IN,USD,False,2026-10-02T17:00:00+00:00
33,CASH_OUT,92709.26,C836140136,145410.14,52700.88,C713083580,13789.98,106499.24,0,0,0.0,-0.0,ba3e1434-5ba8-4149-ac06-f8756fa3e6d6,C836140136,CASH_OUT,USD,False,2026-10-02T09:00:00+00:00
32,PAYMENT,477.39,C674435989,1098.86,621.47,M880382037,0.0,0.0,0,0,-0.0,477.39,9c31db8b-efa8-48d4-830a-a38f6ab8a836,C674435989,PAYMENT,USD,False,2026-10-02T08:00:00+00:00
48,CASH_OUT,134728.37,C628646448,368823.99,234095.62,C716885481,24540.27,159268.64,0,0,0.0,-0.0,605862a4-4ebf-4d64-b543-20eee748b537,C628646448,CASH_OUT,USD,False,2026-10-03T00:00:00+00:00
39,CASH_OUT,81712.36,C872121274,143695.51,61983.15,C671159367,11483.2,93195.56,0,0,0.0,0.0,27298510-2986-492b-ad31-43fe257f1248,C872121274,CASH_OUT,USD,False,2026-10-02T15:00:00+00:00
44,TRANSFER,160575.69,C297408206,464712.09,304136.4,C601358696,7105.39,167681.08,0,0,0.0,0.0,40276ae4-ef3b-4699-ac84-1e339981eb9b,C297408206,TRANSFER,USD,False,2026-10-02T20:00:00+00:00
60,CASH_OUT,108430.02,C442864987,232619.15,124189.13,C232186465,36766.99,145197.01,0,0,-0.0,0.0,76f3ed31-fb9d-4f13-b625-8a817f293ca7,C442864987,CASH_OUT,USD,False,2026-10-03T12:00:00+00:00
89,PAYMENT,3408.81,C438349464,9156.4,5747.59,M278934197,0.0,0.0,0,0,0.0,3408.81,74918b4b-24fe-40d0-bfb5-a1d353820296,C438349464,PAYMENT,USD,False,2026-10-04T17:00:00+00:00
90,PAYMENT,791.74,C960538333,4834.73,4042.99,M432554143,0.0,0.0,0,0,0.0,791.74,9faec717-bf49-4192-964a-0e8f2ca53b11,C960538333,PAYMENT,USD,False,2026-10-04T18:00:00+00:00
40,PAYMENT,1486.17,C280598962,13157.86,11671.69,M693507469,0.0,0.0,0,0,0.0,1486.17,83131889-613a-4fbc-8c1c-ff20a9e11c79,C280598962,PAYMENT,USD,False,2026-10-02T16:00:00+00:00
50,CASH_IN,40000.46,C284136527,7838.26,47838.72,C536094349,2540.04,0.0,0,0,-80000.92,42540.5,d79bb0bd-1687-4e47-9277-1a80cd3ed648,C284136527,CASH_IN,USD,False,2026-10-03T02:00:00+00:00
80,PAYMENT,39.18,C354044979,292.78,253.6,M636034022,0.0,0.0,0,0,-0.0,39.18,3ef67c82-cda7-424a-b0e1-0e481585b51e,C354044979,PAYMENT,USD,False,2026-10-04T08:00:00+00:00
92,PAYMENT,1868.25,C760219077,3626.97,1758.72,M102939166,0.0,0.0,0,0,-0.0,1868.25,f972eee3-0afe-49f8-823a-df901033efcf,C760219077,PAYMENT,USD,False,2026-10-04T20:00:00+00:00
97,CASH_OUT,43166.98,C830255110,62523.63,19356.65,C381005764,9707.98,52874.96,0,0,-0.0,0.0,5005789a-cb66-470d-9388-625c710cbee7,C830255110,CASH_OUT,USD,False,2026-10-05T01:00:00+00:00
25,CASH_IN,46393.9,C373601073,18695.02,65088.92,C588295435,55513.77,9119.87,0,0,-92787.8,92787.8,80fc9da9-4da9-42c7-832e-9652cf4f3ff7,C373601073,CASH_IN,USD,False,2026-10-02T01:00:00+00:00
4,CASH_OUT,116995.95,C838886075,234535.83,117539.88,C243974416,30235.59,147231.54,0,0,-0.0,0.0,f0163621-7dac-4139-b4af-1c1694185298,C838886075,CASH_OUT,USD,False,2026-10-01T04:00:00+00:00
39,PAYMENT,4803.13,C331820924,9178.91,4375.78,M204281005,0.0,0.0,0,0,0.0,4803.13,471f58ca-6fb8-430b-ae14-ca4c0f83424e,C331820924,PAYMENT,USD,False,2026-10-02T15:00:00+00:00
79,PAYMENT,1004.89,C627422192,8717.86,7712.97,M245737277,0.0,0.0,0,0,0.0,1004.89,15a21cdb-ace0-4d9a-bb8c-5c8fcc822abb,C627422192,PAYMENT,USD,False,2026-10-04T07:00:00+00:00
66,CASH_OUT,148914.03,C894230707,423282.29,274368.26,C187439417,21285.1,170199.13,0,0,0.0,0.0,0e37225a-d368-4579-8f62-2e269f6c43f1,C894230707,CASH_OUT,USD,False,2026-10-03T18:00:00+00:00
20,CASH_OUT,36825.65,C533785255,54564.96,17739.31,C227563259,24431.29,61256.94,0,0,-0.0,0.0,be2ab690-a659-47aa-b3c6-04047af4fa5d,C533785255,CASH_OUT,USD,False,2026-10-01T20:00:00+00:00
59,CASH_OUT,129351.61,C544277539,318102.96,188751.35,C940676056,11264.32,140615.93,0,0,0.0,0.0,b67e15cc-17af-48e7-b26c-e32f1ca5cb45,C544277539,CASH_OUT,USD,False,2026-10-03T11:00:00+00:00
34,CASH_IN,6093.05,C676965985,12139.54,18232.59,C933864175,98931.67,92838.62,0,0,-12186.1,12186.1,198e8472-395a-4910-a20a-42a07476aa6b,C676965985,CASH_IN,USD,False,2026-10-02T10:00:00+00:00
58,PAYMENT,2404.77,C521109724,11469.51,9064.74,M484932777,0.0,0.0,0,0,0.0,2404.77,c85dfa7a-3280-431a-879b-5c7a96ad38ab,C521109724,PAYMENT,USD,False,2026-10-03T10:00:00+00:00
52,CASH_IN,3167.41,C415878379,19357.99,22525.4,C689360922,1083.49,0.0,0,0,-6334.82,4250.9,5a069755-f4bb-49cc-b9e6-208f4d99781c,C415878379,CASH_IN,USD,False,2026-10-03T04:00:00+00:00
67,DEBIT,1424.82,C616684946,2153.49,728.67,C700038466,4385.63,5810.45,0,0,-0.0,0.0,26feeeb7-0532-4eeb-9d4e-018ec49943cd,C616684946,DEBIT,USD,False,2026-10-03T19:00:00+00:00
48,CASH_IN,47175.75,C399517810,11766.53,58942.28,C896925268,44315.95,0.0,0,0,-94351.5,91491.7,af0be12c-a1c8-4c8a-967f-8ca809671bb0,C399517810,CASH_IN,USD,False,2026-10-03T00:00:00+00:00
85,PAYMENT,1645.98,C688978276,8003.57,6357.59,M904321647,0.0,0.0,0,0,0.0,1645.98,3d3ca49e-98e7-492e-8bfb-95bcab16b4d0,C688978276,PAYMENT,USD,False,2026-10-04T13:00:00+00:00
93,PAYMENT,2980.84,C405460403,6604.86,3624.02,M655778818,0.0,0.0,0,0,-0.0,2980.84,296e345d-e1af-4a3a-ad6d-ca02517e3902,C405460403,PAYMENT,USD,False,2026-10-04T21:00:00+00:00
30,CASH_OUT,105584.34,C197924383,150652.21,45067.87,C101166414,3896.94,109481.28,0,0,-0.0,0.0,2b631c35-e514-4b55-96f7-49e7bdfcc5a5,C197924383,CASH_OUT,USD,False,2026-10-02T06:00:00+00:00
51,CASH_OUT,146810.78,C881531720,147830.61,1019.83,C996382881,1136.77,147947.55,0,0,-0.0,0.0,6344dc20-81a2-4e4e-bee9-e1a324249b17,C881531720,CASH_OUT,USD,False,2026-10-03T03:00:00+00:00
29,CASH_IN,15107.58,C579426375,9219.68,24327.26,C483678064,88728.05,73620.47,0,0,-30215.16,30215.16,8168fc85-82ab-4954-9342-caad753428fc,C579426375,CASH_IN,USD,False,2026-10-02T05:00:00+00:00
33,TRANSFER,115777.84,C475935498,135377.23,19599.39,C791634879,30402.75,146180.59,0,0,0.0,0.0,8c940c68-4387-4066-abd2-e10b698d4155,C475935498,TRANSFER,USD,False,2026-10-02T09:00:00+00:00
37,CASH_OUT,20400.79,C925677464,60318.33,39917.54,C788832222,32294.04,52694.83,0,0,0.0,0.0,1113fe9f-2118-48c5-b3d9-9a559b0f083b,C925677464,CASH_OUT,USD,False,2026-10-02T13:00:00+00:00
96,CASH_OUT,131738.82,C372461888,385284.16,253545.34,C129523994,39200.41,170939.23,0,0,-0.0,0.0,254436ab-3466-474b-99c8-ece5b35f521c,C372461888,CASH_OUT,USD,False,2026-10-05T00:00:00+00:00
12,TRANSFER,143185.82,C217612804,268434.43,125248.61,C626880492,67709.66,210895.48,0,0,-0.0,0.0,9c481a2c-b949-4a7d-a21c-024ed091d70e,C217612804,TRANSFER,USD,False,2026-10-01T12:00:00+00:00
80,TRANSFER,112357.19,C472335133,119370.61,7013.42,C568398403,23040.86,135398.05,0,0,-0.0,0.0,40883f68-042c-41c7-aa0e-582c819b6e72,C472335133,TRANSFER,USD,False,2026-10-04T08:00:00+00:00
73,CASH_IN,42152.95,C257568090,12373.93,54526.88,C969743735,31307.26,0.0,0,0,-84305.9,73460.21,d70fee88-47c4-4eb3-a07c-711750d33b6e,C257568090,CASH_IN,USD,False,2026-10-04T01:00:00+00:00
74,CASH_IN,48895.88,C340501969,17462.87,66358.75,C819239897,52390.87,3494.99,0,0,-97791.76,97791.76,cf7a4349-7ac1-484e-a0e4-0fe89813d3a6,C340501969,CASH_IN,USD,False,2026-10-04T02:00:00+00:00
61,CASH_OUT,86137.4,C603834447,158667.87,72530.47,C455960435,48029.07,134166.47,0,0,0.0,0.0,95ec52a9-a60a-49c4-bde8-2a2a1ff59071,C603834447,CASH_OUT,USD,False,2026-10-03T13:00:00+00:00
50,PAYMENT,1952.45,C778210041,18578.1,16625.65,M480830539,0.0,0.0,0,0,-0.0,1952.45,abc48130-6581-45d0-8ee4-2b3a9a21e620,C778210041,PAYMENT,USD,False,2026-10-03T02:00:00+00:00
67,CASH_OUT,103091.48,C675004218,221175.41,118083.93,C609838807,11782.1,114873.58,0,0,0.0,0.0,21606d74-1bc7-4cf6-8f58-844874d7f247,C675004218,CASH_OUT,USD,False,2026-10-03T19:00:00+00:00
55,PAYMENT,2630.97,C376529928,25734.47,23103.5,M648858166,0.0,0.0,0,0,0.0,2630.97,3d0ef80e-9aa4-441e-974b-5711b73b912b,C376529928,PAYMENT,USD,False,2026-10-03T07:00:00+00:00
29,CASH_IN,7881.57,C748149205,12759.98,20641.55,C953158099,61541.28,53659.71,0,0,-15763.14,15763.14,5a5defa4-2376-4a2e-b88e-f9856be174ba,C748149205,CASH_IN,USD,False,2026-10-02T05:00:00+00:00
99,PAYMENT,3916.8,C977558198,8292.79,4375.99,M673328017,0.0,0.0,0,0,0.0,3916.8,1cfa4143-01a6-4a9d-8216-ab15a59ce634,C977558198,PAYMENT,USD,False,2026-10-05T03:00:00+00:00
56,CASH_OUT,104295.45,C626233893,247256.89,142961.44,C369014246,27895.25,132190.7,0,0,0.0,0.0,84dcec20-486f-4efe-819b-37c832c4e2ed,C626233893,CASH_OUT,USD,False,2026-10-03T08:00:00+00:00
6,TRANSFER,195667.32,C621668838,700244.81,504577.49,C159407206,6714.36,202381.68,0,0,0.0,0.0,185c696f-3ddd-4885-ac5a-80235a20547b,C621668838,TRANSFER,USD,False,2026-10-01T06:00:00+00:00
61,CASH_OUT,67281.36,C627015393,79802.87,12521.51,C118514813,11079.82,78361.18,0,0,-0.0,0.0,de8b1908-0939-41ac-b06e-358995822d30,C627015393,CASH_OUT,USD,False,2026-10-03T13:00:00+00:00
60,CASH_OUT,6714.13,C218713151,17042.57,10328.44,C163778626,39862.95,46577.08,0,0,-0.0,-0.0,d98437c9-eccf-4629-8f82-0fe1158e691e,C218713151,CASH_OUT,USD,False,2026-10-03T12:00:00+00:00
48,CASH_OUT,87477.71,C781596264,186548.21,99070.5,C617748676,596.72,88074.43,0,0,-0.0,0.0,e79f1be6-892d-4a4a-9051-bec38cc7c2d2,C781596264,CASH_OUT,USD,False,2026-10-03T00:00:00+00:00
20,CASH_OUT,125408.28,C747747224,199746.75,74338.47,C508217232,27452.23,152860.51,0,0,0.0,0.0,507d0d19-dcd7-44d6-a6fd-4e254dec72ee,C747747224,CASH_OUT,USD,False,2026-10-01T20:00:00+00:00
2,PAYMENT,1177.84,C878257769,8544.37,7366.53,M722530817,0.0,0.0,0,0,0.0,1177.84,c4a68319-1365-42ca-862a-5c765effbb43,C878257769,PAYMENT,USD,False,2026-10-01T02:00:00+00:00
42,PAYMENT,297.22,C865900715,561.36,264.14,M518694576,0.0,0.0,0,0,0.0,297.22,84a08016-5d96-4807-ae42-2535bd720d83,C865900715,PAYMENT,USD,False,2026-10-02T18:00:00+00:00
3,CASH_OUT,36991.87,C547750962,87913.53,50921.66,C450255245,45507.31,82499.18,0,0,-0.0,0.0,dd7344f3-ddc5-45d2-a4f6-d3bbcbc27e29,C547750962,CASH_OUT,USD,False,2026-10-01T03:00:00+00:00
78,CASH_IN,47277.22,C278366024,5554.74,52831.96,C995076485,15145.52,0.0,0,0,-94554.44,62422.74,57e8e41b-ed67-4448-aec7-1dc9e2184c21,C278366024,CASH_IN,USD,False,2026-10-04T06:00:00+00:00
34,PAYMENT,131.87,C946330579,1251.75,1119.88,M663527945,0.0,0.0,0,0,0.0,131.87,8b468bd8-f3f0-4f60-b8dc-1dc79249a566,C946330579,PAYMENT,USD,False,2026-10-02T10:00:00+00:00
80,PAYMENT,3414.34,C142817871,15133.56,11719.22,M444603491,0.0,0.0,0,0,0.0,3414.34,862f2c0d-ae95-42c1-af38-51ada00218d2,C142817871,PAYMENT,USD,False,2026-10-04T08:00:00+00:00
72,CASH_IN,24407.43,C976242839,580.87,24988.3,C352316238,27814.47,3407.04,0,0,-48814.86,48814.86,52b76755-6b4a-43cc-bfa0-95a713b367c2,C976242839,CASH_IN,USD,False,2026-10-04T00:00:00+00:00
8,PAYMENT,2672.24,C527464758,6616.81,3944.57,M564066437,0.0,0.0,0,0,0.0,2672.24,aaecd2ce-5dfe-4f6c-91ce-31de496c2952,C527464758,PAYMENT,USD,False,2026-10-01T08:00:00+00:00
74,CASH_IN,3280.12,C744974623,7540.21,10820.33,C468535879,72026.83,68746.71,0,0,-6560.24,6560.24,43b8da7d-2e98-46ec-bb5f-f6823f5757ca,C744974623,CASH_IN,USD,False,2026-10-04T02:00:00+00:00
86,CASH_OUT,87467.55,C591581751,117328.37,29860.82,C570342322,45541.93,133009.48,0,0,-0.0,0.0,307c903e-ffbe-48f4-b0b3-b83145b27709,C591581751,CASH_OUT,USD,False,2026-10-04T14:00:00+00:00
21,TRANSFER,17091.83,C624562407,33878.33,16786.5,C676534618,75480.25,92572.08,0,0,0.0,0.0,e6469aba-fae9-40b3-ad8c-a45d7532d097,C624562407,TRANSFER,USD,False,2026-10-01T21:00:00+00:00
36,CASH_OUT,104887.67,C515112849,252828.25,147940.58,C162892945,12757.28,117644.95,0,0,0.0,0.0,8410c3cd-2eff-46c8-8bc1-6a394c1b1bd5,C515112849,CASH_OUT,USD,False,2026-10-02T12:00:00+00:00
48,CASH_OUT,80911.05,C112384564,212289.6,131378.55,C166265416,12975.03,93886.08,0,0,0.0,0.0,a1a6b277-dee8-4c1f-8918-7207e33148cb,C112384564,CASH_OUT,USD,False,2026-10-03T00:00:00+00:00
26,PAYMENT,1107.57,C476662146,9479.79,8372.22,M873191198,0.0,0.0,0,0,0.0,1107.57,48d4181e-8c40-4ec9-beb8-60f078ecf4e3,C476662146,PAYMENT,USD,False,2026-10-02T02:00:00+00:00
32,PAYMENT,3235.3,C454617185,27901.88,24666.58,M582954920,0.0,0.0,0,0,0.0,3235.3,a40edd18-bcac-48cb-8a7e-be5764378e94,C454617185,PAYMENT,USD,False,2026-10-02T08:00:00+00:00
83,CASH_OUT,65257.28,C325045286,145761.19,80503.91,C458946122,44503.98,109761.26,0,0,0.0,0.0,5fe9e799-010b-4ffb-8a55-8c877bf9683c,C325045286,CASH_OUT,USD,False,2026-10-04T11:00:00+00:00
45,TRANSFER,40742.77,C903154313,64380.72,23637.95,C461486522,31682.37,72425.14,0,0,0.0,0.0,e78a5a27-3829-4561-85ac-ddcb45d8c71f,C903154313,TRANSFER,USD,False,2026-10-02T21:00:00+00:00
22,CASH_IN,49037.06,C237039296,539.33,49576.39,C673510887,40008.01,0.0,0,0,-98074.12,89045.07,9e7d0c6a-45fc-47b2-8445-ac1b06a7ad3f,C237039296,CASH_IN,USD,False,2026-10-01T22:00:00+00:00
63,CASH_IN,39796.33,C332313217,2001.87,41798.2,C455133789,50866.34,11070.01,0,0,-79592.66,79592.66,2aa16255-e19c-469e-8767-c26b6b3bd4e6,C332313217,CASH_IN,USD,False,2026-10-03T15:00:00+00:00
94,CASH_OUT,27137.44,C549179485,35058.47,7921.03,C950901243,14509.65,41647.09,0,0,0.0,0.0,60aa652b-997a-45fc-8a2f-775121e58985,C549179485,CASH_OUT,USD,False,2026-10-04T22:00:00+00:00
72,CASH_IN,5529.43,C485735987,17313.59,22843.02,C403019866,24288.88,18759.45,0,0,-11058.86,11058.86,8cff5313-7a99-4449-bcf5-b0dae01c6ba4,C485735987,CASH_IN,USD,False,2026-10-04T00:00:00+00:00
26,CASH_OUT,54959.27,C167525291,57946.1,2986.83,C492093935,18722.94,73682.21,0,0,0.0,-0.0,99517509-b2b6-4eda-a463-87135b639c2a,C167525291,CASH_OUT,USD,False,2026-10-02T02:00:00+00:00
88,CASH_OUT,93453.92,C894467258,121026.36,27572.44,C537618411,12005.1,105459.02,0,0,0.0,0.0,cb083e21-a646-4151-874c-2d042c0e8be5,C894467258,CASH_OUT,USD,False,2026-10-04T16:00:00+00:00
37,PAYMENT,1613.51,C788165352,9211.21,7597.7,M203354415,0.0,0.0,0,0,-0.0,1613.51,bd648842-5bdd-41fd-89eb-ac24bc65b042,C788165352,PAYMENT,USD,False,2026-10-02T13:00:00+00:00
44,PAYMENT,1367.78,C746761915,9101.85,7734.07,M567244461,0.0,0.0,0,0,0.0,1367.78,9173c9a7-0690-4f57-be53-40c253268666,C746761915,PAYMENT,USD,False,2026-10-02T20:00:00+00:00
98,CASH_OUT,39727.13,C167496657,43128.44,3401.31,C351275639,10338.7,50065.83,0,0,0.0,0.0,35803523-c7fc-475f-9174-6953458eaf05,C167496657,CASH_OUT,USD,False,2026-10-05T02:00:00+00:00
32,PAYMENT,3735.13,C768913252,4979.7,1244.57,M329876553,0.0,0.0,0,0,-0.0,3735.13,f474bce4-b66a-42b6-a1e7-472b84c9726d,C768913252,PAYMENT,USD,False,2026-10-02T08:00:00+00:00
83,CASH_OUT,138538.01,C240930757,357856.33,219318.32,C108220343,21834.03,160372.04,0,0,0.0,0.0,4db96edc-abca-413b-8710-16a19641a4fd,C240930757,CASH_OUT,USD,False,2026-10-04T11:00:00+00:00
92,CASH_OUT,44576.5,C303901283,96212.16,51635.66,C162795957,27109.76,71686.26,0,0,0.0,0.0,135e7b5d-8fa7-4f0a-9a24-b92dafeca89f,C303901283,CASH_OUT,USD,False,2026-10-04T20:00:00+00:00
21,TRANSFER,79637.5,C777909802,262821.49,183183.99,C972144388,32503.11,112140.61,0,0,0.0,0.0,e127ec1c-06c2-47f2-8bf6-36ec54c32743,C777909802,TRANSFER,USD,False,2026-10-01T21:00:00+00:00
53,PAYMENT,4412.51,C176856654,39975.8,35563.29,M465960428,0.0,0.0,0,0,0.0,4412.51,3d1fa4c3-ce31-4d1f-8ef0-a8ccf58e5c92,C176856654,PAYMENT,USD,False,2026-10-03T05:00:00+00:00
29,CASH_OUT,78267.37,C274734337,167181.16,88913.79,C355837418,5160.17,83427.54,0,0,0.0,0.0,b199fa71-dfbb-43de-a007-6472a9294076,C274734337,CASH_OUT,USD,False,2026-10-02T05:00:00+00:00
93,PAYMENT,4528.61,C543084388,10334.72,5806.11,M650349270,0.0,0.0,0,0,0.0,4528.61,fba89c0a-7539-40df-a950-1a84a64efb6f,C543084388,PAYMENT,USD,False,2026-10-04T21:00:00+00:00
60,CASH_OUT,46332.5,C485752015,93852.64,47520.14,C486165467,24863.86,71196.36,0,0,0.0,0.0,5e3cc99b-f16c-419b-a154-e3f16023bc8b,C485752015,CASH_OUT,USD,False,2026-10-03T12:00:00+00:00
41,CASH_OUT,74841.51,C914307019,106022.37,31180.86,C810715270,5951.26,80792.77,0,0,0.0,-0.0,ef6d2fe1-5a4f-4fa6-902a-b293b4c24747,C914307019,CASH_OUT,USD,False,2026-10-02T17:00:00+00:00
12,CASH_OUT,1687.69,C639198004,4549.95,2862.26,C356496309,40327.0,42014.69,0,0,-0.0,0.0,ff43b1e1-b301-4a7e-a056-dd67f5075b30,C639198004,CASH_OUT,USD,False,2026-10-01T12:00:00+00:00
85,TRANSFER,113634.22,C785885348,375910.79,262276.57,C396764585,55377.72,169011.94,0,0,-0.0,0.0,d05d3968-c411-4062-8309-a71fe6233a16,C785885348,TRANSFER,USD,False,2026-10-04T13:00:00+00:00
34,PAYMENT,2770.95,C807714938,19804.26,17033.31,M960547563,0.0,0.0,0,0,-0.0,2770.95,b4b23774-1c13-4124-8ec9-c34a8b5548d1,C807714938,PAYMENT,USD,False,2026-10-02T10:00:00+00:00
95,CASH_OUT,111718.2,C302031360,239711.29,127993.09,C224668108,6370.87,118089.07,0,0,0.0,-0.0,d0b5a810-5dea-4127-819e-3372ba8dc5cb,C302031360,CASH_OUT,USD,False,2026-10-04T23:00:00+00:00
50,DEBIT,1746.83,C242024391,3481.06,1734.23,C293060906,3545.3,5292.13,0,0,0.0,0.0,15e42de9-4d85-46de-b393-948031091b1b,C242024391,DEBIT,USD,False,2026-10-03T02:00:00+00:00
33,CASH_OUT,14535.65,C776309403,24264.55,9728.9,C899500884,18048.1,32583.75,0,0,0.0,0.0,72bc2250-8c7c-427d-bc2a-70632f559555,C776309403,CASH_OUT,USD,False,2026-10-02T09:00:00+00:00
64,CASH_OUT,85998.27,C339199630,89238.43,3240.16,C826741310,16839.12,102837.39,0,0,-0.0,0.0,627f6f78-7c46-41be-b42a-9e0896ccd193,C339199630,CASH_OUT,USD,False,2026-10-03T16:00:00+00:00
3,CASH_OUT,128865.9,C302100867,252865.1,123999.2,C324658446,7257.71,136123.61,0,0,0.0,0.0,2a93e301-386a-4a5f-9f09-1a1fd4fe4052,C302100867,CASH_OUT,USD,False,2026-10-01T03:00:00+00:00
34,CASH_IN,4565.08,C839647637,7731.31,12296.39,C129474736,17127.83,12562.75,0,0,-9130.16,9130.16,b5cf05cf-af20-4c39-b858-2adfd2d8c03b,C839647637,CASH_IN,USD,False,2026-10-02T10:00:00+00:00
76,PAYMENT,459.31,C658178034,1784.41,1325.1,M803090584,0.0,0.0,0,0,0.0,459.31,4c5005c2-78be-472b-9344-ba4a140e4aee,C658178034,PAYMENT,USD,False,2026-10-04T04:00:00+00:00
43,CASH_IN,29361.98,C530974878,15949.75,45311.73,C873686824,27556.87,0.0,0,0,-58723.96,56918.85,ba5160bd-0847-4ea2-ba14-9743bf372ed0,C530974878,CASH_IN,USD,False,2026-10-02T19:00:00+00:00
55,PAYMENT,558.98,C884311348,827.98,269.0,M276763565,0.0,0.0,0,0,0.0,558.98,bdd34c95-e77e-4ce4-bdb6-2d55051d3195,C884311348,PAYMENT,USD,False,2026-10-03T07:00:00+00:00
35,CASH_OUT,74052.53,C761086303,111684.34,37631.81,C238317144,9568.73,83621.26,0,0,0.0,0.0,0dd48f8b-f9ae-4c1e-8b3b-d147003837a6,C761086303,CASH_OUT,USD,False,2026-10-02T11:00:00+00:00
19,TRANSFER,139069.98,C839587442,362239.21,223169.23,C527238047,51541.13,190611.11,0,0,0.0,0.0,808c2081-54b9-480d-8d00-8b934bfe7609,C839587442,TRANSFER,USD,False,2026-10-01T19:00:00+00:00
23,CASH_OUT,62336.17,C699299989,157870.52,95534.35,C213294985,28828.18,91164.35,0,0,-0.0,0.0,b1bf9e75-a6cb-4ec0-ad15-21a9a0415508,C699299989,CASH_OUT,USD,False,2026-10-01T23:00:00+00:00
46,CASH_IN,39676.35,C899161913,1487.01,41163.36,C880998560,16515.99,0.0,0,0,-79352.7,56192.34,f4e45234-4a38-4afd-91c4-b479c87f23b5,C899161913,CASH_IN,USD,False,2026-10-02T22:00:00+00:00
12,PAYMENT,3208.36,C752997384,18409.26,15200.9,M726454737,0.0,0.0,0,0,-0.0,3208.36,ec5c83ba-5e35-45f8-bae2-b9c06880a4df,C752997384,PAYMENT,USD,False,2026-10-01T12:00:00+00:00
12,CASH_OUT,22310.35,C459227061,33020.36,10710.01,C250689986,30196.09,52506.44,0,0,0.0,0.0,c9ddc5ed-9fad-4ccc-bc3f-19cd0c19ac5f,C459227061,CASH_OUT,USD,False,2026-10-01T12:00:00+00:00
49,CASH_OUT,106353.58,C147735409,317447.42,211093.84,C905749233,16983.47,123337.05,0,0,-0.0,0.0,fec0a04e-852b-4c3d-8cb5-590510ee0cf7,C147735409,CASH_OUT,USD,False,2026-10-03T01:00:00+00:00
89,PAYMENT,1990.48,C974598695,11529.32,9538.84,M835184880,0.0,0.0,0,0,0.0,1990.48,76195fbc-4d77-4fea-ac63-506d48e093a8,C974598695,PAYMENT,USD,False,2026-10-04T17:00:00+00:00
96,CASH_IN,43107.24,C438411395,2681.59,45788.83,C191509932,10501.76,0.0,0,0,-86214.48,53609.0,808bdb70-8e08-4764-bafd-32e9f89553aa,C438411395,CASH_IN,USD,False,2026-10-05T00:00:00+00:00
57,CASH_IN,2001.14,C222046425,9903.69,11904.83,C555462192,62990.33,60989.19,0,0,-4002.28,4002.28,87d96a46-068b-4245-ab95-137a40eb1fba,C222046425,CASH_IN,USD,False,2026-10-03T09:00:00+00:00
48,PAYMENT,1320.16,C147907058,4449.74,3129.58,M599352182,0.0,0.0,0,0,0.0,1320.16,037c6cd4-5ef9-4b98-a53c-b2b4d81e2326,C147907058,PAYMENT,USD,False,2026-10-03T00:00:00+00:00
3,CASH_OUT,76159.18,C150993352,164632.33,88473.15,C706086216,3242.0,79401.18,0,0,0.0,0.0,33015393-65bc-409e-b027-503732cfc21a,C150993352,CASH_OUT,USD,False,2026-10-01T03:00:00+00:00
38,PAYMENT,3292.86,C991246046,3532.85,239.99,M394721069,0.0,0.0,0,0,-0.0,3292.86,cbf9e70d-9da1-4c30-abaf-e9be23746598,C991246046,PAYMENT,USD,False,2026-10-02T14:00:00+00:00
89,CASH_IN,25588.01,C694491286,18518.45,44106.46,C712750316,16316.76,0.0,0,0,-51176.02,41904.77,23e4f262-8109-4cf1-ad07-61c2c36aea3c,C694491286,CASH_IN,USD,False,2026-10-04T17:00:00+00:00
79,PAYMENT,3920.08,C903734960,22760.38,18840.3,M351258749,0.0,0.0,0,0,0.0,3920.08,22b71dd8-b6e4-445e-8aa1-d8ed78ab79d1,C903734960,PAYMENT,USD,False,2026-10-04T07:00:00+00:00
24,CASH_IN,17112.5,C795818062,7535.66,24648.16,C206783640,19236.38,2123.88,0,0,-34225.0,34225.0,ec57711c-be33-466a-8990-9392d2f1732d,C795818062,CASH_IN,USD,False,2026-10-02T00:00:00+00:00
98,CASH_OUT,140852.25,C560811579,165772.01,24919.76,C211332241,6312.79,147165.04,0,0,0.0,0.0,833203ef-13f7-4a7b-af9b-a0468695f569,C560811579,CASH_OUT,USD,False,2026-10-05T02:00:00+00:00
21,PAYMENT,2603.97,C243319373,17218.69,14614.72,M264623956,0.0,0.0,0,0,0.0,2603.97,3df9f88e-e720-4196-aa5f-6b05e31402a3,C243319373,PAYMENT,USD,False,2026-10-01T21:00:00+00:00
68,PAYMENT,3498.89,C248414766,4096.59,597.7,M610031015,0.0,0.0,0,0,0.0,3498.89,750d061d-47da-4411-8bee-616e20a0ae58,C248414766,PAYMENT,USD,False,2026-10-03T20:00:00+00:00
7,CASH_IN,16192.38,C403819555,14876.0,31068.38,C159630273,55168.47,38976.09,0,0,-32384.76,32384.76,6347b99a-a2a4-4692-9144-bf7086ceda12,C403819555,CASH_IN,USD,False,2026-10-01T07:00:00+00:00
29,CASH_IN,39064.38,C864419171,4438.9,43503.28,C672806127,77096.01,38031.63,0,0,-78128.76,78128.76,9468f7d5-eb9b-4b07-9ba7-7e006775fd9b,C864419171,CASH_IN,USD,False,2026-10-02T05:00:00+00:00
17,PAYMENT,3678.43,C709413742,34084.24,30405.81,M156762956,0.0,0.0,0,0,-0.0,3678.43,e67ac346-0d63-4c73-a8ef-680a2c82c3d3,C709413742,PAYMENT,USD,False,2026-10-01T17:00:00+00:00
41,CASH_IN,39297.49,C186063733,3375.46,42672.95,C520681439,16743.37,0.0,0,0,-78594.98,56040.86,61e628b2-82e2-4012-9a13-cb02667c1177,C186063733,CASH_IN,USD,False,2026-10-02T17:00:00+00:00
93,CASH_OUT,147117.85,C175384500,147117.85,0.0,C750589201,4939.13,152056.98,1,0,0.0,0.0,63458b64-8207-45d5-a181-5c53229ee1f1,C175384500,CASH_OUT,USD,False,2026-10-04T21:00:00+00:00
26,PAYMENT,4364.35,C359906202,13367.43,9003.08,M322026871,0.0,0.0,0,0,0.0,4364.35,b4e0d9ce-a282-46cf-a946-1de5f60fbba9,C359906202,PAYMENT,USD,False,2026-10-02T02:00:00+00:00
33,CASH_OUT,18162.41,C319646669,30286.28,12123.87,C105869805,49987.94,68150.35,0,0,-0.0,0.0,4c8cb884-f35c-47b8-931d-5ff195351fab,C319646669,CASH_OUT,USD,False,2026-10-02T09:00:00+00:00
24,PAYMENT,1886.79,C400285831,16368.48,14481.69,M340385838,0.0,0.0,0,0,-0.0,1886.79,cd26ec38-6cc2-4cc0-856b-04383b97d92d,C400285831,PAYMENT,USD,False,2026-10-02T00:00:00+00:00
17,CASH_IN,3717.18,C322149687,16838.92,20556.1,C494601478,12438.08,8720.9,0,0,-7434.36,7434.36,88567bb4-a8f4-4764-b7d7-e5194f430f8e,C322149687,CASH_IN,USD,False,2026-10-01T17:00:00+00:00
82,DEBIT,159.33,C161587757,418.22,258.89,C784523874,2614.12,2773.45,0,0,0.0,0.0,e442f45a-7bdb-4f0d-bf50-7f68085e68f2,C161587757,DEBIT,USD,False,2026-10-04T10:00:00+00:00
10,CASH_OUT,134906.82,C401048226,312473.67,177566.85,C705064109,8967.73,143874.55,0,0,-0.0,0.0,e9dfe204-5914-4662-bbd9-0a938c35fa1d,C401048226,CASH_OUT,USD,False,2026-10-01T10:00:00+00:00
5,PAYMENT,1978.85,C681968070,12633.19,10654.34,M713587962,0.0,0.0,0,0,0.0,1978.85,cf66fcc8-68bd-44d9-b1a2-63f80c0c5864,C681968070,PAYMENT,USD,False,2026-10-01T05:00:00+00:00
75,PAYMENT,956.16,C838687565,1801.74,845.58,M964762970,0.0,0.0,0,0,0.0,956.16,c118a8b2-e987-4f9a-b32d-8e35121104a2,C838687565,PAYMENT,USD,False,2026-10-04T03:00:00+00:00
32,CASH_OUT,74615.63,C689848541,148127.16,73511.53,C673131867,26810.63,101426.26,0,0,0.0,0.0,169e9871-4c6d-4434-acc2-14bdf71c88ef,C689848541,CASH_OUT,USD,False,2026-10-02T08:00:00+00:00
79,PAYMENT,4640.38,C711372996,14855.22,10214.84,M732528709,0.0,0.0,0,0,0.0,4640.38,e76d7bbd-fa28-442f-9c7c-325370204d6f,C711372996,PAYMENT,USD,False,2026-10-04T07:00:00+00:00
61,TRANSFER,132469.24,C379363689,249110.46,116641.22,C649014160,34068.84,166538.08,0,0,0.0,0.0,5388c4c0-706c-42b5-8155-ab4e740f0873,C379363689,TRANSFER,USD,False,2026-10-03T13:00:00+00:00
99,TRANSFER,84208.14,C782607567,175277.38,91069.24,C314070114,19194.33,103402.47,0,0,0.0,0.0,4bcb381f-7c68-4c57-a46c-1f6d2f4cdc90,C782607567,TRANSFER,USD,False,2026-10-05T03:00:00+00:00
9,PAYMENT,3781.21,C744391846,27022.36,23241.15,M771081440,0.0,0.0,0,0,0.0,3781.21,34d7b0f6-bb50-4c62-a505-1a78b4bfb6f5,C744391846,PAYMENT,USD,False,2026-10-01T09:00:00+00:00
73,CASH_OUT,13735.87,C834829245,14360.01,624.14,C497602212,30067.13,43803.0,0,0,-0.0,0.0,0e2fb2eb-5dba-4dc7-8458-d76980e193ff,C834829245,CASH_OUT,USD,False,2026-10-04T01:00:00+00:00
8,CASH_OUT,92835.07,C342263190,114721.17,21886.1,C133813100,45612.06,138447.13,0,0,-0.0,0.0,32a480ec-0229-402d-906a-12012dac4c05,C342263190,CASH_OUT,USD,False,2026-10-01T08:00:00+00:00
91,CASH_OUT,31392.34,C434583699,69886.71,38494.37,C887547201,47963.79,79356.13,0,0,0.0,0.0,993947d1-6d4b-4041-8aef-3dd7c50e1ad1,C434583699,CASH_OUT,USD,False,2026-10-04T19:00:00+00:00
37,TRANSFER,222296.37,C300423564,260711.31,38414.94,C815874889,42530.3,264826.67,0,0,0.0,0.0,53a63107-9645-490a-b5d5-1b7369ad5369,C300423564,TRANSFER,USD,False,2026-10-02T13:00:00+00:00
56,PAYMENT,4023.9,C689755049,9356.3,5332.4,M941895248,0.0,0.0,0,0,0.0,4023.9,94bbd8b7-51ed-4027-baf1-79f382dc1fe1,C689755049,PAYMENT,USD,False,2026-10-03T08:00:00+00:00
34,CASH_IN,13014.06,C396507730,2544.45,15558.51,C631425891,63403.48,50389.42,0,0,-26028.12,26028.12,2e78f0a4-14da-42d0-a0a3-f70fc02dec2b,C396507730,CASH_IN,USD,False,2026-10-02T10:00:00+00:00
48,PAYMENT,1877.69,C187623171,7263.21,5385.52,M130266145,0.0,0.0,0,0,0.0,1877.69,cd208da3-3a49-4b91-a1e3-ceb28dc42e8f,C187623171,PAYMENT,USD,False,2026-10-03T00:00:00+00:00
36,CASH_OUT,39245.92,C397302928,113984.89,74738.97,C863531123,32573.32,71819.24,0,0,0.0,-0.0,a716e856-f7a3-4dab-8819-f29ec2e76de5,C397302928,CASH_OUT,USD,False,2026-10-02T12:00:00+00:00
89,CASH_OUT,97954.27,C285206511,249949.87,151995.6,C503052229,49558.2,147512.47,0,0,-0.0,0.0,cfbd809c-3fbf-496a-89a8-957f228d60ce,C285206511,CASH_OUT,USD,False,2026-10-04T17:00:00+00:00
82,PAYMENT,4509.48,C552688876,5160.28,650.8,M536051952,0.0,0.0,0,0,0.0,4509.48,3a552dbe-ba99-4058-9b1d-d40a9eed672a,C552688876,PAYMENT,USD,False,2026-10-04T10:00:00+00:00
60,CASH_OUT,6891.91,C223066202,13893.03,7001.12,C131998026,31568.95,38460.86,0,0,0.0,0.0,5145ec37-148a-4893-ae4b-c9b3bac4052e,C223066202,CASH_OUT,USD,False,2026-10-03T12:00:00+00:00
46,PAYMENT,4073.2,C732380409,15320.97,11247.77,M506286844,0.0,0.0,0,0,0.0,4073.2,81bdaffc-1a5a-4794-9f59-7163733a26b5,C732380409,PAYMENT,USD,False,2026-10-02T22:00:00+00:00
2,CASH_IN,14928.18,C892608419,11586.63,26514.81,C246569717,61175.15,46246.97,0,0,-29856.36,29856.36,8e5e033e-c033-4105-a14e-895001769b69,C892608419,CASH_IN,USD,False,2026-10-01T02:00:00+00:00
30,CASH_OUT,58096.86,C121939941,150596.9,92500.04,C368620831,28456.39,86553.25,0,0,0.0,0.0,e663346f-de63-41b3-9a11-7204a051727b,C121939941,CASH_OUT,USD,False,2026-10-02T06:00:00+00:00
26,PAYMENT,808.87,C943458769,5783.84,4974.97,M407751103,0.0,0.0,0,0,0.0,808.87,2d04d6d7-dbed-499d-8073-ba2f930f3e2a,C943458769,PAYMENT,USD,False,2026-10-02T02:00:00+00:00
7,CASH_OUT,115884.21,C152253317,162640.72,46756.51,C923682643,12484.99,128369.2,0,0,-0.0,0.0,8099db89-afc1-4a45-a27b-01e058431037,C152253317,CASH_OUT,USD,False,2026-10-01T07:00:00+00:00
79,PAYMENT,4749.34,C926471790,6434.53,1685.19,M959293519,0.0,0.0,0,0,-0.0,4749.34,8f844d83-e556-4f68-ad3d-6c3df390a2c1,C926471790,PAYMENT,USD,False,2026-10-04T07:00:00+00:00
96,PAYMENT,1500.22,C659498114,10657.23,9157.01,M878424329,0.0,0.0,0,0,0.0,1500.22,63cad8ef-9131-4275-bff8-2c005cc9bb25,C659498114,PAYMENT,USD,False,2026-10-05T00:00:00+00:00
95,CASH_OUT,101460.79,C137904833,114723.55,13262.76,C944994295,1073.3,102534.09,0,0,0.0,0.0,f06ce912-8346-4fd1-b86e-d923a5179841,C137904833,CASH_OUT,USD,False,2026-10-04T23:00:00+00:00
42,PAYMENT,4584.3,C690876838,32474.29,27889.99,M746635665,0.0,0.0,0,0,0.0,4584.3,8643ee11-a008-494c-a3ac-6222784626b8,C690876838,PAYMENT,USD,False,2026-10-02T18:00:00+00:00
58,CASH_OUT,64693.1,C644458723,129694.32,65001.22,C334107913,16474.52,81167.62,0,0,0.0,0.0,2aeed156-8202-4a31-96d3-1db33a72c668,C644458723,CASH_OUT,USD,False,2026-10-03T10:00:00+00:00
92,CASH_IN,40600.59,C315577750,18141.49,58742.08,C196002353,6629.58,0.0,0,0,-81201.18,47230.17,7f81816a-d437-4ed1-af41-806202496331,C315577750,CASH_IN,USD,False,2026-10-04T20:00:00+00:00
35,PAYMENT,1269.37,C977361720,3594.68,2325.31,M683188962,0.0,0.0,0,0,0.0,1269.37,444a1ed6-a731-4fe0-a522-c350d63e2567,C977361720,PAYMENT,USD,False,2026-10-02T11:00:00+00:00
31,CASH_OUT,128742.58,C772225892,177900.22,49157.64,C678298594,15045.89,143788.47,0,0,0.0,0.0,65ec13bf-f437-45b0-9391-ef3a86e73a4a,C772225892,CASH_OUT,USD,False,2026-10-02T07:00:00+00:00
85,CASH_IN,5287.76,C913873212,705.32,5993.08,C904989260,38938.54,33650.78,0,0,-10575.52,10575.52,a45eb95b-1b6f-43fa-94fd-67edfe14e231,C913873212,CASH_IN,USD,False,2026-10-04T13:00:00+00:00
46,CASH_OUT,128027.9,C699896664,145223.25,17195.35,C960707039,21375.59,149403.49,0,0,0.0,0.0,30266965-76d5-420e-b587-b5418ffbeb0e,C699896664,CASH_OUT,USD,False,2026-10-02T22:00:00+00:00
66,PAYMENT,3347.93,C530391423,32927.45,29579.52,M298407302,0.0,0.0,0,0,-0.0,3347.93,ea1f1b6e-7f24-40e1-8f61-25f8728443d0,C530391423,PAYMENT,USD,False,2026-10-03T18:00:00+00:00
32,PAYMENT,2131.07,C982792489,18599.79,16468.72,M141810202,0.0,0.0,0,0,0.0,2131.07,62fdd6b8-8f49-485b-a83b-c1abf79849ca,C982792489,PAYMENT,USD,False,2026-10-02T08:00:00+00:00
100,PAYMENT,787.14,C532266824,7300.81,6513.67,M969587042,0.0,0.0,0,0,0.0,787.14,906d2ef7-c940-41a1-9fb2-e62f045285ca,C532266824,PAYMENT,USD,False,2026-10-05T04:00:00+00:00
85,PAYMENT,161.71,C691926077,177.25,15.54,M770197070,0.0,0.0,0,0,-0.0,161.71,d7c6c185-d4b5-41e9-89bd-5c9e48b3b95c,C691926077,PAYMENT,USD,False,2026-10-04T13:00:00+00:00
62,CASH_IN,47124.99,C563129902,12146.35,59271.34,C277164387,43985.84,0.0,0,0,-94249.98,91110.83,046188f0-38a2-4df4-be74-966c503c7d77,C563129902,CASH_IN,USD,False,2026-10-03T14:00:00+00:00
69,PAYMENT,3199.88,C141973293,29903.62,26703.74,M398238769,0.0,0.0,0,0,-0.0,3199.88,eed4e4c1-e8dc-4ca7-ac02-4c7da3f95e77,C141973293,PAYMENT,USD,False,2026-10-03T21:00:00+00:00
25,CASH_OUT,94772.38,C913160098,159251.86,64479.48,C131985809,19463.91,114236.29,0,0,-0.0,0.0,2ffbe465-9389-40d6-ae89-13293e8df022,C913160098,CASH_OUT,USD,False,2026-10-02T01:00:00+00:00
35,CASH_OUT,126720.86,C352339994,268091.87,141371.01,C665629037,38349.3,165070.16,0,0,0.0,0.0,732e1a86-1827-484e-bbce-aa829669cf83,C352339994,CASH_OUT,USD,False,2026-10-02T11:00:00+00:00
24,PAYMENT,1438.72,C281140337,7204.63,5765.91,M335356345,0.0,0.0,0,0,0.0,1438.72,61feb585-bf12-429b-8d5d-f32e9fd33bcc,C281140337,PAYMENT,USD,False,2026-10-02T00:00:00+00:00
44,CASH_OUT,39022.77,C200434087,81862.55,42839.78,C456563737,41405.51,80428.28,0,0,0.0,0.0,5e295ff7-9368-42d2-835c-9101238196ca,C200434087,CASH_OUT,USD,False,2026-10-02T20:00:00+00:00
36,PAYMENT,2335.6,C656515311,13208.55,10872.95,M488127434,0.0,0.0,0,0,-0.0,2335.6,284aa6cb-a2ab-4f32-861a-abdbb70ef077,C656515311,PAYMENT,USD,False,2026-10-02T12:00:00+00:00
53,PAYMENT,2155.76,C941635335,10120.55,7964.79,M899916756,0.0,0.0,0,0,-0.0,2155.76,a3a36dfc-cff9-463e-bc50-3dad77ceb5e7,C941635335,PAYMENT,USD,False,2026-10-03T05:00:00+00:00
84,PAYMENT,4598.49,C967797300,24608.72,20010.23,M931764920,0.0,0.0,0,0,0.0,4598.49,c81cb8cb-9c61-4568-aa6a-0cb0cdf137c4,C967797300,PAYMENT,USD,False,2026-10-04T12:00:00+00:00
24,CASH_IN,17370.64,C839689608,9376.2,26746.84,C651242041,69697.41,52326.77,0,0,-34741.28,34741.28,98d48f1f-aec7-4f60-9641-4256acd5a1bf,C839689608,CASH_IN,USD,False,2026-10-02T00:00:00+00:00
78,CASH_OUT,53923.87,C735422310,132556.13,78632.26,C237967359,21100.75,75024.62,0,0,0.0,0.0,327a5236-0e5b-4b4b-bbe8-d2fbfdba9f56,C735422310,CASH_OUT,USD,False,2026-10-04T06:00:00+00:00
39,CASH_OUT,90715.74,C678529899,137407.91,46692.17,C355690120,23631.99,114347.73,0,0,0.0,0.0,aabd596d-efdd-4626-8a00-cb6f94f2a3b6,C678529899,CASH_OUT,USD,False,2026-10-02T15:00:00+00:00
13,PAYMENT,1756.02,C157036462,15775.06,14019.04,M515062252,0.0,0.0,0,0,-0.0,1756.02,47fb9d1d-d43c-41a4-abe4-6f3f01c91e93,C157036462,PAYMENT,USD,False,2026-10-01T13:00:00+00:00
82,CASH_OUT,69339.41,C905023052,172787.91,103448.5,C468999657,42788.66,112128.07,0,0,0.0,0.0,25794a37-5bba-4a31-91f7-2e69f529ca7e,C905023052,CASH_OUT,USD,False,2026-10-04T10:00:00+00:00
99,TRANSFER,174669.96,C488135963,530051.13,355381.17,C750158037,5270.31,179940.27,0,0,0.0,0.0,39da0730-8a93-46ab-b8c7-f896ba3e5d21,C488135963,TRANSFER,USD,False,2026-10-05T03:00:00+00:00
66,DEBIT,1262.08,C176605941,5077.98,3815.9,C916678525,2634.78,3896.86,0,0,-0.0,0.0,653dbae5-942b-47a2-88e5-a7f8fb77b325,C176605941,DEBIT,USD,False,2026-10-03T18:00:00+00:00
84,CASH_IN,41850.82,C185129775,19303.2,61154.02,C565397586,79570.83,37720.01,0,0,-83701.64,83701.64,b810e7c1-227a-41f3-8df0-ffbd6a450763,C185129775,CASH_IN,USD,False,2026-10-04T12:00:00+00:00
97,CASH_IN,35470.97,C647187810,13769.79,49240.76,C781804304,69949.09,34478.12,0,0,-70941.94,70941.94,96f0c8a3-0ef9-417b-bd9f-52308a5b1975,C647187810,CASH_IN,USD,False,2026-10-05T01:00:00+00:00
12,PAYMENT,818.89,C323577467,3784.55,2965.66,M936973744,0.0,0.0,0,0,0.0,818.89,fa7a97e2-af44-435e-b42f-a914db1b7822,C323577467,PAYMENT,USD,False,2026-10-01T12:00:00+00:00
77,TRANSFER,140997.07,C369012503,140997.07,0.0,C810185724,3478.05,144475.12,1,0,0.0,0.0,0f446bd8-535f-48d7-997e-78d2b3066230,C369012503,TRANSFER,USD,False,2026-10-04T05:00:00+00:00
39,CASH_OUT,90265.46,C786908786,110657.28,20391.82,C120699260,17939.63,108205.09,0,0,-0.0,0.0,ae2973fc-b262-4a3a-9798-ee989c0ec19a,C786908786,CASH_OUT,USD,False,2026-10-02T15:00:00+00:00
55,TRANSFER,52228.92,C108443504,80302.67,28073.75,C965942293,2367.04,54595.96,0,0,0.0,0.0,9533ec80-479b-4dd5-bcb9-25032c328fc3,C108443504,TRANSFER,USD,False,2026-10-03T07:00:00+00:00
8,CASH_OUT,2355.21,C488271081,6947.72,4592.51,C543220163,5442.66,7797.87,0,0,0.0,0.0,ae706698-0e92-4944-ac56-72fad37876bb,C488271081,CASH_OUT,USD,False,2026-10-01T08:00:00+00:00
89,CASH_IN,29664.31,C952920067,9683.83,39348.14,C512273781,64815.07,35150.76,0,0,-59328.62,59328.62,bed3b911-ac29-45cc-9a9a-b855b40b5614,C952920067,CASH_IN,USD,False,2026-10-04T17:00:00+00:00
40,CASH_OUT,36178.12,C326073427,87061.53,50883.41,C259687864,1839.88,38018.0,0,0,-0.0,0.0,714ee7f3-7cb9-466e-b869-ac0c2cb9f631,C326073427,CASH_OUT,USD,False,2026-10-02T16:00:00+00:00
93,TRANSFER,220629.18,C103300793,362075.72,141446.54,C830274097,29432.39,250061.57,0,0,-0.0,0.0,cdcb56de-d2ee-4888-94f2-9d5f4ca14bbf,C103300793,TRANSFER,USD,False,2026-10-04T21:00:00+00:00
88,PAYMENT,3120.86,C411150812,7688.12,4567.26,M813308517,0.0,0.0,0,0,0.0,3120.86,f0b4751d-4cb4-40c4-b981-780b34eed8f5,C411150812,PAYMENT,USD,False,2026-10-04T16:00:00+00:00
34,CASH_IN,30412.4,C420652120,4326.64,34739.04,C128267121,85973.18,55560.78,0,0,-60824.8,60824.8,9f18a056-db5e-4827-b552-eb991adabbf6,C420652120,CASH_IN,USD,False,2026-10-02T10:00:00+00:00
90,CASH_OUT,31543.98,C255502389,78757.91,47213.93,C963673300,36765.94,68309.92,0,0,0.0,0.0,e7df8891-739a-457c-bbb7-afc366bfd9c7,C255502389,CASH_OUT,USD,False,2026-10-04T18:00:00+00:00
32,CASH_OUT,76734.85,C883024695,119881.14,43146.29,C367862922,5751.0,82485.85,0,0,-0.0,0.0,631c999a-17a7-48d0-95f7-514ba5d7d721,C883024695,CASH_OUT,USD,False,2026-10-02T08:00:00+00:00
48,CASH_OUT,117325.35,C280590847,340856.57,223531.22,C677174482,48067.61,165392.96,0,0,0.0,0.0,894949be-8691-42a1-9dbf-b8f7e057ea25,C280590847,CASH_OUT,USD,False,2026-10-03T00:00:00+00:00
53,PAYMENT,3987.58,C148556923,30233.43,26245.85,M457324681,0.0,0.0,0,0,0.0,3987.58,23849d02-2970-4ffa-95e6-40cf2743da58,C148556923,PAYMENT,USD,False,2026-10-03T05:00:00+00:00
68,CASH_OUT,42860.05,C558154399,70168.61,27308.56,C512389604,8920.79,51780.84,0,0,-0.0,0.0,eafa3509-11b4-4221-960c-7c9e12a44184,C558154399,CASH_OUT,USD,False,2026-10-03T20:00:00+00:00
96,PAYMENT,4869.82,C552539416,30170.82,25301.0,M486441343,0.0,0.0,0,0,0.0,4869.82,b23ff571-9e27-4734-9303-0aa54dc4dd1b,C552539416,PAYMENT,USD,False,2026-10-05T00:00:00+00:00
55,CASH_OUT,103259.52,C891885100,249109.54,145850.02,C280486879,3119.4,106378.92,0,0,0.0,0.0,b428e841-50cb-4ff0-b6ed-95ac242a5740,C891885100,CASH_OUT,USD,False,2026-10-03T07:00:00+00:00
9,PAYMENT,3869.04,C775936026,18640.59,14771.55,M835948208,0.0,0.0,0,0,0.0,3869.04,56d4411c-4b88-420f-a77d-b0519ca4a6a5,C775936026,PAYMENT,USD,False,2026-10-01T09:00:00+00:00
2,PAYMENT,2875.54,C238232995,20636.85,17761.31,M512306429,0.0,0.0,0,0,-0.0,2875.54,3bee6711-aa90-4c62-85fb-7c7f5a95a5e3,C238232995,PAYMENT,USD,False,2026-10-01T02:00:00+00:00
57,CASH_IN,36569.85,C596885595,13206.66,49776.51,C754126431,66594.88,30025.03,0,0,-73139.7,73139.7,2882061b-9c80-4d5d-b28a-d19597c199dd,C596885595,CASH_IN,USD,False,2026-10-03T09:00:00+00:00
44,CASH_OUT,44145.58,C300741736,46199.59,2054.01,C883022242,4230.34,48375.92,0,0,-0.0,0.0,830a490f-f6d4-4487-875b-ad766defd0f7,C300741736,CASH_OUT,USD,False,2026-10-02T20:00:00+00:00
76,CASH_OUT,43220.65,C720978931,96501.76,53281.11,C367394651,44478.38,87699.03,0,0,-0.0,0.0,b65d2888-187e-4e96-bf30-3a72c06f9a2f,C720978931,CASH_OUT,USD,False,2026-10-04T04:00:00+00:00
73,TRANSFER,247007.55,C998396384,648734.16,401726.61,C628524423,14044.54,261052.09,0,1,0.0,0.0,af71fbd0-fa47-4d89-b9c6-584bb215aa61,C998396384,TRANSFER,USD,False,2026-10-04T01:00:00+00:00
23,TRANSFER,171282.01,C485669380,261766.67,90484.66,C733873057,32489.62,203771.63,0,0,0.0,0.0,c2320112-87ad-4036-9762-ddd817f9ab54,C485669380,TRANSFER,USD,False,2026-10-01T23:00:00+00:00
24,CASH_IN,8380.21,C116656158,5267.52,13647.73,C549495817,55903.3,47523.09,0,0,-16760.42,16760.42,ba241383-ade1-4bd2-86be-f1617cf20d4d,C116656158,CASH_IN,USD,False,2026-10-02T00:00:00+00:00
90,CASH_IN,7770.38,C108528676,5813.21,13583.59,C213062876,16662.37,8891.99,0,0,-15540.76,15540.76,20211b99-c735-4ab9-924e-19daadf15496,C108528676,CASH_IN,USD,False,2026-10-04T18:00:00+00:00
4,CASH_IN,45930.2,C655137912,19872.96,65803.16,C661905788,59540.86,13610.66,0,0,-91860.4,91860.4,10eeeeb0-c281-49e9-b1c0-7ba872d9503e,C655137912,CASH_IN,USD,False,2026-10-01T04:00:00+00:00
75,CASH_IN,34435.91,C610318004,7427.97,41863.88,C266421332,9858.51,0.0,0,0,-68871.82,44294.42,cff48fec-a6bf-4669-8aa2-93896caf2437,C610318004,CASH_IN,USD,False,2026-10-04T03:00:00+00:00
44,CASH_OUT,101584.59,C870883944,201590.44,100005.85,C851634174,25706.14,127290.73,0,0,0.0,0.0,14ecb4e8-4a11-432a-ab7a-c05ba4316bab,C870883944,CASH_OUT,USD,False,2026-10-02T20:00:00+00:00
26,PAYMENT,322.3,C906074127,2485.93,2163.63,M519190425,0.0,0.0,0,0,-0.0,322.3,f432d4fd-9635-41f1-bba1-889e21f2c81f,C906074127,PAYMENT,USD,False,2026-10-02T02:00:00+00:00
57,CASH_IN,18125.96,C540154492,11209.14,29335.1,C477940598,8567.93,0.0,0,0,-36251.92,26693.89,cc8b2da4-6989-4e3f-8bdb-041d0a09990e,C540154492,CASH_IN,USD,False,2026-10-03T09:00:00+00:00
100,CASH_OUT,79635.84,C697057829,128783.33,49147.49,C141315764,17207.82,96843.66,0,0,0.0,0.0,89a43087-1f95-4a5b-98fc-e17dde50e1a6,C697057829,CASH_OUT,USD,False,2026-10-05T04:00:00+00:00
26,PAYMENT,4031.19,C556145108,39772.02,35740.83,M701242434,0.0,0.0,0,0,-0.0,4031.19,6659a8fa-4002-40b8-a44b-4d6335658fdb,C556145108,PAYMENT,USD,False,2026-10-02T02:00:00+00:00
2,CASH_OUT,15381.98,C718133944,45791.67,30409.69,C943423396,7380.27,22762.25,0,0,0.0,0.0,3a1571a2-5ad6-4a0b-92d6-33f53f155325,C718133944,CASH_OUT,USD,False,2026-10-01T02:00:00+00:00
23,CASH_IN,3695.94,C927175323,1350.65,5046.59,C730676755,26956.34,23260.4,0,0,-7391.88,7391.88,443c4173-8ab8-4104-826a-eb429a6e90f3,C927175323,CASH_IN,USD,False,2026-10-01T23:00:00+00:00
52,CASH_OUT,19180.44,C695295870,44687.72,25507.28,C551450815,18957.26,38137.7,0,0,0.0,0.0,28a3ba69-1612-400e-9c5f-97c85a03cdd1,C695295870,CASH_OUT,USD,False,2026-10-03T04:00:00+00:00
12,TRANSFER,89790.79,C437369840,144370.63,54579.84,C283876670,73265.55,163056.34,0,0,0.0,0.0,c62a2a96-9f03-4fae-a29a-1641d02b193c,C437369840,TRANSFER,USD,False,2026-10-01T12:00:00+00:00
22,PAYMENT,2797.19,C581539143,25349.74,22552.55,M161789291,0.0,0.0,0,0,0.0,2797.19,74b140c9-e28f-4068-aaa0-1297e7a40256,C581539143,PAYMENT,USD,False,2026-10-01T22:00:00+00:00
81,CASH_OUT,149614.15,C408570854,176658.2,27044.05,C901834280,48916.89,198531.04,0,0,0.0,-0.0,7148c4e9-0f8a-4f17-a53a-68849db187c9,C408570854,CASH_OUT,USD,False,2026-10-04T09:00:00+00:00
6,PAYMENT,3569.39,C247141682,18788.19,15218.8,M963251765,0.0,0.0,0,0,0.0,3569.39,e6f9d44d-9ea0-4e16-b746-4e9d43a22ee3,C247141682,PAYMENT,USD,False,2026-10-01T06:00:00+00:00
48,CASH_OUT,59014.82,C390827816,129200.82,70186.0,C881827342,25139.49,84154.31,0,0,0.0,0.0,e1b9c3ec-b496-4f49-b95a-e56067a008ea,C390827816,CASH_OUT,USD,False,2026-10-03T00:00:00+00:00
11,CASH_OUT,8566.31,C310986781,14010.99,5444.68,C394381403,517.61,9083.92,0,0,0.0,0.0,5a63483f-7c36-4430-9806-961afe8f9821,C310986781,CASH_OUT,USD,False,2026-10-01T11:00:00+00:00
15,CASH_IN,40988.63,C297940734,6214.78,47203.41,C525203859,7517.52,0.0,0,0,-81977.26,48506.15,7f716e0a-4d65-4e37-8e26-a729167ce487,C297940734,CASH_IN,USD,False,2026-10-01T15:00:00+00:00
10,CASH_IN,21492.75,C718216692,14189.98,35682.73,C534245762,42351.7,20858.95,0,0,-42985.5,42985.5,598f0559-c4f2-4bf1-9a88-225d0f44a5a9,C718216692,CASH_IN,USD,False,2026-10-01T10:00:00+00:00
3,CASH_OUT,144766.35,C773282001,282154.7,137388.35,C167429343,43911.72,188678.07,0,0,0.0,0.0,4274d9ab-d7aa-4314-8f7a-396f1118e374,C773282001,CASH_OUT,USD,False,2026-10-01T03:00:00+00:00
2,PAYMENT,1034.12,C509620403,2116.82,1082.7,M840226363,0.0,0.0,0,0,0.0,1034.12,bc7c3b6b-61cb-4d24-bb25-ade85edae5af,C509620403,PAYMENT,USD,False,2026-10-01T02:00:00+00:00
46,PAYMENT,773.76,C214365722,6773.63,5999.87,M375616439,0.0,0.0,0,0,0.0,773.76,4065f939-e726-4d8b-b7af-5dadbf330ae6,C214365722,PAYMENT,USD,False,2026-10-02T22:00:00+00:00
34,CASH_IN,32577.85,C513277550,2777.86,35355.71,C554702326,70473.15,37895.3,0,0,-65155.7,65155.7,2025429c-342b-4331-9c67-c5edf673b936,C513277550,CASH_IN,USD,False,2026-10-02T10:00:00+00:00
95,CASH_OUT,18208.29,C448144622,39183.04,20974.75,C834534311,6866.47,25074.76,0,0,0.0,0.0,ff1e38d5-4814-449f-b406-9510797190ba,C448144622,CASH_OUT,USD,False,2026-10-04T23:00:00+00:00
84,TRANSFER,50828.2,C408614476,80195.57,29367.37,C348923721,75331.26,126159.46,0,0,0.0,-0.0,02bd4c68-ef62-43a5-bd44-efc15acf2424,C408614476,TRANSFER,USD,False,2026-10-04T12:00:00+00:00
50,CASH_IN,5136.03,C533036927,11928.8,17064.83,C935966295,64859.88,59723.85,0,0,-10272.06,10272.06,4e73c0c7-6862-434d-9747-f506bfb22900,C533036927,CASH_IN,USD,False,2026-10-03T02:00:00+00:00
25,PAYMENT,1205.31,C921921869,9942.44,8737.13,M160961339,0.0,0.0,0,0,0.0,1205.31,394cc19f-183b-42ea-8b61-279d9db6c719,C921921869,PAYMENT,USD,False,2026-10-02T01:00:00+00:00
88,DEBIT,1398.79,C671670179,1476.56,77.77,C535371662,1031.9,2430.69,0,0,-0.0,0.0,57080e84-0ee7-4c9a-893c-db4e7b4cf0e0,C671670179,DEBIT,USD,False,2026-10-04T16:00:00+00:00
71,PAYMENT,1937.35,C687052578,10263.12,8325.77,M571622115,0.0,0.0,0,0,0.0,1937.35,005ae5ee-af09-4772-a3d0-1ce78f8fa0f7,C687052578,PAYMENT,USD,False,2026-10-03T23:00:00+00:00
12,PAYMENT,2166.95,C784186371,13958.22,11791.27,M371418117,0.0,0.0,0,0,0.0,2166.95,bfd9b4d5-7393-418d-9612-94389f832ded,C784186371,PAYMENT,USD,False,2026-10-01T12:00:00+00:00
90,PAYMENT,4267.5,C851920005,5122.03,854.53,M789855263,0.0,0.0,0,0,-0.0,4267.5,34b792a1-636b-47d1-81e1-e4b7560d1eb1,C851920005,PAYMENT,USD,False,2026-10-04T18:00:00+00:00
92,PAYMENT,1527.18,C780639124,7572.92,6045.74,M865662572,0.0,0.0,0,0,0.0,1527.18,4b32e3af-f73e-4dd1-85c4-0edde3c20922,C780639124,PAYMENT,USD,False,2026-10-04T20:00:00+00:00
77,CASH_OUT,149786.99,C275283088,363902.93,214115.94,C319656512,5398.02,155185.01,0,0,0.0,-0.0,1fb8e808-30c2-41d0-b8ed-73696c405f3a,C275283088,CASH_OUT,USD,False,2026-10-04T05:00:00+00:00
75,CASH_IN,15291.92,C489137566,17245.27,32537.19,C332686795,64127.15,48835.23,0,0,-30583.84,30583.84,8ceae4c1-27e9-4e1f-85ab-5707ee8653ef,C489137566,CASH_IN,USD,False,2026-10-04T03:00:00+00:00
6,TRANSFER,99794.77,C947493681,287978.97,188184.2,C407613928,40083.92,139878.69,0,0,-0.0,0.0,9a3ed39b-803f-43db-bd33-c062b78e8713,C947493681,TRANSFER,USD,False,2026-10-01T06:00:00+00:00
45,CASH_OUT,39125.07,C444508846,83104.88,43979.81,C489969500,13281.52,52406.59,0,0,0.0,0.0,cedbab93-d7a8-4687-a1ce-14f1bddf0832,C444508846,CASH_OUT,USD,False,2026-10-02T21:00:00+00:00
82,CASH_OUT,131388.16,C523589517,384928.57,253540.41,C450756034,5913.38,137301.54,0,0,0.0,0.0,21960b50-0977-4177-bc6a-e1d3aa9dd4f1,C523589517,CASH_OUT,USD,False,2026-10-04T10:00:00+00:00
1,PAYMENT,2621.26,C514909754,14912.81,12291.55,M462472142,0.0,0.0,0,0,0.0,2621.26,2fb6840b-7ec0-47b7-98f0-d1e186ed50d4,C514909754,PAYMENT,USD,False,2026-10-01T01:00:00+00:00
81,CASH_OUT,59391.1,C447768046,132214.34,72823.24,C450695315,38026.58,97417.68,0,0,-0.0,0.0,5e0a35c0-ed45-4627-b2c9-9c6ee47ca02c,C447768046,CASH_OUT,USD,False,2026-10-04T09:00:00+00:00
59,CASH_IN,32407.24,C411340750,11089.51,43496.75,C289642463,96783.78,64376.54,0,0,-64814.48,64814.48,bba01193-968c-4b6d-a208-84659accf3fd,C411340750,CASH_IN,USD,False,2026-10-03T11:00:00+00:00
64,CASH_IN,22622.72,C498984826,4322.8,26945.52,C424945099,30929.51,8306.79,0,0,-45245.44,45245.44,df55b8f4-3db7-4fbd-a91a-8192c047199d,C498984826,CASH_IN,USD,False,2026-10-03T16:00:00+00:00
52,CASH_OUT,73591.3,C215923129,84407.85,10816.55,C576271425,4039.52,77630.82,0,0,0.0,0.0,45301453-ab06-4de8-998c-2c41f34a312f,C215923129,CASH_OUT,USD,False,2026-10-03T04:00:00+00:00
87,CASH_IN,27682.91,C841880917,6666.14,34349.05,C340658499,38361.3,10678.39,0,0,-55365.82,55365.82,e1910659-0cc8-4e53-89b3-13bad2d4ce4a,C841880917,CASH_IN,USD,False,2026-10-04T15:00:00+00:00
17,TRANSFER,378557.52,C408131663,378557.52,0.0,C141825428,3717.79,382275.31,1,0,0.0,0.0,40c7d23d-45cf-4fc9-89cf-1d14a383dee3,C408131663,TRANSFER,USD,False,2026-10-01T17:00:00+00:00
74,CASH_OUT,49284.83,C276670424,92836.9,43552.07,C658712474,34014.76,83299.59,0,0,-0.0,0.0,fe3c15d9-f355-4e38-8fdd-c4d50c7a4087,C276670424,CASH_OUT,USD,False,2026-10-04T02:00:00+00:00
95,CASH_IN,33113.37,C140531056,12360.63,45474.0,C922816526,60127.4,27014.03,0,0,-66226.74,66226.74,4948c121-0cff-4843-9e43-d4084b9daf3f,C140531056,CASH_IN,USD,False,2026-10-04T23:00:00+00:00
73,PAYMENT,3490.35,C639449617,5077.34,1586.99,M264494545,0.0,0.0,0,0,0.0,3490.35,843ac159-c50d-4ea3-ad17-eefec2e307d4,C639449617,PAYMENT,USD,False,2026-10-04T01:00:00+00:00
9,PAYMENT,4278.12,C711928993,32342.97,28064.85,M661652825,0.0,0.0,0,0,0.0,4278.12,65ccf07d-e147-4761-8fb0-d66f2168c5bd,C711928993,PAYMENT,USD,False,2026-10-01T09:00:00+00:00
48,PAYMENT,65.77,C946202078,459.94,394.17,M663245360,0.0,0.0,0,0,0.0,65.77,539fd8ad-bd5c-48f1-9b11-1e8bbb70f88f,C946202078,PAYMENT,USD,False,2026-10-03T00:00:00+00:00
73,PAYMENT,3812.07,C341074444,23149.74,19337.67,M137790581,0.0,0.0,0,0,0.0,3812.07,3b13d0c6-5e1e-4383-af7d-19525ca75dda,C341074444,PAYMENT,USD,False,2026-10-04T01:00:00+00:00
88,CASH_IN,37774.67,C838840227,10009.52,47784.19,C637972378,75258.27,37483.6,0,0,-75549.34,75549.34,0e8415d4-351d-4876-b37a-71293bb9b296,C838840227,CASH_IN,USD,False,2026-10-04T16:00:00+00:00
21,TRANSFER,144881.84,C216070149,395149.31,250267.47,C434961542,72642.09,217523.93,0,0,0.0,0.0,8cc6680c-e63c-437c-b656-3ccf90184ebc,C216070149,TRANSFER,USD,False,2026-10-01T21:00:00+00:00
65,PAYMENT,3922.49,C719477895,26068.34,22145.85,M918375813,0.0,0.0,0,0,0.0,3922.49,d61cec60-cc83-45bf-85f1-ed8aed8ccaa9,C719477895,PAYMENT,USD,False,2026-10-03T17:00:00+00:00
97,TRANSFER,15685.96,C379290514,44663.37,28977.41,C475588498,49019.85,64705.81,0,0,0.0,0.0,941eb77b-05c1-478d-95d5-dcfb82f05018,C379290514,TRANSFER,USD,False,2026-10-05T01:00:00+00:00
37,CASH_OUT,103332.83,C603260608,186517.52,83184.69,C851333320,13612.31,116945.14,0,0,-0.0,0.0,c534d60b-caf1-4c10-b6c7-8b2ac3233cfd,C603260608,CASH_OUT,USD,False,2026-10-02T13:00:00+00:00
18,PAYMENT,269.0,C892204952,1474.98,1205.98,M173259976,0.0,0.0,0,0,0.0,269.0,13c85ca5-93f5-49af-b078-982565e755fd,C892204952,PAYMENT,USD,False,2026-10-01T18:00:00+00:00
22,PAYMENT,4511.87,C877504949,37653.04,33141.17,M496081382,0.0,0.0,0,0,0.0,4511.87,c4ab16b7-bce1-46d3-ba69-9555f2f40fa5,C877504949,PAYMENT,USD,False,2026-10-01T22:00:00+00:00
45,TRANSFER,245343.21,C242455183,963104.21,717761.0,C798024936,14225.02,259568.23,0,0,0.0,-0.0,5f09f677-0169-4a73-ad3a-e7bd20faae45,C242455183,TRANSFER,USD,False,2026-10-02T21:00:00+00:00
82,CASH_IN,3812.29,C945195456,4281.6,8093.89,C675347404,27250.35,23438.06,0,0,-7624.58,7624.58,dd26f456-ab89-45e6-8059-ee6db2a13c8d,C945195456,CASH_IN,USD,False,2026-10-04T10:00:00+00:00
41,TRANSFER,145569.82,C676625202,220129.02,74559.2,C197623316,34389.36,179959.18,0,0,-0.0,0.0,5eb8219a-5527-4a01-adc7-585938593bb4,C676625202,TRANSFER,USD,False,2026-10-02T17:00:00+00:00
78,CASH_OUT,74472.23,C570403386,178572.67,104100.44,C952913236,1026.88,75499.11,0,0,0.0,0.0,87501616-2276-4d7b-98b4-1bdfe991ff8a,C570403386,CASH_OUT,USD,False,2026-10-04T06:00:00+00:00
16,TRANSFER,238130.04,C899143659,259824.36,21694.32,C951222282,74483.45,312613.49,0,0,-0.0,0.0,92852918-5b09-4f2d-9bf1-2fbf45ad2916,C899143659,TRANSFER,USD,False,2026-10-01T16:00:00+00:00
38,PAYMENT,593.12,C264609469,5883.26,5290.14,M427410286,0.0,0.0,0,0,0.0,593.12,2c7d66c4-8867-40f2-bb16-26b5534202ab,C264609469,PAYMENT,USD,False,2026-10-02T14:00:00+00:00
71,PAYMENT,2011.14,C126624066,10083.36,8072.22,M336614898,0.0,0.0,0,0,0.0,2011.14,51cf24b7-c69c-4d70-91cd-3f3f3688a994,C126624066,PAYMENT,USD,False,2026-10-03T23:00:00+00:00
5,PAYMENT,3936.13,C618257139,20525.97,16589.84,M335250877,0.0,0.0,0,0,0.0,3936.13,8862f685-e5bf-4c02-bd68-27a022fd7ccf,C618257139,PAYMENT,USD,False,2026-10-01T05:00:00+00:00
34,PAYMENT,2945.7,C650069517,27679.51,24733.81,M607138389,0.0,0.0,0,0,-0.0,2945.7,6658f36e-e01e-4760-aeb8-e538c23366e9,C650069517,PAYMENT,USD,False,2026-10-02T10:00:00+00:00
38,TRANSFER,49355.02,C478755735,152896.86,103541.84,C759576839,8352.81,57707.83,0,0,0.0,-0.0,98e40569-7a22-4e91-8d78-f460ee5d2d52,C478755735,TRANSFER,USD,False,2026-10-02T14:00:00+00:00
71,PAYMENT,1260.45,C898509546,11116.73,9856.28,M766323040,0.0,0.0,0,0,-0.0,1260.45,8607df0b-cdbe-411d-b5e9-a02741d580ca,C898509546,PAYMENT,USD,False,2026-10-03T23:00:00+00:00
12,PAYMENT,3558.35,C418079033,21444.88,17886.53,M479041274,0.0,0.0,0,0,0.0,3558.35,a8a6a965-b99b-41a1-a527-5a9d51a1ca73,C418079033,PAYMENT,USD,False,2026-10-01T12:00:00+00:00
84,CASH_OUT,92974.22,C329777179,121173.05,28198.83,C437234196,43035.17,136009.39,0,0,0.0,0.0,c437c2d3-55b2-4fc4-9bf6-995cb174e693,C329777179,CASH_OUT,USD,False,2026-10-04T12:00:00+00:00
80,PAYMENT,2920.44,C805849060,11235.89,8315.45,M661333669,0.0,0.0,0,0,-0.0,2920.44,efab5eb9-defe-497d-b0ce-b82d8b86b2cf,C805849060,PAYMENT,USD,False,2026-10-04T08:00:00+00:00
78,CASH_OUT,114059.23,C658806232,257502.6,143443.37,C727052650,28484.65,142543.88,0,0,0.0,0.0,7c5d4c47-f302-4eeb-9144-131ea4f45f90,C658806232,CASH_OUT,USD,False,2026-10-04T06:00:00+00:00
35,CASH_OUT,67412.2,C390360213,135386.57,67974.37,C141953985,5863.42,73275.62,0,0,0.0,0.0,0f358736-8de6-427f-9622-661815044084,C390360213,CASH_OUT,USD,False,2026-10-02T11:00:00+00:00
44,CASH_IN,48228.54,C553081060,17335.87,65564.41,C955345361,78973.17,30744.63,0,0,-96457.08,96457.08,eece0f6f-cc28-4a0d-b81c-4146f6fd0b99,C553081060,CASH_IN,USD,False,2026-10-02T20:00:00+00:00
31,CASH_OUT,79616.12,C619941291,219404.46,139788.34,C293342602,42034.59,121650.71,0,0,0.0,-0.0,2f3c6802-1b49-4600-b39b-465d646fd67b,C619941291,CASH_OUT,USD,False,2026-10-02T07:00:00+00:00
59,CASH_OUT,5687.71,C661315067,14937.75,9250.04,C528093064,31405.92,37093.63,0,0,0.0,0.0,e98b31ac-4529-44ab-a8a9-e19b31ed3069,C661315067,CASH_OUT,USD,False,2026-10-03T11:00:00+00:00
35,CASH_IN,8126.53,C197136989,1150.64,9277.17,C722542127,78227.5,70100.97,0,0,-16253.06,16253.06,f4884a8f-6995-41ed-97ef-8164c16ef726,C197136989,CASH_IN,USD,False,2026-10-02T11:00:00+00:00
80,PAYMENT,3674.26,C616197305,14636.91,10962.65,M974726647,0.0,0.0,0,0,0.0,3674.26,b6dd0f96-278a-441b-b844-d634698629fe,C616197305,PAYMENT,USD,False,2026-10-04T08:00:00+00:00
66,PAYMENT,1002.57,C101581303,7992.89,6990.32,M581861290,0.0,0.0,0,0,0.0,1002.57,ca5d4596-caf8-4cdd-8892-476b9cac3bd6,C101581303,PAYMENT,USD,False,2026-10-03T18:00:00+00:00
1,TRANSFER,3638.33,C668139316,7837.91,4199.58,C450962891,2212.28,5850.61,0,0,0.0,0.0,ef5ab096-5467-4629-bd38-39ae622b6071,C668139316,TRANSFER,USD,False,2026-10-01T01:00:00+00:00
12,PAYMENT,2576.2,C890100698,4086.19,1509.99,M805845675,0.0,0.0,0,0,0.0,2576.2,ecd876d7-ab2d-4d18-9dd6-060aa78a503e,C890100698,PAYMENT,USD,False,2026-10-01T12:00:00+00:00
1,PAYMENT,4687.78,C862023079,11172.53,6484.75,M142885885,0.0,0.0,0,0,0.0,4687.78,4f2f7864-3409-4e46-992c-03ebe4b469a9,C862023079,PAYMENT,USD,False,2026-10-01T01:00:00+00:00
79,PAYMENT,648.84,C639051860,5965.68,5316.84,M759688210,0.0,0.0,0,0,0.0,648.84,2bd82a3f-83e8-449b-90d1-ed7dfeaf1716,C639051860,PAYMENT,USD,False,2026-10-04T07:00:00+00:00
41,CASH_OUT,69928.4,C583156434,118111.13,48182.73,C655511084,43898.01,113826.41,0,0,0.0,0.0,8d611652-580b-48d3-8838-80b796a1c1ba,C583156434,CASH_OUT,USD,False,2026-10-02T17:00:00+00:00
99,CASH_IN,10125.58,C638027221,6650.36,16775.94,C258705317,66207.9,56082.32,0,0,-20251.16,20251.16,19ec4356-1ecb-4450-9258-b0bb811befb6,C638027221,CASH_IN,USD,False,2026-10-05T03:00:00+00:00
11,PAYMENT,2046.19,C683826742,2146.91,100.72,M302959775,0.0,0.0,0,0,-0.0,2046.19,e63e4c76-b272-4f56-94f0-769bfc6ca87f,C683826742,PAYMENT,USD,False,2026-10-01T11:00:00+00:00
73,CASH_IN,31572.18,C859680301,11483.38,43055.56,C389433828,32189.65,617.47,0,0,-63144.36,63144.36,2139159b-4f81-4d45-b8cc-9458d3e13eec,C859680301,CASH_IN,USD,False,2026-10-04T01:00:00+00:00
52,PAYMENT,2859.19,C293154584,20512.14,17652.95,M718360105,0.0,0.0,0,0,0.0,2859.19,0712cc7e-2e20-4dec-b39e-cd555fb1e141,C293154584,PAYMENT,USD,False,2026-10-03T04:00:00+00:00
71,CASH_OUT,59839.2,C191352864,152449.35,92610.15,C566531276,6518.76,66357.96,0,0,0.0,-0.0,c5f57ecb-76f6-4000-a69e-a5b807c6df74,C191352864,CASH_OUT,USD,False,2026-10-03T23:00:00+00:00
91,CASH_IN,12279.01,C716416868,6227.55,18506.56,C176496452,89332.07,77053.06,0,0,-24558.02,24558.02,b8bb6a18-137d-4b2d-a84b-d467c2d539a4,C716416868,CASH_IN,USD,False,2026-10-04T19:00:00+00:00
41,PAYMENT,413.77,C991674621,1484.29,1070.52,M247295778,0.0,0.0,0,0,0.0,413.77,46f6fb09-a965-4386-b7a1-61dc408d8bd3,C991674621,PAYMENT,USD,False,2026-10-02T17:00:00+00:00
69,CASH_OUT,74275.5,C533755155,116803.19,42527.69,C598123804,46227.52,120503.02,0,0,0.0,-0.0,382508a0-6d0e-476c-aabe-ee940c0b378a,C533755155,CASH_OUT,USD,False,2026-10-03T21:00:00+00:00
37,PAYMENT,2497.14,C108949508,5803.8,3306.66,M836078695,0.0,0.0,0,0,0.0,2497.14,4dd2e966-5f32-4d49-83de-2f439ad30836,C108949508,PAYMENT,USD,False,2026-10-02T13:00:00+00:00
98,CASH_OUT,11351.01,C316958854,15740.06,4389.05,C817597823,30594.49,41945.5,0,0,-0.0,0.0,6e5f2c49-58fc-478a-99ce-ec3de3f3f612,C316958854,CASH_OUT,USD,False,2026-10-05T02:00:00+00:00
70,CASH_OUT,10094.97,C505082191,17938.91,7843.94,C152045272,21018.93,31113.9,0,0,0.0,0.0,5ef22793-c0ad-4b5c-84e4-f60d6017c24a,C505082191,CASH_OUT,USD,False,2026-10-03T22:00:00+00:00
72,CASH_OUT,113311.04,C709795510,158467.2,45156.16,C247024288,41614.19,154925.23,0,0,0.0,-0.0,3903cab8-36af-436f-be00-e0d82487309d,C709795510,CASH_OUT,USD,False,2026-10-04T00:00:00+00:00
4,PAYMENT,1879.08,C171105799,12230.2,10351.12,M160114780,0.0,0.0,0,0,0.0,1879.08,c7cfa160-6182-4209-9f16-d906912bd366,C171105799,PAYMENT,USD,False,2026-10-01T04:00:00+00:00
10,TRANSFER,269775.39,C383141489,269775.39,0.0,C814371740,624.34,270399.73,1,0,0.0,0.0,5ee7e1cf-01cb-429e-9c2d-11ba15b418ec,C383141489,TRANSFER,USD,False,2026-10-01T10:00:00+00:00
13,CASH_IN,34558.66,C207435042,6719.35,41278.01,C321092375,50774.08,16215.42,0,0,-69117.32,69117.32,6e595c06-0599-407d-ae89-1fd278110e64,C207435042,CASH_IN,USD,False,2026-10-01T13:00:00+00:00
44,TRANSFER,56445.44,C826321952,177289.85,120844.41,C836840867,74453.41,130898.85,0,0,0.0,0.0,f9970d15-23c2-4b70-9158-cbd050135ac3,C826321952,TRANSFER,USD,False,2026-10-02T20:00:00+00:00
68,PAYMENT,405.16,C645276696,655.02,249.86,M299528037,0.0,0.0,0,0,-0.0,405.16,a9b10d1e-a730-46f6-9d6f-f0618f2b1294,C645276696,PAYMENT,USD,False,2026-10-03T20:00:00+00:00
74,CASH_OUT,54558.98,C102980741,69602.84,15043.86,C114613019,19218.37,73777.35,0,0,-0.0,0.0,69de3b57-2b11-4fea-b70b-077a8d5674d9,C102980741,CASH_OUT,USD,False,2026-10-04T02:00:00+00:00
17,PAYMENT,3902.79,C920760420,21530.63,17627.84,M529363615,0.0,0.0,0,0,0.0,3902.79,0c3233cd-d7d8-44f0-8306-6a5556137a10,C920760420,PAYMENT,USD,False,2026-10-01T17:00:00+00:00
31,TRANSFER,233592.33,C927479704,339803.95,106211.62,C971779315,76939.46,310531.79,0,0,0.0,0.0,24ed28da-f252-43cf-ae35-23a5e8ea4051,C927479704,TRANSFER,USD,False,2026-10-02T07:00:00+00:00
10,PAYMENT,876.7,C513784436,1329.07,452.37,M809849060,0.0,0.0,0,0,-0.0,876.7,5642fec4-fc13-4c5d-aa58-ca840bd89bd5,C513784436,PAYMENT,USD,False,2026-10-01T10:00:00+00:00
55,TRANSFER,5901.41,C974459132,9759.68,3858.27,C563863347,10777.0,16678.41,0,0,0.0,0.0,b07ff7fb-ac89-4b22-985a-43519e779a4f,C974459132,TRANSFER,USD,False,2026-10-03T07:00:00+00:00
90,CASH_OUT,14074.08,C454291430,21205.98,7131.9,C521079032,40457.57,54531.65,0,0,0.0,0.0,5a7c07c8-78d1-456e-acaf-c5fb212c7d22,C454291430,CASH_OUT,USD,False,2026-10-04T18:00:00+00:00
41,PAYMENT,4566.46,C952923229,42315.17,37748.71,M427008211,0.0,0.0,0,0,0.0,4566.46,65bdf0cc-73c2-4d9f-bee6-e403ef2506bd,C952923229,PAYMENT,USD,False,2026-10-02T17:00:00+00:00
63,TRANSFER,105565.49,C452465217,109602.81,4037.32,C946065080,922.04,106487.53,0,0,-0.0,0.0,8458fe94-2304-417f-94df-be9d72e22194,C452465217,TRANSFER,USD,False,2026-10-03T15:00:00+00:00
94,PAYMENT,1049.31,C988282415,3835.23,2785.92,M242408411,0.0,0.0,0,0,0.0,1049.31,cc4b31f0-5b4d-4aa2-a467-b60cc83308c8,C988282415,PAYMENT,USD,False,2026-10-04T22:00:00+00:00
12,TRANSFER,245145.14,C109103960,452833.71,207688.57,C907109642,31850.91,276996.05,0,0,0.0,0.0,2e26b73f-5bce-4dc3-b8ed-1fff7af49160,C109103960,TRANSFER,USD,False,2026-10-01T12:00:00+00:00
80,CASH_IN,10339.88,C179530865,19179.63,29519.51,C807597897,42252.36,31912.48,0,0,-20679.76,20679.76,47181fec-4bb6-4a07-86a2-92f461fdc68f,C179530865,CASH_IN,USD,False,2026-10-04T08:00:00+00:00
42,CASH_OUT,19740.52,C382024304,58419.23,38678.71,C325292708,48208.62,67949.14,0,0,0.0,0.0,a3042458-703a-46b8-93da-96797e334e72,C382024304,CASH_OUT,USD,False,2026-10-02T18:00:00+00:00
16,CASH_IN,48863.64,C449085932,13190.4,62054.04,C506652481,68351.14,19487.5,0,0,-97727.28,97727.28,bdba4ebc-16ab-404f-bced-4d854fb37d0f,C449085932,CASH_IN,USD,False,2026-10-01T16:00:00+00:00
83,TRANSFER,210847.37,C230366157,275837.03,64989.66,C763547759,17921.15,228768.52,0,0,0.0,0.0,0a28e37e-2e42-4e85-8052-2bd3bf746934,C230366157,TRANSFER,USD,False,2026-10-04T11:00:00+00:00
37,CASH_IN,4639.18,C184676105,17123.18,21762.36,C830949166,15380.68,10741.5,0,0,-9278.36,9278.36,c5579ad7-f7a7-47ce-8416-c17307dd20be,C184676105,CASH_IN,USD,False,2026-10-02T13:00:00+00:00
89,PAYMENT,2999.92,C873764645,9624.09,6624.17,M710261100,0.0,0.0,0,0,0.0,2999.92,cb81f176-db73-4070-af7d-dd73c7533756,C873764645,PAYMENT,USD,False,2026-10-04T17:00:00+00:00
55,TRANSFER,246724.43,C611232011,916731.34,670006.91,C851082116,58742.22,305466.65,0,0,-0.0,0.0,eda1f595-ae8b-4cd1-9591-49f1bd40d72b,C611232011,TRANSFER,USD,False,2026-10-03T07:00:00+00:00
33,CASH_OUT,105016.86,C184996530,197350.92,92334.06,C975263361,18360.84,123377.7,0,0,0.0,0.0,0d7de27f-9fb2-47a0-b755-c0378781b7fa,C184996530,CASH_OUT,USD,False,2026-10-02T09:00:00+00:00
10,PAYMENT,3559.77,C197218961,16523.5,12963.73,M812095032,0.0,0.0,0,0,0.0,3559.77,4d932a20-d853-416b-acbf-44cd722da68c,C197218961,PAYMENT,USD,False,2026-10-01T10:00:00+00:00
39,TRANSFER,217592.67,C931696431,250809.74,33217.07,C542508175,17374.25,234966.92,0,0,-0.0,0.0,bafd6d6d-f3f2-48e2-b7e6-01ae832b8f25,C931696431,TRANSFER,USD,False,2026-10-02T15:00:00+00:00
99,CASH_OUT,115819.6,C718105609,255909.25,140089.65,C735837671,48332.94,164152.54,0,0,0.0,0.0,5b2a80af-953a-423c-a468-b86965f70be5,C718105609,CASH_OUT,USD,False,2026-10-05T03:00:00+00:00
4,CASH_OUT,76810.53,C656192815,110039.77,33229.24,C263580290,18244.53,95055.06,0,0,0.0,0.0,8264d4fd-ad90-4283-8ed9-cc399903e866,C656192815,CASH_OUT,USD,False,2026-10-01T04:00:00+00:00
87,CASH_OUT,22696.67,C637371044,44611.26,21914.59,C126373949,14771.61,37468.28,0,0,0.0,0.0,2784b49d-8752-415d-96cb-b2b147f96d4c,C637371044,CASH_OUT,USD,False,2026-10-04T15:00:00+00:00
65,CASH_OUT,160714.13,C870578265,160714.13,0.0,C876073121,4591.24,165305.37,1,0,0.0,0.0,35423095-f8d8-4397-8912-f97fe4c008ee,C870578265,CASH_OUT,USD,False,2026-10-03T17:00:00+00:00
51,PAYMENT,2995.93,C250941039,6677.51,3681.58,M197006089,0.0,0.0,0,0,0.0,2995.93,efbced00-8de4-43c6-8db9-feee50a9d341,C250941039,PAYMENT,USD,False,2026-10-03T03:00:00+00:00
42,CASH_IN,17955.24,C415001254,2911.4,20866.64,C562446417,53585.47,35630.23,0,0,-35910.48,35910.48,79e15b3d-4022-455b-a8b3-8aa7c6885b23,C415001254,CASH_IN,USD,False,2026-10-02T18:00:00+00:00
47,CASH_OUT,50581.29,C637387937,61088.28,10506.99,C373334269,17130.44,67711.73,0,0,-0.0,0.0,cbcae0d7-623f-4221-87df-23f0c8f3deb7,C637387937,CASH_OUT,USD,False,2026-10-02T23:00:00+00:00
100,TRANSFER,121088.65,C196452534,470192.17,349103.52,C356508624,13316.7,134405.35,0,0,0.0,0.0,71c124e4-0cce-4ea7-bd1e-bba1c947d66d,C196452534,TRANSFER,USD,False,2026-10-05T04:00:00+00:00
82,CASH_IN,7845.31,C589287766,2665.38,10510.69,C534014323,65687.6,57842.29,0,0,-15690.62,15690.62,c2e0cae1-b1e6-466f-af88-6d4dc2f33958,C589287766,CASH_IN,USD,False,2026-10-04T10:00:00+00:00
21,CASH_IN,25705.33,C182594982,8089.79,33795.12,C200978263,55629.33,29924.0,0,0,-51410.66,51410.66,d4a6f5af-88f9-4dec-9536-8eaa7f7d6d87,C182594982,CASH_IN,USD,False,2026-10-01T21:00:00+00:00
48,CASH_OUT,24710.46,C990171357,32235.08,7524.62,C328468998,367.5,25077.96,0,0,0.0,0.0,9588694d-05e0-4aa8-8ed6-ea3a3998d0be,C990171357,CASH_OUT,USD,False,2026-10-03T00:00:00+00:00
82,PAYMENT,1275.82,C402394369,4809.78,3533.96,M172838419,0.0,0.0,0,0,0.0,1275.82,6b99e8b9-9fa9-4eec-8d2d-3c540356c06a,C402394369,PAYMENT,USD,False,2026-10-04T10:00:00+00:00
35,CASH_IN,43325.32,C991536817,10923.64,54248.96,C308915593,90250.27,46924.95,0,0,-86650.64,86650.64,7549e5eb-6ffb-4e8d-a5de-f8627e800a85,C991536817,CASH_IN,USD,False,2026-10-02T11:00:00+00:00
94,TRANSFER,87387.76,C904531425,111631.32,24243.56,C125801967,15907.16,103294.92,0,0,0.0,0.0,13e3498a-17d6-46f3-b7bc-974d552963d9,C904531425,TRANSFER,USD,False,2026-10-04T22:00:00+00:00
62,PAYMENT,3011.7,C956727731,8036.33,5024.63,M927308670,0.0,0.0,0,0,0.0,3011.7,76806252-5da2-48d0-b694-1ad2e2ea9a99,C956727731,PAYMENT,USD,False,2026-10-03T14:00:00+00:00
39,CASH_OUT,37607.64,C723160986,59669.59,22061.95,C150421098,18816.78,56424.42,0,0,-0.0,0.0,7c806ce3-0f7b-45ae-8ada-f0bf4f03b288,C723160986,CASH_OUT,USD,False,2026-10-02T15:00:00+00:00
31,CASH_OUT,86987.67,C567285228,234795.3,147807.63,C743940505,22308.26,109295.93,0,0,0.0,0.0,9e900b31-89ee-4cec-a2c4-e10ded4cdf6d,C567285228,CASH_OUT,USD,False,2026-10-02T07:00:00+00:00
84,PAYMENT,426.84,C852922731,3539.15,3112.31,M791040857,0.0,0.0,0,0,0.0,426.84,bc3e96d4-343a-44ef-9281-308dab45b9d0,C852922731,PAYMENT,USD,False,2026-10-04T12:00:00+00:00
49,CASH_OUT,62736.66,C876549150,71316.29,8579.63,C500048549,28059.34,90796.0,0,0,-0.0,0.0,d46ce0bc-ad1f-422b-bfd6-fbf76a4d800a,C876549150,CASH_OUT,USD,False,2026-10-03T01:00:00+00:00
28,CASH_IN,21193.38,C860695792,5124.51,26317.89,C741234259,10432.66,0.0,0,0,-42386.76,31626.04,eb45c7d1-2da4-447c-a51d-64a66369b18e,C860695792,CASH_IN,USD,False,2026-10-02T04:00:00+00:00
76,CASH_OUT,18843.9,C981422844,45372.3,26528.4,C827116086,20938.65,39782.55,0,0,0.0,0.0,6048bba3-1f3b-49d2-87d9-49184cca6fc7,C981422844,CASH_OUT,USD,False,2026-10-04T04:00:00+00:00
97,CASH_IN,22600.98,C802601350,1870.48,24471.46,C272064671,21215.19,0.0,0,0,-45201.96,43816.17,539ce6a5-d1b9-4162-b09b-ad234f6ed3cc,C802601350,CASH_IN,USD,False,2026-10-05T01:00:00+00:00
34,CASH_IN,42384.33,C464876250,3570.83,45955.16,C364102119,3127.71,0.0,0,0,-84768.66,45512.04,1f2fc420-6594-4281-b6ed-b38d2d65df90,C464876250,CASH_IN,USD,False,2026-10-02T10:00:00+00:00
52,TRANSFER,209009.23,C391878557,742403.86,533394.63,C840777094,63991.93,273001.16,0,0,0.0,0.0,0a1dd951-c3f9-441e-bb17-cac926148fed,C391878557,TRANSFER,USD,False,2026-10-03T04:00:00+00:00
8,CASH_OUT,62635.41,C251085001,112840.96,50205.55,C512522033,370.45,63005.86,0,0,0.0,0.0,5b9b6dd2-33f0-40a2-ba46-a6b25e29cf10,C251085001,CASH_OUT,USD,False,2026-10-01T08:00:00+00:00
33,CASH_OUT,133500.23,C597536841,292589.18,159088.95,C846146468,54.87,133555.1,0,0,-0.0,0.0,06d1d490-f66c-4905-b97c-1681a3fb0dd0,C597536841,CASH_OUT,USD,False,2026-10-02T09:00:00+00:00
47,CASH_OUT,124587.85,C392624015,352346.64,227758.79,C375919523,47209.39,171797.24,0,0,0.0,0.0,34fa9534-3960-4931-9da1-cfeff276f468,C392624015,CASH_OUT,USD,False,2026-10-02T23:00:00+00:00
28,PAYMENT,1199.12,C417602552,1371.04,171.92,M197420069,0.0,0.0,0,0,0.0,1199.12,3d3dc0fc-f91b-4156-b3b9-49df53c8807b,C417602552,PAYMENT,USD,False,2026-10-02T04:00:00+00:00
21,CASH_OUT,93450.13,C176365212,186177.03,92726.9,C800110782,6797.76,100247.89,0,0,0.0,0.0,5a8cc6ec-2532-4304-8266-459935c16059,C176365212,CASH_OUT,USD,False,2026-10-01T21:00:00+00:00
42,CASH_OUT,139864.04,C930712117,375713.97,235849.93,C761004783,15057.74,154921.78,0,0,-0.0,0.0,67d543eb-d705-4817-8814-f6d43494b992,C930712117,CASH_OUT,USD,False,2026-10-02T18:00:00+00:00
37,CASH_OUT,143087.74,C669828484,229008.08,85920.34,C628316550,40051.33,183139.07,0,0,0.0,0.0,7054027c-16a3-4e34-a2ff-2d6504ac704e,C669828484,CASH_OUT,USD,False,2026-10-02T13:00:00+00:00
17,CASH_OUT,19494.84,C591465381,39503.78,20008.94,C856477620,26457.06,45951.9,0,0,0.0,0.0,d5bef776-48bb-401d-9f2f-ee07dc58897b,C591465381,CASH_OUT,USD,False,2026-10-01T17:00:00+00:00
34,CASH_OUT,68259.43,C327268503,172181.64,103922.21,C462388455,18956.31,87215.74,0,0,0.0,-0.0,59314591-9768-4325-a3d7-76ff0ac2e61e,C327268503,CASH_OUT,USD,False,2026-10-02T10:00:00+00:00
70,PAYMENT,3677.42,C857261987,33386.42,29709.0,M483281071,0.0,0.0,0,0,0.0,3677.42,8ac08dac-0298-4c00-b7b9-56182fe1c156,C857261987,PAYMENT,USD,False,2026-10-03T22:00:00+00:00
88,CASH_OUT,93624.72,C376358226,168011.61,74386.89,C295055231,31733.04,125357.76,0,0,-0.0,0.0,8043d89f-ea6e-443a-8936-deba6a481b09,C376358226,CASH_OUT,USD,False,2026-10-04T16:00:00+00:00
89,CASH_OUT,45054.62,C105224364,47141.52,2086.9,C468826759,9249.57,54304.19,0,0,-0.0,0.0,b414471b-091b-46b0-930d-27c60aed039b,C105224364,CASH_OUT,USD,False,2026-10-04T17:00:00+00:00
83,CASH_OUT,107818.93,C511530564,207047.84,99228.91,C708980151,31021.09,138840.02,0,0,0.0,0.0,5c8d931d-db2f-4592-a16d-01a423d34d34,C511530564,CASH_OUT,USD,False,2026-10-04T11:00:00+00:00
91,CASH_IN,15521.48,C772366837,14732.67,30254.15,C801514571,27988.88,12467.4,0,0,-31042.96,31042.96,58c159ef-31a5-42e6-bcbf-0bcc4eb55676,C772366837,CASH_IN,USD,False,2026-10-04T19:00:00+00:00
13,CASH_OUT,587359.3,C526847550,587359.3,0.0,C902475071,754.58,588113.88,1,0,0.0,0.0,7f86a86f-196b-48f8-89c0-017783b6bd93,C526847550,CASH_OUT,USD,False,2026-10-01T13:00:00+00:00
4,CASH_OUT,26003.8,C558127005,73242.52,47238.72,C330549659,13749.09,39752.89,0,0,0.0,0.0,eb25ceb6-0eb4-4b10-b120-574337a3db50,C558127005,CASH_OUT,USD,False,2026-10-01T04:00:00+00:00
98,TRANSFER,320066.64,C802057639,320066.64,0.0,C615902341,4537.27,324603.91,1,0,0.0,0.0,08b93061-6b13-4e77-a933-65065cdb0d01,C802057639,TRANSFER,USD,False,2026-10-05T02:00:00+00:00
22,TRANSFER,116928.06,C945634034,445374.36,328446.3,C991731789,24216.31,141144.37,0,0,0.0,0.0,bbbfc156-2787-48c4-a4ba-203009bebb7a,C945634034,TRANSFER,USD,False,2026-10-01T22:00:00+00:00
22,PAYMENT,2890.89,C961323023,12455.32,9564.43,M860378644,0.0,0.0,0,0,0.0,2890.89,2c326537-0281-4014-9ad3-699041e5a8ea,C961323023,PAYMENT,USD,False,2026-10-01T22:00:00+00:00
13,CASH_OUT,125234.37,C956024190,161465.53,36231.16,C692088966,4595.1,129829.47,0,0,0.0,0.0,4181ba56-1fe7-4f5a-a89b-255888f9134c,C956024190,CASH_OUT,USD,False,2026-10-01T13:00:00+00:00
11,TRANSFER,162306.28,C755401159,531922.49,369616.21,C101646890,51416.03,213722.31,0,0,-0.0,0.0,c928202e-cea2-4015-8478-f92138619448,C755401159,TRANSFER,USD,False,2026-10-01T11:00:00+00:00
70,CASH_OUT,1099.1,C309522106,2906.9,1807.8,C993894892,18477.03,19576.13,0,0,0.0,-0.0,51bbd44a-9b2c-4d46-af06-2e42719ee0a2,C309522106,CASH_OUT,USD,False,2026-10-03T22:00:00+00:00
48,CASH_OUT,45382.85,C526355917,61877.14,16494.29,C579623601,42672.43,88055.28,0,0,0.0,0.0,530663a3-b3f7-437c-a52a-f663891bc6cf,C526355917,CASH_OUT,USD,False,2026-10-03T00:00:00+00:00
10,PAYMENT,992.76,C169226321,4954.75,3961.99,M793623149,0.0,0.0,0,0,0.0,992.76,939f46b1-30f9-41d3-aba7-2575c2022bcd,C169226321,PAYMENT,USD,False,2026-10-01T10:00:00+00:00
48,CASH_OUT,106739.01,C210154881,288444.25,181705.24,C653953485,14253.15,120992.16,0,0,0.0,-0.0,1e7141f0-9a01-4fb7-9ab4-356d31736e5a,C210154881,CASH_OUT,USD,False,2026-10-03T00:00:00+00:00
20,PAYMENT,898.44,C255270986,1313.33,414.89,M864555170,0.0,0.0,0,0,-0.0,898.44,1bff619e-1da9-4f40-b46d-4c2c29b71a21,C255270986,PAYMENT,USD,False,2026-10-01T20:00:00+00:00
54,PAYMENT,4152.11,C897416495,38493.26,34341.15,M749476211,0.0,0.0,0,0,0.0,4152.11,3f84b657-ac2f-457a-99b8-c6bcc07cd77f,C897416495,PAYMENT,USD,False,2026-10-03T06:00:00+00:00
97,CASH_OUT,106673.19,C548706636,234100.09,127426.9,C292546728,11570.75,118243.94,0,0,0.0,0.0,37370901-1b02-4579-90a0-7fe1019ab53c,C548706636,CASH_OUT,USD,False,2026-10-05T01:00:00+00:00
11,CASH_OUT,3454.82,C734380277,4352.99,898.17,C345029226,43000.55,46455.37,0,0,-0.0,0.0,bd6deb78-effe-4d51-aab7-bb724a5b6ca4,C734380277,CASH_OUT,USD,False,2026-10-01T11:00:00+00:00
98,PAYMENT,2206.45,C538937500,4374.86,2168.41,M770467435,0.0,0.0,0,0,0.0,2206.45,4afb93e1-ea56-4d32-a17f-5a8bfd7cff11,C538937500,PAYMENT,USD,False,2026-10-05T02:00:00+00:00
72,TRANSFER,201285.14,C803460415,201285.14,0.0,C920104159,4268.47,205553.61,1,0,0.0,0.0,1c33518b-0dd8-49f0-ac42-b6383629df26,C803460415,TRANSFER,USD,False,2026-10-04T00:00:00+00:00
67,PAYMENT,4299.24,C450868832,19432.34,15133.1,M541158894,0.0,0.0,0,0,0.0,4299.24,cd6fb28f-b7ea-4e29-bae7-244b3e506d3d,C450868832,PAYMENT,USD,False,2026-10-03T19:00:00+00:00
34,CASH_OUT,89702.63,C938466759,222238.18,132535.55,C902308936,12230.26,101932.89,0,0,0.0,0.0,c808db5b-1815-40e3-99bf-dff970b5701f,C938466759,CASH_OUT,USD,False,2026-10-02T10:00:00+00:00
77,CASH_OUT,88239.36,C265699765,194691.76,106452.4,C891602149,47567.46,135806.82,0,0,0.0,0.0,1b12de01-78db-48be-9279-1205f4710ae2,C265699765,CASH_OUT,USD,False,2026-10-04T05:00:00+00:00
86,PAYMENT,2299.12,C855167444,17762.04,15462.92,M712441715,0.0,0.0,0,0,0.0,2299.12,26aff05b-bdd9-4fe8-ab58-355a9f425468,C855167444,PAYMENT,USD,False,2026-10-04T14:00:00+00:00
12,CASH_OUT,57733.92,C644459924,121739.63,64005.71,C723123952,39590.89,97324.81,0,0,0.0,0.0,076fd415-f310-4145-9090-7f04afd91ff6,C644459924,CASH_OUT,USD,False,2026-10-01T12:00:00+00:00
31,CASH_OUT,128416.35,C350785761,139626.4,11210.05,C541066404,37235.26,165651.61,0,0,-0.0,0.0,396f30de-bde2-4a7b-895e-b97ccb44c9f4,C350785761,CASH_OUT,USD,False,2026-10-02T07:00:00+00:00
70,PAYMENT,3627.36,C324150872,21704.46,18077.1,M554597289,0.0,0.0,0,0,0.0,3627.36,55a28f66-c84f-4a73-ba41-ac8a4350bd18,C324150872,PAYMENT,USD,False,2026-10-03T22:00:00+00:00
24,PAYMENT,4835.37,C839683759,30553.62,25718.25,M819118723,0.0,0.0,0,0,0.0,4835.37,138448c3-ae44-4a44-bfe0-6b28847176c5,C839683759,PAYMENT,USD,False,2026-10-02T00:00:00+00:00
23,CASH_OUT,50837.46,C435243089,66095.1,15257.64,C185134853,1060.11,51897.57,0,0,0.0,0.0,b5b66f6c-96c5-434e-9fe2-16270ee8c832,C435243089,CASH_OUT,USD,False,2026-10-01T23:00:00+00:00
21,TRANSFER,100313.56,C290725138,260614.34,160300.78,C103583486,26724.39,127037.95,0,0,0.0,0.0,b53327d4-7bbd-4627-83d5-0c6ab121165f,C290725138,TRANSFER,USD,False,2026-10-01T21:00:00+00:00
11,PAYMENT,2759.48,C755335262,13697.94,10938.46,M168766169,0.0,0.0,0,0,0.0,2759.48,4289d77a-1a97-4009-9f4f-daa7d99f707a,C755335262,PAYMENT,USD,False,2026-10-01T11:00:00+00:00
17,TRANSFER,28234.89,C896606119,32583.81,4348.92,C736015682,11476.74,39711.63,0,0,0.0,0.0,7058c13b-233c-419a-b45c-bb358e11988f,C896606119,TRANSFER,USD,False,2026-10-01T17:00:00+00:00
71,PAYMENT,3568.85,C446033849,12043.4,8474.55,M631390697,0.0,0.0,0,0,0.0,3568.85,e50c8033-bfb1-4e38-a327-5a586e20ed07,C446033849,PAYMENT,USD,False,2026-10-03T23:00:00+00:00
97,CASH_OUT,28769.11,C976113956,55237.24,26468.13,C216914125,37402.56,66171.67,0,0,-0.0,0.0,43a3efaf-5f8e-4d15-8c43-b65e222489ce,C976113956,CASH_OUT,USD,False,2026-10-05T01:00:00+00:00
46,TRANSFER,176011.49,C130286569,676355.16,500343.67,C477615830,45088.52,221100.01,0,0,0.0,-0.0,58e40d6e-170c-44ce-9ff5-00fe44cc51f6,C130286569,TRANSFER,USD,False,2026-10-02T22:00:00+00:00
34,PAYMENT,4503.4,C200683004,29916.29,25412.89,M453506845,0.0,0.0,0,0,0.0,4503.4,7872029d-cd88-48ed-ad31-a44dee851f96,C200683004,PAYMENT,USD,False,2026-10-02T10:00:00+00:00
98,CASH_IN,14373.77,C469243620,166.34,14540.11,C674558056,92286.75,77912.98,0,0,-28747.54,28747.54,f41380ac-b64c-4df7-847c-c7edd77ebeea,C469243620,CASH_IN,USD,False,2026-10-05T02:00:00+00:00
91,TRANSFER,207496.97,C780287364,669329.02,461832.05,C996437267,46290.51,253787.48,0,0,0.0,0.0,ddd9ae94-1ab1-4f1b-8334-4f213e6e035a,C780287364,TRANSFER,USD,False,2026-10-04T19:00:00+00:00
14,CASH_IN,878.57,C358301976,3740.6,4619.17,C594830511,3830.04,2951.47,0,0,-1757.14,1757.14,5610f9fd-9267-4489-9b18-0026e4067345,C358301976,CASH_IN,USD,False,2026-10-01T14:00:00+00:00
21,PAYMENT,2691.0,C774399203,24882.78,22191.78,M815817439,0.0,0.0,0,0,0.0,2691.0,8fe45392-2a65-42ba-a11f-c462f2561933,C774399203,PAYMENT,USD,False,2026-10-01T21:00:00+00:00
34,TRANSFER,580741.87,C359229220,580741.87,0.0,C393646461,3955.15,584697.02,1,0,0.0,0.0,3946fc5e-d4da-48e0-9b33-8372b6e4d52e,C359229220,TRANSFER,USD,False,2026-10-02T10:00:00+00:00
97,CASH_OUT,5825.22,C211548125,12966.01,7140.79,C130963459,35665.52,41490.74,0,0,0.0,0.0,191cad4b-08a3-4696-a324-9ba1ba2227df,C211548125,CASH_OUT,USD,False,2026-10-05T01:00:00+00:00
56,PAYMENT,501.71,C234471604,3724.65,3222.94,M168180783,0.0,0.0,0,0,0.0,501.71,929ef965-d828-4915-85f4-0c2f8ba99cb2,C234471604,PAYMENT,USD,False,2026-10-03T08:00:00+00:00
73,CASH_OUT,116904.91,C237657276,233005.06,116100.15,C726484197,854.43,117759.34,0,0,0.0,0.0,587c293f-c834-47f2-872e-395daa4a8f39,C237657276,CASH_OUT,USD,False,2026-10-04T01:00:00+00:00
86,PAYMENT,205.83,C863503662,1585.7,1379.87,M368431133,0.0,0.0,0,0,0.0,205.83,4575f9e0-87e4-4e91-b0fe-cccd13bd1d1f,C863503662,PAYMENT,USD,False,2026-10-04T14:00:00+00:00
23,PAYMENT,3557.07,C510417471,22223.77,18666.7,M564696381,0.0,0.0,0,0,0.0,3557.07,008a1e32-e4da-4b1f-8c16-3e494de2add3,C510417471,PAYMENT,USD,False,2026-10-01T23:00:00+00:00
30,PAYMENT,4983.92,C189479909,39922.11,34938.19,M596820037,0.0,0.0,0,0,0.0,4983.92,79ade2dc-3073-434a-bb06-dfb8e86e4675,C189479909,PAYMENT,USD,False,2026-10-02T06:00:00+00:00
23,CASH_IN,47490.35,C201319576,15642.22,63132.57,C285645410,37839.21,0.0,0,0,-94980.7,85329.56,b82eb5de-6c06-4c20-aedf-ca0f04e7e6b8,C201319576,CASH_IN,USD,False,2026-10-01T23:00:00+00:00
64,DEBIT,1427.94,C209321507,7085.62,5657.68,C949608711,4267.28,5695.22,0,0,0.0,-0.0,d2d93f6d-bcc1-4465-b9bc-d712a41d3a97,C209321507,DEBIT,USD,False,2026-10-03T16:00:00+00:00
98,CASH_OUT,136954.68,C681223246,359253.24,222298.56,C185537642,27446.83,164401.51,0,0,0.0,0.0,2da7141c-e7b9-4d63-bb98-3cbfd6dd868e,C681223246,CASH_OUT,USD,False,2026-10-05T02:00:00+00:00
57,CASH_OUT,21972.73,C781881435,37493.31,15520.58,C517912164,43497.55,65470.28,0,0,-0.0,0.0,e2361139-1284-4613-881d-d03a0970ae75,C781881435,CASH_OUT,USD,False,2026-10-03T09:00:00+00:00
88,CASH_OUT,122760.29,C845439994,248595.94,125835.65,C500722831,28763.18,151523.47,0,0,0.0,0.0,471c4753-d008-492c-bdb9-f28c3572aa67,C845439994,CASH_OUT,USD,False,2026-10-04T16:00:00+00:00
91,PAYMENT,4239.75,C753741918,24287.5,20047.75,M378807844,0.0,0.0,0,0,0.0,4239.75,6e4962b4-c11d-47ab-aa06-d24499e2a682,C753741918,PAYMENT,USD,False,2026-10-04T19:00:00+00:00
3,CASH_OUT,117298.85,C694043150,189318.83,72019.98,C591005307,33985.78,151284.63,0,0,-0.0,0.0,dac0549d-586c-4fac-88bc-e28232fb824f,C694043150,CASH_OUT,USD,False,2026-10-01T03:00:00+00:00
35,PAYMENT,576.73,C393815375,3481.51,2904.78,M768882058,0.0,0.0,0,0,0.0,576.73,90967a06-ad29-419d-9f98-54fbb9902c64,C393815375,PAYMENT,USD,False,2026-10-02T11:00:00+00:00
21,CASH_OUT,135367.63,C672353892,372141.84,236774.21,C438663589,13524.11,148891.74,0,0,0.0,0.0,1dba9c42-9295-4b41-8f69-33345afde628,C672353892,CASH_OUT,USD,False,2026-10-01T21:00:00+00:00
13,PAYMENT,3594.41,C268522141,26364.99,22770.58,M728916168,0.0,0.0,0,0,0.0,3594.41,896a5522-f21f-463f-9552-df743cc2481f,C268522141,PAYMENT,USD,False,2026-10-01T13:00:00+00:00
83,CASH_OUT,113817.66,C911324946,137254.12,23436.46,C155625244,32524.57,146342.23,0,0,-0.0,0.0,1e0d78d3-b688-477d-b26a-8263ef0ba960,C911324946,CASH_OUT,USD,False,2026-10-04T11:00:00+00:00
69,CASH_OUT,144841.92,C272538668,247590.57,102748.65,C568993235,34645.07,179486.99,0,0,0.0,0.0,4a40b8e4-9dad-4ad0-bb8c-737b05995fba,C272538668,CASH_OUT,USD,False,2026-10-03T21:00:00+00:00
15,PAYMENT,275.91,C821734711,2177.82,1901.91,M552798452,0.0,0.0,0,0,0.0,275.91,e4fcf757-6a28-4619-899b-7bf62d545673,C821734711,PAYMENT,USD,False,2026-10-01T15:00:00+00:00
82,CASH_OUT,79417.88,C607319842,184314.9,104897.02,C832429575,24264.75,103682.63,0,0,-0.0,0.0,a370edcd-0d72-4b31-acd4-2a8878aed507,C607319842,CASH_OUT,USD,False,2026-10-04T10:00:00+00:00
84,CASH_IN,10383.38,C833572515,18911.91,29295.29,C613500698,86107.01,75723.63,0,0,-20766.76,20766.76,66adfead-dafd-4e5d-892f-751ff4127222,C833572515,CASH_IN,USD,False,2026-10-04T12:00:00+00:00
96,CASH_OUT,76776.1,C283368785,160720.17,83944.07,C851220552,23807.92,100584.02,0,0,0.0,0.0,0eecb16d-8be0-4568-8a8d-a62489405067,C283368785,CASH_OUT,USD,False,2026-10-05T00:00:00+00:00
57,CASH_IN,26179.9,C741720343,3444.14,29624.04,C467268165,31163.74,4983.84,0,0,-52359.8,52359.8,383be0f9-3957-42b4-bb1d-5f66d0fb3993,C741720343,CASH_IN,USD,False,2026-10-03T09:00:00+00:00
54,PAYMENT,3965.9,C809409274,23227.3,19261.4,M536869717,0.0,0.0,0,0,-0.0,3965.9,4199f613-68fa-42be-aef2-f90c7531d989,C809409274,PAYMENT,USD,False,2026-10-03T06:00:00+00:00
67,CASH_OUT,30857.55,C242503964,59207.52,28349.97,C139247989,35683.87,66541.42,0,0,-0.0,0.0,eecfb04c-ba0b-4048-91da-cbe49705aaf0,C242503964,CASH_OUT,USD,False,2026-10-03T19:00:00+00:00
47,TRANSFER,143191.61,C728022146,527226.37,384034.76,C580320597,77623.74,220815.35,0,0,0.0,-0.0,44a3c7d3-1067-441c-8688-dd21e664d95c,C728022146,TRANSFER,USD,False,2026-10-02T23:00:00+00:00
53,CASH_IN,24336.07,C767729743,4071.1,28407.17,C184230838,14576.02,0.0,0,0,-48672.14,38912.09,0fa576fd-e12a-4f9f-bf90-ab30b6b1bc83,C767729743,CASH_IN,USD,False,2026-10-03T05:00:00+00:00
2,PAYMENT,2304.44,C502148053,21867.14,19562.7,M877686250,0.0,0.0,0,0,0.0,2304.44,9c12f852-7143-4f3d-b12a-46b5f99e2789,C502148053,PAYMENT,USD,False,2026-10-01T02:00:00+00:00
90,DEBIT,921.42,C925818648,4134.65,3213.23,C104022109,4565.67,5487.09,0,0,-0.0,0.0,4e9e1404-5aa1-4440-8828-7adef17a4709,C925818648,DEBIT,USD,False,2026-10-04T18:00:00+00:00
71,PAYMENT,4362.8,C666585408,42228.7,37865.9,M554340903,0.0,0.0,0,0,-0.0,4362.8,9366fa33-8868-48d2-ac85-3d34a4c431ba,C666585408,PAYMENT,USD,False,2026-10-03T23:00:00+00:00
15,CASH_OUT,18626.9,C508294370,36299.97,17673.07,C371375678,7656.35,26283.25,0,0,0.0,0.0,6310ef7f-5189-4909-a06f-b8ccb81b63a3,C508294370,CASH_OUT,USD,False,2026-10-01T15:00:00+00:00
14,PAYMENT,2858.87,C175604661,22857.05,19998.18,M369075781,0.0,0.0,0,0,0.0,2858.87,185401b7-906f-4b94-bade-24540a0a9d76,C175604661,PAYMENT,USD,False,2026-10-01T14:00:00+00:00
64,PAYMENT,3083.32,C233755303,11904.55,8821.23,M560546896,0.0,0.0,0,0,0.0,3083.32,1afaf60d-fa86-4aa4-93d2-9ba3c05d90a8,C233755303,PAYMENT,USD,False,2026-10-03T16:00:00+00:00
62,PAYMENT,2006.53,C170161976,12426.82,10420.29,M179545125,0.0,0.0,0,0,-0.0,2006.53,e4cc5f3b-bb1f-4673-9070-9d45b8a5e639,C170161976,PAYMENT,USD,False,2026-10-03T14:00:00+00:00
44,CASH_IN,48145.51,C156495374,8606.17,56751.68,C487949907,19326.04,0.0,0,0,-96291.02,67471.55,74f90466-071d-4da0-bc59-d0e62afcc734,C156495374,CASH_IN,USD,False,2026-10-02T20:00:00+00:00
24,PAYMENT,86.31,C102268385,491.81,405.5,M842669602,0.0,0.0,0,0,0.0,86.31,9385430a-33a8-490a-9fde-83f3b5c4afab,C102268385,PAYMENT,USD,False,2026-10-02T00:00:00+00:00
38,TRANSFER,176727.39,C869068553,412343.03,235615.64,C228785230,34581.28,211308.67,0,0,0.0,0.0,dfd3ecd5-b3e6-4337-b698-f27d13e1dfa8,C869068553,TRANSFER,USD,False,2026-10-02T14:00:00+00:00
7,TRANSFER,74475.86,C530433938,291649.45,217173.59,C660223249,71499.56,145975.42,0,0,0.0,-0.0,d714511b-4ba5-41f8-b8ba-807351414e8e,C530433938,TRANSFER,USD,False,2026-10-01T07:00:00+00:00
77,CASH_OUT,102145.29,C443152572,107345.56,5200.27,C874471936,24868.64,127013.93,0,0,0.0,0.0,71ec8125-d9ac-4f99-ada5-be237152fa45,C443152572,CASH_OUT,USD,False,2026-10-04T05:00:00+00:00
4,CASH_OUT,67118.08,C349232173,142713.61,75595.53,C611966881,32140.93,99259.01,0,0,-0.0,0.0,4a0746e3-b1c4-41e6-8621-79af19ebf0a3,C349232173,CASH_OUT,USD,False,2026-10-01T04:00:00+00:00
55,CASH_OUT,4981.14,C680645164,8903.46,3922.32,C472898686,34316.93,39298.07,0,0,-0.0,0.0,cfb21ffd-0486-432b-8621-6576243a829b,C680645164,CASH_OUT,USD,False,2026-10-03T07:00:00+00:00
100,CASH_OUT,48979.32,C421733001,104578.43,55599.11,C124953585,1610.45,50589.77,0,0,-0.0,0.0,592b949d-eb78-44ae-8fff-983700d4e0c9,C421733001,CASH_OUT,USD,False,2026-10-05T04:00:00+00:00
68,CASH_IN,7147.33,C279327988,1588.02,8735.35,C229114508,73259.06,66111.73,0,0,-14294.66,14294.66,a65f49c9-f213-407a-b0e1-56b20c1b44fb,C279327988,CASH_IN,USD,False,2026-10-03T20:00:00+00:00
73,CASH_OUT,47566.76,C389616289,135330.19,87763.43,C870697234,24411.88,71978.64,0,0,0.0,0.0,abefc812-01cb-4f91-a1e5-154928126ebe,C389616289,CASH_OUT,USD,False,2026-10-04T01:00:00+00:00
74,PAYMENT,1689.88,C508326415,1893.82,203.94,M675685030,0.0,0.0,0,0,-0.0,1689.88,394ee43c-6bf0-4c11-adf3-3e650f38372f,C508326415,PAYMENT,USD,False,2026-10-04T02:00:00+00:00
91,CASH_IN,49311.02,C243190757,13236.02,62547.04,C331073681,31672.7,0.0,0,0,-98622.04,80983.72,3e21e1b7-4402-4a33-a0bb-82f85beee23a,C243190757,CASH_IN,USD,False,2026-10-04T19:00:00+00:00
37,CASH_IN,9294.69,C201192189,12442.37,21737.06,C852125249,74169.98,64875.29,0,0,-18589.38,18589.38,a2be0193-1532-42ad-8a84-4bcc7b292545,C201192189,CASH_IN,USD,False,2026-10-02T13:00:00+00:00
29,CASH_OUT,20608.64,C917187478,44012.63,23403.99,C700663963,14043.7,34652.34,0,0,-0.0,0.0,c5b97ae0-0382-4814-9374-ceb45844f72f,C917187478,CASH_OUT,USD,False,2026-10-02T05:00:00+00:00
23,PAYMENT,4717.06,C626690096,32208.46,27491.4,M293710153,0.0,0.0,0,0,-0.0,4717.06,95df47eb-d5f2-4e33-a60b-d371db4ef4d3,C626690096,PAYMENT,USD,False,2026-10-01T23:00:00+00:00
77,CASH_OUT,133726.37,C289975300,359984.18,226257.81,C858456398,38599.18,172325.55,0,0,0.0,0.0,b33a7f38-cd14-4672-aec6-3112a9b946cf,C289975300,CASH_OUT,USD,False,2026-10-04T05:00:00+00:00
91,CASH_IN,4187.09,C241356185,16916.06,21103.15,C995569858,6548.75,2361.66,0,0,-8374.18,8374.18,11e1254b-e635-4ab4-a42d-94305703c7f4,C241356185,CASH_IN,USD,False,2026-10-04T19:00:00+00:00
23,CASH_IN,5504.9,C966791318,13138.75,18643.65,C976475705,32183.35,26678.45,0,0,-11009.8,11009.8,165f7314-8933-427c-a0ad-2fc82e3ed540,C966791318,CASH_IN,USD,False,2026-10-01T23:00:00+00:00
1,CASH_OUT,85287.42,C538116049,143404.2,58116.78,C177271956,34118.06,119405.48,0,0,0.0,0.0,262f22a5-8e99-4641-b0a2-33dfbe6241b9,C538116049,CASH_OUT,USD,False,2026-10-01T01:00:00+00:00
61,TRANSFER,70661.72,C789742847,200885.98,130224.26,C187276164,61687.79,132349.51,0,0,0.0,0.0,6378240e-1664-47a4-b2eb-a9b66ece61ee,C789742847,TRANSFER,USD,False,2026-10-03T13:00:00+00:00
58,CASH_IN,30724.62,C137204552,4915.7,35640.32,C762474187,30215.41,0.0,0,0,-61449.24,60940.03,ffa2cb68-792e-4d3d-899a-475cfe13a237,C137204552,CASH_IN,USD,False,2026-10-03T10:00:00+00:00
73,CASH_OUT,28452.66,C289967170,49903.42,21450.76,C470175314,49263.34,77716.0,0,0,0.0,0.0,dff27f44-679d-4596-b9eb-df635daf4fdc,C289967170,CASH_OUT,USD,False,2026-10-04T01:00:00+00:00
40,CASH_IN,40290.56,C106926488,13755.49,54046.05,C769654032,12356.18,0.0,0,0,-80581.12,52646.74,a4108452-44a1-4a5b-9a82-518dd721c30e,C106926488,CASH_IN,USD,False,2026-10-02T16:00:00+00:00
95,CASH_IN,2372.65,C537715480,15250.05,17622.7,C504840151,72529.75,70157.1,0,0,-4745.3,4745.3,f0d9a3e7-dc32-419e-89c3-20aef52e903b,C537715480,CASH_IN,USD,False,2026-10-04T23:00:00+00:00
31,CASH_IN,8746.74,C369006948,10245.68,18992.42,C423713330,76912.44,68165.7,0,0,-17493.48,17493.48,7156c5f9-c3b7-4f5b-9075-ed9197ede1be,C369006948,CASH_IN,USD,False,2026-10-02T07:00:00+00:00
65,CASH_OUT,84156.29,C925584388,204196.33,120040.04,C192345517,7132.21,91288.5,0,0,0.0,0.0,9eb896b2-675b-4928-8097-1d37eab2293d,C925584388,CASH_OUT,USD,False,2026-10-03T17:00:00+00:00
59,PAYMENT,440.51,C416387957,815.96,375.45,M765456801,0.0,0.0,0,0,0.0,440.51,32d04d44-37e1-4810-ae80-75da6f476b04,C416387957,PAYMENT,USD,False,2026-10-03T11:00:00+00:00
74,PAYMENT,2070.84,C821283444,8562.45,6491.61,M492203150,0.0,0.0,0,0,0.0,2070.84,221af9b6-ee36-4758-b081-8809ce867fea,C821283444,PAYMENT,USD,False,2026-10-04T02:00:00+00:00
85,CASH_IN,45007.34,C872830248,6185.69,51193.03,C644518647,41430.9,0.0,0,0,-90014.68,86438.24,222545f1-f735-49fa-a191-4e596070617c,C872830248,CASH_IN,USD,False,2026-10-04T13:00:00+00:00
95,TRANSFER,54726.97,C779231134,157203.37,102476.4,C325177291,23246.36,77973.33,0,0,0.0,0.0,6a5c04fd-24d9-4da2-831a-47b3a7045cba,C779231134,TRANSFER,USD,False,2026-10-04T23:00:00+00:00
92,CASH_OUT,65417.79,C247930241,86707.2,21289.41,C290080389,30157.93,95575.72,0,0,-0.0,0.0,c93c4fac-ce93-41c4-9c19-4c2a6d2372d5,C247930241,CASH_OUT,USD,False,2026-10-04T20:00:00+00:00
86,CASH_IN,28273.99,C210898998,11900.44,40174.43,C284423041,17424.49,0.0,0,0,-56547.98,45698.48,d3fc1e28-2028-46f0-8d53-c45f48a6c59b,C210898998,CASH_IN,USD,False,2026-10-04T14:00:00+00:00
57,CASH_IN,12290.89,C999652612,15647.43,27938.32,C113796010,12708.7,417.81,0,0,-24581.78,24581.78,3f167181-9144-492d-8372-81f42c5bf8fb,C999652612,CASH_IN,USD,False,2026-10-03T09:00:00+00:00
34,PAYMENT,3797.35,C251957685,14359.35,10562.0,M964207402,0.0,0.0,0,0,0.0,3797.35,4a73c7cc-9ddb-46f5-b479-854cda35f708,C251957685,PAYMENT,USD,False,2026-10-02T10:00:00+00:00
50,PAYMENT,100.39,C837314966,828.11,727.72,M452760649,0.0,0.0,0,0,0.0,100.39,07093d16-736b-4055-bdd3-46a0844d44af,C837314966,PAYMENT,USD,False,2026-10-03T02:00:00+00:00
4,PAYMENT,2777.67,C994001774,19904.08,17126.41,M507492505,0.0,0.0,0,0,0.0,2777.67,11dee8cc-480d-4be8-9133-ab1dc7783117,C994001774,PAYMENT,USD,False,2026-10-01T04:00:00+00:00
3,CASH_OUT,47278.74,C479034438,91745.32,44466.58,C336857562,1881.75,49160.49,0,0,0.0,0.0,912b7f00-9699-43cd-b97a-e733aba29d53,C479034438,CASH_OUT,USD,False,2026-10-01T03:00:00+00:00
25,TRANSFER,186846.37,C225967304,455300.25,268453.88,C909956465,19407.45,206253.82,0,0,0.0,0.0,dd89a7a3-6af1-4d2c-ab7b-ec3b659f59e4,C225967304,TRANSFER,USD,False,2026-10-02T01:00:00+00:00
59,CASH_OUT,26590.67,C570929255,57865.6,31274.93,C875814098,47238.4,73829.07,0,0,0.0,0.0,86b8ed2b-2aca-4cba-9c8e-71d2c2c30108,C570929255,CASH_OUT,USD,False,2026-10-03T11:00:00+00:00
9,CASH_OUT,48781.77,C839622550,94399.46,45617.69,C245967878,39483.43,88265.2,0,0,0.0,0.0,6d8d9420-0645-490b-8f8f-435e62c407cb,C839622550,CASH_OUT,USD,False,2026-10-01T09:00:00+00:00
37,CASH_OUT,67505.71,C515288053,99593.75,32088.04,C903233413,24528.12,92033.83,0,0,-0.0,0.0,62f4b382-51bd-4ce5-9c4d-d63c1652cb93,C515288053,CASH_OUT,USD,False,2026-10-02T13:00:00+00:00
79,CASH_IN,15527.42,C349830241,1869.45,17396.87,C197404735,33259.31,17731.89,0,0,-31054.84,31054.84,1fce2f19-1bf1-4561-9890-c9ba423fd137,C349830241,CASH_IN,USD,False,2026-10-04T07:00:00+00:00
13,CASH_OUT,54512.64,C643145488,98106.48,43593.84,C897278608,28328.64,82841.28,0,0,0.0,0.0,f3a73b46-8205-4e7b-928b-47d8b00f6023,C643145488,CASH_OUT,USD,False,2026-10-01T13:00:00+00:00
73,TRANSFER,110839.92,C634538765,270596.23,159756.31,C663088897,66552.66,177392.58,0,0,0.0,0.0,6f7275f7-d8fb-4b28-b327-452dba0dbd35,C634538765,TRANSFER,USD,False,2026-10-04T01:00:00+00:00
85,PAYMENT,2669.67,C267851051,20611.95,17942.28,M246438473,0.0,0.0,0,0,0.0,2669.67,5fbf4b2b-4150-4dab-8917-f8142334bfba,C267851051,PAYMENT,USD,False,2026-10-04T13:00:00+00:00
73,PAYMENT,1925.1,C370743043,10680.87,8755.77,M863302178,0.0,0.0,0,0,0.0,1925.1,7676b42f-4bcc-431c-8440-05c3507c640d,C370743043,PAYMENT,USD,False,2026-10-04T01:00:00+00:00
81,CASH_IN,6926.07,C980470108,10808.96,17735.03,C667812152,64290.48,57364.41,0,0,-13852.14,13852.14,60f6fee7-42e1-4068-afef-b5b04a920ffc,C980470108,CASH_IN,USD,False,2026-10-04T09:00:00+00:00
21,CASH_OUT,99172.6,C756152630,217181.84,118009.24,C851454793,39365.38,138537.98,0,0,-0.0,0.0,943a2f67-7a10-4127-9b6b-2412394f69eb,C756152630,CASH_OUT,USD,False,2026-10-01T21:00:00+00:00
99,PAYMENT,1571.9,C667477531,15442.77,13870.87,M461692600,0.0,0.0,0,0,0.0,1571.9,f37936a3-93af-4da3-aa31-715770576413,C667477531,PAYMENT,USD,False,2026-10-05T03:00:00+00:00
91,CASH_OUT,52385.6,C615185000,127995.24,75609.64,C954059995,14389.47,66775.07,0,0,0.0,-0.0,8845f9a2-a4a1-455e-81ef-430603e89292,C615185000,CASH_OUT,USD,False,2026-10-04T19:00:00+00:00
49,CASH_OUT,38809.97,C164487484,59353.24,20543.27,C972738280,22028.74,60838.71,0,0,-0.0,0.0,6c12513a-ce04-498b-b3e7-3be0cda3f6ec,C164487484,CASH_OUT,USD,False,2026-10-03T01:00:00+00:00
48,PAYMENT,4753.02,C577488537,9003.13,4250.11,M489431174,0.0,0.0,0,0,-0.0,4753.02,a791a2ac-26e9-4c6e-8d3b-fa58c8fc99b6,C577488537,PAYMENT,USD,False,2026-10-03T00:00:00+00:00
89,CASH_IN,21670.75,C202265468,4971.54,26642.29,C880236611,35229.2,13558.45,0,0,-43341.5,43341.5,41cc97db-eec7-4a17-abf3-4eeceff3c8b9,C202265468,CASH_IN,USD,False,2026-10-04T17:00:00+00:00
15,CASH_OUT,146601.25,C743254102,331556.54,184955.29,C542667554,2126.56,148727.81,0,0,-0.0,0.0,b8056adc-769e-4e24-a4f4-889a5ead5ddc,C743254102,CASH_OUT,USD,False,2026-10-01T15:00:00+00:00
74,PAYMENT,1663.01,C974370733,15998.81,14335.8,M446993509,0.0,0.0,0,0,0.0,1663.01,9ad96ff2-738e-4c3f-ae32-3bac2d9a0d8c,C974370733,PAYMENT,USD,False,2026-10-04T02:00:00+00:00
67,PAYMENT,2767.06,C896618355,12040.89,9273.83,M231799713,0.0,0.0,0,0,0.0,2767.06,e46a931a-57cf-4690-8276-d030581ab568,C896618355,PAYMENT,USD,False,2026-10-03T19:00:00+00:00
34,CASH_OUT,63188.49,C477802873,165987.07,102798.58,C883006462,36889.28,100077.77,0,0,0.0,-0.0,1ee737fe-3c54-41ff-b66f-1832934650ac,C477802873,CASH_OUT,USD,False,2026-10-02T10:00:00+00:00
56,CASH_OUT,15868.0,C785111610,24760.54,8892.54,C926722781,36202.62,52070.62,0,0,0.0,0.0,38b79fcd-92b5-4c9a-8da7-bfb250acfefc,C785111610,CASH_OUT,USD,False,2026-10-03T08:00:00+00:00
24,CASH_IN,1532.76,C785257010,10055.55,11588.31,C667110830,75446.56,73913.8,0,0,-3065.52,3065.52,b3740a76-5194-4d24-9e0d-f95547cfa6c2,C785257010,CASH_IN,USD,False,2026-10-02T00:00:00+00:00
26,CASH_OUT,1161.93,C792722274,2612.18,1450.25,C427351075,2949.22,4111.15,0,0,-0.0,0.0,936404c5-fcf9-44dc-8247-f8fd75641e6a,C792722274,CASH_OUT,USD,False,2026-10-02T02:00:00+00:00
77,CASH_OUT,54557.85,C805627914,66999.59,12441.74,C585903027,37966.0,92523.85,0,0,-0.0,0.0,ed600a90-5941-4bbf-9545-450d78ade74a,C805627914,CASH_OUT,USD,False,2026-10-04T05:00:00+00:00
31,CASH_IN,25035.74,C595431160,16073.74,41109.48,C219354239,83949.67,58913.93,0,0,-50071.48,50071.48,7b35264f-1f0b-460d-b441-fb66f7d1521d,C595431160,CASH_IN,USD,False,2026-10-02T07:00:00+00:00
34,CASH_IN,17562.17,C621237911,8755.38,26317.55,C965325849,36784.86,19222.69,0,0,-35124.34,35124.34,17019859-0d12-4053-95bc-d80944a7202d,C621237911,CASH_IN,USD,False,2026-10-02T10:00:00+00:00
52,CASH_OUT,95679.64,C705165937,234984.28,139304.64,C872608028,41065.17,136744.81,0,0,0.0,0.0,7a4e7410-410c-40c9-a2e9-93033fa48a7a,C705165937,CASH_OUT,USD,False,2026-10-03T04:00:00+00:00
48,CASH_OUT,75572.49,C911754549,104611.09,29038.6,C420020724,41959.8,117532.29,0,0,-0.0,0.0,f0e6d7de-45f3-4c01-b9ec-787cae2e7630,C911754549,CASH_OUT,USD,False,2026-10-03T00:00:00+00:00
29,PAYMENT,353.37,C202272739,2857.74,2504.37,M891593366,0.0,0.0,0,0,0.0,353.37,1dcf497f-a787-4abb-81bf-7c2d40586473,C202272739,PAYMENT,USD,False,2026-10-02T05:00:00+00:00
42,PAYMENT,2421.81,C616229701,6514.03,4092.22,M469261714,0.0,0.0,0,0,0.0,2421.81,4c980396-a1b7-444d-865d-40d1e8093cd3,C616229701,PAYMENT,USD,False,2026-10-02T18:00:00+00:00
55,PAYMENT,1744.41,C373724419,7499.83,5755.42,M388967162,0.0,0.0,0,0,0.0,1744.41,17c62d34-1e5a-4bc0-a58b-8e70893c5c54,C373724419,PAYMENT,USD,False,2026-10-03T07:00:00+00:00
53,PAYMENT,3305.48,C270036116,4121.49,816.01,M807879171,0.0,0.0,0,0,-0.0,3305.48,2213f4ca-fde1-4808-942c-12ca7a32198d,C270036116,PAYMENT,USD,False,2026-10-03T05:00:00+00:00
39,CASH_OUT,137941.4,C733175666,307555.02,169613.62,C782061852,2093.74,140035.14,0,0,0.0,-0.0,71078e66-5d7f-4f34-9ee9-7da15398e119,C733175666,CASH_OUT,USD,False,2026-10-02T15:00:00+00:00
13,CASH_IN,36351.89,C247415405,235.77,36587.66,C967575589,10873.26,0.0,0,0,-72703.78,47225.15,f69237a7-431e-426f-945f-a98d7122e661,C247415405,CASH_IN,USD,False,2026-10-01T13:00:00+00:00
27,PAYMENT,760.09,C245474065,4086.74,3326.65,M834391465,0.0,0.0,0,0,-0.0,760.09,ea8e227a-22b9-494b-a9e7-636d3a1e97e8,C245474065,PAYMENT,USD,False,2026-10-02T03:00:00+00:00
46,PAYMENT,1631.19,C714655891,4177.77,2546.58,M597173429,0.0,0.0,0,0,0.0,1631.19,250932c5-769f-40bd-8b47-dfb70d65cbf0,C714655891,PAYMENT,USD,False,2026-10-02T22:00:00+00:00
75,PAYMENT,4900.01,C965197166,13695.28,8795.27,M593343922,0.0,0.0,0,0,0.0,4900.01,55c3903d-0542-4659-a497-4952efebedb1,C965197166,PAYMENT,USD,False,2026-10-04T03:00:00+00:00
11,PAYMENT,4137.27,C151593244,36068.49,31931.22,M869151313,0.0,0.0,0,0,-0.0,4137.27,6c58adbf-e09e-4034-93dc-add91c161e9c,C151593244,PAYMENT,USD,False,2026-10-01T11:00:00+00:00
81,CASH_OUT,118312.71,C431714152,255454.61,137141.9,C135824891,36617.99,154930.7,0,0,-0.0,0.0,4a4b340f-45cf-4802-b752-7219c1f9abe7,C431714152,CASH_OUT,USD,False,2026-10-04T09:00:00+00:00
55,PAYMENT,2006.96,C480507688,15412.78,13405.82,M244388219,0.0,0.0,0,0,0.0,2006.96,aae741fc-e534-4df7-9775-15872b8d158d,C480507688,PAYMENT,USD,False,2026-10-03T07:00:00+00:00
21,CASH_IN,20455.23,C798409334,12201.68,32656.91,C963483721,22625.86,2170.63,0,0,-40910.46,40910.46,fc0945c6-4994-4bf5-80ce-ca5a82ef34e4,C798409334,CASH_IN,USD,False,2026-10-01T21:00:00+00:00
34,DEBIT,1336.0,C365594731,2396.32,1060.32,C560805888,3561.66,4897.66,0,0,0.0,0.0,6653fb9d-ddb0-4eca-83ce-be6b9db3d380,C365594731,DEBIT,USD,False,2026-10-02T10:00:00+00:00
45,CASH_IN,48825.83,C792526922,19701.54,68527.37,C981625287,47063.36,0.0,0,0,-97651.66,95889.19,20504e5d-86e1-439d-89fc-e7f788365bb0,C792526922,CASH_IN,USD,False,2026-10-02T21:00:00+00:00
4,PAYMENT,4441.07,C180475880,10683.15,6242.08,M935930624,0.0,0.0,0,0,0.0,4441.07,45ba5597-be36-49ca-91ad-6abbe9da387a,C180475880,PAYMENT,USD,False,2026-10-01T04:00:00+00:00
45,CASH_OUT,96407.06,C700485168,226303.73,129896.67,C126776418,11367.22,107774.28,0,0,0.0,0.0,a1de1fdc-d6a4-43e6-8384-7a04371d6838,C700485168,CASH_OUT,USD,False,2026-10-02T21:00:00+00:00
25,CASH_IN,34525.65,C254249947,13972.06,48497.71,C748222654,22057.44,0.0,0,0,-69051.3,56583.09,bec28b76-533f-47d6-b07e-3f5444cfe838,C254249947,CASH_IN,USD,False,2026-10-02T01:00:00+00:00
72,CASH_OUT,100178.4,C223919142,144641.31,44462.91,C204525419,33032.67,133211.07,0,0,0.0,0.0,fec611ae-0e1f-4e72-903b-f0abc3953806,C223919142,CASH_OUT,USD,False,2026-10-04T00:00:00+00:00
59,PAYMENT,703.21,C653520069,2719.15,2015.94,M758276886,0.0,0.0,0,0,0.0,703.21,8c92e14e-8f59-4dd2-954e-0a460532d8a5,C653520069,PAYMENT,USD,False,2026-10-03T11:00:00+00:00
90,CASH_OUT,20244.39,C344767409,38185.4,17941.01,C898567178,41291.17,61535.56,0,0,0.0,0.0,2cf2cf31-f6c2-4d67-8650-df79b59deeed,C344767409,CASH_OUT,USD,False,2026-10-04T18:00:00+00:00
78,CASH_OUT,147027.8,C519710523,425996.19,278968.39,C319263036,3185.46,150213.26,0,0,0.0,-0.0,962b9818-abc3-46a6-b6d4-bc2c8a29ce03,C519710523,CASH_OUT,USD,False,2026-10-04T06:00:00+00:00
11,PAYMENT,4963.92,C751252216,12584.04,7620.12,M617187507,0.0,0.0,0,0,0.0,4963.92,7ff54d92-ad6c-4f7c-a411-995f7c26e8e4,C751252216,PAYMENT,USD,False,2026-10-01T11:00:00+00:00
20,CASH_IN,33449.96,C970074123,17581.55,51031.51,C491988789,11829.77,0.0,0,0,-66899.92,45279.73,c60f00c9-c885-4a73-a095-82b8b6da9309,C970074123,CASH_IN,USD,False,2026-10-01T20:00:00+00:00
45,CASH_OUT,76179.48,C685932741,190627.63,114448.15,C970009392,1789.97,77969.45,0,0,0.0,0.0,12272408-b6ef-439e-aa5b-beabea55a853,C685932741,CASH_OUT,USD,False,2026-10-02T21:00:00+00:00
89,PAYMENT,2071.13,C984285361,17777.98,15706.85,M398593298,0.0,0.0,0,0,-0.0,2071.13,be78db11-a63d-4635-b620-a9a3fdf7626e,C984285361,PAYMENT,USD,False,2026-10-04T17:00:00+00:00
43,CASH_IN,19576.64,C353881638,8282.09,27858.73,C961771921,14418.65,0.0,0,0,-39153.28,33995.29,a4f03287-c508-4095-9fc1-64db0e2892a6,C353881638,CASH_IN,USD,False,2026-10-02T19:00:00+00:00
5,CASH_OUT,121275.1,C933273151,191122.31,69847.21,C971808980,14213.94,135489.04,0,0,-0.0,0.0,0d8441dc-8a3e-418f-8839-22e34bc0fd73,C933273151,CASH_OUT,USD,False,2026-10-01T05:00:00+00:00
48,CASH_OUT,66888.98,C646250686,106545.31,39656.33,C147085363,32576.41,99465.39,0,0,0.0,0.0,b10a0464-0a77-4ce8-9ba6-5b7ad145f94e,C646250686,CASH_OUT,USD,False,2026-10-03T00:00:00+00:00
7,CASH_OUT,141619.03,C848846217,387600.29,245981.26,C784907325,24543.93,166162.96,0,0,-0.0,0.0,036c91d1-a5ea-45eb-8440-d84ecc3d9c3d,C848846217,CASH_OUT,USD,False,2026-10-01T07:00:00+00:00
34,CASH_OUT,117512.01,C130578211,124209.46,6697.45,C456033513,23525.12,141037.13,0,0,0.0,0.0,34d2048d-7bdb-4336-a8a8-95fd97e6e7dd,C130578211,CASH_OUT,USD,False,2026-10-02T10:00:00+00:00
57,CASH_OUT,71913.98,C902448600,190996.58,119082.6,C316968866,13556.64,85470.62,0,0,-0.0,0.0,a85ad355-60ac-405c-834e-75fa360a8b0e,C902448600,CASH_OUT,USD,False,2026-10-03T09:00:00+00:00
98,CASH_OUT,95620.03,C663406120,171706.73,76086.7,C670712137,48221.19,143841.22,0,0,0.0,0.0,e9053a81-f18f-4965-a673-f962825fad6f,C663406120,CASH_OUT,USD,False,2026-10-05T02:00:00+00:00
12,CASH_OUT,125231.17,C199713203,331291.58,206060.41,C771209441,39121.78,164352.95,0,0,0.0,0.0,46ff9e71-4166-4315-816a-48f5e16a5803,C199713203,CASH_OUT,USD,False,2026-10-01T12:00:00+00:00
44,CASH_IN,4267.53,C597631383,849.01,5116.54,C645850703,45843.35,41575.82,0,0,-8535.06,8535.06,da37a101-7d04-46fe-b377-e0412db2a980,C597631383,CASH_IN,USD,False,2026-10-02T20:00:00+00:00
13,CASH_OUT,18811.47,C721626156,53300.96,34489.49,C165162109,18869.76,37681.23,0,0,0.0,-0.0,7724a200-763c-4740-9284-63fcaff30dd0,C721626156,CASH_OUT,USD,False,2026-10-01T13:00:00+00:00
61,TRANSFER,203021.42,C367070195,438266.91,235245.49,C784021486,31929.09,234950.51,0,0,-0.0,0.0,bcea241d-6806-4f9a-bc36-26363ed175ce,C367070195,TRANSFER,USD,False,2026-10-03T13:00:00+00:00
84,CASH_OUT,110376.06,C555309840,215834.99,105458.93,C360224411,46073.43,156449.49,0,0,0.0,0.0,aa199201-68c1-4128-ac8e-01779f758be4,C555309840,CASH_OUT,USD,False,2026-10-04T12:00:00+00:00
69,CASH_OUT,52492.76,C500376095,140049.62,87556.86,C118954709,33707.55,86200.31,0,0,-0.0,0.0,d290f147-8579-4a11-8aed-913cedf6b3b8,C500376095,CASH_OUT,USD,False,2026-10-03T21:00:00+00:00
58,TRANSFER,232581.25,C824262657,597861.56,365280.31,C920027849,18005.49,250586.74,0,0,0.0,0.0,64b1c223-ba45-4a26-bbf9-cc3e68260a21,C824262657,TRANSFER,USD,False,2026-10-03T10:00:00+00:00
94,CASH_OUT,139541.06,C661875225,264424.78,124883.72,C466591875,6559.88,146100.94,0,0,0.0,0.0,b4d23b9b-4544-4c26-9721-79af71e27e26,C661875225,CASH_OUT,USD,False,2026-10-04T22:00:00+00:00
76,CASH_OUT,117206.07,C149392070,278434.97,161228.9,C518826971,45444.37,162650.44,0,0,-0.0,0.0,5250c7fd-a1d4-4d4d-a043-1a05e444df2c,C149392070,CASH_OUT,USD,False,2026-10-04T04:00:00+00:00
91,CASH_IN,24718.01,C516888067,3014.69,27732.7,C736074159,11222.52,0.0,0,0,-49436.02,35940.53,e3aad475-8ed1-4c11-aaf4-de6adf0a2f0b,C516888067,CASH_IN,USD,False,2026-10-04T19:00:00+00:00
57,PAYMENT,2695.26,C837616532,7391.37,4696.11,M296125033,0.0,0.0,0,0,0.0,2695.26,00f0971a-8f2b-414c-8b65-49558c7ca1b2,C837616532,PAYMENT,USD,False,2026-10-03T09:00:00+00:00
80,PAYMENT,1231.79,C932971152,4497.13,3265.34,M274162223,0.0,0.0,0,0,0.0,1231.79,d1c6f30e-4143-4190-8bbd-d6fa74124594,C932971152,PAYMENT,USD,False,2026-10-04T08:00:00+00:00
97,CASH_OUT,27675.89,C851463849,36763.5,9087.61,C940961771,12530.02,40205.91,0,0,0.0,0.0,d0877e8b-a829-4433-9deb-d29655cc6d7a,C851463849,CASH_OUT,USD,False,2026-10-05T01:00:00+00:00
36,CASH_OUT,6686.45,C496189219,12184.01,5497.56,C334677931,38377.26,45063.71,0,0,0.0,0.0,d6205a96-739b-421a-8943-9b493beae5ef,C496189219,CASH_OUT,USD,False,2026-10-02T12:00:00+00:00
43,CASH_OUT,124102.6,C366416788,250920.88,126818.28,C986905821,44596.83,168699.43,0,0,0.0,0.0,703d7ddb-18ea-4f8d-bebc-f1d7a58dabf9,C366416788,CASH_OUT,USD,False,2026-10-02T19:00:00+00:00
19,CASH_OUT,72103.37,C104737159,103480.68,31377.31,C110357517,18198.93,90302.3,0,0,-0.0,-0.0,8f999c2d-5758-42e8-b0b7-3556b053c9d3,C104737159,CASH_OUT,USD,False,2026-10-01T19:00:00+00:00
74,CASH_IN,24930.96,C932075780,14500.6,39431.56,C868252490,18865.59,0.0,0,0,-49861.92,43796.55,c44b592f-1b0a-4075-8d60-db1abf01888b,C932075780,CASH_IN,USD,False,2026-10-04T02:00:00+00:00
72,CASH_OUT,121915.29,C101074879,273268.23,151352.94,C990531175,32652.94,154568.23,0,0,0.0,-0.0,39546a1c-8cc4-4e10-8db2-f4c1f43a5fb4,C101074879,CASH_OUT,USD,False,2026-10-04T00:00:00+00:00
19,CASH_IN,1626.95,C360056579,2197.91,3824.86,C852178601,2874.8,1247.85,0,0,-3253.9,3253.9,b9d9bbe3-9470-4c2f-8e74-af0fcd65ba16,C360056579,CASH_IN,USD,False,2026-10-01T19:00:00+00:00
17,PAYMENT,1000.19,C617087085,4137.77,3137.58,M198751865,0.0,0.0,0,0,0.0,1000.19,843af75c-0892-43bd-a5a7-3f7da14ecf82,C617087085,PAYMENT,USD,False,2026-10-01T17:00:00+00:00
3,CASH_OUT,143646.6,C608874541,160762.78,17116.18,C218279447,17467.38,161113.98,0,0,-0.0,0.0,3b177fa0-41dd-4871-b35f-d23f74f41cb1,C608874541,CASH_OUT,USD,False,2026-10-01T03:00:00+00:00
25,PAYMENT,4052.77,C297405810,14085.63,10032.86,M433406385,0.0,0.0,0,0,-0.0,4052.77,c9ca4524-dabc-44ac-ba97-10e111f5dd13,C297405810,PAYMENT,USD,False,2026-10-02T01:00:00+00:00
15,PAYMENT,1669.93,C595500646,14660.1,12990.17,M522498407,0.0,0.0,0,0,0.0,1669.93,707ddd19-2a03-452e-a28a-89f652d235f7,C595500646,PAYMENT,USD,False,2026-10-01T15:00:00+00:00
13,TRANSFER,84534.28,C802164038,240905.65,156371.37,C760752396,13940.99,98475.27,0,0,0.0,0.0,f7a8b89c-a4d9-446e-8f25-ff80468a3975,C802164038,TRANSFER,USD,False,2026-10-01T13:00:00+00:00
56,CASH_OUT,48091.19,C352013447,55501.12,7409.93,C483405477,34659.95,82751.14,0,0,0.0,0.0,cad1d35f-deb8-4992-8237-23afb9b904e5,C352013447,CASH_OUT,USD,False,2026-10-03T08:00:00+00:00
31,CASH_IN,4553.84,C568740794,3082.76,7636.6,C362779545,55979.47,51425.63,0,0,-9107.68,9107.68,d1599757-fe78-40d9-9f68-fad0eb330cd6,C568740794,CASH_IN,USD,False,2026-10-02T07:00:00+00:00
80,CASH_OUT,82276.01,C597546118,212614.09,130338.08,C920313601,18740.83,101016.84,0,0,0.0,0.0,b08b9f54-60e6-42a9-a008-17c3b3056038,C597546118,CASH_OUT,USD,False,2026-10-04T08:00:00+00:00
98,TRANSFER,99770.93,C400933997,272374.2,172603.27,C905488247,4331.85,104102.78,0,0,0.0,0.0,19b2e292-f1dc-47af-9fd8-38d857666f88,C400933997,TRANSFER,USD,False,2026-10-05T02:00:00+00:00
28,PAYMENT,2435.6,C253233612,11690.85,9255.25,M323908049,0.0,0.0,0,0,0.0,2435.6,d802db51-ea53-489e-b403-b8acac63bffc,C253233612,PAYMENT,USD,False,2026-10-02T04:00:00+00:00
2,CASH_OUT,13283.84,C672115331,15935.51,2651.67,C864729711,2372.63,15656.47,0,0,0.0,0.0,952911b8-12e4-4290-8618-81227701f999,C672115331,CASH_OUT,USD,False,2026-10-01T02:00:00+00:00
95,CASH_OUT,121088.05,C748149267,242675.37,121587.32,C583473665,39050.18,160138.23,0,0,-0.0,0.0,b1efd6ee-f605-4228-bce3-8ce9b9b17a1a,C748149267,CASH_OUT,USD,False,2026-10-04T23:00:00+00:00
23,CASH_IN,9009.07,C126614158,15647.73,24656.8,C456681425,41759.6,32750.53,0,0,-18018.14,18018.14,80e15652-4025-47a6-849d-9179def1e41e,C126614158,CASH_IN,USD,False,2026-10-01T23:00:00+00:00
78,CASH_IN,44247.03,C836602505,10069.21,54316.24,C656868272,86498.68,42251.65,0,0,-88494.06,88494.06,d8c55f26-b0a8-47ef-a759-a706b8b2d071,C836602505,CASH_IN,USD,False,2026-10-04T06:00:00+00:00
33,CASH_OUT,39149.78,C298176644,56895.61,17745.83,C315400441,49281.8,88431.58,0,0,0.0,0.0,7f03edef-ff05-442a-8797-b810367953c2,C298176644,CASH_OUT,USD,False,2026-10-02T09:00:00+00:00
17,PAYMENT,4876.92,C338834252,44080.99,39204.07,M376230726,0.0,0.0,0,0,0.0,4876.92,47499886-ca3b-4b78-9d8e-9a250fe1a89d,C338834252,PAYMENT,USD,False,2026-10-01T17:00:00+00:00
70,CASH_OUT,70704.01,C107118090,116545.86,45841.85,C120815706,35079.19,105783.2,0,0,0.0,0.0,5b2dc431-401e-4a96-a38a-e28ccc6e9f91,C107118090,CASH_OUT,USD,False,2026-10-03T22:00:00+00:00
58,PAYMENT,2152.9,C102416360,17700.11,15547.21,M181717883,0.0,0.0,0,0,0.0,2152.9,3b037a63-bea5-43f3-921e-9606ae0b0a22,C102416360,PAYMENT,USD,False,2026-10-03T10:00:00+00:00
42,PAYMENT,2935.11,C258604568,23390.77,20455.66,M252098390,0.0,0.0,0,0,0.0,2935.11,3415b4a3-f755-49bd-9564-90cf2a044f1f,C258604568,PAYMENT,USD,False,2026-10-02T18:00:00+00:00
23,CASH_OUT,84021.36,C455397438,122983.0,38961.64,C596126873,20252.37,104273.73,0,0,0.0,0.0,94fb9184-bc11-4eaf-92d7-81b9337dcb3e,C455397438,CASH_OUT,USD,False,2026-10-01T23:00:00+00:00
74,CASH_IN,39731.74,C181936313,2599.81,42331.55,C207083934,9509.31,0.0,0,0,-79463.48,49241.05,c8de9f4b-ee06-4d19-9c14-81b9105c7817,C181936313,CASH_IN,USD,False,2026-10-04T02:00:00+00:00
34,CASH_OUT,16256.44,C804399637,23799.13,7542.69,C423473126,22538.11,38794.55,0,0,0.0,0.0,9c51f301-b82a-4193-8583-9ae89636a564,C804399637,CASH_OUT,USD,False,2026-10-02T10:00:00+00:00
78,CASH_OUT,116448.28,C219385981,186585.36,70137.08,C355164255,2387.47,118835.75,0,0,-0.0,0.0,f56ad6a1-2b53-4202-b4de-bd750b47a346,C219385981,CASH_OUT,USD,False,2026-10-04T06:00:00+00:00
70,CASH_OUT,33578.49,C674101952,85750.0,52171.51,C753600959,13898.85,47477.34,0,0,0.0,0.0,ece98ead-c38b-4d81-9863-615944c5432d,C674101952,CASH_OUT,USD,False,2026-10-03T22:00:00+00:00
81,CASH_OUT,47427.51,C873695765,75887.26,28459.75,C622504463,28106.92,75534.43,0,0,-0.0,0.0,07484593-3cf3-4c66-b3f9-fc9531028a81,C873695765,CASH_OUT,USD,False,2026-10-04T09:00:00+00:00
32,PAYMENT,1861.44,C805399640,14920.62,13059.18,M255735166,0.0,0.0,0,0,0.0,1861.44,b68ddc79-84be-4ae9-9596-02503213dc37,C805399640,PAYMENT,USD,False,2026-10-02T08:00:00+00:00
59,PAYMENT,3032.1,C703595485,12125.69,9093.59,M177244613,0.0,0.0,0,0,0.0,3032.1,72b959ca-8630-457d-9fb7-66e2dda072d0,C703595485,PAYMENT,USD,False,2026-10-03T11:00:00+00:00
60,PAYMENT,2148.03,C818000528,6504.5,4356.47,M429341319,0.0,0.0,0,0,-0.0,2148.03,a7343413-ef61-4277-a9c4-937ed61c3c87,C818000528,PAYMENT,USD,False,2026-10-03T12:00:00+00:00
35,CASH_IN,23691.58,C415091480,1610.39,25301.97,C991065414,16804.73,0.0,0,0,-47383.16,40496.31,6b6cf8a7-cd23-47d2-88c3-53c9eef4b6c9,C415091480,CASH_IN,USD,False,2026-10-02T11:00:00+00:00
74,PAYMENT,1646.78,C362024137,13024.04,11377.26,M957926104,0.0,0.0,0,0,0.0,1646.78,074a2128-88ae-4454-b40b-f7cce7baba3d,C362024137,PAYMENT,USD,False,2026-10-04T02:00:00+00:00
19,CASH_OUT,15758.64,C350741721,46069.81,30311.17,C522520422,38701.16,54459.8,0,0,0.0,0.0,556ecffb-9682-43f7-abae-8483f189efd3,C350741721,CASH_OUT,USD,False,2026-10-01T19:00:00+00:00
54,CASH_OUT,40063.5,C212985973,119599.1,79535.6,C940478147,10958.77,51022.27,0,0,0.0,0.0,6008b105-62ac-4aad-905c-cedb6c3c478b,C212985973,CASH_OUT,USD,False,2026-10-03T06:00:00+00:00
57,CASH_IN,35246.22,C780525215,7354.82,42601.04,C795389979,59250.15,24003.93,0,0,-70492.44,70492.44,f2258ade-1661-4949-bd1c-603c4dbf2e29,C780525215,CASH_IN,USD,False,2026-10-03T09:00:00+00:00
52,CASH_IN,15716.73,C341609039,15437.82,31154.55,C864791379,57209.85,41493.12,0,0,-31433.46,31433.46,7c29ba16-aed4-4dbb-af2d-eb1f2f21bf6a,C341609039,CASH_IN,USD,False,2026-10-03T04:00:00+00:00
24,CASH_IN,37761.35,C109258707,3667.02,41428.37,C672608950,73204.27,35442.92,0,0,-75522.7,75522.7,f568c6e2-79d7-44a4-a608-1531a604d1c1,C109258707,CASH_IN,USD,False,2026-10-02T00:00:00+00:00
11,TRANSFER,6273.64,C773706432,22590.23,16316.59,C722077234,8874.52,15148.16,0,0,0.0,0.0,7b82f2d9-d892-4534-af88-ca6f870e0a99,C773706432,TRANSFER,USD,False,2026-10-01T11:00:00+00:00
21,TRANSFER,4473.87,C446560674,12283.19,7809.32,C303785198,72706.43,77180.3,0,0,0.0,-0.0,cb5576eb-680c-4ba4-a11a-d7583e394957,C446560674,TRANSFER,USD,False,2026-10-01T21:00:00+00:00
17,PAYMENT,3227.59,C935924516,14348.86,11121.27,M488856231,0.0,0.0,0,0,0.0,3227.59,9777e551-0a37-470a-af7c-65baf45d1ad4,C935924516,PAYMENT,USD,False,2026-10-01T17:00:00+00:00
55,CASH_OUT,130560.11,C511749730,169829.25,39269.14,C185909132,16855.78,147415.89,0,0,0.0,0.0,5122266e-3d92-41fc-92a9-3c976326e4ac,C511749730,CASH_OUT,USD,False,2026-10-03T07:00:00+00:00
73,CASH_OUT,89005.4,C543674807,126981.97,37976.57,C715344632,42873.16,131878.56,0,0,0.0,0.0,fbb25f2a-83b0-4edd-b60c-be431cca2fe9,C543674807,CASH_OUT,USD,False,2026-10-04T01:00:00+00:00
100,CASH_OUT,134627.28,C257416872,397422.77,262795.49,C189658290,48125.96,182753.24,0,0,0.0,0.0,0af00093-4bee-44b6-ba9c-d5b182248740,C257416872,CASH_OUT,USD,False,2026-10-05T04:00:00+00:00
20,DEBIT,764.3,C435913717,3193.82,2429.52,C223649481,2569.7,3334.0,0,0,0.0,0.0,9bd4e343-fe2b-46e2-805c-12c19287a231,C435913717,DEBIT,USD,False,2026-10-01T20:00:00+00:00
43,CASH_IN,11748.8,C243866809,15301.54,27050.34,C499556522,50277.3,38528.5,0,0,-23497.6,23497.6,5a07ed41-2b50-4b59-98a6-f6212dc8e57a,C243866809,CASH_IN,USD,False,2026-10-02T19:00:00+00:00
47,CASH_IN,7259.88,C260689244,3522.95,10782.83,C503383841,68233.59,60973.71,0,0,-14519.76,14519.76,9e70f16a-440e-4c47-bebb-0fdfefa9c064,C260689244,CASH_IN,USD,False,2026-10-02T23:00:00+00:00
53,CASH_OUT,87438.66,C953212504,119246.07,31807.41,C924086239,32982.44,120421.1,0,0,0.0,0.0,982afa98-a90a-4c8a-85d7-daaebd23b0a0,C953212504,CASH_OUT,USD,False,2026-10-03T05:00:00+00:00
75,PAYMENT,4321.29,C251237750,24166.46,19845.17,M415697820,0.0,0.0,0,0,0.0,4321.29,d10df11b-0981-4d3d-8190-10a7d64f62f7,C251237750,PAYMENT,USD,False,2026-10-04T03:00:00+00:00
100,CASH_OUT,19500.35,C378341816,42465.99,22965.64,C447974614,29036.24,48536.59,0,0,0.0,0.0,4196e6ff-1d3d-4d2e-b170-676ee2178497,C378341816,CASH_OUT,USD,False,2026-10-05T04:00:00+00:00
38,CASH_OUT,42857.11,C903681751,59492.74,16635.63,C377842291,4254.04,47111.15,0,0,-0.0,0.0,94773116-9c82-4c76-931f-9024b6a0b452,C903681751,CASH_OUT,USD,False,2026-10-02T14:00:00+00:00
69,TRANSFER,46441.74,C227117388,147742.26,101300.52,C256253951,61234.8,107676.54,0,0,0.0,0.0,e00e5815-ea49-4df4-b2f2-d2e9dcad0062,C227117388,TRANSFER,USD,False,2026-10-03T21:00:00+00:00
30,PAYMENT,2160.28,C993630305,17521.81,15361.53,M121665545,0.0,0.0,0,0,0.0,2160.28,4982ed54-8ec8-4aa9-8eea-38e939b06b18,C993630305,PAYMENT,USD,False,2026-10-02T06:00:00+00:00
54,PAYMENT,2769.27,C497206461,8841.73,6072.46,M571008888,0.0,0.0,0,0,-0.0,2769.27,1ca6f88e-ea66-412a-8f14-ab34126fbf14,C497206461,PAYMENT,USD,False,2026-10-03T06:00:00+00:00
8,TRANSFER,223544.76,C805024801,860975.24,637430.48,C332813761,51046.63,274591.39,0,0,0.0,0.0,f2b35068-4f9b-4145-8195-4e032c7668ad,C805024801,TRANSFER,USD,False,2026-10-01T08:00:00+00:00
6,PAYMENT,1808.5,C799530232,1879.51,71.01,M146801065,0.0,0.0,0,0,-0.0,1808.5,bd228b13-8a1c-45ae-9810-70eb0b78a859,C799530232,PAYMENT,USD,False,2026-10-01T06:00:00+00:00
32,PAYMENT,4497.5,C164064827,11969.0,7471.5,M219498988,0.0,0.0,0,0,0.0,4497.5,9ca71767-5c1e-40f9-b77e-80983af298f3,C164064827,PAYMENT,USD,False,2026-10-02T08:00:00+00:00
15,PAYMENT,173.61,C997997354,1092.73,919.12,M398465149,0.0,0.0,0,0,0.0,173.61,8e83d773-4db3-4ea3-bf44-c15bc7cdf743,C997997354,PAYMENT,USD,False,2026-10-01T15:00:00+00:00
39,PAYMENT,3663.1,C269118504,29768.49,26105.39,M569083854,0.0,0.0,0,0,0.0,3663.1,14514d5b-5398-4a12-a628-89a5413f939d,C269118504,PAYMENT,USD,False,2026-10-02T15:00:00+00:00
73,TRANSFER,113142.67,C787021552,416266.32,303123.65,C554395870,24660.75,137803.42,0,0,0.0,-0.0,f5880e33-cbff-417c-a362-cb0023175281,C787021552,TRANSFER,USD,False,2026-10-04T01:00:00+00:00
89,PAYMENT,3645.51,C290812817,34771.91,31126.4,M853775825,0.0,0.0,0,0,0.0,3645.51,0de11a09-c6a9-45c9-908c-8af27565eb78,C290812817,PAYMENT,USD,False,2026-10-04T17:00:00+00:00
60,TRANSFER,208119.72,C795472980,790430.2,582310.48,C635126623,23348.92,231468.64,0,0,0.0,0.0,1623f72c-25e8-4a5b-b6a9-575052eab8ae,C795472980,TRANSFER,USD,False,2026-10-03T12:00:00+00:00
39,CASH_OUT,80510.46,C295616478,98012.63,17502.17,C389353749,21928.6,102439.06,0,0,0.0,0.0,8c2681fe-5902-43b5-a406-91027ccef284,C295616478,CASH_OUT,USD,False,2026-10-02T15:00:00+00:00
60,CASH_OUT,102598.63,C928691060,243065.66,140467.03,C821914900,41218.21,143816.84,0,0,0.0,0.0,0cc58f8f-f7c1-4d21-a55c-e37008079c12,C928691060,CASH_OUT,USD,False,2026-10-03T12:00:00+00:00
77,CASH_IN,16404.04,C506852607,13203.3,29607.34,C792551787,9962.77,0.0,0,0,-32808.08,26366.81,d0d79419-215f-47df-a4da-867ac308bdff,C506852607,CASH_IN,USD,False,2026-10-04T05:00:00+00:00
69,CASH_OUT,88375.06,C531427170,240729.13,152354.07,C627715157,1163.16,89538.22,0,0,0.0,0.0,6240b6a9-daed-4e94-a881-e77da13d331f,C531427170,CASH_OUT,USD,False,2026-10-03T21:00:00+00:00
18,CASH_IN,45516.98,C678827227,10139.91,55656.89,C839505679,92144.4,46627.42,0,0,-91033.96,91033.96,c71b345a-afba-42c7-b014-07add9aacab7,C678827227,CASH_IN,USD,False,2026-10-01T18:00:00+00:00
55,PAYMENT,305.85,C766823010,579.01,273.16,M894664845,0.0,0.0,0,0,-0.0,305.85,e8359a7b-7a4c-4fdf-9849-2db01b631796,C766823010,PAYMENT,USD,False,2026-10-03T07:00:00+00:00
2,CASH_IN,22937.16,C100833085,6253.22,29190.38,C178552321,29627.02,6689.86,0,0,-45874.32,45874.32,f7d1a2f3-332d-4934-8215-0bbd091d602e,C100833085,CASH_IN,USD,False,2026-10-01T02:00:00+00:00
35,PAYMENT,165.31,C236592599,254.06,88.75,M710600292,0.0,0.0,0,0,0.0,165.31,1c8bcf87-dfb9-45c1-b478-134b415d781f,C236592599,PAYMENT,USD,False,2026-10-02T11:00:00+00:00
56,CASH_IN,33332.68,C138822127,14573.29,47905.97,C688399507,57068.71,23736.03,0,0,-66665.36,66665.36,08699225-323d-4271-b222-4bd0922fe6ba,C138822127,CASH_IN,USD,False,2026-10-03T08:00:00+00:00
65,CASH_OUT,11816.04,C791118651,33713.67,21897.63,C396809027,4920.46,16736.5,0,0,-0.0,0.0,e7db743a-6d6c-4809-a188-0e754e973d2f,C791118651,CASH_OUT,USD,False,2026-10-03T17:00:00+00:00
73,CASH_IN,28103.95,C349804684,5672.29,33776.24,C514025061,22005.34,0.0,0,0,-56207.9,50109.29,a526995e-4777-4076-b9db-7ddb0da8706f,C349804684,CASH_IN,USD,False,2026-10-04T01:00:00+00:00
27,PAYMENT,1924.58,C953312462,14205.65,12281.07,M605670877,0.0,0.0,0,0,0.0,1924.58,0af48359-66dc-4aa7-bb39-68bd2a4c5ad9,C953312462,PAYMENT,USD,False,2026-10-02T03:00:00+00:00
41,CASH_IN,22070.44,C759158247,4310.22,26380.66,C934969743,68796.67,46726.23,0,0,-44140.88,44140.88,275f9bac-0cba-47b4-b1f2-67e1e46d32fb,C759158247,CASH_IN,USD,False,2026-10-02T17:00:00+00:00
38,CASH_OUT,119532.25,C626371835,262455.07,142922.82,C521132336,27170.67,146702.92,0,0,0.0,-0.0,fc019ef3-123b-4bbc-b914-ad0d93a7bab0,C626371835,CASH_OUT,USD,False,2026-10-02T14:00:00+00:00
93,TRANSFER,148336.03,C262037706,180081.07,31745.04,C225655296,73924.84,222260.87,0,0,0.0,0.0,73b7ee41-a484-40c4-8da9-fa35a9679194,C262037706,TRANSFER,USD,False,2026-10-04T21:00:00+00:00
61,CASH_OUT,113850.29,C249027517,215997.11,102146.82,C603703167,262.56,114112.85,0,0,-0.0,-0.0,7e449411-e3af-4609-acd1-bf6bf1e75fd6,C249027517,CASH_OUT,USD,False,2026-10-03T13:00:00+00:00
96,CASH_OUT,113055.25,C490184816,151414.03,38358.78,C123300625,27282.01,140337.26,0,0,0.0,0.0,0a067cca-ab0f-4f85-aa20-f2ebb139dc62,C490184816,CASH_OUT,USD,False,2026-10-05T00:00:00+00:00
99,CASH_OUT,82793.9,C249775416,100542.08,17748.18,C456498995,5809.77,88603.67,0,0,0.0,0.0,f8734cc7-080e-4f5a-9b8d-60792de19e32,C249775416,CASH_OUT,USD,False,2026-10-05T03:00:00+00:00
56,CASH_OUT,128767.52,C800150455,198385.97,69618.45,C459668515,40115.82,168883.34,0,0,0.0,0.0,8479c81f-b071-4bbf-9526-76f3c7927641,C800150455,CASH_OUT,USD,False,2026-10-03T08:00:00+00:00
27,PAYMENT,4620.32,C837430793,21673.94,17053.62,M594291418,0.0,0.0,0,0,0.0,4620.32,88912cce-140a-403b-a103-d62fa8f5f09e,C837430793,PAYMENT,USD,False,2026-10-02T03:00:00+00:00
12,CASH_IN,31973.18,C819433407,8932.6,40905.78,C460508244,27256.03,0.0,0,0,-63946.36,59229.21,d924bfd4-df8f-4f5d-bf8b-bf511d5ceb2c,C819433407,CASH_IN,USD,False,2026-10-01T12:00:00+00:00
74,CASH_OUT,11994.48,C257366852,27255.74,15261.26,C483770585,4058.05,16052.53,0,0,0.0,-0.0,b8ffbcae-cf6e-4b38-8ddf-f288631ccfcb,C257366852,CASH_OUT,USD,False,2026-10-04T02:00:00+00:00
63,CASH_IN,8973.2,C187212522,14927.57,23900.77,C890042804,81240.14,72266.94,0,0,-17946.4,17946.4,e0fade87-5466-45a1-bf10-fb4d7f7f1aa0,C187212522,CASH_IN,USD,False,2026-10-03T15:00:00+00:00
13,CASH_IN,38327.55,C253139764,10942.72,49270.27,C432368523,96925.76,58598.21,0,0,-76655.1,76655.1,0f100158-9b31-4b27-a4a5-7e92165b3002,C253139764,CASH_IN,USD,False,2026-10-01T13:00:00+00:00
36,CASH_OUT,8501.9,C326140103,23979.36,15477.46,C285801953,36735.81,45237.71,0,0,0.0,0.0,5a26fae6-e919-447b-96d3-0f6c96375b50,C326140103,CASH_OUT,USD,False,2026-10-02T12:00:00+00:00
65,CASH_IN,45332.23,C258301477,9794.51,55126.74,C860330588,35677.54,0.0,0,0,-90664.46,81009.77,21f9cfdd-9be3-4690-8bc4-ef654775a799,C258301477,CASH_IN,USD,False,2026-10-03T17:00:00+00:00
56,CASH_OUT,93094.44,C853866212,278420.0,185325.56,C206542097,40296.99,133391.43,0,0,0.0,0.0,8c0d18f0-c862-4bae-bcae-43a472714229,C853866212,CASH_OUT,USD,False,2026-10-03T08:00:00+00:00
17,CASH_OUT,45272.11,C193512060,135481.75,90209.64,C822694988,49360.98,94633.09,0,0,0.0,0.0,6b783e08-8957-4e0c-a082-774febb8c273,C193512060,CASH_OUT,USD,False,2026-10-01T17:00:00+00:00
78,PAYMENT,2384.8,C568301555,10294.04,7909.24,M647690382,0.0,0.0,0,0,0.0,2384.8,74f005d0-f07f-4fe1-99ee-f8e2b763cb17,C568301555,PAYMENT,USD,False,2026-10-04T06:00:00+00:00
91,CASH_OUT,57560.06,C294420172,122329.23,64769.17,C273943651,16616.54,74176.6,0,0,0.0,0.0,f859ec13-6326-4b88-91c3-5c2062c95a27,C294420172,CASH_OUT,USD,False,2026-10-04T19:00:00+00:00
91,PAYMENT,823.34,C112187618,4698.84,3875.5,M472271797,0.0,0.0,0,0,0.0,823.34,df97017b-9b12-4619-a678-c65f7b7b18ad,C112187618,PAYMENT,USD,False,2026-10-04T19:00:00+00:00
75,CASH_OUT,99643.03,C447605203,286766.47,187123.44,C984230489,37141.82,136784.85,0,0,-0.0,0.0,f8f7a010-3cd5-4e27-8453-bb32d204b368,C447605203,CASH_OUT,USD,False,2026-10-04T03:00:00+00:00
97,PAYMENT,1659.7,C886916528,4734.06,3074.36,M360112864,0.0,0.0,0,0,0.0,1659.7,8c1c5086-c2ba-44b8-8c22-86daea910340,C886916528,PAYMENT,USD,False,2026-10-05T01:00:00+00:00
76,CASH_IN,33843.88,C684652875,13218.37,47062.25,C566160259,10256.24,0.0,0,0,-67687.76,44100.12,d2dd4a32-c47e-42c0-9aba-73f7461d1de7,C684652875,CASH_IN,USD,False,2026-10-04T04:00:00+00:00
76,DEBIT,648.87,C734511209,1937.92,1289.05,C687467504,4043.78,4692.65,0,0,0.0,0.0,b3dda129-4085-42a3-9c99-0190baa5b99c,C734511209,DEBIT,USD,False,2026-10-04T04:00:00+00:00
71,CASH_OUT,26684.31,C487108839,71000.41,44316.1,C606696308,17810.57,44494.88,0,0,0.0,0.0,9d81006e-e773-45e5-b325-3633a1fee2fe,C487108839,CASH_OUT,USD,False,2026-10-03T23:00:00+00:00
69,DEBIT,1737.35,C838993413,7875.89,6138.54,C378837532,311.07,2048.42,0,0,0.0,0.0,ebbb5f6b-20a6-46f9-b99e-f68d242a9e7b,C838993413,DEBIT,USD,False,2026-10-03T21:00:00+00:00
86,CASH_IN,12903.96,C447252539,1479.94,14383.9,C938303850,77933.49,65029.53,0,0,-25807.92,25807.92,6fb59d63-2af2-4325-82de-a872f5c0eea3,C447252539,CASH_IN,USD,False,2026-10-04T14:00:00+00:00
95,CASH_IN,37547.17,C760408044,10825.29,48372.46,C124724610,27900.61,0.0,0,0,-75094.34,65447.78,ab3fba0b-9fda-4d37-b578-6c46d26f25eb,C760408044,CASH_IN,USD,False,2026-10-04T23:00:00+00:00
56,CASH_OUT,3891.8,C291139369,10549.68,6657.88,C492653615,38537.24,42429.04,0,0,0.0,0.0,ff8f15ef-c768-424f-b7e0-fe7e783ddf4e,C291139369,CASH_OUT,USD,False,2026-10-03T08:00:00+00:00
42,PAYMENT,2303.86,C187040987,15979.24,13675.38,M859894230,0.0,0.0,0,0,0.0,2303.86,1ad8a696-e788-49db-aa6d-68e6d8261344,C187040987,PAYMENT,USD,False,2026-10-02T18:00:00+00:00
55,TRANSFER,18469.21,C387406467,60935.12,42465.91,C707981001,53858.43,72327.64,0,0,0.0,0.0,18b92233-3ff8-40c3-b972-e202f1a0a1ad,C387406467,TRANSFER,USD,False,2026-10-03T07:00:00+00:00
53,TRANSFER,179487.81,C457257753,233547.15,54059.34,C980727404,12827.47,192315.28,0,0,0.0,0.0,db10a67e-7e97-40e1-b935-5d3996d78dd1,C457257753,TRANSFER,USD,False,2026-10-03T05:00:00+00:00
25,PAYMENT,1113.18,C830761164,3103.65,1990.47,M117952150,0.0,0.0,0,0,0.0,1113.18,af378ed2-cc09-4afb-91ac-e0b579f80b8c,C830761164,PAYMENT,USD,False,2026-10-02T01:00:00+00:00
3,CASH_IN,32851.72,C762708231,11457.17,44308.89,C873239484,84746.39,51894.67,0,0,-65703.44,65703.44,1a3a14c8-68f0-45f2-949c-8388663310d8,C762708231,CASH_IN,USD,False,2026-10-01T03:00:00+00:00
73,CASH_OUT,57636.36,C111896665,66013.4,8377.04,C527515827,22685.25,80321.61,0,0,-0.0,0.0,72008eb4-54da-4f82-b90f-867d9c97e56f,C111896665,CASH_OUT,USD,False,2026-10-04T01:00:00+00:00
34,TRANSFER,25170.94,C970681342,85188.91,60017.97,C385482051,16488.85,41659.79,0,0,0.0,-0.0,8a41ae49-c6f8-43da-accd-54fbda02bc4f,C970681342,TRANSFER,USD,False,2026-10-02T10:00:00+00:00
79,PAYMENT,4400.35,C834937767,42951.82,38551.47,M880909484,0.0,0.0,0,0,0.0,4400.35,297b6447-4d43-4292-91b6-120aad24ff70,C834937767,PAYMENT,USD,False,2026-10-04T07:00:00+00:00
36,CASH_IN,35086.26,C236245128,4993.54,40079.8,C242475723,71428.09,36341.83,0,0,-70172.52,70172.52,1df84c87-da63-42cb-afb7-0f6c4ac1f374,C236245128,CASH_IN,USD,False,2026-10-02T12:00:00+00:00
98,PAYMENT,1226.49,C683127510,7533.36,6306.87,M193179911,0.0,0.0,0,0,0.0,1226.49,65163a3e-8fd3-4698-8a00-3cb55390384a,C683127510,PAYMENT,USD,False,2026-10-05T02:00:00+00:00
70,CASH_OUT,13767.54,C272223663,30677.72,16910.18,C895058691,48704.3,62471.84,0,0,0.0,0.0,9fa9663c-e22c-439c-b5fb-fc1baa1cf9c8,C272223663,CASH_OUT,USD,False,2026-10-03T22:00:00+00:00
8,TRANSFER,93681.85,C650036781,216556.91,122875.06,C707431423,2566.72,96248.57,0,0,0.0,0.0,be07fbd7-8774-4a38-a210-a9d24509bacd,C650036781,TRANSFER,USD,False,2026-10-01T08:00:00+00:00
61,CASH_OUT,21548.87,C321362854,44092.73,22543.86,C390930074,20601.57,42150.44,0,0,0.0,0.0,3b7ce797-3b06-49bf-b543-635011675982,C321362854,CASH_OUT,USD,False,2026-10-03T13:00:00+00:00
27,CASH_OUT,93551.96,C384299976,203266.73,109714.77,C772808571,1169.75,94721.71,0,0,0.0,0.0,baaf146b-5036-48e0-99f8-900073092aff,C384299976,CASH_OUT,USD,False,2026-10-02T03:00:00+00:00
54,CASH_OUT,111081.37,C762710205,216464.93,105383.56,C200703392,22616.97,133698.34,0,0,0.0,0.0,1acb63e7-b8c9-4fee-8afb-18d9f126b427,C762710205,CASH_OUT,USD,False,2026-10-03T06:00:00+00:00
4,CASH_OUT,10721.84,C224623936,26191.38,15469.54,C352651266,29635.33,40357.17,0,0,0.0,0.0,879f13c4-2adb-47e9-8d2f-c33aa127c899,C224623936,CASH_OUT,USD,False,2026-10-01T04:00:00+00:00
15,CASH_IN,47449.6,C360971128,17375.05,64824.65,C258567048,82193.26,34743.66,0,0,-94899.2,94899.2,d363547f-e383-48cb-8f80-c8420419965b,C360971128,CASH_IN,USD,False,2026-10-01T15:00:00+00:00
79,PAYMENT,4264.14,C100290700,6184.08,1919.94,M764943338,0.0,0.0,0,0,-0.0,4264.14,c0e74f05-77f4-4ee0-a113-eb34b42d1ce1,C100290700,PAYMENT,USD,False,2026-10-04T07:00:00+00:00
7,CASH_OUT,5744.8,C286043308,8793.12,3048.32,C147744586,27710.5,33455.3,0,0,0.0,0.0,b52b1230-3524-4936-bbad-f95f2b7f6ca1,C286043308,CASH_OUT,USD,False,2026-10-01T07:00:00+00:00
77,PAYMENT,3140.41,C476365139,19850.24,16709.83,M809569787,0.0,0.0,0,0,0.0,3140.41,3dddeb73-0628-4e63-afb8-56d396048ee4,C476365139,PAYMENT,USD,False,2026-10-04T05:00:00+00:00
74,PAYMENT,4237.92,C772568561,33341.7,29103.78,M555775011,0.0,0.0,0,0,0.0,4237.92,a62e5bb4-1cf9-43d1-9cb8-863209e60b7f,C772568561,PAYMENT,USD,False,2026-10-04T02:00:00+00:00
36,CASH_IN,48420.8,C645750195,4184.75,52605.55,C625049703,9059.36,0.0,0,0,-96841.6,57480.16,448d7de7-3682-4939-a636-7a0e9d56994f,C645750195,CASH_IN,USD,False,2026-10-02T12:00:00+00:00
65,CASH_IN,15900.86,C722652915,14347.15,30248.01,C694217022,7020.47,0.0,0,0,-31801.72,22921.33,2f2305e3-c56f-4be2-a85e-1a198257a93c,C722652915,CASH_IN,USD,False,2026-10-03T17:00:00+00:00
76,CASH_OUT,939284.79,C116724094,939284.79,0.0,C209118284,3313.11,942597.9,1,0,0.0,0.0,2fb19ced-e14c-4d3d-b615-a463f91a6a13,C116724094,CASH_OUT,USD,False,2026-10-04T04:00:00+00:00
36,CASH_IN,33499.62,C479167941,11721.6,45221.22,C535349662,52256.53,18756.91,0,0,-66999.24,66999.24,5b008c10-fdc7-4ccb-a30b-85429b7bc552,C479167941,CASH_IN,USD,False,2026-10-02T12:00:00+00:00
19,CASH_IN,22263.13,C307305046,17616.62,39879.75,C885051933,69648.14,47385.01,0,0,-44526.26,44526.26,d73a3c82-fe86-4fb7-b0a4-eb9ad4e00ea2,C307305046,CASH_IN,USD,False,2026-10-01T19:00:00+00:00
36,PAYMENT,1156.29,C358428472,7438.36,6282.07,M763907349,0.0,0.0,0,0,0.0,1156.29,71b08bf1-16c2-4304-acec-a17c2458b6b6,C358428472,PAYMENT,USD,False,2026-10-02T12:00:00+00:00
17,PAYMENT,2568.06,C567988362,20003.55,17435.49,M799762892,0.0,0.0,0,0,-0.0,2568.06,e7139b88-6936-47c3-83e2-df601ba53708,C567988362,PAYMENT,USD,False,2026-10-01T17:00:00+00:00
13,PAYMENT,4256.36,C405332410,27888.42,23632.06,M663491001,0.0,0.0,0,0,-0.0,4256.36,4bf34c91-0186-4a1b-9d65-1535cd5c87a1,C405332410,PAYMENT,USD,False,2026-10-01T13:00:00+00:00
92,PAYMENT,2498.66,C803771909,12817.29,10318.63,M790256940,0.0,0.0,0,0,0.0,2498.66,48c034c5-fe1f-40e1-871f-d92917081414,C803771909,PAYMENT,USD,False,2026-10-04T20:00:00+00:00
57,CASH_OUT,122631.76,C123894155,294522.99,171891.23,C605735834,44383.2,167014.96,0,0,-0.0,0.0,116057e1-abff-41c5-9e27-387c42049540,C123894155,CASH_OUT,USD,False,2026-10-03T09:00:00+00:00
91,CASH_IN,41567.12,C359029536,5193.44,46760.56,C665828379,84662.74,43095.62,0,0,-83134.24,83134.24,5542a612-a719-4bb8-960f-5f68f00a8f7c,C359029536,CASH_IN,USD,False,2026-10-04T19:00:00+00:00
77,PAYMENT,2009.67,C244506497,6855.02,4845.35,M181043141,0.0,0.0,0,0,0.0,2009.67,195a115c-4afa-4359-b178-cb788d87eb84,C244506497,PAYMENT,USD,False,2026-10-04T05:00:00+00:00
47,TRANSFER,163578.47,C204927181,185323.6,21745.13,C532129489,62993.19,226571.66,0,0,0.0,0.0,5bf55814-d255-43c4-bd99-cbb633d9f9b6,C204927181,TRANSFER,USD,False,2026-10-02T23:00:00+00:00
20,CASH_IN,18346.39,C239303571,19695.8,38042.19,C653314213,70664.75,52318.36,0,0,-36692.78,36692.78,bdf97853-3555-458d-9270-2ec4aec78231,C239303571,CASH_IN,USD,False,2026-10-01T20:00:00+00:00
23,PAYMENT,2380.89,C914060565,2844.57,463.68,M372191501,0.0,0.0,0,0,0.0,2380.89,de5e9721-197e-49f6-9cfa-e02b11967f97,C914060565,PAYMENT,USD,False,2026-10-01T23:00:00+00:00
63,CASH_IN,29339.81,C180925466,16445.91,45785.72,C367862292,73543.24,44203.43,0,0,-58679.62,58679.62,010e8b7a-4c5f-4940-8b8d-c49adaeb157c,C180925466,CASH_IN,USD,False,2026-10-03T15:00:00+00:00
70,CASH_OUT,88499.99,C912239392,99294.11,10794.12,C694425527,19355.3,107855.29,0,0,-0.0,0.0,d9570715-e8df-464a-b34b-9959108bfaec,C912239392,CASH_OUT,USD,False,2026-10-03T22:00:00+00:00
14,TRANSFER,67001.25,C381987344,67001.25,0.0,C813808912,4769.68,71770.93,1,0,0.0,0.0,7acc221a-4c6c-404b-9779-3da85f7ae924,C381987344,TRANSFER,USD,False,2026-10-01T14:00:00+00:00
53,CASH_OUT,56106.15,C421604966,110778.41,54672.26,C437740312,37515.57,93621.72,0,0,0.0,0.0,b1c1b032-fd38-4c6c-b1f2-257fc1e73ade,C421604966,CASH_OUT,USD,False,2026-10-03T05:00:00+00:00
39,CASH_OUT,104486.7,C281634125,233614.99,129128.29,C844746804,42390.86,146877.56,0,0,0.0,0.0,99adb5e3-9407-4308-99e5-b80d3345d9f3,C281634125,CASH_OUT,USD,False,2026-10-02T15:00:00+00:00
16,CASH_OUT,52795.19,C512351122,86003.75,33208.56,C561052655,6991.51,59786.7,0,0,0.0,0.0,12db1fc1-4f91-4104-ad39-a8e0e5e3bd1d,C512351122,CASH_OUT,USD,False,2026-10-01T16:00:00+00:00
50,CASH_OUT,79414.24,C602564736,216130.57,136716.33,C694021782,574.05,79988.29,0,0,0.0,0.0,0996f54c-ab2d-4a8f-ae95-df0c57dd62d4,C602564736,CASH_OUT,USD,False,2026-10-03T02:00:00+00:00
11,TRANSFER,217300.52,C170330343,437378.74,220078.22,C222912620,1576.96,218877.48,0,0,0.0,-0.0,171c3828-c74b-4eb0-aeb5-f100b3b4d65a,C170330343,TRANSFER,USD,False,2026-10-01T11:00:00+00:00
15,CASH_OUT,12101.46,C841415799,29800.89,17699.43,C884030674,49178.95,61280.41,0,0,0.0,-0.0,0d593285-bace-4e9e-a144-97d5fa5b43c8,C841415799,CASH_OUT,USD,False,2026-10-01T15:00:00+00:00
41,CASH_OUT,9834.37,C861863296,15545.43,5711.06,C682152066,14997.83,24832.2,0,0,-0.0,0.0,f86bbc05-c927-4fe1-af43-fd4565dee171,C861863296,CASH_OUT,USD,False,2026-10-02T17:00:00+00:00
33,TRANSFER,154309.36,C173424224,205266.25,50956.89,C605137683,55360.52,209669.88,0,0,0.0,-0.0,76c4d668-d95a-433b-949a-24f587062634,C173424224,TRANSFER,USD,False,2026-10-02T09:00:00+00:00
70,CASH_OUT,112531.41,C916006412,266930.06,154398.65,C501364498,17023.38,129554.79,0,0,0.0,0.0,d6981399-a2d7-4727-ae38-337239b01212,C916006412,CASH_OUT,USD,False,2026-10-03T22:00:00+00:00
99,CASH_OUT,85705.29,C462422604,191216.6,105511.31,C141453097,18084.74,103790.03,0,0,0.0,0.0,a1766783-5103-4795-a89e-e8c68705edd4,C462422604,CASH_OUT,USD,False,2026-10-05T03:00:00+00:00
71,DEBIT,588.7,C849778765,2458.85,1870.15,C865486796,1232.33,1821.03,0,0,-0.0,0.0,9d723d61-e0ac-4189-8c06-209ba86f5583,C849778765,DEBIT,USD,False,2026-10-03T23:00:00+00:00
63,CASH_OUT,142072.6,C493605858,255261.51,113188.91,C171750905,26491.36,168563.96,0,0,0.0,0.0,37b9f1d5-dc13-45af-a95e-cf58919cef9f,C493605858,CASH_OUT,USD,False,2026-10-03T15:00:00+00:00
38,CASH_IN,16126.2,C125425133,7648.13,23774.33,C949243852,56248.75,40122.55,0,0,-32252.4,32252.4,116f6130-55a7-45fa-8d93-3eb2d51433c8,C125425133,CASH_IN,USD,False,2026-10-02T14:00:00+00:00
60,CASH_OUT,127816.1,C455564697,374006.5,246190.4,C707841924,30805.16,158621.26,0,0,0.0,0.0,9d0933b7-6f01-4a94-a9e5-a69718680e58,C455564697,CASH_OUT,USD,False,2026-10-03T12:00:00+00:00
86,CASH_OUT,66864.35,C739570485,107794.95,40930.6,C183050142,34291.93,101156.28,0,0,-0.0,0.0,948fa63d-0030-4fe6-b3e2-6f8d31f8e540,C739570485,CASH_OUT,USD,False,2026-10-04T14:00:00+00:00
64,PAYMENT,4944.15,C482810555,26534.24,21590.09,M702212957,0.0,0.0,0,0,0.0,4944.15,927a16a9-5b7d-495d-b1a6-d754ed39ac0b,C482810555,PAYMENT,USD,False,2026-10-03T16:00:00+00:00
9,CASH_OUT,48128.8,C169580577,53719.26,5590.46,C746959695,29051.54,77180.34,0,0,-0.0,0.0,101a2661-62ea-4a07-a868-8717ec83ae53,C169580577,CASH_OUT,USD,False,2026-10-01T09:00:00+00:00
7,CASH_OUT,59494.37,C144592452,111132.24,51637.87,C356308622,418.18,59912.55,0,0,0.0,0.0,d5776c39-3e50-4f22-a980-fa48f5ef80f1,C144592452,CASH_OUT,USD,False,2026-10-01T07:00:00+00:00
19,PAYMENT,4412.51,C888798386,12779.19,8366.68,M884889041,0.0,0.0,0,0,0.0,4412.51,48208f13-d6cc-457e-a0a0-54aee57a93ca,C888798386,PAYMENT,USD,False,2026-10-01T19:00:00+00:00
37,CASH_IN,12526.45,C212987932,3692.54,16218.99,C369155621,66277.57,53751.12,0,0,-25052.9,25052.9,b5d58b51-4070-4bd4-b351-b9c6a09adf5d,C212987932,CASH_IN,USD,False,2026-10-02T13:00:00+00:00
90,CASH_OUT,34961.4,C454907373,96211.58,61250.18,C957293021,47313.39,82274.79,0,0,0.0,0.0,169aed70-1bdf-4795-a632-b706a9c12eca,C454907373,CASH_OUT,USD,False,2026-10-04T18:00:00+00:00
50,CASH_IN,4945.44,C926552926,11742.49,16687.93,C839369106,88182.94,83237.5,0,0,-9890.88,9890.88,e88019aa-79e2-4f17-b7d6-66eb56243950,C926552926,CASH_IN,USD,False,2026-10-03T02:00:00+00:00
53,CASH_IN,23560.72,C502347821,12438.33,35999.05,C415747781,16870.97,0.0,0,0,-47121.44,40431.69,992d08c6-9805-4e92-bc56-e1035f9c5f06,C502347821,CASH_IN,USD,False,2026-10-03T05:00:00+00:00
87,CASH_OUT,10110.3,C658252128,21678.07,11567.77,C917152142,38990.49,49100.79,0,0,0.0,-0.0,46f9c0e1-905a-4a4e-aa8f-776b58d0263a,C658252128,CASH_OUT,USD,False,2026-10-04T15:00:00+00:00
12,CASH_OUT,66407.91,C770916891,162157.47,95749.56,C553250483,27336.31,93744.22,0,0,0.0,0.0,15e1d4b9-c461-490d-aa69-518fee9c5f87,C770916891,CASH_OUT,USD,False,2026-10-01T12:00:00+00:00
92,CASH_IN,9482.93,C263858136,4122.88,13605.81,C259218523,18977.09,9494.16,0,0,-18965.86,18965.86,59d5a1d6-93b7-4551-b130-7c7cfc085118,C263858136,CASH_IN,USD,False,2026-10-04T20:00:00+00:00
32,CASH_IN,13262.16,C325577036,12840.71,26102.87,C454362380,8332.89,0.0,0,0,-26524.32,21595.05,6b49ff3a-6847-448f-9f3e-a45665841406,C325577036,CASH_IN,USD,False,2026-10-02T08:00:00+00:00
74,TRANSFER,224130.23,C826027747,543224.37,319094.14,C115923631,75480.43,299610.66,0,0,0.0,0.0,eccd70c7-5df0-4e8f-aa24-7696f6159d66,C826027747,TRANSFER,USD,False,2026-10-04T02:00:00+00:00
63,PAYMENT,1460.69,C737126357,8376.75,6916.06,M998560662,0.0,0.0,0,0,-0.0,1460.69,cd0e4d3f-188a-426f-8b0c-02702edb2de9,C737126357,PAYMENT,USD,False,2026-10-03T15:00:00+00:00
59,PAYMENT,3331.83,C113673918,13348.93,10017.1,M559478337,0.0,0.0,0,0,0.0,3331.83,e37df8aa-c81e-42cb-8586-410c8adf498d,C113673918,PAYMENT,USD,False,2026-10-03T11:00:00+00:00
48,CASH_IN,16463.24,C626432311,11420.29,27883.53,C862333884,75669.14,59205.9,0,0,-32926.48,32926.48,be0a9681-1cb4-42ea-9ffb-b8b12d927637,C626432311,CASH_IN,USD,False,2026-10-03T00:00:00+00:00
37,TRANSFER,128691.78,C341730484,343904.82,215213.04,C233525943,50449.74,179141.52,0,0,0.0,0.0,fe2bcb2d-31eb-433e-9817-edad0f4a015b,C341730484,TRANSFER,USD,False,2026-10-02T13:00:00+00:00
55,CASH_OUT,111727.51,C650171664,203368.99,91641.48,C390080916,10078.59,121806.1,0,0,0.0,-0.0,a45dc779-5044-4113-a409-971bdeb7d63e,C650171664,CASH_OUT,USD,False,2026-10-03T07:00:00+00:00
42,PAYMENT,2480.26,C573318556,11965.6,9485.34,M567557361,0.0,0.0,0,0,0.0,2480.26,f15c370f-a182-4d35-9893-17c3f85a0d2d,C573318556,PAYMENT,USD,False,2026-10-02T18:00:00+00:00
67,PAYMENT,292.03,C741531280,2447.81,2155.78,M930655747,0.0,0.0,0,0,-0.0,292.03,e777793e-5587-4ce2-9736-c9dfa87b1207,C741531280,PAYMENT,USD,False,2026-10-03T19:00:00+00:00
54,CASH_IN,14593.95,C242584768,7148.27,21742.22,C161729243,42057.6,27463.65,0,0,-29187.9,29187.9,0833e7bd-9195-4c1e-b8f8-b69134c51293,C242584768,CASH_IN,USD,False,2026-10-03T06:00:00+00:00
94,PAYMENT,2780.65,C472056967,19675.77,16895.12,M864896624,0.0,0.0,0,0,0.0,2780.65,8ada732c-fbda-48e4-a61c-7a62fe7687dc,C472056967,PAYMENT,USD,False,2026-10-04T22:00:00+00:00
37,CASH_IN,16031.52,C838439961,14372.81,30404.33,C356897080,44098.15,28066.63,0,0,-32063.04,32063.04,2d7f7866-d351-4911-81ff-1e116e40233e,C838439961,CASH_IN,USD,False,2026-10-02T13:00:00+00:00
55,CASH_OUT,25265.36,C932544766,37075.79,11810.43,C472560611,26862.97,52128.33,0,0,0.0,0.0,3e7f03a1-dfc9-434d-9a9e-7524b90239f1,C932544766,CASH_OUT,USD,False,2026-10-03T07:00:00+00:00
82,PAYMENT,2380.77,C752192946,20979.49,18598.72,M620540297,0.0,0.0,0,0,0.0,2380.77,faaf047a-7513-4dd6-a0cd-6eabe142bd35,C752192946,PAYMENT,USD,False,2026-10-04T10:00:00+00:00
3,CASH_OUT,44192.28,C290306358,109724.7,65532.42,C674080176,8422.67,52614.95,0,0,0.0,0.0,e9f08ec6-0962-4656-b40f-2f0d5b75a952,C290306358,CASH_OUT,USD,False,2026-10-01T03:00:00+00:00
24,CASH_OUT,27209.2,C215238810,80610.04,53400.84,C480987586,21204.59,48413.79,0,0,0.0,0.0,6ccd95bb-dbc7-44e9-8af1-bb4bb2cbe8fa,C215238810,CASH_OUT,USD,False,2026-10-02T00:00:00+00:00
88,CASH_IN,43959.55,C734691587,16999.95,60959.5,C510706397,20043.41,0.0,0,0,-87919.1,64002.96,1b5de425-047e-4a47-83aa-258e90fb2efd,C734691587,CASH_IN,USD,False,2026-10-04T16:00:00+00:00
100,CASH_IN,23021.52,C273371748,3437.95,26459.47,C531126807,16732.62,0.0,0,0,-46043.04,39754.14,5a4386a5-9b0a-4b2b-951a-943e924bf145,C273371748,CASH_IN,USD,False,2026-10-05T04:00:00+00:00
33,CASH_OUT,51673.05,C833378225,80261.94,28588.89,C367040757,39185.49,90858.54,0,0,0.0,0.0,06b96342-8d09-4fbb-82ed-1a59c09377a5,C833378225,CASH_OUT,USD,False,2026-10-02T09:00:00+00:00
97,CASH_IN,45623.51,C683176704,15401.52,61025.03,C109163182,28902.68,0.0,0,0,-91247.02,74526.19,37fb5fc0-b696-478b-ac13-c9561dfa1158,C683176704,CASH_IN,USD,False,2026-10-05T01:00:00+00:00
14,CASH_OUT,144039.89,C837492998,327319.83,183279.94,C917926197,25115.23,169155.12,0,0,0.0,0.0,2d6e2db8-1f3b-4e2a-bdaf-f9d4d33ee452,C837492998,CASH_OUT,USD,False,2026-10-01T14:00:00+00:00
49,PAYMENT,941.67,C560316655,2965.86,2024.19,M177038394,0.0,0.0,0,0,0.0,941.67,11fe1adc-4a24-4202-b57d-673c35fea789,C560316655,PAYMENT,USD,False,2026-10-03T01:00:00+00:00
54,CASH_OUT,86444.16,C259341757,238835.06,152390.9,C779281033,9905.21,96349.37,0,0,0.0,0.0,569c66cf-7f0a-4e96-a939-6f584581efd1,C259341757,CASH_OUT,USD,False,2026-10-03T06:00:00+00:00
69,PAYMENT,3380.96,C480412754,24095.13,20714.17,M874086851,0.0,0.0,0,0,0.0,3380.96,8cdb0aa7-44e8-4986-ba49-779b531a48ac,C480412754,PAYMENT,USD,False,2026-10-03T21:00:00+00:00
53,CASH_IN,49704.65,C807989829,9956.64,59661.29,C483534575,25192.41,0.0,0,0,-99409.3,74897.06,e92a63c0-f724-4b99-b6bb-cc4a4a7f486a,C807989829,CASH_IN,USD,False,2026-10-03T05:00:00+00:00
99,PAYMENT,422.53,C124211427,2997.25,2574.72,M578306974,0.0,0.0,0,0,0.0,422.53,c2e42d9a-1867-4b1e-a9f7-3d49c74247ee,C124211427,PAYMENT,USD,False,2026-10-05T03:00:00+00:00
9,PAYMENT,3441.52,C827552620,6414.29,2972.77,M420979374,0.0,0.0,0,0,0.0,3441.52,104c3ad3-1535-45b7-b079-9099b07093aa,C827552620,PAYMENT,USD,False,2026-10-01T09:00:00+00:00
79,CASH_OUT,7902.71,C858909915,23148.15,15245.44,C517796891,264.53,8167.24,0,0,0.0,0.0,abf0f700-bff6-4af9-b2ad-9c9badc7ec0b,C858909915,CASH_OUT,USD,False,2026-10-04T07:00:00+00:00
26,CASH_OUT,88252.99,C914076782,132611.45,44358.46,C512528694,24520.5,112773.49,0,0,0.0,0.0,c71bd119-6977-4038-8f75-203071a04684,C914076782,CASH_OUT,USD,False,2026-10-02T02:00:00+00:00
37,CASH_OUT,37277.25,C566674536,93470.41,56193.16,C454772432,43732.95,81010.2,0,0,0.0,0.0,bc87bd45-9a7b-4cbc-8150-cb979803e2d2,C566674536,CASH_OUT,USD,False,2026-10-02T13:00:00+00:00
64,TRANSFER,153512.29,C501937833,285619.28,132106.99,C834587946,19154.16,172666.45,0,0,0.0,0.0,6c1f0dd6-ffc3-4628-bece-996f390a0465,C501937833,TRANSFER,USD,False,2026-10-03T16:00:00+00:00
83,CASH_OUT,78705.58,C831822410,180007.45,101301.87,C527986678,34116.94,112822.52,0,0,0.0,0.0,61d34111-3eca-4694-9a51-70ab16cbc7ec,C831822410,CASH_OUT,USD,False,2026-10-04T11:00:00+00:00
72,PAYMENT,1720.37,C325182695,3876.72,2156.35,M169503511,0.0,0.0,0,0,0.0,1720.37,9d6dcc25-8cf7-4b1b-b3d2-df880108fa13,C325182695,PAYMENT,USD,False,2026-10-04T00:00:00+00:00
59,PAYMENT,4282.96,C795689887,33770.92,29487.96,M553749809,0.0,0.0,0,0,0.0,4282.96,7dde2b3b-61be-4609-b2fe-40b543ec4358,C795689887,PAYMENT,USD,False,2026-10-03T11:00:00+00:00
55,CASH_OUT,12450.09,C504872553,24682.04,12231.95,C125591724,16075.72,28525.81,0,0,0.0,-0.0,ef4cb6b0-33b2-4475-8675-26ac95457293,C504872553,CASH_OUT,USD,False,2026-10-03T07:00:00+00:00
15,CASH_OUT,149133.73,C912488192,255838.05,106704.32,C366594153,37774.55,186908.28,0,0,-0.0,0.0,30bffebf-8098-4225-a07c-f459829519c9,C912488192,CASH_OUT,USD,False,2026-10-01T15:00:00+00:00
65,PAYMENT,424.42,C386298150,594.43,170.01,M576095915,0.0,0.0,0,0,-0.0,424.42,d877fe9e-dca5-4393-8ab9-6ea22def15ae,C386298150,PAYMENT,USD,False,2026-10-03T17:00:00+00:00
67,CASH_OUT,86327.79,C838374035,150921.62,64593.83,C578651079,23153.16,109480.95,0,0,0.0,0.0,0fcc9cce-6803-4aec-bd65-a028b46cb912,C838374035,CASH_OUT,USD,False,2026-10-03T19:00:00+00:00
45,TRANSFER,207766.33,C506776019,617310.75,409544.42,C135003475,12005.97,219772.3,0,0,0.0,0.0,80b203a2-7ecf-4ec3-abf1-5eae3324e0de,C506776019,TRANSFER,USD,False,2026-10-02T21:00:00+00:00
94,CASH_IN,19140.42,C697013957,9639.89,28780.31,C400048778,59323.05,40182.63,0,0,-38280.84,38280.84,7e604de7-415d-4753-abb5-fbaf62b9c85a,C697013957,CASH_IN,USD,False,2026-10-04T22:00:00+00:00
27,CASH_OUT,60999.56,C986282066,88183.54,27183.98,C503993768,23421.79,84421.35,0,0,-0.0,0.0,dedf7af5-3fe6-4264-b2f4-c79e10183c92,C986282066,CASH_OUT,USD,False,2026-10-02T03:00:00+00:00
9,TRANSFER,177620.49,C401531313,432952.35,255331.86,C871881681,64155.28,241775.77,0,0,0.0,0.0,980e3a7c-21f0-4b15-830d-a0369e3fe989,C401531313,TRANSFER,USD,False,2026-10-01T09:00:00+00:00
83,PAYMENT,938.59,C261319410,6024.04,5085.45,M488933925,0.0,0.0,0,0,0.0,938.59,e44d7180-d613-4d86-be7a-833bed706fed,C261319410,PAYMENT,USD,False,2026-10-04T11:00:00+00:00
59,CASH_OUT,89171.22,C389178469,147922.02,58750.8,C106233457,2192.35,91363.57,0,0,-0.0,0.0,da98e22e-aa64-49a7-8096-6971973599e2,C389178469,CASH_OUT,USD,False,2026-10-03T11:00:00+00:00
86,TRANSFER,18114.48,C937412892,28963.28,10848.8,C790420574,30666.47,48780.95,0,0,0.0,0.0,4ff6f128-2dc7-467f-880c-75931f194fbb,C937412892,TRANSFER,USD,False,2026-10-04T14:00:00+00:00
80,CASH_OUT,67977.91,C560412262,162115.16,94137.25,C613483794,6051.19,74029.1,0,0,0.0,0.0,76cace49-bd16-4b53-815c-40d7bd9f7b16,C560412262,CASH_OUT,USD,False,2026-10-04T08:00:00+00:00
59,TRANSFER,28177.25,C911495781,94251.69,66074.44,C213700517,48772.47,76949.72,0,0,0.0,0.0,4d5fc2b3-6470-458a-aa4e-7ec435230c58,C911495781,TRANSFER,USD,False,2026-10-03T11:00:00+00:00
73,PAYMENT,2947.66,C178831808,6185.13,3237.47,M909049009,0.0,0.0,0,0,0.0,2947.66,4f601847-0d76-4da7-a440-c81128911928,C178831808,PAYMENT,USD,False,2026-10-04T01:00:00+00:00
59,CASH_OUT,27172.07,C687940745,61291.71,34119.64,C119975163,25811.21,52983.28,0,0,0.0,0.0,6e94f655-d0ad-4e06-bfaa-bba563e88178,C687940745,CASH_OUT,USD,False,2026-10-03T11:00:00+00:00
42,CASH_IN,12382.42,C854233642,11579.17,23961.59,C677968834,10565.52,0.0,0,0,-24764.84,22947.94,d6fcd237-cb5b-44ea-b67c-ec17b3782d10,C854233642,CASH_IN,USD,False,2026-10-02T18:00:00+00:00
75,CASH_IN,31548.93,C732037910,226.96,31775.89,C422740172,40145.75,8596.82,0,0,-63097.86,63097.86,76501188-92e5-4db9-a432-6a5b926ec7a6,C732037910,CASH_IN,USD,False,2026-10-04T03:00:00+00:00
17,PAYMENT,4172.23,C753875594,33579.85,29407.62,M716182316,0.0,0.0,0,0,0.0,4172.23,97416ebb-805b-4a99-987d-501de7038800,C753875594,PAYMENT,USD,False,2026-10-01T17:00:00+00:00
46,CASH_OUT,94534.16,C560591776,251862.64,157328.48,C547203716,10791.72,105325.88,0,0,0.0,0.0,a9bb4ca7-e1f4-4ab4-929e-9bfa944d7b8a,C560591776,CASH_OUT,USD,False,2026-10-02T22:00:00+00:00
4,CASH_OUT,42011.6,C280302367,56791.89,14780.29,C681721208,37323.64,79335.24,0,0,0.0,-0.0,ed10f31a-160a-402e-93fa-c73a54c68d53,C280302367,CASH_OUT,USD,False,2026-10-01T04:00:00+00:00
84,CASH_OUT,43756.67,C504350473,63206.77,19450.1,C199924985,20316.54,64073.21,0,0,0.0,0.0,a21436f7-4056-47ee-a4c2-53c5b96b4970,C504350473,CASH_OUT,USD,False,2026-10-04T12:00:00+00:00
60,CASH_OUT,63360.67,C568294151,88957.18,25596.51,C139732456,13635.6,76996.27,0,0,-0.0,0.0,4c0c81bd-9bf0-473f-bae5-d697dfa7072b,C568294151,CASH_OUT,USD,False,2026-10-03T12:00:00+00:00
21,TRANSFER,199368.64,C810728390,230541.44,31172.8,C414256405,29863.99,229232.63,0,0,-0.0,0.0,76e0a084-c2cf-4baa-9e30-e11961372df8,C810728390,TRANSFER,USD,False,2026-10-01T21:00:00+00:00
68,TRANSFER,106766.75,C485353099,197196.01,90429.26,C749086625,45617.05,152383.8,0,0,0.0,0.0,82c5d212-4dfe-4a26-a063-b528ded67c71,C485353099,TRANSFER,USD,False,2026-10-03T20:00:00+00:00
7,PAYMENT,1915.95,C428005325,3626.8,1710.85,M563449694,0.0,0.0,0,0,0.0,1915.95,bdc08f6a-61da-4053-b16d-aa7271c3af51,C428005325,PAYMENT,USD,False,2026-10-01T07:00:00+00:00
14,CASH_IN,37846.11,C889401015,886.71,38732.82,C243247463,55055.36,17209.25,0,0,-75692.22,75692.22,4e448f72-cd15-427f-a3db-820ac4e966e9,C889401015,CASH_IN,USD,False,2026-10-01T14:00:00+00:00
51,CASH_OUT,102208.04,C233007467,178346.24,76138.2,C359779054,29702.18,131910.22,0,0,0.0,0.0,d300a3a7-e20e-4b5d-bcdd-7a883ce07212,C233007467,CASH_OUT,USD,False,2026-10-03T03:00:00+00:00
97,CASH_IN,17635.65,C629926445,5095.31,22730.96,C284842392,43664.39,26028.74,0,0,-35271.3,35271.3,ed929ebc-2975-4d83-979c-276a86821ec1,C629926445,CASH_IN,USD,False,2026-10-05T01:00:00+00:00
46,CASH_OUT,134948.09,C630810146,201912.44,66964.35,C789693165,24375.34,159323.43,0,0,0.0,0.0,4fd7eaec-f367-47e4-a9e1-c5bb34afcffa,C630810146,CASH_OUT,USD,False,2026-10-02T22:00:00+00:00
88,PAYMENT,86.04,C977154054,321.02,234.98,M245340361,0.0,0.0,0,0,-0.0,86.04,684c63a2-b404-4748-8eb3-c6c40f8aff7a,C977154054,PAYMENT,USD,False,2026-10-04T16:00:00+00:00
16,CASH_IN,41759.88,C876328776,1649.64,43409.52,C578533665,10516.01,0.0,0,0,-83519.76,52275.89,f33a01d8-116f-4509-895a-6a6f91fd7d0b,C876328776,CASH_IN,USD,False,2026-10-01T16:00:00+00:00
62,CASH_OUT,74692.43,C428455028,189829.43,115137.0,C944347580,38542.14,113234.57,0,0,0.0,-0.0,f98c55d2-925a-4a87-903e-4f84a5c418e3,C428455028,CASH_OUT,USD,False,2026-10-03T14:00:00+00:00
37,CASH_OUT,7586.26,C863394412,13971.84,6385.58,C250624992,28063.12,35649.38,0,0,0.0,0.0,18fa5940-be03-4a59-a3d2-95ec1b1d56b0,C863394412,CASH_OUT,USD,False,2026-10-02T13:00:00+00:00
76,CASH_IN,38674.38,C940736866,3678.87,42353.25,C526125807,64601.98,25927.6,0,0,-77348.76,77348.76,b52273d9-7d4d-49a3-9853-419c7d916089,C940736866,CASH_IN,USD,False,2026-10-04T04:00:00+00:00
67,CASH_OUT,103087.28,C777559442,110660.3,7573.02,C283045753,41736.21,144823.49,0,0,0.0,0.0,1e3f2a41-f8f0-459d-b691-a5b36cf9d4ef,C777559442,CASH_OUT,USD,False,2026-10-03T19:00:00+00:00
59,CASH_OUT,27477.68,C109615290,58795.43,31317.75,C385894632,20253.45,47731.13,0,0,0.0,0.0,bef759e2-f4e7-466d-a6b1-07fe1569387e,C109615290,CASH_OUT,USD,False,2026-10-03T11:00:00+00:00
66,CASH_OUT,52204.45,C509006472,154789.97,102585.52,C848673952,48832.3,101036.75,0,0,0.0,0.0,44d3e3f4-bce7-43c6-af37-65cdee57bc93,C509006472,CASH_OUT,USD,False,2026-10-03T18:00:00+00:00
42,PAYMENT,3860.66,C974988696,35599.21,31738.55,M884382540,0.0,0.0,0,0,0.0,3860.66,50d8cc09-5a27-40f1-92de-4739a6deadfd,C974988696,PAYMENT,USD,False,2026-10-02T18:00:00+00:00
97,PAYMENT,2157.58,C834389102,11200.94,9043.36,M397281439,0.0,0.0,0,0,0.0,2157.58,655e1747-27c8-4442-b73c-d69a3c3c5c84,C834389102,PAYMENT,USD,False,2026-10-05T01:00:00+00:00
49,CASH_OUT,127919.88,C978950598,194690.96,66771.08,C420165131,7202.98,135122.86,0,0,-0.0,0.0,67848ff7-ebbd-4d8e-a1c9-b1d9a53f488b,C978950598,CASH_OUT,USD,False,2026-10-03T01:00:00+00:00
42,CASH_OUT,92549.72,C430763906,197224.27,104674.55,C736918536,47621.2,140170.92,0,0,-0.0,-0.0,12ea5f05-45f5-4af9-b309-ab5ab2713867,C430763906,CASH_OUT,USD,False,2026-10-02T18:00:00+00:00
12,PAYMENT,3318.36,C329086910,14093.67,10775.31,M455479984,0.0,0.0,0,0,0.0,3318.36,4159566b-9472-47dc-8202-4ffa501676de,C329086910,PAYMENT,USD,False,2026-10-01T12:00:00+00:00
72,PAYMENT,4023.47,C814817198,21494.22,17470.75,M454205969,0.0,0.0,0,0,0.0,4023.47,0bc9b844-28af-45e9-b821-65daf1ffde7d,C814817198,PAYMENT,USD,False,2026-10-04T00:00:00+00:00
46,PAYMENT,4055.48,C615850694,29883.77,25828.29,M808304553,0.0,0.0,0,0,0.0,4055.48,6137a9e0-d499-4a0c-8098-843c91ef3769,C615850694,PAYMENT,USD,False,2026-10-02T22:00:00+00:00
26,CASH_OUT,71518.31,C516707955,157389.02,85870.71,C704577929,4511.12,76029.43,0,0,-0.0,0.0,cbd02f96-56e2-4485-a573-70acee8df427,C516707955,CASH_OUT,USD,False,2026-10-02T02:00:00+00:00
68,TRANSFER,220475.12,C769159960,263717.47,43242.35,C863368317,11554.58,232029.7,0,0,-0.0,-0.0,05d2aeba-e81b-470f-ab20-f6e5ae7bad2a,C769159960,TRANSFER,USD,False,2026-10-03T20:00:00+00:00
22,CASH_OUT,45704.9,C954858358,72000.2,26295.3,C776644713,36396.31,82101.21,0,0,-0.0,-0.0,630b95fc-43c5-4ab7-ade5-ea68c798da86,C954858358,CASH_OUT,USD,False,2026-10-01T22:00:00+00:00
85,PAYMENT,333.04,C544339294,2489.39,2156.35,M144758304,0.0,0.0,0,0,0.0,333.04,2db9cac4-93ce-459e-8138-66316fd54d9c,C544339294,PAYMENT,USD,False,2026-10-04T13:00:00+00:00
81,PAYMENT,1624.27,C349269501,8591.95,6967.68,M184173272,0.0,0.0,0,0,0.0,1624.27,4a38637c-b52b-40b4-9638-eaec0533590d,C349269501,PAYMENT,USD,False,2026-10-04T09:00:00+00:00
70,CASH_OUT,100048.56,C813824999,117613.4,17564.84,C126386985,32737.02,132785.58,0,0,-0.0,0.0,c56c8b87-c57a-4301-aa24-dc2de51d8c62,C813824999,CASH_OUT,USD,False,2026-10-03T22:00:00+00:00
36,PAYMENT,634.47,C861753301,4746.67,4112.2,M218767591,0.0,0.0,0,0,0.0,634.47,17622f12-f814-4c73-be1f-ae8d7234e664,C861753301,PAYMENT,USD,False,2026-10-02T12:00:00+00:00
86,CASH_IN,37695.58,C185514406,308.48,38004.06,C760779310,51385.03,13689.45,0,0,-75391.16,75391.16,0320112c-ffa6-406e-8e1d-9f5fa6d50df3,C185514406,CASH_IN,USD,False,2026-10-04T14:00:00+00:00
32,CASH_OUT,56198.03,C152432124,80386.7,24188.67,C607792264,46773.91,102971.94,0,0,0.0,0.0,e43965a3-9e5f-4533-9d2f-55d9d71018d8,C152432124,CASH_OUT,USD,False,2026-10-02T08:00:00+00:00
18,PAYMENT,3737.1,C406907606,13205.58,9468.48,M749586853,0.0,0.0,0,0,0.0,3737.1,6040556c-a3cd-419f-a562-e6cd790c0016,C406907606,PAYMENT,USD,False,2026-10-01T18:00:00+00:00
3,CASH_OUT,49290.23,C392260212,78920.46,29630.23,C646357450,48638.06,97928.29,0,0,0.0,0.0,9c9dce22-0f33-4b62-8621-97b148b6bdbb,C392260212,CASH_OUT,USD,False,2026-10-01T03:00:00+00:00
81,PAYMENT,4671.97,C322392664,44151.56,39479.59,M524196654,0.0,0.0,0,0,0.0,4671.97,9911bf80-1faf-4d4d-aa50-1302b776a460,C322392664,PAYMENT,USD,False,2026-10-04T09:00:00+00:00
10,CASH_IN,12082.55,C444277942,1007.01,13089.56,C398668947,23047.95,10965.4,0,0,-24165.1,24165.1,bcba6fb6-4e27-41dc-b151-45b117fb6cc6,C444277942,CASH_IN,USD,False,2026-10-01T10:00:00+00:00
38,CASH_OUT,123437.6,C145347243,329475.99,206038.39,C424262405,15195.72,138633.32,0,0,-0.0,0.0,6a2678d7-a4b5-4642-9838-6855788d97fd,C145347243,CASH_OUT,USD,False,2026-10-02T14:00:00+00:00
44,PAYMENT,2545.75,C691072065,7409.15,4863.4,M588906086,0.0,0.0,0,0,0.0,2545.75,87405b06-0434-4b41-9b48-03094b82d871,C691072065,PAYMENT,USD,False,2026-10-02T20:00:00+00:00
47,PAYMENT,2829.65,C214737306,18346.71,15517.06,M632953308,0.0,0.0,0,0,0.0,2829.65,0c0f7f07-f1cd-433b-8bff-604d07f0397b,C214737306,PAYMENT,USD,False,2026-10-02T23:00:00+00:00
39,CASH_IN,9439.48,C102859112,5249.11,14688.59,C750373616,11208.05,1768.57,0,0,-18878.96,18878.96,c1825dc1-4985-4dfe-be11-3264f5c8d8fd,C102859112,CASH_IN,USD,False,2026-10-02T15:00:00+00:00
31,PAYMENT,4225.85,C551839773,18731.1,14505.25,M333077596,0.0,0.0,0,0,-0.0,4225.85,a08b0560-f8f4-4f71-9fb5-e5748554748e,C551839773,PAYMENT,USD,False,2026-10-02T07:00:00+00:00
47,CASH_IN,11184.76,C976805431,6639.45,17824.21,C587972689,76974.22,65789.46,0,0,-22369.52,22369.52,b4da843a-6597-4648-a04b-e89bec9d8cb1,C976805431,CASH_IN,USD,False,2026-10-02T23:00:00+00:00
15,PAYMENT,386.42,C927241215,3542.88,3156.46,M582153143,0.0,0.0,0,0,0.0,386.42,9d30620d-aff5-40c7-a44c-8a3055911b40,C927241215,PAYMENT,USD,False,2026-10-01T15:00:00+00:00
55,CASH_OUT,126811.06,C590523712,380274.3,253463.24,C313907621,42666.77,169477.83,0,0,0.0,0.0,7b327c7a-cc57-4d35-bcb7-c217e0c3e493,C590523712,CASH_OUT,USD,False,2026-10-03T07:00:00+00:00
6,CASH_IN,49805.99,C359454580,5341.12,55147.11,C637895095,68341.59,18535.6,0,0,-99611.98,99611.98,a5ae090c-5adf-47fe-975a-77c93fb04e7d,C359454580,CASH_IN,USD,False,2026-10-01T06:00:00+00:00
20,CASH_IN,34202.96,C480940552,19555.39,53758.35,C762325843,99071.8,64868.84,0,0,-68405.92,68405.92,553f2897-e217-49fb-ba9d-165af573cc5e,C480940552,CASH_IN,USD,False,2026-10-01T20:00:00+00:00
24,PAYMENT,4373.06,C368227631,21813.6,17440.54,M180943908,0.0,0.0,0,0,-0.0,4373.06,71f7ce38-57bb-416c-8d45-4b84df5785fc,C368227631,PAYMENT,USD,False,2026-10-02T00:00:00+00:00
75,PAYMENT,3458.73,C862099714,18627.81,15169.08,M953040219,0.0,0.0,0,0,0.0,3458.73,a30d8ea7-8298-43b2-aedc-aafb2fb13ce3,C862099714,PAYMENT,USD,False,2026-10-04T03:00:00+00:00
62,TRANSFER,106422.75,C432705736,106422.75,0.0,C505344558,1072.78,107495.53,1,0,0.0,0.0,57ce1fdb-e12a-4baa-95d5-eea36fc7a8d1,C432705736,TRANSFER,USD,False,2026-10-03T14:00:00+00:00
44,TRANSFER,239141.31,C848835684,239141.31,0.0,C855776143,1574.31,240715.62,1,1,0.0,0.0,78f6725e-037b-48e7-a3d5-5ed0a57ad3b6,C848835684,TRANSFER,USD,False,2026-10-02T20:00:00+00:00
21,PAYMENT,2318.61,C693506495,13430.82,11112.21,M126011809,0.0,0.0,0,0,0.0,2318.61,bd889021-dc42-4ad9-9f59-548eeef404a7,C693506495,PAYMENT,USD,False,2026-10-01T21:00:00+00:00
100,CASH_OUT,111573.82,C180152447,254136.18,142562.36,C725754532,43917.07,155490.89,0,0,0.0,0.0,58f171b7-15d6-4401-93c3-7961de34ef0f,C180152447,CASH_OUT,USD,False,2026-10-05T04:00:00+00:00
38,CASH_IN,8005.76,C380036237,16255.32,24261.08,C686021691,60434.48,52428.72,0,0,-16011.52,16011.52,223c9cba-e101-4a04-b47a-999483d62d54,C380036237,CASH_IN,USD,False,2026-10-02T14:00:00+00:00
25,PAYMENT,1794.05,C505626309,5841.9,4047.85,M244667571,0.0,0.0,0,0,-0.0,1794.05,67565003-b0d2-4962-8e66-594cfa67c879,C505626309,PAYMENT,USD,False,2026-10-02T01:00:00+00:00
51,PAYMENT,3592.85,C295047890,24462.93,20870.08,M229847349,0.0,0.0,0,0,0.0,3592.85,5e89baee-9b41-4b98-a4e3-bd3b40b79aa1,C295047890,PAYMENT,USD,False,2026-10-03T03:00:00+00:00
70,CASH_OUT,527.45,C883279377,1014.52,487.07,C530253315,27557.65,28085.1,0,0,-0.0,0.0,374c187e-0017-48bb-9029-018a75c87968,C883279377,CASH_OUT,USD,False,2026-10-03T22:00:00+00:00
92,DEBIT,42.08,C376429550,133.05,90.97,C479390612,319.19,361.27,0,0,0.0,0.0,2943db59-bd09-42a2-9270-a11626298dfb,C376429550,DEBIT,USD,False,2026-10-04T20:00:00+00:00
53,CASH_IN,43207.59,C873401277,213.44,43421.03,C109000052,19298.05,0.0,0,0,-86415.18,62505.64,f679e259-6fa4-4093-a44b-daa0fe59b1a7,C873401277,CASH_IN,USD,False,2026-10-03T05:00:00+00:00
27,CASH_IN,30490.22,C638590681,13463.5,43953.72,C513782013,88393.63,57903.41,0,0,-60980.44,60980.44,f3fc5503-c52c-462d-994e-83de9400511e,C638590681,CASH_IN,USD,False,2026-10-02T03:00:00+00:00
77,PAYMENT,1510.59,C319497661,11942.94,10432.35,M326810757,0.0,0.0,0,0,0.0,1510.59,2bde4131-fabb-41e8-8cee-e947254ce5cf,C319497661,PAYMENT,USD,False,2026-10-04T05:00:00+00:00
34,CASH_OUT,109515.55,C768986243,261757.75,152242.2,C251770634,33413.03,142928.58,0,0,0.0,0.0,18adc788-1163-4bac-892f-0555b2a9c66e,C768986243,CASH_OUT,USD,False,2026-10-02T10:00:00+00:00
80,CASH_OUT,943142.5,C103983540,943142.5,0.0,C748828476,1234.66,944377.16,1,0,0.0,0.0,bfa14120-3621-4d3c-95d3-6be8e64980e9,C103983540,CASH_OUT,USD,False,2026-10-04T08:00:00+00:00
46,CASH_OUT,33161.58,C244458240,65801.66,32640.08,C700075651,25432.96,58594.54,0,0,0.0,0.0,b2ccfed6-c5a2-4c4b-9802-92c5d6181546,C244458240,CASH_OUT,USD,False,2026-10-02T22:00:00+00:00
11,PAYMENT,4605.02,C649009234,11044.65,6439.63,M967647911,0.0,0.0,0,0,-0.0,4605.02,9706ff51-71e9-422d-91ff-cf362d3cfd7b,C649009234,PAYMENT,USD,False,2026-10-01T11:00:00+00:00
7,CASH_IN,21483.67,C720465595,7808.23,29291.9,C783193458,73083.16,51599.49,0,0,-42967.34,42967.34,b722f2f7-e271-4aa9-b384-a306ab5ed61d,C720465595,CASH_IN,USD,False,2026-10-01T07:00:00+00:00
11,CASH_OUT,10529.52,C906219798,22009.04,11479.52,C530097895,26233.97,36763.49,0,0,0.0,0.0,4ff490d7-e9b7-4d6e-9cfa-137f838eca99,C906219798,CASH_OUT,USD,False,2026-10-01T11:00:00+00:00
96,DEBIT,701.79,C694135942,742.69,40.9,C354006948,4634.73,5336.52,0,0,0.0,-0.0,7a51c0da-56da-4b3d-8b48-1c48808d839b,C694135942,DEBIT,USD,False,2026-10-05T00:00:00+00:00
59,CASH_OUT,81097.83,C104218426,81097.83,0.0,C909057555,2431.43,83529.26,1,0,0.0,0.0,9fcad486-c442-47b8-a2a8-1ddd8f8ada63,C104218426,CASH_OUT,USD,False,2026-10-03T11:00:00+00:00
63,TRANSFER,152770.32,C315466821,448602.33,295832.01,C291600816,8674.44,161444.76,0,0,0.0,0.0,8be81dda-5a1a-4b51-a14f-89d5a5a7cf81,C315466821,TRANSFER,USD,False,2026-10-03T15:00:00+00:00
51,DEBIT,1686.78,C893838119,3956.33,2269.55,C737506993,4158.62,5845.4,0,0,0.0,0.0,34e2d082-56c6-4bb1-a0cf-43f1f7e6a05c,C893838119,DEBIT,USD,False,2026-10-03T03:00:00+00:00
14,PAYMENT,3515.2,C989862107,28040.26,24525.06,M896045379,0.0,0.0,0,0,-0.0,3515.2,080fceb3-6247-479c-8552-8f64a16c9f0b,C989862107,PAYMENT,USD,False,2026-10-01T14:00:00+00:00
59,CASH_IN,42896.84,C362063464,16876.73,59773.57,C290385594,99301.4,56404.56,0,0,-85793.68,85793.68,dc9a70ca-3782-4e4e-84bc-e04fbef9add6,C362063464,CASH_IN,USD,False,2026-10-03T11:00:00+00:00
10,CASH_IN,10930.67,C575295669,8702.99,19633.66,C594468212,48920.59,37989.92,0,0,-21861.34,21861.34,734de3ce-5d77-4140-b9e6-7a0848139151,C575295669,CASH_IN,USD,False,2026-10-01T10:00:00+00:00
78,CASH_IN,37442.99,C341292392,9587.32,47030.31,C236715628,94989.4,57546.41,0,0,-74885.98,74885.98,d3d5015f-9158-4cba-ac44-1930f592d180,C341292392,CASH_IN,USD,False,2026-10-04T06:00:00+00:00
16,CASH_OUT,56518.83,C972717220,96982.44,40463.61,C745652639,8859.33,65378.16,0,0,0.0,0.0,386033d5-45ea-42dc-9f90-69ea0df9c446,C972717220,CASH_OUT,USD,False,2026-10-01T16:00:00+00:00
70,PAYMENT,893.2,C175258431,5516.35,4623.15,M801298681,0.0,0.0,0,0,0.0,893.2,832d1f16-2f00-432d-8cee-2e2083acf18a,C175258431,PAYMENT,USD,False,2026-10-03T22:00:00+00:00
97,PAYMENT,4904.78,C979150792,5040.4,135.62,M989072843,0.0,0.0,0,0,-0.0,4904.78,1fa03647-1ac1-4ada-8da8-d0cc36af31f5,C979150792,PAYMENT,USD,False,2026-10-05T01:00:00+00:00
38,CASH_OUT,27676.08,C341844881,46268.24,18592.16,C308670012,36059.05,63735.13,0,0,-0.0,0.0,1379c67c-7419-4eb5-8d5d-74118c27855d,C341844881,CASH_OUT,USD,False,2026-10-02T14:00:00+00:00
68,CASH_OUT,141498.47,C795090262,364042.94,222544.47,C480035335,28873.59,170372.06,0,0,0.0,0.0,079d0e00-8476-48c6-84ae-3893b0279802,C795090262,CASH_OUT,USD,False,2026-10-03T20:00:00+00:00
67,DEBIT,1194.51,C801680220,4920.21,3725.7,C547652803,1419.98,2614.49,0,0,0.0,0.0,e26beed9-262c-47f3-b711-397da1112ed3,C801680220,DEBIT,USD,False,2026-10-03T19:00:00+00:00
31,CASH_OUT,38931.3,C400103143,110087.57,71156.27,C714633783,29239.08,68170.38,0,0,0.0,0.0,91ae15a8-aa78-4a61-82d7-69f4367e9a84,C400103143,CASH_OUT,USD,False,2026-10-02T07:00:00+00:00
41,CASH_IN,35440.19,C434820002,3079.98,38520.17,C803611574,50946.63,15506.44,0,0,-70880.38,70880.38,fd154bc9-0b65-44e3-ad74-2603f249d419,C434820002,CASH_IN,USD,False,2026-10-02T17:00:00+00:00
64,CASH_IN,27252.69,C732016882,8573.78,35826.47,C783597900,68393.79,41141.1,0,0,-54505.38,54505.38,2f4005b3-9f2b-4035-9b37-d97d96dd4a10,C732016882,CASH_IN,USD,False,2026-10-03T16:00:00+00:00
16,CASH_OUT,62668.75,C251822107,178612.86,115944.11,C640583702,7597.25,70266.0,0,0,-0.0,0.0,eb29a4f0-ec52-4f71-b185-31abec2f80b5,C251822107,CASH_OUT,USD,False,2026-10-01T16:00:00+00:00
88,CASH_IN,24900.87,C609396906,13402.85,38303.72,C271540556,5268.44,0.0,0,0,-49801.74,30169.31,d96bafab-433d-4971-af97-cee0283a042a,C609396906,CASH_IN,USD,False,2026-10-04T16:00:00+00:00
78,CASH_OUT,107771.52,C522780580,182630.58,74859.06,C142804636,39406.82,147178.34,0,0,-0.0,0.0,8028a742-3f7e-4d19-9145-e22d84c3d5cb,C522780580,CASH_OUT,USD,False,2026-10-04T06:00:00+00:00
76,TRANSFER,228897.34,C855054186,435022.52,206125.18,C634409591,66136.87,295034.21,0,0,0.0,-0.0,2c5764b3-6dc0-4e6c-ae19-d0bc36243d6e,C855054186,TRANSFER,USD,False,2026-10-04T04:00:00+00:00
8,CASH_IN,7693.12,C656307931,3239.34,10932.46,C276799196,93539.05,85845.93,0,0,-15386.24,15386.24,973749eb-e166-402b-a113-d17805503044,C656307931,CASH_IN,USD,False,2026-10-01T08:00:00+00:00
2,PAYMENT,1000.51,C278777701,5427.78,4427.27,M880452269,0.0,0.0,0,0,-0.0,1000.51,5a8e7087-89ed-4d79-95cb-b316e90ff3ed,C278777701,PAYMENT,USD,False,2026-10-01T02:00:00+00:00
86,CASH_OUT,117740.36,C543411119,289812.97,172072.61,C522298769,7355.75,125096.11,0,0,0.0,0.0,7e7736a2-a87c-4e0b-b800-53bd9ac576b5,C543411119,CASH_OUT,USD,False,2026-10-04T14:00:00+00:00
16,CASH_OUT,53971.69,C813936096,114044.83,60073.14,C625462480,2046.74,56018.43,0,0,0.0,0.0,b385b0e5-c9a6-42a2-a5df-a4c459555a33,C813936096,CASH_OUT,USD,False,2026-10-01T16:00:00+00:00
83,CASH_IN,8243.95,C749554418,3069.83,11313.78,C982151713,99252.45,91008.5,0,0,-16487.9,16487.9,4fd12fe7-3ee1-4e65-a7d5-49fc94953f15,C749554418,CASH_IN,USD,False,2026-10-04T11:00:00+00:00
56,CASH_OUT,126957.27,C191271843,238759.58,111802.31,C767035780,4101.77,131059.04,0,0,-0.0,0.0,22d705d3-6f78-4aa7-afff-8389c564d1d0,C191271843,CASH_OUT,USD,False,2026-10-03T08:00:00+00:00
15,PAYMENT,3168.29,C151986781,7496.45,4328.16,M885716415,0.0,0.0,0,0,0.0,3168.29,9246b0c0-c794-4066-8391-ff1958a4e81d,C151986781,PAYMENT,USD,False,2026-10-01T15:00:00+00:00
38,PAYMENT,4094.85,C148321492,33904.0,29809.15,M560170181,0.0,0.0,0,0,0.0,4094.85,8635eaf3-f64f-42dc-8b1d-32ae7b42d8b4,C148321492,PAYMENT,USD,False,2026-10-02T14:00:00+00:00
65,CASH_OUT,37236.78,C142028540,111039.04,73802.26,C570039364,26203.43,63440.21,0,0,0.0,0.0,36d3e928-c9c6-4a80-964b-4bfc37474347,C142028540,CASH_OUT,USD,False,2026-10-03T17:00:00+00:00
9,CASH_IN,25084.29,C931453319,18179.87,43264.16,C251766763,13748.02,0.0,0,0,-50168.58,38832.31,9e68f8a4-8fec-4541-8073-570b0aeebffb,C931453319,CASH_IN,USD,False,2026-10-01T09:00:00+00:00
50,CASH_OUT,73645.35,C869591033,215500.33,141854.98,C636424728,34518.03,108163.38,0,0,-0.0,0.0,b6d20702-51a8-4892-9ebe-c526302e03cc,C869591033,CASH_OUT,USD,False,2026-10-03T02:00:00+00:00
81,PAYMENT,3501.6,C640034553,12153.5,8651.9,M624570895,0.0,0.0,0,0,0.0,3501.6,98be9031-6c2b-4ba4-acb4-51cae51684d2,C640034553,PAYMENT,USD,False,2026-10-04T09:00:00+00:00
31,CASH_OUT,36238.16,C221057584,79284.0,43045.84,C785135687,26414.33,62652.49,0,0,0.0,0.0,505b24f7-f637-4d10-89ff-43ba635e533b,C221057584,CASH_OUT,USD,False,2026-10-02T07:00:00+00:00
52,PAYMENT,4487.01,C210472590,32804.42,28317.41,M252328549,0.0,0.0,0,0,-0.0,4487.01,ad94fd42-1670-4c7d-8152-0a2a9a22439c,C210472590,PAYMENT,USD,False,2026-10-03T04:00:00+00:00
63,PAYMENT,1070.0,C361602151,9140.02,8070.02,M734346025,0.0,0.0,0,0,0.0,1070.0,db3024b0-e2cb-4d09-8e01-b6f57e27251d,C361602151,PAYMENT,USD,False,2026-10-03T15:00:00+00:00
14,CASH_IN,37579.71,C801874646,17496.2,55075.91,C419662531,4190.81,0.0,0,0,-75159.42,41770.52,d527effe-f5f3-4cdb-9257-d0b3ee445bf1,C801874646,CASH_IN,USD,False,2026-10-01T14:00:00+00:00
60,PAYMENT,1943.95,C706717769,13380.83,11436.88,M675163687,0.0,0.0,0,0,0.0,1943.95,2965743c-8109-49a4-8275-492f2839cb84,C706717769,PAYMENT,USD,False,2026-10-03T12:00:00+00:00
75,CASH_OUT,79201.3,C729562581,103754.27,24552.97,C933665199,44336.24,123537.54,0,0,0.0,0.0,8b0ea611-2196-49cd-90cf-180d0d56ba52,C729562581,CASH_OUT,USD,False,2026-10-04T03:00:00+00:00
96,PAYMENT,1874.74,C919642916,16059.24,14184.5,M777846827,0.0,0.0,0,0,0.0,1874.74,cb42a134-0288-4343-8044-ca02409e8722,C919642916,PAYMENT,USD,False,2026-10-05T00:00:00+00:00
29,CASH_IN,21052.6,C429730298,7433.65,28486.25,C455749066,58971.5,37918.9,0,0,-42105.2,42105.2,b2c1b98f-02e1-4f90-92b3-c3256461176d,C429730298,CASH_IN,USD,False,2026-10-02T05:00:00+00:00
54,CASH_OUT,72246.79,C844682433,187444.35,115197.56,C611816541,4121.0,76367.79,0,0,0.0,0.0,93891af9-5dc8-419f-a64b-36c0f4356274,C844682433,CASH_OUT,USD,False,2026-10-03T06:00:00+00:00
3,CASH_IN,32660.62,C259831058,18657.87,51318.49,C100931617,66795.98,34135.36,0,0,-65321.24,65321.24,d52e5141-a642-40f6-9861-8bd004708482,C259831058,CASH_IN,USD,False,2026-10-01T03:00:00+00:00
26,CASH_OUT,227561.41,C367072490,227561.41,0.0,C664951315,3356.25,230917.66,1,0,0.0,0.0,3abaf088-7bbe-4498-bf55-b186a1eb9f19,C367072490,CASH_OUT,USD,False,2026-10-02T02:00:00+00:00
52,CASH_OUT,38933.25,C236979608,78922.79,39989.54,C837293786,7774.56,46707.81,0,0,-0.0,0.0,4ee71b7d-2ab9-4a2b-9800-eda2cf6dff01,C236979608,CASH_OUT,USD,False,2026-10-03T04:00:00+00:00
88,CASH_OUT,71138.35,C241763305,134289.29,63150.94,C551111120,32234.22,103372.57,0,0,0.0,0.0,eec750bf-d27d-4438-a094-5f95b30bcc79,C241763305,CASH_OUT,USD,False,2026-10-04T16:00:00+00:00
26,CASH_OUT,129003.2,C467872376,360366.76,231363.56,C768550205,25944.6,154947.8,0,0,0.0,0.0,6fec5309-f3d2-4dcc-89dc-2cbaa4de730f,C467872376,CASH_OUT,USD,False,2026-10-02T02:00:00+00:00
2,PAYMENT,560.83,C963589906,2939.15,2378.32,M583249931,0.0,0.0,0,0,0.0,560.83,3a385396-5b27-4396-97cc-b901ea463269,C963589906,PAYMENT,USD,False,2026-10-01T02:00:00+00:00
1,PAYMENT,2601.51,C229959717,7384.76,4783.25,M365435516,0.0,0.0,0,0,0.0,2601.51,a4555756-a01a-4572-b3e3-88b8e8bde49c,C229959717,PAYMENT,USD,False,2026-10-01T01:00:00+00:00
40,PAYMENT,2353.81,C251753535,16171.0,13817.19,M682857882,0.0,0.0,0,0,0.0,2353.81,16b4c8d7-48ae-42fd-ae68-db0d7a62e64f,C251753535,PAYMENT,USD,False,2026-10-02T16:00:00+00:00
72,PAYMENT,4215.25,C790311363,22375.55,18160.3,M342150114,0.0,0.0,0,0,0.0,4215.25,a5934949-c953-453c-a474-5980f858d138,C790311363,PAYMENT,USD,False,2026-10-04T00:00:00+00:00
41,TRANSFER,109188.04,C161099173,250750.68,141562.64,C975164910,33137.83,142325.87,0,0,0.0,0.0,866a171d-09e1-424c-96b4-b8eadb773b83,C161099173,TRANSFER,USD,False,2026-10-02T17:00:00+00:00
12,CASH_IN,36169.2,C110356496,16139.72,52308.92,C890814637,87145.8,50976.6,0,0,-72338.4,72338.4,e7a6af99-eab8-42c6-bab6-34e20b1e905f,C110356496,CASH_IN,USD,False,2026-10-01T12:00:00+00:00
11,PAYMENT,2445.45,C536398872,7734.75,5289.3,M914073098,0.0,0.0,0,0,0.0,2445.45,5c5146af-aa66-406b-bc17-c159d07db553,C536398872,PAYMENT,USD,False,2026-10-01T11:00:00+00:00
4,CASH_OUT,43657.37,C252902956,98782.18,55124.81,C308739111,45635.44,89292.81,0,0,-0.0,0.0,43e139a4-eebd-4902-9816-794beb1730f8,C252902956,CASH_OUT,USD,False,2026-10-01T04:00:00+00:00
63,TRANSFER,61565.19,C792333529,202805.28,141240.09,C228156091,39444.02,101009.21,0,0,0.0,-0.0,5acdc4ed-8976-4bbb-a37e-a3e3d7586f44,C792333529,TRANSFER,USD,False,2026-10-03T15:00:00+00:00
43,CASH_OUT,63942.75,C418461071,153213.86,89271.11,C389684139,30625.06,94567.81,0,0,-0.0,0.0,d1bdb19e-3b7b-40c9-bffa-2c414f39ee97,C418461071,CASH_OUT,USD,False,2026-10-02T19:00:00+00:00
70,CASH_OUT,48656.43,C185724841,58278.92,9622.49,C615989236,35094.5,83750.93,0,0,-0.0,0.0,41cd9f8e-971e-4152-ac4a-a57239dfc605,C185724841,CASH_OUT,USD,False,2026-10-03T22:00:00+00:00
51,CASH_OUT,148055.12,C106893748,293659.41,145604.29,C976591420,4843.53,152898.65,0,0,-0.0,0.0,dd488e63-762b-4dc6-8102-115456a39d25,C106893748,CASH_OUT,USD,False,2026-10-03T03:00:00+00:00
52,PAYMENT,4636.2,C684851504,5080.22,444.02,M598490052,0.0,0.0,0,0,0.0,4636.2,51406662-2912-4ca0-8ff0-d1a5933939e5,C684851504,PAYMENT,USD,False,2026-10-03T04:00:00+00:00
5,CASH_IN,2827.33,C783066189,16848.54,19675.87,C422781818,41251.34,38424.01,0,0,-5654.66,5654.66,a31dd26d-97e9-4c29-b94b-546085c2a61e,C783066189,CASH_IN,USD,False,2026-10-01T05:00:00+00:00
42,CASH_IN,41495.69,C640136501,12482.58,53978.27,C386437094,23714.29,0.0,0,0,-82991.38,65209.98,cf389e84-9ae3-4e8a-869c-437cfefddfe0,C640136501,CASH_IN,USD,False,2026-10-02T18:00:00+00:00
68,PAYMENT,1194.19,C196903897,9504.22,8310.03,M231293747,0.0,0.0,0,0,-0.0,1194.19,661365e6-d2d9-4cb5-935a-7c05c64886e1,C196903897,PAYMENT,USD,False,2026-10-03T20:00:00+00:00
78,PAYMENT,4294.27,C401309071,38741.5,34447.23,M250325647,0.0,0.0,0,0,-0.0,4294.27,b80aff79-c29a-433d-9106-419bcc9f15fe,C401309071,PAYMENT,USD,False,2026-10-04T06:00:00+00:00
81,PAYMENT,1161.69,C871443460,9604.02,8442.33,M331549411,0.0,0.0,0,0,0.0,1161.69,5d904436-8666-4de2-bf76-b69c1bfabe64,C871443460,PAYMENT,USD,False,2026-10-04T09:00:00+00:00
75,CASH_IN,36113.61,C220026868,8257.86,44371.47,C493488269,34643.63,0.0,0,0,-72227.22,70757.24,03104761-92d6-42c4-92d9-7674391c8d5a,C220026868,CASH_IN,USD,False,2026-10-04T03:00:00+00:00
17,PAYMENT,53.36,C892212155,369.77,316.41,M970161858,0.0,0.0,0,0,-0.0,53.36,8ef1cbf5-77da-48cf-8842-da05461af404,C892212155,PAYMENT,USD,False,2026-10-01T17:00:00+00:00
91,CASH_IN,16867.07,C497868623,11712.1,28579.17,C959372397,86055.21,69188.14,0,0,-33734.14,33734.14,52a30d93-4ded-477f-b09c-05b644d3a548,C497868623,CASH_IN,USD,False,2026-10-04T19:00:00+00:00
23,CASH_OUT,37250.04,C212479669,59950.42,22700.38,C692866520,38848.57,76098.61,0,0,-0.0,0.0,4a6e0b63-3d3d-45b1-9758-04ca75e0a1ff,C212479669,CASH_OUT,USD,False,2026-10-01T23:00:00+00:00
10,CASH_OUT,22487.68,C664005696,22896.63,408.95,C752950895,33633.39,56121.07,0,0,0.0,0.0,29111c39-677a-41c4-a0a2-a0c16db9e5e4,C664005696,CASH_OUT,USD,False,2026-10-01T10:00:00+00:00
82,PAYMENT,2447.35,C227697300,9669.03,7221.68,M746733407,0.0,0.0,0,0,0.0,2447.35,4e7761a9-e8cf-467a-bcab-4061eab8d7f7,C227697300,PAYMENT,USD,False,2026-10-04T10:00:00+00:00
49,CASH_OUT,121996.4,C452699013,293482.07,171485.67,C819532005,47355.43,169351.83,0,0,0.0,0.0,17ee19b5-a4e6-432c-a9a4-d37fd1b2555c,C452699013,CASH_OUT,USD,False,2026-10-03T01:00:00+00:00
26,CASH_OUT,38927.97,C855979006,97136.99,58209.02,C748128701,1156.92,40084.89,0,0,0.0,0.0,7f8ec3af-797c-4551-afb9-5af2b7825a11,C855979006,CASH_OUT,USD,False,2026-10-02T02:00:00+00:00
3,CASH_OUT,51093.6,C587466702,107196.68,56103.08,C443624866,4467.04,55560.64,0,0,-0.0,0.0,209bf180-1dc4-4dfc-99dd-6007e2091e4b,C587466702,CASH_OUT,USD,False,2026-10-01T03:00:00+00:00
50,PAYMENT,2303.29,C183572632,16353.91,14050.62,M761183026,0.0,0.0,0,0,-0.0,2303.29,200dc67f-b242-4041-a6b6-8955c3fc2059,C183572632,PAYMENT,USD,False,2026-10-03T02:00:00+00:00
52,PAYMENT,2712.12,C324674061,25938.59,23226.47,M203709736,0.0,0.0,0,0,0.0,2712.12,79918ad1-f44d-4b76-a0f2-3d603bc00124,C324674061,PAYMENT,USD,False,2026-10-03T04:00:00+00:00
87,CASH_OUT,59515.83,C212927452,137903.92,78388.09,C661204449,4250.3,63766.13,0,0,0.0,0.0,a0854b03-7520-4d6a-960f-3a2d7ba2b9f4,C212927452,CASH_OUT,USD,False,2026-10-04T15:00:00+00:00
13,CASH_IN,37592.91,C809829892,9843.75,47436.66,C924174273,47136.16,9543.25,0,0,-75185.82,75185.82,99259e32-4f03-4daa-8b9b-68ea618ec60d,C809829892,CASH_IN,USD,False,2026-10-01T13:00:00+00:00
78,CASH_OUT,4889.27,C419073389,5791.53,902.26,C393045122,36314.49,41203.76,0,0,-0.0,-0.0,d61b9e91-968b-407b-b6f2-99c245330628,C419073389,CASH_OUT,USD,False,2026-10-04T06:00:00+00:00
57,CASH_IN,29467.43,C309163581,12288.27,41755.7,C781753635,46169.19,16701.76,0,0,-58934.86,58934.86,dd136ed7-d4ec-48f0-8ca7-8bf8c2f45c50,C309163581,CASH_IN,USD,False,2026-10-03T09:00:00+00:00
65,CASH_IN,39517.37,C451188751,5652.93,45170.3,C628291148,34041.5,0.0,0,0,-79034.74,73558.87,8ebbd561-7252-4d12-a72b-f76507524358,C451188751,CASH_IN,USD,False,2026-10-03T17:00:00+00:00
44,CASH_IN,10155.97,C191230681,15193.44,25349.41,C615852872,89346.64,79190.67,0,0,-20311.94,20311.94,b80d2f75-6321-4924-a67c-158f9cba1412,C191230681,CASH_IN,USD,False,2026-10-02T20:00:00+00:00
99,CASH_IN,19801.44,C112617233,12602.8,32404.24,C537008782,67419.33,47617.89,0,0,-39602.88,39602.88,4caf6a7c-0cd6-4348-b91c-b5ff7207be36,C112617233,CASH_IN,USD,False,2026-10-05T03:00:00+00:00
79,CASH_IN,42537.16,C499556921,11540.87,54078.03,C377114900,55244.61,12707.45,0,0,-85074.32,85074.32,eabdc7be-10ae-4935-9709-d32c3692a321,C499556921,CASH_IN,USD,False,2026-10-04T07:00:00+00:00
33,CASH_OUT,75566.34,C925328186,187482.53,111916.19,C222337296,23143.95,98710.29,0,0,0.0,0.0,0a27b45f-646e-4230-852a-820a02c5ce66,C925328186,CASH_OUT,USD,False,2026-10-02T09:00:00+00:00
54,CASH_OUT,53266.7,C207445079,142385.58,89118.88,C432840339,21707.44,74974.14,0,0,-0.0,0.0,02da1c81-824f-43e3-9e7f-0250e17e0739,C207445079,CASH_OUT,USD,False,2026-10-03T06:00:00+00:00
49,CASH_IN,38965.88,C710401558,609.54,39575.42,C256777689,20161.72,0.0,0,0,-77931.76,59127.6,c06b8be9-9d99-41f3-a36c-f4d67f19be73,C710401558,CASH_IN,USD,False,2026-10-03T01:00:00+00:00
75,CASH_OUT,104002.65,C896127498,240876.95,136874.3,C960063170,39071.55,143074.2,0,0,0.0,0.0,8b9aa909-a136-475e-b32f-814fc7de0c78,C896127498,CASH_OUT,USD,False,2026-10-04T03:00:00+00:00
15,CASH_IN,22441.35,C611365210,10264.76,32706.11,C488736388,11796.35,0.0,0,0,-44882.7,34237.7,833f5d8f-38db-4e40-bb59-9a001b613920,C611365210,CASH_IN,USD,False,2026-10-01T15:00:00+00:00
98,CASH_IN,41434.85,C308659087,11742.43,53177.28,C376721617,88464.54,47029.69,0,0,-82869.7,82869.7,3c95a75b-582e-43e8-ac29-256415fcaf41,C308659087,CASH_IN,USD,False,2026-10-05T02:00:00+00:00
85,DEBIT,1923.04,C857167893,7174.3,5251.26,C583858741,704.58,2627.62,0,0,0.0,0.0,3a73ff40-bccd-49a7-90d5-1f0e6959cfce,C857167893,DEBIT,USD,False,2026-10-04T13:00:00+00:00
73,CASH_IN,2593.56,C520620533,2053.27,4646.83,C108454944,84915.32,82321.76,0,0,-5187.12,5187.12,daafc6ff-4198-453c-9aef-27f69f5cca4a,C520620533,CASH_IN,USD,False,2026-10-04T01:00:00+00:00
78,PAYMENT,1711.15,C408040624,2966.37,1255.22,M226662904,0.0,0.0,0,0,-0.0,1711.15,b233d732-cc6f-46be-8b6e-e3ed628371c0,C408040624,PAYMENT,USD,False,2026-10-04T06:00:00+00:00
68,PAYMENT,4746.49,C614502084,25604.83,20858.34,M867226818,0.0,0.0,0,0,0.0,4746.49,268e383a-6d43-442d-b519-fde3a041cc5b,C614502084,PAYMENT,USD,False,2026-10-03T20:00:00+00:00
96,PAYMENT,2789.99,C336558240,6896.71,4106.72,M295193275,0.0,0.0,0,0,0.0,2789.99,7f730e8c-c914-4afc-b540-affc2faa061d,C336558240,PAYMENT,USD,False,2026-10-05T00:00:00+00:00
65,DEBIT,1633.41,C351429015,5397.51,3764.1,C885460919,2929.63,4563.04,0,0,0.0,0.0,9e8bb1f5-b8fd-4af6-aa46-e936e4bc76c4,C351429015,DEBIT,USD,False,2026-10-03T17:00:00+00:00
63,DEBIT,430.73,C803122317,2023.66,1592.93,C241389348,4315.25,4745.98,0,0,0.0,0.0,91c6a6d6-a145-42c3-ba50-8fd5f8e3ce71,C803122317,DEBIT,USD,False,2026-10-03T15:00:00+00:00
94,CASH_IN,23059.18,C987957620,12695.45,35754.63,C551792747,33546.45,10487.27,0,0,-46118.36,46118.36,be0cce5d-1d7c-4bea-9f87-c4238be89d5a,C987957620,CASH_IN,USD,False,2026-10-04T22:00:00+00:00
59,TRANSFER,765715.28,C709804832,765715.28,0.0,C425814692,3472.35,769187.63,1,0,0.0,0.0,622fb284-1540-4e10-afaf-7dde79783a17,C709804832,TRANSFER,USD,False,2026-10-03T11:00:00+00:00
80,PAYMENT,2970.55,C205173253,13586.2,10615.65,M364339783,0.0,0.0,0,0,0.0,2970.55,72e0bb74-49a5-4fc6-bd4c-2f08bdcc5361,C205173253,PAYMENT,USD,False,2026-10-04T08:00:00+00:00
32,CASH_OUT,96948.09,C271200630,211621.47,114673.38,C519832695,12428.67,109376.76,0,0,0.0,0.0,91b38cc5-f051-4ca5-8f89-7d06b80915cb,C271200630,CASH_OUT,USD,False,2026-10-02T08:00:00+00:00
79,CASH_OUT,118565.46,C729037950,127322.99,8757.53,C840338262,2411.21,120976.67,0,0,-0.0,0.0,d14807b4-08d2-434f-9bd0-fa88f7da7ff0,C729037950,CASH_OUT,USD,False,2026-10-04T07:00:00+00:00
15,PAYMENT,2271.35,C269820594,20175.67,17904.32,M875340444,0.0,0.0,0,0,0.0,2271.35,eabcc091-1537-473b-8618-bfce859eea8c,C269820594,PAYMENT,USD,False,2026-10-01T15:00:00+00:00
69,PAYMENT,2919.03,C847886206,20047.99,17128.96,M530010569,0.0,0.0,0,0,0.0,2919.03,f7d7ce9e-0beb-46dc-b603-bf105260655f,C847886206,PAYMENT,USD,False,2026-10-03T21:00:00+00:00
54,TRANSFER,156511.45,C899880385,308631.93,152120.48,C341168373,17000.2,173511.65,0,0,-0.0,0.0,5ed529a4-987a-4314-9bed-b03840ad0ca5,C899880385,TRANSFER,USD,False,2026-10-03T06:00:00+00:00
30,PAYMENT,4951.8,C526041566,23736.37,18784.57,M891478687,0.0,0.0,0,0,0.0,4951.8,f0bcb557-9b28-49c4-9595-9b3926a84b21,C526041566,PAYMENT,USD,False,2026-10-02T06:00:00+00:00
32,PAYMENT,2598.94,C894771417,5772.64,3173.7,M238217410,0.0,0.0,0,0,0.0,2598.94,268de4ad-d518-4628-8103-6e67a94af7a8,C894771417,PAYMENT,USD,False,2026-10-02T08:00:00+00:00
12,CASH_IN,29470.2,C981149980,3647.84,33118.04,C988331077,63198.3,33728.1,0,0,-58940.4,58940.4,f636cd71-7020-4b4d-a7fb-7168a0fc98dc,C981149980,CASH_IN,USD,False,2026-10-01T12:00:00+00:00
79,PAYMENT,1858.12,C132893947,9028.21,7170.09,M734970011,0.0,0.0,0,0,-0.0,1858.12,7a70a825-7506-4f9f-82c7-229ae3be9cdf,C132893947,PAYMENT,USD,False,2026-10-04T07:00:00+00:00
79,CASH_OUT,52743.04,C572553155,118996.74,66253.7,C328766544,7568.71,60311.75,0,0,0.0,0.0,cac6913c-9a9c-483b-bc48-0ba47c246a52,C572553155,CASH_OUT,USD,False,2026-10-04T07:00:00+00:00
91,CASH_OUT,125628.06,C751375404,278047.02,152418.96,C503536163,43519.67,169147.73,0,0,0.0,-0.0,5f6ba66e-9611-4635-83a2-841fb4ce6cbc,C751375404,CASH_OUT,USD,False,2026-10-04T19:00:00+00:00
91,PAYMENT,1428.07,C303546093,6499.02,5070.95,M243538161,0.0,0.0,0,0,0.0,1428.07,14c2beb0-ecbc-475e-89f9-1f569f649261,C303546093,PAYMENT,USD,False,2026-10-04T19:00:00+00:00
93,PAYMENT,387.68,C161078360,1917.85,1530.17,M236060156,0.0,0.0,0,0,-0.0,387.68,7f6a22d1-5769-4982-aef3-b23e98a32ea6,C161078360,PAYMENT,USD,False,2026-10-04T21:00:00+00:00
60,CASH_OUT,108508.95,C496136201,224322.15,115813.2,C263980356,9340.34,117849.29,0,0,0.0,0.0,61a56e65-c861-4139-9241-3db7c60633ab,C496136201,CASH_OUT,USD,False,2026-10-03T12:00:00+00:00
96,TRANSFER,198953.49,C291069859,241987.72,43034.23,C566684177,66515.1,265468.59,0,0,0.0,-0.0,452bf0d9-b74a-4db2-9514-2652d8fdaf18,C291069859,TRANSFER,USD,False,2026-10-05T00:00:00+00:00
99,PAYMENT,2826.58,C247004924,14305.29,11478.71,M832769359,0.0,0.0,0,0,0.0,2826.58,0b6096f5-4a9c-4d15-8da1-aa13e8250fbf,C247004924,PAYMENT,USD,False,2026-10-05T03:00:00+00:00
26,CASH_OUT,115554.51,C749247830,167489.27,51934.76,C870173255,20841.61,136396.12,0,0,-0.0,0.0,bbda0136-9178-4097-a368-278762c4dff6,C749247830,CASH_OUT,USD,False,2026-10-02T02:00:00+00:00
100,PAYMENT,1120.55,C364769288,4420.49,3299.94,M103278382,0.0,0.0,0,0,-0.0,1120.55,a6538b6a-faa2-440c-aea6-db2f4f2f97ae,C364769288,PAYMENT,USD,False,2026-10-05T04:00:00+00:00
86,CASH_OUT,13894.93,C388484957,39044.39,25149.46,C114003647,19649.37,33544.3,0,0,0.0,0.0,e197fafb-b79a-4d97-8d93-5f8cd43b4998,C388484957,CASH_OUT,USD,False,2026-10-04T14:00:00+00:00
100,CASH_IN,23046.4,C416428807,17066.24,40112.64,C996845363,97210.14,74163.74,0,0,-46092.8,46092.8,6c2242b6-7a24-452b-b05b-e774a6fc86a9,C416428807,CASH_IN,USD,False,2026-10-05T04:00:00+00:00
72,CASH_OUT,33344.68,C533020417,37927.62,4582.94,C296683608,44620.09,77964.77,0,0,0.0,-0.0,6efd57d1-1f81-47af-a9c2-cfc9f5eec543,C533020417,CASH_OUT,USD,False,2026-10-04T00:00:00+00:00
35,PAYMENT,522.54,C269321921,5214.61,4692.07,M108564266,0.0,0.0,0,0,0.0,522.54,188b0cc8-671f-49b2-a981-d9d5e3a16ea6,C269321921,PAYMENT,USD,False,2026-10-02T11:00:00+00:00
8,PAYMENT,1084.6,C819942770,4843.33,3758.73,M978869972,0.0,0.0,0,0,0.0,1084.6,b8e78fa4-3d5c-4e6e-93f0-868c54c1a38d,C819942770,PAYMENT,USD,False,2026-10-01T08:00:00+00:00
5,CASH_OUT,71237.51,C661803025,94742.14,23504.63,C179664509,24527.47,95764.98,0,0,0.0,0.0,ac4e0146-c19d-4d8b-8158-5123b06673d8,C661803025,CASH_OUT,USD,False,2026-10-01T05:00:00+00:00
65,PAYMENT,287.96,C764264926,2599.21,2311.25,M848954148,0.0,0.0,0,0,0.0,287.96,f8b1f2a7-a4da-488f-870c-95d0515d26d2,C764264926,PAYMENT,USD,False,2026-10-03T17:00:00+00:00
3,PAYMENT,576.54,C526901220,892.19,315.65,M134045293,0.0,0.0,0,0,0.0,576.54,d59bbfe8-1259-435c-b73b-102a131cfdcf,C526901220,PAYMENT,USD,False,2026-10-01T03:00:00+00:00
86,PAYMENT,2269.15,C448709567,3604.06,1334.91,M132495867,0.0,0.0,0,0,-0.0,2269.15,5dad185d-60bd-4840-a4cd-732481045087,C448709567,PAYMENT,USD,False,2026-10-04T14:00:00+00:00
2,PAYMENT,1043.25,C780799423,3644.06,2600.81,M154446946,0.0,0.0,0,0,0.0,1043.25,3b38f8e7-99e5-4ef4-afe5-b8be63d9ee54,C780799423,PAYMENT,USD,False,2026-10-01T02:00:00+00:00
4,TRANSFER,113662.19,C362896251,377213.83,263551.64,C461477391,19652.65,133314.84,0,0,0.0,0.0,c023e09f-28e5-4511-88b6-ca7fec35446c,C362896251,TRANSFER,USD,False,2026-10-01T04:00:00+00:00
27,CASH_IN,28268.5,C246786040,6628.53,34897.03,C195271220,37460.59,9192.09,0,0,-56537.0,56537.0,c8eacbe6-dc35-4751-b2f0-b32a0c793cec,C246786040,CASH_IN,USD,False,2026-10-02T03:00:00+00:00
80,CASH_IN,40451.85,C162154450,6071.77,46523.62,C661045640,88733.08,48281.23,0,0,-80903.7,80903.7,5ae8d308-773f-4df8-93cb-2479f71c0d2d,C162154450,CASH_IN,USD,False,2026-10-04T08:00:00+00:00
58,PAYMENT,5.43,C753837603,29.54,24.11,M390912744,0.0,0.0,0,0,0.0,5.43,f741ea3f-cac1-4bf6-b2fd-4e49a7514ada,C753837603,PAYMENT,USD,False,2026-10-03T10:00:00+00:00
61,CASH_IN,43479.47,C235718766,8628.4,52107.87,C995348812,69314.61,25835.14,0,0,-86958.94,86958.94,a53b19d6-ce06-4ecd-9f9d-e3839b0781a1,C235718766,CASH_IN,USD,False,2026-10-03T13:00:00+00:00
24,CASH_IN,17175.26,C135530684,19346.91,36522.17,C190625378,59958.87,42783.61,0,0,-34350.52,34350.52,cd7e39da-cf50-4c5a-8794-5e759b97e577,C135530684,CASH_IN,USD,False,2026-10-02T00:00:00+00:00
13,CASH_IN,11828.47,C963382466,17126.17,28954.64,C564091344,20410.26,8581.79,0,0,-23656.94,23656.94,ac9e3fff-04b5-4d27-a318-7364215d0f22,C963382466,CASH_IN,USD,False,2026-10-01T13:00:00+00:00
29,DEBIT,663.84,C404598982,2477.32,1813.48,C870853764,263.61,927.45,0,0,0.0,0.0,8aa63eb8-3f9d-48f2-a8d1-5abc28d43387,C404598982,DEBIT,USD,False,2026-10-02T05:00:00+00:00
80,DEBIT,1176.05,C205000044,3036.67,1860.62,C294144833,472.47,1648.52,0,0,0.0,0.0,ebb95c02-491f-4d0b-8539-df05e1346d3d,C205000044,DEBIT,USD,False,2026-10-04T08:00:00+00:00
93,CASH_OUT,69178.27,C626772995,179168.33,109990.06,C886808192,8463.29,77641.56,0,0,-0.0,0.0,42ad8b40-7090-4b96-b400-9fe1ec1560cf,C626772995,CASH_OUT,USD,False,2026-10-04T21:00:00+00:00
55,CASH_OUT,138905.2,C280627976,237690.09,98784.89,C203130465,23693.79,162598.99,0,0,-0.0,0.0,67be3637-6ea6-4ede-a5d2-3f661ba99d55,C280627976,CASH_OUT,USD,False,2026-10-03T07:00:00+00:00
58,PAYMENT,475.99,C369583169,512.1,36.11,M870366950,0.0,0.0,0,0,0.0,475.99,c3bf464f-36ce-4743-93a3-50baaf0bc12a,C369583169,PAYMENT,USD,False,2026-10-03T10:00:00+00:00
24,TRANSFER,32968.35,C826744963,75481.43,42513.08,C541971285,2551.33,35519.68,0,0,-0.0,0.0,80cfe781-d782-4401-bea8-329fe05a6d9a,C826744963,TRANSFER,USD,False,2026-10-02T00:00:00+00:00
37,CASH_OUT,85679.49,C346143073,166822.52,81143.03,C873196249,18268.75,103948.24,0,0,-0.0,0.0,714619ae-0298-4349-b2df-865b69fec38c,C346143073,CASH_OUT,USD,False,2026-10-02T13:00:00+00:00
90,CASH_OUT,30962.71,C444774443,53934.67,22971.96,C845951520,23297.58,54260.29,0,0,0.0,0.0,4d96a630-6a33-4ce4-b8c5-6f034585d2da,C444774443,CASH_OUT,USD,False,2026-10-04T18:00:00+00:00
71,CASH_OUT,94288.47,C399253122,234541.27,140252.8,C844503763,33003.57,127292.04,0,0,0.0,0.0,e4daadda-607f-48af-a526-20837ab0c33d,C399253122,CASH_OUT,USD,False,2026-10-03T23:00:00+00:00
83,CASH_OUT,138958.12,C696426568,145231.47,6273.35,C339737188,11100.65,150058.77,0,0,0.0,0.0,e21ddcd1-ca2c-49b6-b1c4-812ed8384040,C696426568,CASH_OUT,USD,False,2026-10-04T11:00:00+00:00
13,TRANSFER,402203.16,C445872820,402203.16,0.0,C342514695,1942.49,404145.65,1,0,0.0,-0.0,26dcf592-1ac4-4191-a80b-42829ab0d8c4,C445872820,TRANSFER,USD,False,2026-10-01T13:00:00+00:00
99,CASH_IN,39790.47,C886673778,17995.89,57786.36,C213206543,18225.8,0.0,0,0,-79580.94,58016.27,5d746667-679a-4a8a-bda2-9a98c3642ddf,C886673778,CASH_IN,USD,False,2026-10-05T03:00:00+00:00
21,PAYMENT,1762.81,C834773724,6559.3,4796.49,M771336642,0.0,0.0,0,0,0.0,1762.81,a9a17fec-3de5-4d07-890c-aafaa04277ad,C834773724,PAYMENT,USD,False,2026-10-01T21:00:00+00:00
24,PAYMENT,4424.41,C148498317,32378.27,27953.86,M552724457,0.0,0.0,0,0,0.0,4424.41,2b8c9c3a-f235-4595-b250-c399b5367ab5,C148498317,PAYMENT,USD,False,2026-10-02T00:00:00+00:00
34,PAYMENT,3254.18,C830441124,17841.03,14586.85,M828762119,0.0,0.0,0,0,-0.0,3254.18,3dac26ed-6cba-4a43-9e18-8bef7c548575,C830441124,PAYMENT,USD,False,2026-10-02T10:00:00+00:00
98,PAYMENT,4887.95,C950167054,40640.35,35752.4,M795834545,0.0,0.0,0,0,0.0,4887.95,12ad0828-df49-4dab-809f-2847b7e51ceb,C950167054,PAYMENT,USD,False,2026-10-05T02:00:00+00:00
3,PAYMENT,2209.22,C269633510,21929.92,19720.7,M100725768,0.0,0.0,0,0,-0.0,2209.22,c67dd88e-df19-45ac-a441-8af332b93f68,C269633510,PAYMENT,USD,False,2026-10-01T03:00:00+00:00
81,PAYMENT,858.72,C395533528,8347.92,7489.2,M909853997,0.0,0.0,0,0,0.0,858.72,6ac47191-a7d8-4f34-939f-4f650590e29a,C395533528,PAYMENT,USD,False,2026-10-04T09:00:00+00:00
25,CASH_IN,34633.19,C101618906,3910.04,38543.23,C976660776,97640.04,63006.85,0,0,-69266.38,69266.38,a25cbc30-78be-4212-a739-ca39aa4b4cd8,C101618906,CASH_IN,USD,False,2026-10-02T01:00:00+00:00
3,CASH_OUT,80271.67,C227029844,195908.74,115637.07,C788722430,3161.88,83433.55,0,0,-0.0,0.0,69d68449-9c06-4e8a-9e58-8e4dee62c236,C227029844,CASH_OUT,USD,False,2026-10-01T03:00:00+00:00
22,PAYMENT,3504.07,C356413764,17661.84,14157.77,M382515849,0.0,0.0,0,0,0.0,3504.07,adc4a36e-cebf-42f2-a81e-d3bd6edab7f6,C356413764,PAYMENT,USD,False,2026-10-01T22:00:00+00:00
42,CASH_IN,27388.16,C462661837,11322.84,38711.0,C240224505,49048.45,21660.29,0,0,-54776.32,54776.32,5f7dab3b-e04c-4c39-967a-c3021e9ae479,C462661837,CASH_IN,USD,False,2026-10-02T18:00:00+00:00
34,TRANSFER,207945.71,C122541876,444331.8,236386.09,C247364121,62993.13,270938.84,0,0,0.0,-0.0,3503f652-425e-468c-8cb7-531c7e320918,C122541876,TRANSFER,USD,False,2026-10-02T10:00:00+00:00
16,CASH_OUT,59506.57,C558843089,154490.6,94984.03,C622222422,41583.72,101090.29,0,0,0.0,0.0,f72c27b7-02da-4268-872d-7f0abe8d720e,C558843089,CASH_OUT,USD,False,2026-10-01T16:00:00+00:00
91,PAYMENT,3367.27,C110960630,22377.95,19010.68,M889972571,0.0,0.0,0,0,0.0,3367.27,fcf408ec-323f-4d13-9cbf-c59e8ebd9408,C110960630,PAYMENT,USD,False,2026-10-04T19:00:00+00:00
25,CASH_OUT,34892.26,C570417771,75901.74,41009.48,C335903593,34248.7,69140.96,0,0,0.0,-0.0,bb7bb68b-545b-44dc-9151-411859a5b13c,C570417771,CASH_OUT,USD,False,2026-10-02T01:00:00+00:00
95,PAYMENT,2600.36,C196476756,8741.14,6140.78,M545997993,0.0,0.0,0,0,-0.0,2600.36,f7d0e1aa-ccb6-478f-af62-c1febfe15bf2,C196476756,PAYMENT,USD,False,2026-10-04T23:00:00+00:00
28,PAYMENT,2859.0,C504889751,9408.29,6549.29,M501694717,0.0,0.0,0,0,0.0,2859.0,298ebdbf-2a58-4b4f-a4a9-5f143227b98a,C504889751,PAYMENT,USD,False,2026-10-02T04:00:00+00:00
77,CASH_OUT,1539.41,C711312655,4190.7,2651.29,C561446614,5576.2,7115.61,0,0,0.0,0.0,b4489715-43be-4ea9-9841-0b3568d11f49,C711312655,CASH_OUT,USD,False,2026-10-04T05:00:00+00:00
55,CASH_OUT,140162.7,C199122523,366693.23,226530.53,C952110109,32398.49,172561.19,0,0,-0.0,0.0,28894d42-4839-4936-b470-3607e31b862c,C199122523,CASH_OUT,USD,False,2026-10-03T07:00:00+00:00
76,CASH_OUT,39213.16,C249956163,115586.65,76373.49,C750112695,18718.09,57931.25,0,0,-0.0,0.0,28944a3e-c279-4a92-9220-29f3a21535d1,C249956163,CASH_OUT,USD,False,2026-10-04T04:00:00+00:00
18,PAYMENT,1096.26,C330353853,1457.52,361.26,M203998542,0.0,0.0,0,0,0.0,1096.26,8d010987-5c6b-4f9e-bff1-bc4fb1489d82,C330353853,PAYMENT,USD,False,2026-10-01T18:00:00+00:00
46,PAYMENT,306.47,C764304695,2034.86,1728.39,M107639026,0.0,0.0,0,0,-0.0,306.47,4ad2b858-6696-4b00-9802-d58f4bc434c5,C764304695,PAYMENT,USD,False,2026-10-02T22:00:00+00:00
66,PAYMENT,2969.8,C108357729,20982.12,18012.32,M497149083,0.0,0.0,0,0,0.0,2969.8,8a54c5b6-f506-40a7-851b-9b8519d99d76,C108357729,PAYMENT,USD,False,2026-10-03T18:00:00+00:00
16,CASH_OUT,145854.15,C548505886,333112.2,187258.05,C132770955,8695.73,154549.88,0,0,0.0,0.0,2d271652-aa83-4c52-a406-318f06c31a9b,C548505886,CASH_OUT,USD,False,2026-10-01T16:00:00+00:00
73,CASH_OUT,67501.21,C549411194,148342.6,80841.39,C508431375,3175.47,70676.68,0,0,0.0,0.0,ab14f9c7-ccef-4305-892e-0cb550786620,C549411194,CASH_OUT,USD,False,2026-10-04T01:00:00+00:00
50,PAYMENT,4073.79,C890577157,14849.82,10776.03,M957369138,0.0,0.0,0,0,-0.0,4073.79,82a1f052-d931-4eba-84ca-041c181f2aa7,C890577157,PAYMENT,USD,False,2026-10-03T02:00:00+00:00
55,PAYMENT,3121.1,C108605274,6511.07,3389.97,M731111457,0.0,0.0,0,0,0.0,3121.1,8ace04c8-8788-4aad-8eb2-b6af9106d571,C108605274,PAYMENT,USD,False,2026-10-03T07:00:00+00:00
74,CASH_OUT,808605.43,C950816810,808605.43,0.0,C151288764,4513.67,813119.1,1,0,0.0,0.0,aa9e5cb0-2811-4c92-9b4f-7cd93c2dbd27,C950816810,CASH_OUT,USD,False,2026-10-04T02:00:00+00:00
69,CASH_OUT,58822.15,C262727467,130359.35,71537.2,C269058334,16897.31,75719.46,0,0,0.0,0.0,9edf9794-b206-4ed8-9354-47fcff488fa5,C262727467,CASH_OUT,USD,False,2026-10-03T21:00:00+00:00
86,CASH_IN,13698.95,C827334609,7161.74,20860.69,C573152913,22450.57,8751.62,0,0,-27397.9,27397.9,1c927813-d201-4cc3-9cb1-873ec23542fd,C827334609,CASH_IN,USD,False,2026-10-04T14:00:00+00:00
80,TRANSFER,694725.51,C119069792,694725.51,0.0,C627978826,3569.35,698294.86,1,1,0.0,0.0,6b889245-8edb-4055-b1dc-de7598025192,C119069792,TRANSFER,USD,False,2026-10-04T08:00:00+00:00
67,PAYMENT,801.06,C642390322,4672.84,3871.78,M683127878,0.0,0.0,0,0,0.0,801.06,e09859c4-5164-4d6d-8d82-d003f2251de2,C642390322,PAYMENT,USD,False,2026-10-03T19:00:00+00:00
100,PAYMENT,1662.96,C804086195,13626.43,11963.47,M233654018,0.0,0.0,0,0,0.0,1662.96,c63b3d77-a3f9-4c20-b780-88ca469bac11,C804086195,PAYMENT,USD,False,2026-10-05T04:00:00+00:00
62,PAYMENT,1994.23,C486098163,10442.63,8448.4,M280137414,0.0,0.0,0,0,0.0,1994.23,0d6522bd-577d-4c62-bd5c-047e855f00f9,C486098163,PAYMENT,USD,False,2026-10-03T14:00:00+00:00
44,CASH_OUT,16254.99,C762100986,17725.67,1470.68,C875434424,36937.42,53192.41,0,0,-0.0,-0.0,4e795373-6292-4cda-84e0-85d0cb4ae04a,C762100986,CASH_OUT,USD,False,2026-10-02T20:00:00+00:00
80,PAYMENT,2323.72,C512230991,20726.29,18402.57,M559675039,0.0,0.0,0,0,0.0,2323.72,c7b6a3f2-3d83-48c6-a611-5e7619490b32,C512230991,PAYMENT,USD,False,2026-10-04T08:00:00+00:00
82,PAYMENT,680.6,C491740160,2287.25,1606.65,M753167936,0.0,0.0,0,0,0.0,680.6,3ff66eae-830a-4f1e-a1ca-57fed5bf8b1c,C491740160,PAYMENT,USD,False,2026-10-04T10:00:00+00:00
42,CASH_OUT,100572.42,C781107293,203205.96,102633.54,C120675681,14481.97,115054.39,0,0,0.0,0.0,15ca30ff-957e-44c2-9f7d-44dd5ccbcd00,C781107293,CASH_OUT,USD,False,2026-10-02T18:00:00+00:00
22,PAYMENT,3513.84,C490511624,28476.74,24962.9,M362552615,0.0,0.0,0,0,0.0,3513.84,f7c64792-c52b-4e82-a190-5d388eb857e5,C490511624,PAYMENT,USD,False,2026-10-01T22:00:00+00:00
54,CASH_IN,40954.08,C214131975,14133.37,55087.45,C295632706,41175.79,221.71,0,0,-81908.16,81908.16,a9485705-0c79-4522-95dd-d2f6f51d204b,C214131975,CASH_IN,USD,False,2026-10-03T06:00:00+00:00
57,CASH_IN,47537.17,C167168555,10403.2,57940.37,C387795155,3212.32,0.0,0,0,-95074.34,50749.49,a3a47b98-79c2-40f2-9de5-e33f734e8daf,C167168555,CASH_IN,USD,False,2026-10-03T09:00:00+00:00
2,PAYMENT,2768.71,C184459779,21732.91,18964.2,M106275331,0.0,0.0,0,0,0.0,2768.71,0416954f-34eb-4b3b-94dd-c2c0078bde4e,C184459779,PAYMENT,USD,False,2026-10-01T02:00:00+00:00
31,PAYMENT,576.38,C818825964,2988.71,2412.33,M334037646,0.0,0.0,0,0,0.0,576.38,6b697b65-5ce6-451d-a3b1-611b4274bcb2,C818825964,PAYMENT,USD,False,2026-10-02T07:00:00+00:00
16,CASH_OUT,24438.12,C707317600,45762.72,21324.6,C919212243,12762.92,37201.04,0,0,0.0,0.0,9fdcf227-fead-4502-a703-cb813b5624fa,C707317600,CASH_OUT,USD,False,2026-10-01T16:00:00+00:00
6,CASH_OUT,85791.34,C969533218,140959.76,55168.42,C302120588,23781.45,109572.79,0,0,0.0,0.0,75c1270c-0111-4e77-b461-dbe377e2292e,C969533218,CASH_OUT,USD,False,2026-10-01T06:00:00+00:00
75,CASH_OUT,82477.86,C764157741,235937.78,153459.92,C434594896,19058.12,101535.98,0,0,-0.0,0.0,9985542d-a4bf-4303-9753-11dbea3fbf23,C764157741,CASH_OUT,USD,False,2026-10-04T03:00:00+00:00
6,CASH_OUT,137233.03,C695140721,271278.12,134045.09,C750100764,24794.9,162027.93,0,0,0.0,0.0,2c407dfb-0aeb-4618-a295-a95496ff9bd6,C695140721,CASH_OUT,USD,False,2026-10-01T06:00:00+00:00
54,PAYMENT,2135.19,C264013159,19617.31,17482.12,M435418436,0.0,0.0,0,0,0.0,2135.19,8c479c6b-8f85-4425-8ab4-668517983519,C264013159,PAYMENT,USD,False,2026-10-03T06:00:00+00:00
57,CASH_IN,34657.12,C992582047,16955.76,51612.88,C979357576,79709.52,45052.4,0,0,-69314.24,69314.24,a090d5f9-292a-438e-b4fc-6e27a03c6dea,C992582047,CASH_IN,USD,False,2026-10-03T09:00:00+00:00
9,TRANSFER,173111.14,C105517170,387875.69,214764.55,C605126843,6097.31,179208.45,0,0,0.0,0.0,453eb1de-c709-4178-9ffd-22c8da13689e,C105517170,TRANSFER,USD,False,2026-10-01T09:00:00+00:00
3,TRANSFER,105601.98,C615415905,131110.27,25508.29,C480847085,47741.83,153343.81,0,0,-0.0,0.0,dde784e8-af11-43aa-8b22-db9e21bd5cf9,C615415905,TRANSFER,USD,False,2026-10-01T03:00:00+00:00
71,CASH_OUT,163739.84,C425071171,163739.84,0.0,C425269662,723.74,164463.58,1,0,0.0,0.0,f75ef705-58cb-4989-a0e1-3eb6c746f047,C425071171,CASH_OUT,USD,False,2026-10-03T23:00:00+00:00
60,CASH_IN,6532.07,C692326390,1314.96,7847.03,C192573170,40417.84,33885.77,0,0,-13064.14,13064.14,50b1cbad-4a09-4b63-a476-ff42c6c145bb,C692326390,CASH_IN,USD,False,2026-10-03T12:00:00+00:00
69,CASH_IN,12544.57,C717287602,19321.11,31865.68,C575419205,56753.69,44209.12,0,0,-25089.14,25089.14,bd14b897-5876-4157-9106-ff28c02da3d4,C717287602,CASH_IN,USD,False,2026-10-03T21:00:00+00:00
51,CASH_OUT,23123.13,C627151698,23299.59,176.46,C487437109,4381.42,27504.55,0,0,-0.0,0.0,47444a6b-8881-43d6-9ff1-ff0a891f53fa,C627151698,CASH_OUT,USD,False,2026-10-03T03:00:00+00:00
14,PAYMENT,1262.99,C935687722,11191.35,9928.36,M596031443,0.0,0.0,0,0,0.0,1262.99,c3d29f77-a78d-4ff2-8030-ecd9d43638bb,C935687722,PAYMENT,USD,False,2026-10-01T14:00:00+00:00
7,TRANSFER,158625.21,C963787048,620618.74,461993.53,C643475260,21967.54,180592.75,0,0,0.0,0.0,57c8150a-94b2-4413-a8fc-13a47fee1660,C963787048,TRANSFER,USD,False,2026-10-01T07:00:00+00:00
36,PAYMENT,8.31,C890886854,53.39,45.08,M550007194,0.0,0.0,0,0,0.0,8.31,041ce056-1b8e-4c51-935d-42e08e0fc5fb,C890886854,PAYMENT,USD,False,2026-10-02T12:00:00+00:00
60,PAYMENT,2597.34,C592134043,10623.81,8026.47,M776364739,0.0,0.0,0,0,-0.0,2597.34,d287ee66-9a5c-4dc0-9e29-ed2d56265f0e,C592134043,PAYMENT,USD,False,2026-10-03T12:00:00+00:00
48,CASH_OUT,78515.84,C524085631,140197.84,61682.0,C979782070,28850.97,107366.81,0,0,0.0,0.0,152abe85-b4ef-4a52-af79-6c11ad8921e5,C524085631,CASH_OUT,USD,False,2026-10-03T00:00:00+00:00
21,CASH_OUT,103635.56,C403286126,241897.1,138261.54,C192547842,6454.83,110090.39,0,0,0.0,0.0,31c39c79-f79c-4886-9f07-5da4105c5ca3,C403286126,CASH_OUT,USD,False,2026-10-01T21:00:00+00:00
84,CASH_OUT,14131.72,C243832413,29832.08,15700.36,C586172634,42043.8,56175.52,0,0,0.0,0.0,075732aa-29e3-4814-a327-6ac7326f40bf,C243832413,CASH_OUT,USD,False,2026-10-04T12:00:00+00:00
6,CASH_OUT,5085.32,C175872400,14887.32,9802.0,C537611075,28469.72,33555.04,0,0,0.0,0.0,e3429a77-078d-4365-871f-46f0ff785747,C175872400,CASH_OUT,USD,False,2026-10-01T06:00:00+00:00
86,CASH_IN,8080.77,C595918162,7667.05,15747.82,C888504451,16197.32,8116.55,0,0,-16161.54,16161.54,23d68c72-64a0-410b-a1ab-3c4bc4c65723,C595918162,CASH_IN,USD,False,2026-10-04T14:00:00+00:00
62,PAYMENT,376.87,C730968145,3128.2,2751.33,M157331978,0.0,0.0,0,0,0.0,376.87,5bec942e-7bc7-4c2f-8bc0-6c2a12778c50,C730968145,PAYMENT,USD,False,2026-10-03T14:00:00+00:00
43,CASH_OUT,20454.14,C587129280,25497.55,5043.41,C627164268,13294.1,33748.24,0,0,0.0,0.0,d45890cb-7f47-4edf-8f73-c1f89c024f26,C587129280,CASH_OUT,USD,False,2026-10-02T19:00:00+00:00
39,CASH_IN,3033.02,C190723988,7678.73,10711.75,C754711634,2866.0,0.0,0,0,-6066.04,5899.02,cc37fc95-2cae-4f47-9fae-d1dd1869f287,C190723988,CASH_IN,USD,False,2026-10-02T15:00:00+00:00
85,PAYMENT,4052.25,C801186813,4502.26,450.01,M752834146,0.0,0.0,0,0,0.0,4052.25,64ac31a9-58af-4a9e-a4ed-4a7e6290a44d,C801186813,PAYMENT,USD,False,2026-10-04T13:00:00+00:00
13,PAYMENT,753.75,C607115620,2095.28,1341.53,M462189456,0.0,0.0,0,0,0.0,753.75,4c1cdc94-568d-4970-9367-3e6c79d542ad,C607115620,PAYMENT,USD,False,2026-10-01T13:00:00+00:00
66,PAYMENT,1481.23,C520639451,11930.14,10448.91,M158593156,0.0,0.0,0,0,0.0,1481.23,fe94da92-21eb-49a7-af25-6ac90b49c613,C520639451,PAYMENT,USD,False,2026-10-03T18:00:00+00:00
78,CASH_IN,21783.62,C564775853,9746.84,31530.46,C271606116,66913.13,45129.51,0,0,-43567.24,43567.24,c5b36411-1ae7-4090-bdfd-6009575b526f,C564775853,CASH_IN,USD,False,2026-10-04T06:00:00+00:00
39,PAYMENT,4550.62,C408913843,43180.83,38630.21,M864820968,0.0,0.0,0,0,0.0,4550.62,b86e5fc5-94c8-4561-acd2-847075945a1b,C408913843,PAYMENT,USD,False,2026-10-02T15:00:00+00:00
31,PAYMENT,2941.68,C892005907,25738.05,22796.37,M476486996,0.0,0.0,0,0,0.0,2941.68,592ae839-0bed-407e-a270-c6b1d952e4d9,C892005907,PAYMENT,USD,False,2026-10-02T07:00:00+00:00
62,TRANSFER,208062.24,C119787476,208062.24,0.0,C826930601,1892.64,209954.88,1,0,0.0,0.0,66ab6b0c-1cc8-4460-9561-8a64f0ccdadd,C119787476,TRANSFER,USD,False,2026-10-03T14:00:00+00:00
1,PAYMENT,1825.65,C807468896,17192.48,15366.83,M774253538,0.0,0.0,0,0,0.0,1825.65,1b23b0f1-5fb1-4270-b43a-0a908e71ca9b,C807468896,PAYMENT,USD,False,2026-10-01T01:00:00+00:00
56,CASH_IN,42146.34,C114810549,14131.77,56278.11,C363185142,19900.12,0.0,0,0,-84292.68,62046.46,bcf2eb34-3bda-4a42-92c7-e5acd6bd0204,C114810549,CASH_IN,USD,False,2026-10-03T08:00:00+00:00
97,PAYMENT,4747.22,C632766694,23214.78,18467.56,M521263136,0.0,0.0,0,0,-0.0,4747.22,3a806106-92f1-4d37-be9c-4e93bfbb483d,C632766694,PAYMENT,USD,False,2026-10-05T01:00:00+00:00
74,PAYMENT,1443.12,C197820759,5947.15,4504.03,M589955505,0.0,0.0,0,0,0.0,1443.12,5aba65bb-1aed-4dc0-95e0-7cbd59b26aac,C197820759,PAYMENT,USD,False,2026-10-04T02:00:00+00:00
9,CASH_OUT,144351.2,C515564787,156390.83,12039.63,C987664050,16447.57,160798.77,0,0,-0.0,0.0,5a38a9a5-6453-4543-8494-055d1b781657,C515564787,CASH_OUT,USD,False,2026-10-01T09:00:00+00:00
90,CASH_OUT,89325.16,C202396373,96001.61,6676.45,C422544802,40417.06,129742.22,0,0,-0.0,0.0,7691e628-5fcc-470d-ada3-1c651ccef3c3,C202396373,CASH_OUT,USD,False,2026-10-04T18:00:00+00:00
66,CASH_IN,5345.76,C396839909,3183.47,8529.23,C551277189,65023.58,59677.82,0,0,-10691.52,10691.52,46586cbf-ff2b-4ad4-af6b-22d37089405c,C396839909,CASH_IN,USD,False,2026-10-03T18:00:00+00:00
53,CASH_OUT,17948.03,C981370046,18510.78,562.75,C702147405,8407.41,26355.44,0,0,0.0,0.0,a2801601-9f20-420e-a128-f7af1ffab9ec,C981370046,CASH_OUT,USD,False,2026-10-03T05:00:00+00:00
48,CASH_OUT,40119.98,C819595113,92118.31,51998.33,C833953718,30456.55,70576.53,0,0,-0.0,0.0,3cd336f1-9166-4307-8150-68f76736f9d2,C819595113,CASH_OUT,USD,False,2026-10-03T00:00:00+00:00
88,PAYMENT,2901.95,C318203162,16155.84,13253.89,M753753155,0.0,0.0,0,0,0.0,2901.95,458e1d5f-2563-4cf3-b7ae-8f0b3a7d14fb,C318203162,PAYMENT,USD,False,2026-10-04T16:00:00+00:00
38,PAYMENT,3476.78,C137931259,26927.06,23450.28,M741707324,0.0,0.0,0,0,0.0,3476.78,7f0967fd-00b9-452b-bc2e-9b7a59cf5534,C137931259,PAYMENT,USD,False,2026-10-02T14:00:00+00:00
68,TRANSFER,81376.94,C743111853,108687.3,27310.36,C120912992,29038.46,110415.4,0,0,0.0,0.0,eec81539-a3f3-41c4-af0c-82e094f1cc03,C743111853,TRANSFER,USD,False,2026-10-03T20:00:00+00:00
74,CASH_OUT,70489.07,C356858396,174076.57,103587.5,C951053161,14414.02,84903.09,0,0,0.0,0.0,55cc18d5-1eac-478d-b032-eadaf122e2fd,C356858396,CASH_OUT,USD,False,2026-10-04T02:00:00+00:00
59,PAYMENT,4495.05,C110090412,40953.88,36458.83,M599561877,0.0,0.0,0,0,-0.0,4495.05,9177cef3-791d-42a7-af5a-87aef142f079,C110090412,PAYMENT,USD,False,2026-10-03T11:00:00+00:00
22,PAYMENT,1746.59,C116040051,3194.71,1448.12,M339121961,0.0,0.0,0,0,0.0,1746.59,1834724e-9634-42e8-9104-10b6ffdad1d9,C116040051,PAYMENT,USD,False,2026-10-01T22:00:00+00:00
26,PAYMENT,386.93,C772826911,3493.57,3106.64,M180960086,0.0,0.0,0,0,0.0,386.93,3179acf2-577e-471c-bca4-b5b94b8306ed,C772826911,PAYMENT,USD,False,2026-10-02T02:00:00+00:00
46,PAYMENT,1176.49,C803808754,7736.18,6559.69,M406163675,0.0,0.0,0,0,0.0,1176.49,5d6eab41-9cc5-4f0a-b940-8a79b29e1e93,C803808754,PAYMENT,USD,False,2026-10-02T22:00:00+00:00
76,CASH_OUT,73497.09,C808605988,139136.96,65639.87,C259553112,24217.07,97714.16,0,0,0.0,0.0,9f9649e9-495c-4bce-aa10-fa4a8ab2846a,C808605988,CASH_OUT,USD,False,2026-10-04T04:00:00+00:00
93,PAYMENT,1841.33,C650430935,16948.58,15107.25,M336942857,0.0,0.0,0,0,0.0,1841.33,093b05fc-6013-4650-8b21-6bce03748cb7,C650430935,PAYMENT,USD,False,2026-10-04T21:00:00+00:00
88,CASH_OUT,59051.21,C466026739,68345.43,9294.22,C176457313,31032.49,90083.7,0,0,-0.0,0.0,a501945f-0cfd-4ddd-883d-ed4516e5d34e,C466026739,CASH_OUT,USD,False,2026-10-04T16:00:00+00:00
65,CASH_IN,15708.56,C674838329,16525.88,32234.44,C966781918,23554.62,7846.06,0,0,-31417.12,31417.12,bc9198ab-8b65-4341-afa6-6ee486ca5ed1,C674838329,CASH_IN,USD,False,2026-10-03T17:00:00+00:00
34,CASH_IN,13356.73,C493463402,2104.72,15461.45,C241616184,55801.66,42444.93,0,0,-26713.46,26713.46,36522961-0deb-4dd2-a1b2-2af3378b409c,C493463402,CASH_IN,USD,False,2026-10-02T10:00:00+00:00
23,PAYMENT,637.89,C209867551,4009.68,3371.79,M660834469,0.0,0.0,0,0,0.0,637.89,3cc888c9-1295-4e9a-acfa-a1f6f87c2c6a,C209867551,PAYMENT,USD,False,2026-10-01T23:00:00+00:00
90,PAYMENT,1804.78,C277783040,13994.78,12190.0,M398947609,0.0,0.0,0,0,0.0,1804.78,2e5fe996-6f37-46d4-9f56-cd30c58061ab,C277783040,PAYMENT,USD,False,2026-10-04T18:00:00+00:00
99,CASH_OUT,14266.85,C921078969,19035.86,4769.01,C908128706,16130.34,30397.19,0,0,0.0,0.0,3ce692b7-5ad6-4e3d-827e-e34a4240ca24,C921078969,CASH_OUT,USD,False,2026-10-05T03:00:00+00:00
69,TRANSFER,148492.23,C516074078,561436.94,412944.71,C618656232,17316.05,165808.28,0,0,-0.0,0.0,57d2b8e3-2717-4c8d-b4a6-600182f82151,C516074078,TRANSFER,USD,False,2026-10-03T21:00:00+00:00
95,CASH_OUT,93002.96,C361505234,118589.09,25586.13,C164341850,24936.32,117939.28,0,0,-0.0,0.0,48f0428b-e4f5-425b-a67b-15bc281aa83c,C361505234,CASH_OUT,USD,False,2026-10-04T23:00:00+00:00
59,TRANSFER,37663.93,C676128415,63989.4,26325.47,C722067721,5762.68,43426.61,0,0,0.0,0.0,8838785a-4f39-45a0-9b65-917ed43a8bc0,C676128415,TRANSFER,USD,False,2026-10-03T11:00:00+00:00
82,PAYMENT,665.82,C229344220,2306.9,1641.08,M141195640,0.0,0.0,0,0,0.0,665.82,24419c14-f4d1-44d9-af13-c50ab44c9cee,C229344220,PAYMENT,USD,False,2026-10-04T10:00:00+00:00
40,CASH_IN,11380.1,C810103026,17414.3,28794.4,C136244918,73377.83,61997.73,0,0,-22760.2,22760.2,39cd47ac-7e46-496b-a7ae-c26f0fdbd22f,C810103026,CASH_IN,USD,False,2026-10-02T16:00:00+00:00
80,CASH_OUT,22472.76,C379342292,30119.02,7646.26,C495051256,28362.14,50834.9,0,0,0.0,-0.0,9fdf3e78-84f5-4da4-853c-1f3132024808,C379342292,CASH_OUT,USD,False,2026-10-04T08:00:00+00:00
99,CASH_OUT,146099.58,C349926429,218523.2,72423.62,C207518427,12057.64,158157.22,0,0,0.0,-0.0,2ccd6eaa-a8aa-4e68-917c-d5dd0dffe32f,C349926429,CASH_OUT,USD,False,2026-10-05T03:00:00+00:00
47,PAYMENT,272.17,C559021927,787.22,515.05,M670948228,0.0,0.0,0,0,0.0,272.17,4d084834-9888-4e59-87d9-bfb0c628e751,C559021927,PAYMENT,USD,False,2026-10-02T23:00:00+00:00
74,PAYMENT,1532.36,C310939708,10964.33,9431.97,M348246601,0.0,0.0,0,0,0.0,1532.36,5ae9e735-7e04-43d0-ae38-bd42418cbcd0,C310939708,PAYMENT,USD,False,2026-10-04T02:00:00+00:00
22,CASH_OUT,31592.24,C719135866,52939.33,21347.09,C644290384,47163.67,78755.91,0,0,0.0,0.0,fd6e4f1b-b42f-48d3-a328-0db31344244e,C719135866,CASH_OUT,USD,False,2026-10-01T22:00:00+00:00
11,PAYMENT,1076.92,C462130814,10095.6,9018.68,M872529595,0.0,0.0,0,0,0.0,1076.92,d20d9f1a-4391-418a-b667-a936baff08de,C462130814,PAYMENT,USD,False,2026-10-01T11:00:00+00:00
59,CASH_OUT,1704.85,C975942568,2189.01,484.16,C558346197,23919.41,25624.26,0,0,0.0,0.0,f63b45a7-89cb-4ffb-8ab5-9255ed561f0c,C975942568,CASH_OUT,USD,False,2026-10-03T11:00:00+00:00
63,CASH_OUT,24816.04,C302320914,44837.21,20021.17,C971887294,11420.91,36236.95,0,0,0.0,0.0,3342b7cc-6cd9-4ea2-b03d-1f32e0ec8fe7,C302320914,CASH_OUT,USD,False,2026-10-03T15:00:00+00:00
47,CASH_OUT,26960.02,C176379467,51803.2,24843.18,C928864810,49307.17,76267.19,0,0,-0.0,0.0,17cd983e-88ba-4a80-aa58-c388b35de136,C176379467,CASH_OUT,USD,False,2026-10-02T23:00:00+00:00
27,CASH_IN,45246.68,C518197538,18921.24,64167.92,C727150493,2933.66,0.0,0,0,-90493.36,48180.34,1ca65c9a-a130-448a-b790-369d1c3ada7a,C518197538,CASH_IN,USD,False,2026-10-02T03:00:00+00:00
68,CASH_IN,32886.26,C998476583,3426.75,36313.01,C702752744,23228.35,0.0,0,0,-65772.52,56114.61,b44f01af-73c4-4a40-bf2f-e0f738089252,C998476583,CASH_IN,USD,False,2026-10-03T20:00:00+00:00
48,CASH_IN,36401.82,C935759851,11274.31,47676.13,C840698205,27587.74,0.0,0,0,-72803.64,63989.56,81c6dbe4-3aa9-4649-8ffc-93eb04bd1f4b,C935759851,CASH_IN,USD,False,2026-10-03T00:00:00+00:00
71,CASH_OUT,51773.14,C506192359,59311.74,7538.6,C776836206,41460.73,93233.87,0,0,-0.0,0.0,ff384cb6-f8a5-48cf-ab71-62e0afa031a7,C506192359,CASH_OUT,USD,False,2026-10-03T23:00:00+00:00
85,PAYMENT,3015.1,C578798403,7537.16,4522.06,M557538651,0.0,0.0,0,0,-0.0,3015.1,20042c48-c239-41c1-bfe4-b70ac7aa77e4,C578798403,PAYMENT,USD,False,2026-10-04T13:00:00+00:00
85,CASH_IN,48261.24,C772909894,11393.36,59654.6,C103858794,18140.19,0.0,0,0,-96522.48,66401.43,b9ef0c37-7904-4e8f-9124-266b4173980c,C772909894,CASH_IN,USD,False,2026-10-04T13:00:00+00:00
92,CASH_OUT,56341.35,C140118673,85164.36,28823.01,C787539531,26736.67,83078.02,0,0,0.0,-0.0,548f3ac2-b950-47c3-bd3a-879f9b1c909b,C140118673,CASH_OUT,USD,False,2026-10-04T20:00:00+00:00
83,CASH_IN,44567.45,C407819509,4558.53,49125.98,C206173603,76557.61,31990.16,0,0,-89134.9,89134.9,98950417-7961-4eaa-9ccf-b15735923f02,C407819509,CASH_IN,USD,False,2026-10-04T11:00:00+00:00
66,CASH_IN,7134.66,C545908525,480.02,7614.68,C340853982,43286.41,36151.75,0,0,-14269.32,14269.32,1d13999a-4823-4c2e-8145-30a3da09bd97,C545908525,CASH_IN,USD,False,2026-10-03T18:00:00+00:00
48,PAYMENT,4671.48,C296018050,24040.24,19368.76,M522166686,0.0,0.0,0,0,0.0,4671.48,5d446c21-cbd5-44eb-91ce-a8db1048811c,C296018050,PAYMENT,USD,False,2026-10-03T00:00:00+00:00
22,CASH_OUT,24594.03,C362863730,37872.24,13278.21,C507437181,46269.56,70863.59,0,0,0.0,0.0,8ec764b6-ee76-4bd0-a0c3-8037b2d0c6a7,C362863730,CASH_OUT,USD,False,2026-10-01T22:00:00+00:00
15,CASH_OUT,25863.79,C448717183,49663.49,23799.7,C763706947,34480.5,60344.29,0,0,-0.0,0.0,a8b2548e-2585-47c3-bc26-198dd5b65ea2,C448717183,CASH_OUT,USD,False,2026-10-01T15:00:00+00:00
74,CASH_OUT,113117.23,C312283213,190142.34,77025.11,C728665727,8076.27,121193.5,0,0,0.0,0.0,4d4efeec-4006-4442-a118-9d753afcb570,C312283213,CASH_OUT,USD,False,2026-10-04T02:00:00+00:00
15,PAYMENT,1996.73,C598232236,10555.51,8558.78,M423590493,0.0,0.0,0,0,0.0,1996.73,4ff0614f-f16d-4707-9a80-c95d4f9f59d1,C598232236,PAYMENT,USD,False,2026-10-01T15:00:00+00:00
18,CASH_IN,16261.05,C179444831,14648.98,30910.03,C932410732,82606.76,66345.71,0,0,-32522.1,32522.1,a5281d6c-6558-4590-944d-e6b41b688090,C179444831,CASH_IN,USD,False,2026-10-01T18:00:00+00:00
35,CASH_OUT,102419.93,C189290037,285335.54,182915.61,C100697964,33343.07,135763.0,0,0,0.0,0.0,d0999b36-5826-45bf-9f0e-b1feb99bb191,C189290037,CASH_OUT,USD,False,2026-10-02T11:00:00+00:00
40,CASH_IN,32154.88,C861678303,17909.66,50064.54,C555059083,85307.03,53152.15,0,0,-64309.76,64309.76,7f2a907e-aea2-43bb-b88c-52df3377382e,C861678303,CASH_IN,USD,False,2026-10-02T16:00:00+00:00
30,PAYMENT,676.54,C117439414,4169.21,3492.67,M530863241,0.0,0.0,0,0,0.0,676.54,0d6d990a-2bd3-4137-b4b3-8e9a3fff3566,C117439414,PAYMENT,USD,False,2026-10-02T06:00:00+00:00
53,CASH_OUT,116824.16,C257037633,189343.45,72519.29,C252457406,26936.3,143760.46,0,0,0.0,0.0,8c25e97d-63e9-43b7-be26-bbce1ca62c61,C257037633,CASH_OUT,USD,False,2026-10-03T05:00:00+00:00
21,PAYMENT,4756.64,C417280810,10700.11,5943.47,M744501483,0.0,0.0,0,0,0.0,4756.64,c66ff0e2-6973-4b90-a614-46b49e17745e,C417280810,PAYMENT,USD,False,2026-10-01T21:00:00+00:00
25,CASH_IN,23810.06,C961609527,7348.83,31158.89,C829211472,2265.8,0.0,0,0,-47620.12,26075.86,9f00fd6c-014b-4c5e-b332-916cdbb319cd,C961609527,CASH_IN,USD,False,2026-10-02T01:00:00+00:00
19,CASH_IN,2242.82,C199886596,17945.75,20188.57,C348541776,52456.16,50213.34,0,0,-4485.64,4485.64,4ac58bad-e03a-4673-83c2-5a1bd541a620,C199886596,CASH_IN,USD,False,2026-10-01T19:00:00+00:00
4,PAYMENT,4373.83,C891666319,9741.59,5367.76,M214499625,0.0,0.0,0,0,0.0,4373.83,411ba4ea-a917-44de-bef5-bdcc4856c7dc,C891666319,PAYMENT,USD,False,2026-10-01T04:00:00+00:00
74,CASH_IN,16982.07,C586563056,16107.75,33089.82,C353507570,98911.01,81928.94,0,0,-33964.14,33964.14,ddb74bdb-858b-498f-a179-40f1e1f49c8f,C586563056,CASH_IN,USD,False,2026-10-04T02:00:00+00:00
8,PAYMENT,3155.22,C334820678,3840.72,685.5,M498644301,0.0,0.0,0,0,0.0,3155.22,c32b7c76-e897-4c5c-ba57-0eff97f264c6,C334820678,PAYMENT,USD,False,2026-10-01T08:00:00+00:00
44,PAYMENT,430.74,C283890958,3203.33,2772.59,M499900489,0.0,0.0,0,0,0.0,430.74,7e1ba49c-61dc-4f37-897e-695fea9dcf29,C283890958,PAYMENT,USD,False,2026-10-02T20:00:00+00:00
62,CASH_IN,2014.94,C794728043,4631.99,6646.93,C870062349,8412.25,6397.31,0,0,-4029.88,4029.88,0d0166f3-8cef-4ef2-8d8a-1a9a9f03aa38,C794728043,CASH_IN,USD,False,2026-10-03T14:00:00+00:00
72,CASH_OUT,104986.49,C840237366,131712.23,26725.74,C537788306,31689.52,136676.01,0,0,0.0,0.0,7e2302e3-27ff-46f9-96f4-0fefa96cb338,C840237366,CASH_OUT,USD,False,2026-10-04T00:00:00+00:00
53,CASH_IN,21636.34,C860123760,16004.4,37640.74,C904568031,33228.1,11591.76,0,0,-43272.68,43272.68,b77ad9d8-a06b-4fec-969b-1f7db2b21243,C860123760,CASH_IN,USD,False,2026-10-03T05:00:00+00:00
19,CASH_OUT,55224.12,C868446134,57551.73,2327.61,C430896521,48340.26,103564.38,0,0,0.0,0.0,e89635e3-4325-4915-ba1d-18d8e56a30c8,C868446134,CASH_OUT,USD,False,2026-10-01T19:00:00+00:00
73,CASH_OUT,110414.38,C256980036,317811.29,207396.91,C619157832,2020.99,112435.37,0,0,-0.0,0.0,f578b15b-7ccc-44ec-bd36-84e62afbbc36,C256980036,CASH_OUT,USD,False,2026-10-04T01:00:00+00:00
54,TRANSFER,44584.0,C774676863,174932.39,130348.39,C778118071,27676.13,72260.13,0,0,0.0,0.0,d3a64279-e986-42f3-b684-0aad53690743,C774676863,TRANSFER,USD,False,2026-10-03T06:00:00+00:00
91,CASH_IN,28888.53,C167177312,17439.59,46328.12,C958459117,19509.02,0.0,0,0,-57777.06,48397.55,efe57e06-1f0b-4451-b1b7-24642be39b74,C167177312,CASH_IN,USD,False,2026-10-04T19:00:00+00:00
53,CASH_IN,1711.65,C559996020,4557.87,6269.52,C139196925,25549.89,23838.24,0,0,-3423.3,3423.3,793bfe8a-3d6e-4f1d-a823-91ff45599db9,C559996020,CASH_IN,USD,False,2026-10-03T05:00:00+00:00
7,CASH_OUT,29547.75,C632434303,33877.95,4330.2,C282061804,49528.97,79076.72,0,0,-0.0,0.0,b4b11c48-8a3a-4b0c-b679-7ca751c76d34,C632434303,CASH_OUT,USD,False,2026-10-01T07:00:00+00:00
100,CASH_IN,36249.08,C771536189,18272.22,54521.3,C261649510,49783.55,13534.47,0,0,-72498.16,72498.16,ff74aef4-7645-4289-8b82-2586c4c9d21a,C771536189,CASH_IN,USD,False,2026-10-05T04:00:00+00:00
91,CASH_OUT,90827.86,C796147212,268453.7,177625.84,C101559757,20277.25,111105.11,0,0,0.0,0.0,134649fa-2288-47b4-bc46-70fae87652b3,C796147212,CASH_OUT,USD,False,2026-10-04T19:00:00+00:00
68,CASH_IN,18195.48,C150641543,1854.92,20050.4,C743478813,45375.45,27179.97,0,0,-36390.96,36390.96,d4686bd7-d0fd-406b-8620-d06a629900df,C150641543,CASH_IN,USD,False,2026-10-03T20:00:00+00:00
65,PAYMENT,2228.31,C979389668,3005.92,777.61,M767956122,0.0,0.0,0,0,0.0,2228.31,4a432026-7a79-4cc2-aaea-98f84d4a2cef,C979389668,PAYMENT,USD,False,2026-10-03T17:00:00+00:00
29,PAYMENT,3358.07,C988102787,28894.7,25536.63,M515669761,0.0,0.0,0,0,0.0,3358.07,654af746-73c4-4be1-a116-e0209bead302,C988102787,PAYMENT,USD,False,2026-10-02T05:00:00+00:00
77,CASH_IN,40711.67,C180094972,17163.03,57874.7,C439724201,5638.22,0.0,0,0,-81423.34,46349.89,9ea2c583-9789-4b2b-a7f2-b04d1512897d,C180094972,CASH_IN,USD,False,2026-10-04T05:00:00+00:00
98,CASH_OUT,147078.54,C403867539,204179.6,57101.06,C994027897,11374.16,158452.7,0,0,0.0,0.0,75a49cd1-490f-452d-9612-5d1d9f4443b9,C403867539,CASH_OUT,USD,False,2026-10-05T02:00:00+00:00
61,CASH_IN,29830.41,C165693093,17326.9,47157.31,C325298519,66434.27,36603.86,0,0,-59660.82,59660.82,7a2caab9-b9b5-489f-8590-bffcd87eb062,C165693093,CASH_IN,USD,False,2026-10-03T13:00:00+00:00
75,CASH_IN,36766.45,C483008202,7627.84,44394.29,C790250484,61621.71,24855.26,0,0,-73532.9,73532.9,e8edcd87-70ea-4f8d-b452-af42aa73f2d7,C483008202,CASH_IN,USD,False,2026-10-04T03:00:00+00:00
69,CASH_OUT,40270.88,C184242563,55782.07,15511.19,C511808619,12789.66,53060.54,0,0,0.0,-0.0,9f7b94f3-ab76-49a5-82e7-8c15f2d49631,C184242563,CASH_OUT,USD,False,2026-10-03T21:00:00+00:00
31,PAYMENT,4607.32,C865355140,10107.77,5500.45,M446522472,0.0,0.0,0,0,0.0,4607.32,2d8c34eb-ca74-4618-82b5-981e4674c6d8,C865355140,PAYMENT,USD,False,2026-10-02T07:00:00+00:00
33,CASH_IN,12388.62,C973057837,4002.84,16391.46,C451511533,53260.14,40871.52,0,0,-24777.24,24777.24,bd6228c7-ed06-4981-83bc-c2d221b5a4ca,C973057837,CASH_IN,USD,False,2026-10-02T09:00:00+00:00
85,TRANSFER,42416.66,C535654642,99325.67,56909.01,C421989113,44197.65,86614.31,0,0,-0.0,0.0,6a0c25ad-9b90-4f6e-a7ed-c83edf729b0f,C535654642,TRANSFER,USD,False,2026-10-04T13:00:00+00:00
73,CASH_IN,37778.99,C157483870,2518.72,40297.71,C521614743,67337.84,29558.85,0,0,-75557.98,75557.98,a9f807e6-de4a-4c79-afab-df8b8744309c,C157483870,CASH_IN,USD,False,2026-10-04T01:00:00+00:00
21,TRANSFER,58384.06,C391579290,188434.4,130050.34,C650431932,22234.89,80618.95,0,0,0.0,0.0,8e3b187d-b55f-433e-a65b-da8d91b208cb,C391579290,TRANSFER,USD,False,2026-10-01T21:00:00+00:00
13,PAYMENT,1358.0,C575507600,11719.7,10361.7,M655094022,0.0,0.0,0,0,0.0,1358.0,bce22d80-f34e-45a3-b97f-f1bff5b57d30,C575507600,PAYMENT,USD,False,2026-10-01T13:00:00+00:00
47,CASH_OUT,4335.59,C826306463,9931.39,5595.8,C814763773,13066.53,17402.12,0,0,-0.0,0.0,bec95091-332f-4e46-bd90-2fa14868dd0c,C826306463,CASH_OUT,USD,False,2026-10-02T23:00:00+00:00
65,PAYMENT,1959.14,C863017352,2411.57,452.43,M492779292,0.0,0.0,0,0,0.0,1959.14,50629fd2-a81a-43e0-864a-282018c61173,C863017352,PAYMENT,USD,False,2026-10-03T17:00:00+00:00
82,PAYMENT,1850.4,C677561127,3699.46,1849.06,M405195367,0.0,0.0,0,0,0.0,1850.4,023d28e0-5ced-4685-9cf7-158055f15b20,C677561127,PAYMENT,USD,False,2026-10-04T10:00:00+00:00
59,PAYMENT,2131.33,C864118082,3703.24,1571.91,M542438495,0.0,0.0,0,0,-0.0,2131.33,2c9a048b-7181-4058-bfb3-9931d52c9bdc,C864118082,PAYMENT,USD,False,2026-10-03T11:00:00+00:00
72,CASH_IN,9143.96,C107488394,10940.6,20084.56,C407944831,67699.9,58555.94,0,0,-18287.92,18287.92,ac92bccf-2184-4f8a-b59a-1862df020226,C107488394,CASH_IN,USD,False,2026-10-04T00:00:00+00:00
95,CASH_OUT,22861.75,C821895231,29373.16,6511.41,C576077104,13773.51,36635.26,0,0,0.0,0.0,81037c79-71db-42a8-bb58-d6c6667f8d5a,C821895231,CASH_OUT,USD,False,2026-10-04T23:00:00+00:00
50,DEBIT,819.68,C716688859,1401.51,581.83,C296851498,482.83,1302.51,0,0,0.0,0.0,f85b9344-e1ba-499c-91b9-a7bed0187983,C716688859,DEBIT,USD,False,2026-10-03T02:00:00+00:00
62,PAYMENT,1293.13,C906912903,8687.52,7394.39,M305373896,0.0,0.0,0,0,0.0,1293.13,7e11ba60-9985-4523-a166-eca613b2b234,C906912903,PAYMENT,USD,False,2026-10-03T14:00:00+00:00
94,PAYMENT,3948.41,C994713443,8180.09,4231.68,M595257084,0.0,0.0,0,0,0.0,3948.41,5912c45b-f013-48ef-ab8a-4ad04591a441,C994713443,PAYMENT,USD,False,2026-10-04T22:00:00+00:00
4,CASH_OUT,27357.79,C448981305,46772.24,19414.45,C327761953,12917.62,40275.41,0,0,-0.0,0.0,332fe73c-6a74-4342-a771-01104290da35,C448981305,CASH_OUT,USD,False,2026-10-01T04:00:00+00:00
66,CASH_OUT,110329.84,C219071165,122910.32,12580.48,C121370039,43759.17,154089.01,0,0,0.0,0.0,fe7da511-b91d-4193-9670-437d9c37219a,C219071165,CASH_OUT,USD,False,2026-10-03T18:00:00+00:00
1,CASH_OUT,138586.27,C705915629,384161.44,245575.17,C234283913,42118.51,180704.78,0,0,0.0,0.0,c5aeead7-a7f0-4ce4-b901-3877628f2aab,C705915629,CASH_OUT,USD,False,2026-10-01T01:00:00+00:00
73,PAYMENT,142.75,C881426891,773.32,630.57,M741816840,0.0,0.0,0,0,0.0,142.75,d1d05aff-3e84-4893-bd78-5c7bf7a7dda8,C881426891,PAYMENT,USD,False,2026-10-04T01:00:00+00:00
4,TRANSFER,151343.69,C510849034,220690.88,69347.19,C451066210,49757.34,201101.03,0,0,0.0,0.0,00a657a0-89e2-432f-a967-01fa55ba5b46,C510849034,TRANSFER,USD,False,2026-10-01T04:00:00+00:00
90,TRANSFER,926205.06,C473321713,926205.06,0.0,C624963576,1982.89,928187.95,1,1,0.0,0.0,f309c7b2-07e5-4e51-879e-76380e4b4de5,C473321713,TRANSFER,USD,False,2026-10-04T18:00:00+00:00
40,PAYMENT,1552.23,C782097607,4719.4,3167.17,M759799861,0.0,0.0,0,0,-0.0,1552.23,1bce532e-c0b1-444a-b733-b2feaeee645a,C782097607,PAYMENT,USD,False,2026-10-02T16:00:00+00:00
60,CASH_OUT,95370.15,C979395613,282944.37,187574.22,C495669330,47399.4,142769.55,0,0,0.0,0.0,1a0ec196-1473-4f29-ad65-71f7a1c2bf4b,C979395613,CASH_OUT,USD,False,2026-10-03T12:00:00+00:00
67,PAYMENT,855.15,C408689865,3855.67,3000.52,M416548807,0.0,0.0,0,0,0.0,855.15,31f0445c-a022-4901-b12c-03fccc53198d,C408689865,PAYMENT,USD,False,2026-10-03T19:00:00+00:00
82,TRANSFER,39684.71,C631130130,71912.66,32227.95,C929359146,51403.04,91087.75,0,0,0.0,0.0,e48196fd-998b-4dc3-859e-14c4812890d7,C631130130,TRANSFER,USD,False,2026-10-04T10:00:00+00:00
59,CASH_OUT,110944.85,C843658732,308292.88,197348.03,C564282926,20073.3,131018.15,0,0,0.0,0.0,1c1dcfc6-320b-485e-851b-90fb742cf4fd,C843658732,CASH_OUT,USD,False,2026-10-03T11:00:00+00:00
48,PAYMENT,3269.86,C548273280,25943.05,22673.19,M419405897,0.0,0.0,0,0,0.0,3269.86,bcbcb37e-30f4-4f5d-bcd5-7e92cd438562,C548273280,PAYMENT,USD,False,2026-10-03T00:00:00+00:00
42,PAYMENT,1315.46,C222358216,7563.15,6247.69,M625579419,0.0,0.0,0,0,0.0,1315.46,747815fa-62c9-44d4-9e90-8312c1181b1b,C222358216,PAYMENT,USD,False,2026-10-02T18:00:00+00:00
32,TRANSFER,31849.73,C671915981,125942.64,94092.91,C715796573,24589.9,56439.63,0,0,0.0,0.0,bfca6df5-a76a-4e18-b3cf-11bc51c70b69,C671915981,TRANSFER,USD,False,2026-10-02T08:00:00+00:00
56,CASH_OUT,74681.7,C963830093,131793.92,57112.22,C393152423,8978.29,83659.99,0,0,0.0,-0.0,07b7da57-3622-4c9a-940c-66ba35da74a1,C963830093,CASH_OUT,USD,False,2026-10-03T08:00:00+00:00
89,CASH_OUT,122305.1,C884362665,217068.46,94763.36,C211190223,30027.3,152332.4,0,0,-0.0,0.0,f320b2fb-fbab-4124-b6a6-6485aeb46601,C884362665,CASH_OUT,USD,False,2026-10-04T17:00:00+00:00
87,PAYMENT,3311.38,C575788930,21403.71,18092.33,M621475287,0.0,0.0,0,0,-0.0,3311.38,745a2fa6-c03f-47b5-9d8c-db0993af96b1,C575788930,PAYMENT,USD,False,2026-10-04T15:00:00+00:00
15,CASH_IN,34920.82,C412788206,9179.11,44099.93,C155769677,21157.57,0.0,0,0,-69841.64,56078.39,98be3ff2-8bd7-4fe6-9040-0ead75a5e765,C412788206,CASH_IN,USD,False,2026-10-01T15:00:00+00:00
31,CASH_IN,11862.73,C729243930,15047.8,26910.53,C646127934,39119.82,27257.09,0,0,-23725.46,23725.46,2fea6c6b-d396-4657-b323-d60bcecd88f8,C729243930,CASH_IN,USD,False,2026-10-02T07:00:00+00:00
56,TRANSFER,184401.04,C632257271,588835.97,404434.93,C739777846,79922.11,264323.15,0,0,-0.0,0.0,a10c941e-fcd2-4625-a65d-80b012a2a0af,C632257271,TRANSFER,USD,False,2026-10-03T08:00:00+00:00
35,CASH_IN,32138.54,C155319151,19790.73,51929.27,C367370380,21787.27,0.0,0,0,-64277.08,53925.81,338624dd-9408-486d-9c56-719072bfcdcc,C155319151,CASH_IN,USD,False,2026-10-02T11:00:00+00:00
19,CASH_OUT,57276.22,C401270241,167162.17,109885.95,C725526230,7649.53,64925.75,0,0,0.0,0.0,4962c343-ea3d-4b7a-8e02-bda428b02bcc,C401270241,CASH_OUT,USD,False,2026-10-01T19:00:00+00:00
60,PAYMENT,456.65,C228756206,3276.23,2819.58,M967150570,0.0,0.0,0,0,0.0,456.65,8b4473a3-c179-4f00-98db-e22dcdb34013,C228756206,PAYMENT,USD,False,2026-10-03T12:00:00+00:00
100,PAYMENT,3076.89,C118753331,7295.47,4218.58,M493682606,0.0,0.0,0,0,0.0,3076.89,ddd77aaf-2d06-4070-ab26-a0a8512c0722,C118753331,PAYMENT,USD,False,2026-10-05T04:00:00+00:00
61,CASH_IN,3290.41,C760229298,7762.32,11052.73,C646119914,88359.79,85069.38,0,0,-6580.82,6580.82,44efb799-4cba-4698-9878-e3d66fb6467d,C760229298,CASH_IN,USD,False,2026-10-03T13:00:00+00:00
24,CASH_IN,26300.58,C270564185,14338.08,40638.66,C276898564,90205.94,63905.36,0,0,-52601.16,52601.16,308ce50b-e8c5-4564-92fc-edab60353ddf,C270564185,CASH_IN,USD,False,2026-10-02T00:00:00+00:00
74,CASH_IN,45753.22,C126564074,16388.06,62141.28,C349003443,42902.59,0.0,0,0,-91506.44,88655.81,e8c4e4a0-2a85-4ef3-8149-6568cb8765f1,C126564074,CASH_IN,USD,False,2026-10-04T02:00:00+00:00
31,TRANSFER,214646.64,C645907499,784160.64,569514.0,C683761760,19319.58,233966.22,0,0,0.0,0.0,72940932-9ba0-456a-8f3a-fe20fa7095dc,C645907499,TRANSFER,USD,False,2026-10-02T07:00:00+00:00
90,PAYMENT,4827.54,C236507849,32316.21,27488.67,M939231372,0.0,0.0,0,0,0.0,4827.54,5c3fce5a-af34-414a-bb3c-bb6f5e2148e5,C236507849,PAYMENT,USD,False,2026-10-04T18:00:00+00:00
93,CASH_IN,31266.08,C228583854,15722.92,46989.0,C134875237,64169.95,32903.87,0,0,-62532.16,62532.16,2cb547a1-2f54-4c48-b00e-038e3c67de34,C228583854,CASH_IN,USD,False,2026-10-04T21:00:00+00:00
32,CASH_OUT,135655.64,C966153808,212539.62,76883.98,C553064757,10476.46,146132.1,0,0,-0.0,0.0,71d48006-8c10-4566-8f16-784da9af2858,C966153808,CASH_OUT,USD,False,2026-10-02T08:00:00+00:00
23,PAYMENT,4182.59,C419844736,7451.67,3269.08,M200551789,0.0,0.0,0,0,0.0,4182.59,1c74cd6a-3380-498e-a6f5-89ba1d53aeaa,C419844736,PAYMENT,USD,False,2026-10-01T23:00:00+00:00
19,CASH_OUT,112084.28,C256627467,297640.1,185555.82,C960380468,1717.19,113801.47,0,0,-0.0,0.0,32dccd7d-0c7b-45e8-8afd-f8a876d2263f,C256627467,CASH_OUT,USD,False,2026-10-01T19:00:00+00:00
7,PAYMENT,1569.9,C196579827,4438.21,2868.31,M482999793,0.0,0.0,0,0,0.0,1569.9,e8743073-496f-4615-942c-168dca1c8299,C196579827,PAYMENT,USD,False,2026-10-01T07:00:00+00:00
30,PAYMENT,1676.37,C845092763,13405.57,11729.2,M497838862,0.0,0.0,0,0,0.0,1676.37,e53c1552-ff1a-4916-8f47-18727a87381f,C845092763,PAYMENT,USD,False,2026-10-02T06:00:00+00:00
85,PAYMENT,3289.86,C274275053,9654.25,6364.39,M501509647,0.0,0.0,0,0,-0.0,3289.86,f3f00105-9c92-4775-8298-16dd28677ea9,C274275053,PAYMENT,USD,False,2026-10-04T13:00:00+00:00
63,CASH_OUT,35305.52,C837898928,54223.9,18918.38,C412383966,10755.31,46060.83,0,0,0.0,-0.0,76f80718-13d4-4ee0-ae2c-5193edfcd08d,C837898928,CASH_OUT,USD,False,2026-10-03T15:00:00+00:00
11,CASH_OUT,66679.49,C254513193,190229.05,123549.56,C200108623,20912.74,87592.23,0,0,-0.0,0.0,8fc55d2d-5c3d-4513-91e0-8dbe8b050b0d,C254513193,CASH_OUT,USD,False,2026-10-01T11:00:00+00:00
8,PAYMENT,2357.31,C352159078,23503.92,21146.61,M480428530,0.0,0.0,0,0,-0.0,2357.31,3cba27e9-c2b1-47ee-a380-c36b43ddc84e,C352159078,PAYMENT,USD,False,2026-10-01T08:00:00+00:00
29,PAYMENT,2424.62,C728238027,5587.47,3162.85,M568006548,0.0,0.0,0,0,0.0,2424.62,65f2048e-6e42-4800-940e-ce94170d1e1f,C728238027,PAYMENT,USD,False,2026-10-02T05:00:00+00:00
32,CASH_IN,19665.4,C826101325,11548.51,31213.91,C252655630,27603.0,7937.6,0,0,-39330.8,39330.8,8bf59695-beb5-4cc4-83ae-a12af4835bdf,C826101325,CASH_IN,USD,False,2026-10-02T08:00:00+00:00
78,CASH_OUT,82430.25,C853703117,207287.44,124857.19,C605547798,40099.75,122530.0,0,0,0.0,0.0,fcf9026a-e360-4b3b-8d97-5a32e418c691,C853703117,CASH_OUT,USD,False,2026-10-04T06:00:00+00:00
41,PAYMENT,3459.09,C577998010,13630.31,10171.22,M538724149,0.0,0.0,0,0,0.0,3459.09,8f302c4e-33b5-4e6e-8b9d-4a5ad9a41c32,C577998010,PAYMENT,USD,False,2026-10-02T17:00:00+00:00
84,PAYMENT,1067.78,C517885994,1702.2,634.42,M336326489,0.0,0.0,0,0,0.0,1067.78,731faa1a-b54d-4814-8851-fa69607bb0e1,C517885994,PAYMENT,USD,False,2026-10-04T12:00:00+00:00
22,PAYMENT,1370.15,C617743557,11722.17,10352.02,M369389966,0.0,0.0,0,0,0.0,1370.15,cf8f1aac-7352-4044-912c-af78eb9e68f5,C617743557,PAYMENT,USD,False,2026-10-01T22:00:00+00:00
75,PAYMENT,1825.64,C708663326,17577.13,15751.49,M439660140,0.0,0.0,0,0,0.0,1825.64,3b5e2703-b477-4af1-9263-46c74fd37ba4,C708663326,PAYMENT,USD,False,2026-10-04T03:00:00+00:00
85,PAYMENT,2087.64,C984275842,7660.36,5572.72,M568708283,0.0,0.0,0,0,-0.0,2087.64,eb791b34-3eec-4bd4-9442-439ec43f7825,C984275842,PAYMENT,USD,False,2026-10-04T13:00:00+00:00
65,PAYMENT,2413.54,C805165232,10018.67,7605.13,M216198604,0.0,0.0,0,0,0.0,2413.54,373c1668-3466-411f-bb08-4d75e1ed921d,C805165232,PAYMENT,USD,False,2026-10-03T17:00:00+00:00
32,CASH_OUT,47896.96,C387263790,96123.97,48227.01,C681344415,2699.88,50596.84,0,0,0.0,0.0,95e538d7-aecd-4c3b-8998-57975128924d,C387263790,CASH_OUT,USD,False,2026-10-02T08:00:00+00:00
32,TRANSFER,813949.41,C614496717,813949.41,0.0,C807438097,2767.04,816716.45,1,0,0.0,0.0,ed2601c4-730a-4573-afbf-3126a5fb13ea,C614496717,TRANSFER,USD,False,2026-10-02T08:00:00+00:00
34,TRANSFER,45073.64,C918150683,162785.96,117712.32,C214257751,23875.58,68949.22,0,0,-0.0,0.0,8be68877-58a8-426f-a64a-cf9cea716601,C918150683,TRANSFER,USD,False,2026-10-02T10:00:00+00:00
49,CASH_OUT,85690.15,C278208378,117803.2,32113.05,C518293601,5842.23,91532.38,0,0,0.0,-0.0,1b11eb8f-4767-4894-89e9-f11531917a40,C278208378,CASH_OUT,USD,False,2026-10-03T01:00:00+00:00
64,PAYMENT,4335.06,C872840670,17975.06,13640.0,M232772727,0.0,0.0,0,0,0.0,4335.06,bf764f21-192c-49db-a6df-c40786d19ae6,C872840670,PAYMENT,USD,False,2026-10-03T16:00:00+00:00
2,PAYMENT,3798.94,C548481302,35219.04,31420.1,M851228478,0.0,0.0,0,0,0.0,3798.94,d8cc4e4f-f118-4234-be77-b10a372ad791,C548481302,PAYMENT,USD,False,2026-10-01T02:00:00+00:00
99,CASH_IN,32275.73,C702416787,11187.06,43462.79,C791397593,20050.25,0.0,0,0,-64551.46,52325.98,f650fc53-d3ac-412c-81ec-1c987e728154,C702416787,CASH_IN,USD,False,2026-10-05T03:00:00+00:00
72,CASH_IN,47348.82,C296568144,13088.69,60437.51,C460382610,23003.1,0.0,0,0,-94697.64,70351.92,8b3362ec-eb89-4b60-99ec-34d507db734f,C296568144,CASH_IN,USD,False,2026-10-04T00:00:00+00:00
37,TRANSFER,106912.39,C713283921,273982.42,167070.03,C577626860,66483.03,173395.42,0,0,-0.0,-0.0,53530150-ef5c-41bc-bf2e-52708e6b61e4,C713283921,TRANSFER,USD,False,2026-10-02T13:00:00+00:00
25,PAYMENT,2690.97,C200768359,4984.84,2293.87,M455446264,0.0,0.0,0,0,0.0,2690.97,2a3764f6-57e9-4c4f-8ee6-d5c14089c090,C200768359,PAYMENT,USD,False,2026-10-02T01:00:00+00:00
15,PAYMENT,3165.25,C473084374,12411.13,9245.88,M496329017,0.0,0.0,0,0,0.0,3165.25,384154d8-8ca0-4fcc-b916-9186dc900b34,C473084374,PAYMENT,USD,False,2026-10-01T15:00:00+00:00
29,CASH_OUT,46882.63,C469742752,82846.34,35963.71,C210282113,29433.53,76316.16,0,0,0.0,0.0,111df1af-13fa-41a0-ab67-e7e4d4667a9a,C469742752,CASH_OUT,USD,False,2026-10-02T05:00:00+00:00
100,PAYMENT,3638.34,C623454129,35872.23,32233.89,M421158083,0.0,0.0,0,0,0.0,3638.34,f23e7919-e579-46cf-80dd-37f15d055527,C623454129,PAYMENT,USD,False,2026-10-05T04:00:00+00:00
41,CASH_OUT,103571.08,C597947770,138263.12,34692.04,C605136666,34536.6,138107.68,0,0,-0.0,0.0,d77aa5c4-7c75-4a57-9358-279704b97ca7,C597947770,CASH_OUT,USD,False,2026-10-02T17:00:00+00:00
69,PAYMENT,3823.32,C911472797,8358.38,4535.06,M709659120,0.0,0.0,0,0,-0.0,3823.32,425e5d4b-382f-4a0e-bf81-a44ed26f7ba0,C911472797,PAYMENT,USD,False,2026-10-03T21:00:00+00:00
80,PAYMENT,4688.24,C798921553,5784.11,1095.87,M940663765,0.0,0.0,0,0,0.0,4688.24,02c582ef-5771-46ac-a7ca-627ba48dc481,C798921553,PAYMENT,USD,False,2026-10-04T08:00:00+00:00
40,CASH_OUT,8586.5,C384915553,25220.77,16634.27,C503057094,36596.15,45182.65,0,0,0.0,0.0,98780a51-9012-448b-ae63-5688afeec484,C384915553,CASH_OUT,USD,False,2026-10-02T16:00:00+00:00
17,PAYMENT,4059.42,C391923807,6019.42,1960.0,M430282480,0.0,0.0,0,0,0.0,4059.42,a779aa7c-797d-4565-8517-2577798e0142,C391923807,PAYMENT,USD,False,2026-10-01T17:00:00+00:00
40,CASH_OUT,95300.14,C795294431,113190.5,17890.36,C891389821,11106.45,106406.59,0,0,0.0,0.0,a87e743c-7f26-4265-881c-2c9b042b7a71,C795294431,CASH_OUT,USD,False,2026-10-02T16:00:00+00:00
56,CASH_OUT,27150.43,C982982227,44592.49,17442.06,C415429295,4003.45,31153.88,0,0,-0.0,0.0,cb1db3fe-d53b-4416-b089-5d10b0fc11cc,C982982227,CASH_OUT,USD,False,2026-10-03T08:00:00+00:00
12,CASH_OUT,8464.8,C769573796,11496.61,3031.81,C985463197,43003.9,51468.7,0,0,0.0,0.0,a2d7f78b-72d6-4fb1-b077-7cdd67375277,C769573796,CASH_OUT,USD,False,2026-10-01T12:00:00+00:00
41,CASH_OUT,129824.76,C505851578,298175.41,168350.65,C621028695,43539.11,173363.87,0,0,-0.0,0.0,e03fc90d-5cbd-4be5-b4b4-2049ec0d8b03,C505851578,CASH_OUT,USD,False,2026-10-02T17:00:00+00:00
81,CASH_IN,8404.09,C582543215,19161.95,27566.04,C136249528,26053.3,17649.21,0,0,-16808.18,16808.18,a6f7855e-95ed-4b61-9d0d-e27e017c5888,C582543215,CASH_IN,USD,False,2026-10-04T09:00:00+00:00
64,CASH_IN,19570.47,C323308727,15908.83,35479.3,C627246915,41960.77,22390.3,0,0,-39140.94,39140.94,cf9fd221-28c6-4a9d-b979-72bc1280771b,C323308727,CASH_IN,USD,False,2026-10-03T16:00:00+00:00
92,TRANSFER,345611.17,C517235860,345611.17,0.0,C246294625,1966.01,347577.18,1,0,0.0,0.0,46c818c1-776d-47b7-9046-f06b2a900aca,C517235860,TRANSFER,USD,False,2026-10-04T20:00:00+00:00
7,CASH_OUT,78682.43,C283085932,176207.07,97524.64,C874364174,42058.36,120740.79,0,0,0.0,0.0,6584806b-705f-4351-b396-f2a15b1f9095,C283085932,CASH_OUT,USD,False,2026-10-01T07:00:00+00:00
31,PAYMENT,2111.31,C117221150,8517.13,6405.82,M115633640,0.0,0.0,0,0,0.0,2111.31,514a434a-c949-471d-b403-6a50348e326f,C117221150,PAYMENT,USD,False,2026-10-02T07:00:00+00:00
79,TRANSFER,148654.55,C714109940,434692.88,286038.33,C663961987,56329.0,204983.55,0,0,0.0,0.0,5c9fce08-22fd-4453-bda8-ea91b5f7e404,C714109940,TRANSFER,USD,False,2026-10-04T07:00:00+00:00
81,CASH_OUT,74285.25,C595430891,147451.94,73166.69,C671442511,27098.84,101384.09,0,0,0.0,0.0,3068da90-cc6d-4d3d-b2ac-ffef6799245d,C595430891,CASH_OUT,USD,False,2026-10-04T09:00:00+00:00
7,PAYMENT,4872.12,C320708138,35443.55,30571.43,M539460908,0.0,0.0,0,0,0.0,4872.12,c9e709ad-0684-4737-a639-c51b8f8f232a,C320708138,PAYMENT,USD,False,2026-10-01T07:00:00+00:00
78,PAYMENT,1378.7,C235497187,8642.08,7263.38,M779760958,0.0,0.0,0,0,0.0,1378.7,ad5bd88d-6f24-48f4-b676-86c480133d44,C235497187,PAYMENT,USD,False,2026-10-04T06:00:00+00:00
23,CASH_OUT,44467.77,C927204490,119391.28,74923.51,C421207063,16312.45,60780.22,0,0,0.0,0.0,05c9cc6f-c217-42fe-9836-5fe553b911db,C927204490,CASH_OUT,USD,False,2026-10-01T23:00:00+00:00
75,CASH_OUT,86617.73,C930361458,214814.16,128196.43,C593739907,30888.8,117506.53,0,0,0.0,0.0,e75b7974-f81a-4222-b045-49491e346466,C930361458,CASH_OUT,USD,False,2026-10-04T03:00:00+00:00
75,CASH_OUT,42275.32,C154267347,116877.69,74602.37,C741580895,32713.0,74988.32,0,0,0.0,0.0,b9fec4cb-cfdd-46fa-abd3-e996edac97ed,C154267347,CASH_OUT,USD,False,2026-10-04T03:00:00+00:00
22,CASH_OUT,1762.84,C218107894,2848.98,1086.14,C655149428,2050.48,3813.32,0,0,0.0,-0.0,e3cffbb7-20b6-4247-b620-acf9af7f589f,C218107894,CASH_OUT,USD,False,2026-10-01T22:00:00+00:00
45,CASH_OUT,66387.29,C961995665,124869.64,58482.35,C256571398,46210.66,112597.95,0,0,0.0,0.0,a56a5ed1-e611-4d84-ae34-41ce93e3ec2b,C961995665,CASH_OUT,USD,False,2026-10-02T21:00:00+00:00
9,CASH_OUT,149032.69,C302210968,210982.4,61949.71,C424375336,15926.85,164959.54,0,0,-0.0,0.0,5e71215a-53ea-47cb-b417-e78cd03ff2d9,C302210968,CASH_OUT,USD,False,2026-10-01T09:00:00+00:00
65,PAYMENT,221.61,C760465943,2034.11,1812.5,M940983577,0.0,0.0,0,0,0.0,221.61,6c204bd7-42a1-45d2-a48e-75331ab739e0,C760465943,PAYMENT,USD,False,2026-10-03T17:00:00+00:00
55,PAYMENT,4897.82,C651145692,10732.13,5834.31,M441187845,0.0,0.0,0,0,-0.0,4897.82,c8d6d21a-242b-4c95-8805-9adbfc19fe2f,C651145692,PAYMENT,USD,False,2026-10-03T07:00:00+00:00
55,PAYMENT,3720.62,C146836177,35431.61,31710.99,M344182593,0.0,0.0,0,0,0.0,3720.62,43061ed1-c0b0-4a63-a268-87486adae8ef,C146836177,PAYMENT,USD,False,2026-10-03T07:00:00+00:00
52,CASH_OUT,20840.64,C842630509,26066.65,5226.01,C748263098,44655.82,65496.46,0,0,0.0,0.0,1db6163a-2232-4a5a-8c76-fbf8285219de,C842630509,CASH_OUT,USD,False,2026-10-03T04:00:00+00:00
53,PAYMENT,4823.35,C484708210,24441.14,19617.79,M322947698,0.0,0.0,0,0,0.0,4823.35,42e16068-0241-42e8-b85c-6bf8d53dcf3c,C484708210,PAYMENT,USD,False,2026-10-03T05:00:00+00:00
22,CASH_OUT,103801.75,C594096279,304306.0,200504.25,C806218351,30094.37,133896.12,0,0,0.0,0.0,3e96c1dd-dd2f-45f2-b52b-68b8d25a1145,C594096279,CASH_OUT,USD,False,2026-10-01T22:00:00+00:00
58,CASH_OUT,52502.16,C627502839,156710.34,104208.18,C597202093,31322.97,83825.13,0,0,0.0,0.0,f5ba4dbe-30e9-4ebe-928e-fea1ffeb4b2f,C627502839,CASH_OUT,USD,False,2026-10-03T10:00:00+00:00
84,CASH_OUT,18088.06,C112458001,22503.41,4415.35,C188730795,32070.47,50158.53,0,0,-0.0,0.0,424bc3e2-437b-4e19-b73f-7295518b1b07,C112458001,CASH_OUT,USD,False,2026-10-04T12:00:00+00:00
40,CASH_OUT,61257.8,C692975437,182824.78,121566.98,C341270488,45646.49,106904.29,0,0,0.0,0.0,3b1570ea-b10f-4fdc-a0e8-d7e58086fe53,C692975437,CASH_OUT,USD,False,2026-10-02T16:00:00+00:00
74,CASH_IN,24790.09,C549241856,13903.45,38693.54,C379310017,86195.8,61405.71,0,0,-49580.18,49580.18,c3051ea1-3de7-4ae4-9afb-5d363d23941b,C549241856,CASH_IN,USD,False,2026-10-04T02:00:00+00:00
15,PAYMENT,2376.9,C555031725,22984.24,20607.34,M364512739,0.0,0.0,0,0,0.0,2376.9,d6b517a3-5ffe-4f6c-9f61-4e8437f22341,C555031725,PAYMENT,USD,False,2026-10-01T15:00:00+00:00
64,CASH_OUT,109619.92,C432294431,326692.1,217072.18,C815200536,5085.83,114705.75,0,0,0.0,0.0,f76c2622-fdd4-4256-a60d-d97f97008cf5,C432294431,CASH_OUT,USD,False,2026-10-03T16:00:00+00:00
84,PAYMENT,4861.53,C811530233,43770.38,38908.85,M570464462,0.0,0.0,0,0,0.0,4861.53,5ef530bc-7603-4a8f-91c8-b328d7461156,C811530233,PAYMENT,USD,False,2026-10-04T12:00:00+00:00
100,CASH_OUT,23983.54,C612544312,46566.47,22582.93,C207281279,34339.32,58322.86,0,0,0.0,0.0,cf0959a5-f1d5-4935-a5c2-71af95552b7c,C612544312,CASH_OUT,USD,False,2026-10-05T04:00:00+00:00
100,CASH_OUT,62584.66,C663673646,154339.06,91754.4,C409602992,8531.71,71116.37,0,0,0.0,0.0,42b2fbaa-ad87-4158-935d-b06925e3d5d4,C663673646,CASH_OUT,USD,False,2026-10-05T04:00:00+00:00
66,PAYMENT,2703.59,C842318351,14839.7,12136.11,M535371900,0.0,0.0,0,0,0.0,2703.59,b6c36f85-f529-4ccb-a587-be2b21c9570b,C842318351,PAYMENT,USD,False,2026-10-03T18:00:00+00:00
88,TRANSFER,161683.19,C200344359,408325.31,246642.12,C554629125,1458.44,163141.63,0,0,0.0,0.0,6ac1d205-c475-48f4-b9ad-16d77ad681c2,C200344359,TRANSFER,USD,False,2026-10-04T16:00:00+00:00
100,CASH_OUT,27376.27,C731130400,51063.22,23686.95,C238548086,45535.61,72911.88,0,0,0.0,0.0,b552ecaf-2924-4eb2-b2fc-f412292b15d8,C731130400,CASH_OUT,USD,False,2026-10-05T04:00:00+00:00
1,PAYMENT,3289.38,C674899834,13996.18,10706.8,M281525693,0.0,0.0,0,0,0.0,3289.38,4b87cf9c-42dc-4315-96a6-f10996a8f974,C674899834,PAYMENT,USD,False,2026-10-01T01:00:00+00:00
2,PAYMENT,4177.72,C136629671,10264.52,6086.8,M355367302,0.0,0.0,0,0,0.0,4177.72,13428b00-f4b3-43ba-9fbe-2f7679cb8352,C136629671,PAYMENT,USD,False,2026-10-01T02:00:00+00:00
31,PAYMENT,4630.58,C438238241,33833.47,29202.89,M521929719,0.0,0.0,0,0,0.0,4630.58,af1c3c70-bd87-40c2-85d0-cdc5d54f04a6,C438238241,PAYMENT,USD,False,2026-10-02T07:00:00+00:00
86,PAYMENT,3853.47,C692456620,15340.3,11486.83,M239917245,0.0,0.0,0,0,0.0,3853.47,9f36a2cf-227b-4126-9da5-1c80dc602915,C692456620,PAYMENT,USD,False,2026-10-04T14:00:00+00:00
29,CASH_IN,5002.51,C263589464,16982.97,21985.48,C680426455,73377.89,68375.38,0,0,-10005.02,10005.02,17df7fe8-2934-4a6a-824a-c0953e68d5ac,C263589464,CASH_IN,USD,False,2026-10-02T05:00:00+00:00
71,PAYMENT,2754.72,C383011015,12945.05,10190.33,M575983174,0.0,0.0,0,0,0.0,2754.72,e27d1263-8d60-415b-8902-7f89ae0b6f48,C383011015,PAYMENT,USD,False,2026-10-03T23:00:00+00:00
92,CASH_IN,13684.99,C737426805,16019.68,29704.67,C947711366,94379.28,80694.29,0,0,-27369.98,27369.98,bc6e0a0f-cd36-4f2b-a91b-be7b83a33d5a,C737426805,CASH_IN,USD,False,2026-10-04T20:00:00+00:00
76,CASH_OUT,101034.81,C336448207,196030.85,94996.04,C384848723,24225.36,125260.17,0,0,0.0,0.0,3424fde9-f16a-40da-bbdd-e620f5f5eca2,C336448207,CASH_OUT,USD,False,2026-10-04T04:00:00+00:00
8,CASH_OUT,951077.4,C573318637,951077.4,0.0,C412021939,2000.03,953077.43,1,0,0.0,0.0,44d37517-1cca-4ec3-8b22-bbc3a60929ab,C573318637,CASH_OUT,USD,False,2026-10-01T08:00:00+00:00
36,TRANSFER,45537.97,C873936345,150848.16,105310.19,C141284391,50523.04,96061.01,0,0,0.0,0.0,4ad89b65-085a-4c71-8fca-a500b201580c,C873936345,TRANSFER,USD,False,2026-10-02T12:00:00+00:00
64,PAYMENT,982.01,C205705141,5205.09,4223.08,M663449144,0.0,0.0,0,0,0.0,982.01,dbb95776-2dc7-4cc4-a3ef-32b85b86a31f,C205705141,PAYMENT,USD,False,2026-10-03T16:00:00+00:00
74,PAYMENT,3210.5,C344625145,8455.88,5245.38,M490430996,0.0,0.0,0,0,-0.0,3210.5,51f0e3b6-34b2-440c-b5c9-2f42357cf16a,C344625145,PAYMENT,USD,False,2026-10-04T02:00:00+00:00
23,CASH_OUT,57431.34,C157548227,57431.34,0.0,C107610664,401.02,57832.36,1,0,0.0,-0.0,a3090d00-609f-46dc-b43d-9e976ede7b33,C157548227,CASH_OUT,USD,False,2026-10-01T23:00:00+00:00
35,TRANSFER,859272.92,C338890502,859272.92,0.0,C330633903,4686.8,863959.72,1,0,0.0,0.0,f87e17c7-f16d-47f5-8e1c-acd527266a87,C338890502,TRANSFER,USD,False,2026-10-02T11:00:00+00:00
44,PAYMENT,1353.04,C731052193,3081.2,1728.16,M188349807,0.0,0.0,0,0,-0.0,1353.04,57743d14-4c3c-44b4-b3ce-7fea4566b3b7,C731052193,PAYMENT,USD,False,2026-10-02T20:00:00+00:00
81,CASH_OUT,85950.02,C770534487,235430.86,149480.84,C503585185,32838.56,118788.58,0,0,-0.0,0.0,b60b63a5-f85c-48a2-8460-83114e239a74,C770534487,CASH_OUT,USD,False,2026-10-04T09:00:00+00:00
17,PAYMENT,1930.95,C490459543,17013.08,15082.13,M585795047,0.0,0.0,0,0,0.0,1930.95,34ebbf3c-6d3f-4bfb-b983-c3c14103feab,C490459543,PAYMENT,USD,False,2026-10-01T17:00:00+00:00
13,CASH_OUT,129307.11,C400066089,196590.97,67283.86,C186190530,33538.03,162845.14,0,0,0.0,0.0,cca6b0ce-75f8-4dcc-b800-4850ff1466b9,C400066089,CASH_OUT,USD,False,2026-10-01T13:00:00+00:00
79,CASH_OUT,56085.41,C515892751,136828.35,80742.94,C591494788,31601.06,87686.47,0,0,0.0,0.0,ea63323b-d1fd-41fc-af28-8986c99191d0,C515892751,CASH_OUT,USD,False,2026-10-04T07:00:00+00:00
87,CASH_OUT,45494.61,C780039397,105425.84,59931.23,C371314895,35761.82,81256.43,0,0,-0.0,0.0,4e14d704-aaa9-48f9-8cce-597a755d4b02,C780039397,CASH_OUT,USD,False,2026-10-04T15:00:00+00:00
71,CASH_OUT,90086.57,C915501167,211867.15,121780.58,C883571847,38054.22,128140.79,0,0,-0.0,0.0,d2cadee2-48db-4c64-97fe-6718bb51b9a0,C915501167,CASH_OUT,USD,False,2026-10-03T23:00:00+00:00
44,CASH_IN,25634.67,C754692568,1320.35,26955.02,C775937688,9317.4,0.0,0,0,-51269.34,34952.07,1527b988-22ca-4fbc-803e-5aa7ca7d0211,C754692568,CASH_IN,USD,False,2026-10-02T20:00:00+00:00
12,CASH_IN,39840.26,C223853455,18016.62,57856.88,C236127850,23744.04,0.0,0,0,-79680.52,63584.3,e23cc398-8606-4855-89b3-499801a8e937,C223853455,CASH_IN,USD,False,2026-10-01T12:00:00+00:00
86,CASH_IN,33852.93,C961181927,7724.68,41577.61,C867581473,2109.2,0.0,0,0,-67705.86,35962.13,c7c9731b-32f2-454e-873c-78ba13403713,C961181927,CASH_IN,USD,False,2026-10-04T14:00:00+00:00
29,DEBIT,1617.45,C101702569,3713.22,2095.77,C681596390,2054.23,3671.68,0,0,-0.0,0.0,8a1b1169-f108-464e-a751-8f1d603486bb,C101702569,DEBIT,USD,False,2026-10-02T05:00:00+00:00
14,PAYMENT,1630.79,C272247459,15449.2,13818.41,M615055374,0.0,0.0,0,0,0.0,1630.79,ae388b11-acc1-454e-a4f5-85f2a05c602d,C272247459,PAYMENT,USD,False,2026-10-01T14:00:00+00:00
29,PAYMENT,4312.3,C914290253,8192.06,3879.76,M587259523,0.0,0.0,0,0,-0.0,4312.3,becf0956-3ef0-4a83-a9e5-8877bb78f9a3,C914290253,PAYMENT,USD,False,2026-10-02T05:00:00+00:00
50,CASH_OUT,1983.83,C698779777,3252.06,1268.23,C465712145,41131.44,43115.27,0,0,0.0,0.0,14eca1e6-fef0-459a-84e5-b3a1549c5360,C698779777,CASH_OUT,USD,False,2026-10-03T02:00:00+00:00
93,CASH_OUT,61800.15,C726582441,142251.4,80451.25,C820711272,39098.67,100898.82,0,0,0.0,0.0,aaa5ae24-c1b4-469c-8146-eb66d8c883ca,C726582441,CASH_OUT,USD,False,2026-10-04T21:00:00+00:00
95,TRANSFER,129417.35,C933737960,421026.7,291609.35,C764918032,72075.52,201492.87,0,0,0.0,0.0,67d13b25-37f7-4be0-a4f5-aa5d5646cf3c,C933737960,TRANSFER,USD,False,2026-10-04T23:00:00+00:00
11,PAYMENT,1319.99,C312300775,8156.1,6836.11,M681966388,0.0,0.0,0,0,0.0,1319.99,1ddbcb06-3889-4f3d-8f5a-5ff86e4cd053,C312300775,PAYMENT,USD,False,2026-10-01T11:00:00+00:00
100,CASH_IN,45275.23,C802089212,7534.39,52809.62,C929425473,30925.39,0.0,0,0,-90550.46,76200.62,2f3b948a-d931-41af-8332-57d39fcf9e89,C802089212,CASH_IN,USD,False,2026-10-05T04:00:00+00:00
84,CASH_OUT,40056.6,C444200194,48181.03,8124.43,C262463133,25734.35,65790.95,0,0,0.0,0.0,6c0d5d68-532f-479b-89b4-a74d3c32b817,C444200194,CASH_OUT,USD,False,2026-10-04T12:00:00+00:00
13,PAYMENT,4077.35,C640479208,23651.4,19574.05,M369725069,0.0,0.0,0,0,0.0,4077.35,ed869707-5288-403b-ba78-0bf0944d9e1f,C640479208,PAYMENT,USD,False,2026-10-01T13:00:00+00:00
23,PAYMENT,3519.84,C671855941,21219.4,17699.56,M637152602,0.0,0.0,0,0,0.0,3519.84,1c3e0e21-951b-49ec-85da-1989569bef5d,C671855941,PAYMENT,USD,False,2026-10-01T23:00:00+00:00
68,CASH_OUT,131144.84,C904225572,235904.82,104759.98,C548982293,14837.55,145982.39,0,0,0.0,-0.0,64def19d-6556-41ed-bdc9-b0fcd8cbce5b,C904225572,CASH_OUT,USD,False,2026-10-03T20:00:00+00:00
24,PAYMENT,3736.41,C183988650,12456.66,8720.25,M748596832,0.0,0.0,0,0,0.0,3736.41,295d4f7e-b2ac-4412-bacd-4890578c9cd9,C183988650,PAYMENT,USD,False,2026-10-02T00:00:00+00:00
46,PAYMENT,2131.47,C550056006,9869.38,7737.91,M908126208,0.0,0.0,0,0,0.0,2131.47,c964a30d-d6e2-4139-8bf7-618f445d3c98,C550056006,PAYMENT,USD,False,2026-10-02T22:00:00+00:00
81,DEBIT,1324.12,C957995699,6475.8,5151.68,C658107760,2154.6,3478.72,0,0,0.0,0.0,8cfa9d5d-e5f7-42a8-90b0-ae0712ca179d,C957995699,DEBIT,USD,False,2026-10-04T09:00:00+00:00
94,DEBIT,1508.15,C578476787,4552.98,3044.83,C717675194,1188.22,2696.37,0,0,-0.0,0.0,6ce10bd1-d829-4306-b1a6-950bb1550625,C578476787,DEBIT,USD,False,2026-10-04T22:00:00+00:00
27,PAYMENT,3706.7,C741810558,11485.37,7778.67,M544652427,0.0,0.0,0,0,0.0,3706.7,4944fb9f-40ab-46e0-b911-9aa312973f83,C741810558,PAYMENT,USD,False,2026-10-02T03:00:00+00:00
34,CASH_IN,17398.47,C119635030,16331.17,33729.64,C205591327,99303.37,81904.9,0,0,-34796.94,34796.94,93fcb41e-7ec6-4c5d-a811-86a30573c4d7,C119635030,CASH_IN,USD,False,2026-10-02T10:00:00+00:00
20,PAYMENT,3465.76,C992649957,28701.32,25235.56,M770809983,0.0,0.0,0,0,-0.0,3465.76,7ca1df50-ff8f-44a7-b942-9e4e054cdda5,C992649957,PAYMENT,USD,False,2026-10-01T20:00:00+00:00
93,PAYMENT,828.8,C446278097,6855.63,6026.83,M896929074,0.0,0.0,0,0,0.0,828.8,a42b7123-856d-496e-a87a-ada256ff15ae,C446278097,PAYMENT,USD,False,2026-10-04T21:00:00+00:00
40,PAYMENT,1983.29,C973631388,12775.19,10791.9,M730995948,0.0,0.0,0,0,0.0,1983.29,6e38b5f1-d992-41cf-b1f7-a1a4da3ba8ca,C973631388,PAYMENT,USD,False,2026-10-02T16:00:00+00:00
23,PAYMENT,2673.0,C860229059,3767.97,1094.97,M394539550,0.0,0.0,0,0,-0.0,2673.0,2670072a-7f4b-4688-b7b6-27da67f35a61,C860229059,PAYMENT,USD,False,2026-10-01T23:00:00+00:00
6,PAYMENT,915.89,C836598184,1690.08,774.19,M717650280,0.0,0.0,0,0,-0.0,915.89,2239defa-e89c-450b-9e5e-264952dc0ab9,C836598184,PAYMENT,USD,False,2026-10-01T06:00:00+00:00
80,TRANSFER,236880.89,C448875327,881347.35,644466.46,C888469616,63762.68,300643.57,0,0,0.0,0.0,64134131-9c5a-4c05-9361-f9537c8ac36d,C448875327,TRANSFER,USD,False,2026-10-04T08:00:00+00:00
23,CASH_OUT,104766.86,C229244346,170906.44,66139.58,C593997037,420.93,105187.79,0,0,0.0,0.0,0093424a-a3b5-4cc4-8395-839bc6f87350,C229244346,CASH_OUT,USD,False,2026-10-01T23:00:00+00:00
23,CASH_IN,38887.36,C923425368,19577.93,58465.29,C888621182,55456.97,16569.61,0,0,-77774.72,77774.72,b9c9917e-9fd8-4910-9a29-f17bd42f655b,C923425368,CASH_IN,USD,False,2026-10-01T23:00:00+00:00
100,PAYMENT,4122.52,C889556480,15731.86,11609.34,M873309842,0.0,0.0,0,0,0.0,4122.52,aba17e94-0474-4fb1-9864-81fd4aca7f34,C889556480,PAYMENT,USD,False,2026-10-05T04:00:00+00:00
88,TRANSFER,65709.45,C782008471,205227.85,139518.4,C908199028,21841.05,87550.5,0,0,0.0,0.0,6441a7ea-22da-4fc9-8221-6af2740b676d,C782008471,TRANSFER,USD,False,2026-10-04T16:00:00+00:00
64,CASH_IN,11674.45,C754344451,19585.15,31259.6,C411909178,1156.51,0.0,0,0,-23348.9,12830.96,504ee33b-5469-4e27-b2d7-450ffdd3b241,C754344451,CASH_IN,USD,False,2026-10-03T16:00:00+00:00
26,CASH_OUT,2222.5,C205946419,2915.79,693.29,C233875517,4988.83,7211.33,0,0,0.0,0.0,52415e4a-339a-4d63-82e0-88b215bf9308,C205946419,CASH_OUT,USD,False,2026-10-02T02:00:00+00:00
98,PAYMENT,3560.66,C946604736,9271.6,5710.94,M260643932,0.0,0.0,0,0,0.0,3560.66,38c999b5-d616-410c-9a88-e556320272ca,C946604736,PAYMENT,USD,False,2026-10-05T02:00:00+00:00
90,PAYMENT,212.95,C992555626,801.56,588.61,M195764351,0.0,0.0,0,0,-0.0,212.95,0b7933f1-9818-408d-82a9-475a4b14bf46,C992555626,PAYMENT,USD,False,2026-10-04T18:00:00+00:00
55,PAYMENT,321.73,C994449085,535.58,213.85,M422014834,0.0,0.0,0,0,0.0,321.73,e24c3f69-3e8b-45f3-bc3f-f33965d43162,C994449085,PAYMENT,USD,False,2026-10-03T07:00:00+00:00
42,PAYMENT,2605.5,C225941338,5011.71,2406.21,M662899443,0.0,0.0,0,0,0.0,2605.5,fdc1c79b-b392-432c-a024-df77e84e9c1b,C225941338,PAYMENT,USD,False,2026-10-02T18:00:00+00:00
81,TRANSFER,163985.25,C989562867,163985.25,0.0,C131198390,2067.3,166052.55,1,0,0.0,0.0,415082fb-10b1-4bee-9515-a3c9df32f121,C989562867,TRANSFER,USD,False,2026-10-04T09:00:00+00:00
66,PAYMENT,2824.8,C649631327,11881.57,9056.77,M215298327,0.0,0.0,0,0,0.0,2824.8,a7a00657-d0e4-4816-b6e5-7b1c6c4b3442,C649631327,PAYMENT,USD,False,2026-10-03T18:00:00+00:00
48,PAYMENT,472.99,C614329730,2428.57,1955.58,M294898680,0.0,0.0,0,0,0.0,472.99,6e5ac51d-5fab-496b-8126-48fcc41e8569,C614329730,PAYMENT,USD,False,2026-10-03T00:00:00+00:00
62,CASH_OUT,80114.01,C140507249,139895.31,59781.3,C884539206,703.86,80817.87,0,0,0.0,0.0,e5b16f42-9d88-4f88-b63d-13a85e08a800,C140507249,CASH_OUT,USD,False,2026-10-03T14:00:00+00:00
81,CASH_OUT,118134.79,C560193439,152626.31,34491.52,C211264367,13124.95,131259.74,0,0,0.0,0.0,25eef54a-df65-4378-9c17-6104c281193a,C560193439,CASH_OUT,USD,False,2026-10-04T09:00:00+00:00
37,CASH_IN,16747.4,C865429893,7082.83,23830.23,C730751558,19835.56,3088.16,0,0,-33494.8,33494.8,62e523f5-4b6e-4103-b64d-8fd2f91dfd87,C865429893,CASH_IN,USD,False,2026-10-02T13:00:00+00:00
40,PAYMENT,1564.15,C914426538,6081.3,4517.15,M325320091,0.0,0.0,0,0,0.0,1564.15,5e41165c-18d4-450e-a7c0-22a65f75a7a5,C914426538,PAYMENT,USD,False,2026-10-02T16:00:00+00:00
92,CASH_IN,35089.69,C261786361,7372.79,42462.48,C504661498,95380.76,60291.07,0,0,-70179.38,70179.38,a15999ed-bfff-45f0-91ed-768bef994df8,C261786361,CASH_IN,USD,False,2026-10-04T20:00:00+00:00
73,CASH_OUT,42755.79,C459748735,89214.27,46458.48,C788603957,24695.62,67451.41,0,0,0.0,0.0,c038533a-a91c-4e17-ade8-35da52907344,C459748735,CASH_OUT,USD,False,2026-10-04T01:00:00+00:00
50,CASH_IN,12451.1,C548968760,16269.56,28720.66,C271476207,93441.4,80990.3,0,0,-24902.2,24902.2,1f23ab07-e5ff-4a46-967b-90f8a02ac80d,C548968760,CASH_IN,USD,False,2026-10-03T02:00:00+00:00
62,PAYMENT,3423.15,C237213199,29349.55,25926.4,M422561333,0.0,0.0,0,0,-0.0,3423.15,43ea4176-bfe3-4e52-ba2b-b8e3a0c477cc,C237213199,PAYMENT,USD,False,2026-10-03T14:00:00+00:00
52,CASH_OUT,115499.17,C855438611,142622.01,27122.84,C841193655,45806.52,161305.69,0,0,0.0,0.0,f61f95f9-0774-475b-b541-8396024b0029,C855438611,CASH_OUT,USD,False,2026-10-03T04:00:00+00:00
70,TRANSFER,583323.58,C292943702,583323.58,0.0,C333549461,2438.98,585762.56,1,0,0.0,-0.0,4c253450-9971-4e1f-81a5-dff87acbb287,C292943702,TRANSFER,USD,False,2026-10-03T22:00:00+00:00
3,TRANSFER,811230.98,C212277389,811230.98,0.0,C382046333,1768.44,812999.42,1,0,0.0,-0.0,bd2a9c29-e016-4c30-8fe7-dff532507598,C212277389,TRANSFER,USD,False,2026-10-01T03:00:00+00:00
93,CASH_OUT,96583.04,C358689711,124994.6,28411.56,C232427634,22824.67,119407.71,0,0,0.0,-0.0,b4411592-081e-4042-b0b8-7847684fdb72,C358689711,CASH_OUT,USD,False,2026-10-04T21:00:00+00:00
16,CASH_IN,47681.6,C103573647,15573.3,63254.9,C170847922,79648.23,31966.63,0,0,-95363.2,95363.2,45cf3c6c-9d26-4138-a0c9-b23219e33fe8,C103573647,CASH_IN,USD,False,2026-10-01T16:00:00+00:00
38,CASH_OUT,149351.02,C222340468,390407.57,241056.55,C578961845,3349.78,152700.8,0,0,0.0,0.0,827bfd88-57f3-4059-9753-342a1bb376ed,C222340468,CASH_OUT,USD,False,2026-10-02T14:00:00+00:00
13,PAYMENT,1534.85,C484404444,9087.85,7553.0,M601266959,0.0,0.0,0,0,0.0,1534.85,f7e3666e-f690-49fd-81c4-c8994c5125d0,C484404444,PAYMENT,USD,False,2026-10-01T13:00:00+00:00
57,CASH_OUT,109049.48,C145478504,243147.95,134098.47,C478557676,21747.03,130796.51,0,0,0.0,0.0,d1ac61fd-c82d-4dba-9d20-c3456ad665d5,C145478504,CASH_OUT,USD,False,2026-10-03T09:00:00+00:00
17,CASH_IN,46220.11,C662500855,13767.93,59988.04,C362407290,34051.34,0.0,0,0,-92440.22,80271.45,8b9ad761-c95d-4105-9ba9-c0ae777f14b9,C662500855,CASH_IN,USD,False,2026-10-01T17:00:00+00:00
66,CASH_IN,31706.31,C382713132,5411.76,37118.07,C826313554,12489.86,0.0,0,0,-63412.62,44196.17,6efb392b-6147-4849-960c-e74092ecaced,C382713132,CASH_IN,USD,False,2026-10-03T18:00:00+00:00
4,CASH_OUT,35299.29,C301938429,92509.13,57209.84,C581024661,49791.87,85091.16,0,0,0.0,0.0,19c3db70-952d-4ed8-933b-5e03af60ea01,C301938429,CASH_OUT,USD,False,2026-10-01T04:00:00+00:00
89,CASH_OUT,45237.36,C109990686,54373.48,9136.12,C810456933,26015.46,71252.82,0,0,0.0,0.0,c3526fe6-c49c-40db-9053-b4ddc705b6fd,C109990686,CASH_OUT,USD,False,2026-10-04T17:00:00+00:00
55,PAYMENT,4365.24,C392844527,25664.89,21299.65,M867153483,0.0,0.0,0,0,0.0,4365.24,6040d632-f13f-44d8-b5e8-91adc1390bdc,C392844527,PAYMENT,USD,False,2026-10-03T07:00:00+00:00
25,CASH_IN,12110.02,C681513487,17126.32,29236.34,C103980685,85949.93,73839.91,0,0,-24220.04,24220.04,6f0c5bbc-da0a-446e-9d67-ee4a286b6498,C681513487,CASH_IN,USD,False,2026-10-02T01:00:00+00:00
71,CASH_OUT,60258.0,C895325695,154377.17,94119.17,C474241052,8602.9,68860.9,0,0,0.0,0.0,1a69856c-562f-4c9b-9991-0de943820bec,C895325695,CASH_OUT,USD,False,2026-10-03T23:00:00+00:00
2,CASH_OUT,60315.34,C819616320,66891.07,6575.73,C928241129,21249.06,81564.4,0,0,0.0,0.0,a38b801b-9bea-43d7-8c58-9389f7cd1a48,C819616320,CASH_OUT,USD,False,2026-10-01T02:00:00+00:00
8,CASH_OUT,54662.18,C824403104,66793.53,12131.35,C155364901,18279.54,72941.72,0,0,-0.0,0.0,0799cdee-58c8-4dc2-b059-cce2c716d734,C824403104,CASH_OUT,USD,False,2026-10-01T08:00:00+00:00
75,PAYMENT,1370.46,C461677118,11252.4,9881.94,M708197748,0.0,0.0,0,0,-0.0,1370.46,ff04a880-9d45-4ae7-bc69-27a02cde4d31,C461677118,PAYMENT,USD,False,2026-10-04T03:00:00+00:00
28,CASH_OUT,84703.47,C980547182,122153.02,37449.55,C882449471,32875.4,117578.87,0,0,0.0,0.0,de52adc1-c8cd-48f9-8f7e-f85c7bab079a,C980547182,CASH_OUT,USD,False,2026-10-02T04:00:00+00:00
24,CASH_OUT,104045.6,C677006598,297715.03,193669.43,C792842747,8661.74,112707.34,0,0,0.0,0.0,e2600bf9-75d6-441c-bf59-94b4a5d363a4,C677006598,CASH_OUT,USD,False,2026-10-02T00:00:00+00:00
43,CASH_IN,33434.4,C596228880,10338.09,43772.49,C658256551,98776.65,65342.25,0,0,-66868.8,66868.8,29c368ee-ca96-45de-ad04-a63230ea9f4c,C596228880,CASH_IN,USD,False,2026-10-02T19:00:00+00:00
52,CASH_OUT,116845.83,C657212948,253392.75,136546.92,C383138961,31823.06,148668.89,0,0,-0.0,0.0,b5767eed-c227-422b-a15c-09cc77521c24,C657212948,CASH_OUT,USD,False,2026-10-03T04:00:00+00:00
14,TRANSFER,131939.13,C891967953,489176.15,357237.02,C568344697,20352.15,152291.28,0,0,0.0,0.0,14de4248-50c6-43eb-aee7-4a99ffdab841,C891967953,TRANSFER,USD,False,2026-10-01T14:00:00+00:00
4,CASH_IN,15870.34,C946393426,2987.68,18858.02,C778812108,37205.29,21334.95,0,0,-31740.68,31740.68,ab5a3d31-752d-468d-b2af-293af1ecce95,C946393426,CASH_IN,USD,False,2026-10-01T04:00:00+00:00
65,PAYMENT,1392.85,C941558920,9112.28,7719.43,M242312411,0.0,0.0,0,0,0.0,1392.85,62f660c0-6240-4ff9-8f46-10e72eda1cf9,C941558920,PAYMENT,USD,False,2026-10-03T17:00:00+00:00
44,PAYMENT,2146.2,C524661188,16512.46,14366.26,M949041920,0.0,0.0,0,0,-0.0,2146.2,65a3ca8b-abac-424e-b6a5-c34879599100,C524661188,PAYMENT,USD,False,2026-10-02T20:00:00+00:00
96,CASH_IN,32889.99,C281486664,5141.85,38031.84,C821351429,17024.29,0.0,0,0,-65779.98,49914.28,85e33ef0-7e6b-41e9-922f-c7f300a412eb,C281486664,CASH_IN,USD,False,2026-10-05T00:00:00+00:00
81,PAYMENT,1376.53,C306846339,12669.03,11292.5,M981278352,0.0,0.0,0,0,0.0,1376.53,c4cb0eba-d28b-4c68-a1b2-8af7ef166249,C306846339,PAYMENT,USD,False,2026-10-04T09:00:00+00:00
7,TRANSFER,56252.53,C444378828,66190.0,9937.47,C303806198,24584.95,80837.48,0,0,0.0,0.0,42ac2bad-86fa-4a6b-a6ad-72b1963751fa,C444378828,TRANSFER,USD,False,2026-10-01T07:00:00+00:00
19,CASH_OUT,38764.35,C448126205,108501.53,69737.18,C988780552,2593.91,41358.26,0,0,0.0,-0.0,2eefafa3-3fca-469b-99d5-ca0b9141af80,C448126205,CASH_OUT,USD,False,2026-10-01T19:00:00+00:00
94,CASH_OUT,679776.07,C506266415,679776.07,0.0,C806283231,715.07,680491.14,1,0,0.0,-0.0,74dd705f-538a-4abe-967a-34ee75fd7e26,C506266415,CASH_OUT,USD,False,2026-10-04T22:00:00+00:00
30,CASH_IN,24744.04,C938340587,9157.06,33901.1,C927682093,32899.19,8155.15,0,0,-49488.08,49488.08,a1e16e59-4c95-4d26-b7d3-60d2207266f8,C938340587,CASH_IN,USD,False,2026-10-02T06:00:00+00:00
94,TRANSFER,14761.4,C534894837,51121.07,36359.67,C296538210,49434.59,64195.99,0,0,0.0,0.0,818fe6d0-9b52-41ce-ad82-57f07531ec16,C534894837,TRANSFER,USD,False,2026-10-04T22:00:00+00:00
88,CASH_OUT,71439.07,C604463645,143833.29,72394.22,C267837613,19569.24,91008.31,0,0,0.0,0.0,ce9fd4fb-a924-4089-a1f2-dc6a2b2948b4,C604463645,CASH_OUT,USD,False,2026-10-04T16:00:00+00:00
75,CASH_IN,17233.32,C998373329,11956.09,29189.41,C901910509,83453.57,66220.25,0,0,-34466.64,34466.64,20c77f66-856e-43f1-b337-77f9d35967f6,C998373329,CASH_IN,USD,False,2026-10-04T03:00:00+00:00
29,CASH_OUT,141219.91,C425041955,296958.88,155738.97,C937742398,43448.55,184668.46,0,0,0.0,0.0,b460d5ec-ca4e-46f7-8d24-2f504ac044bb,C425041955,CASH_OUT,USD,False,2026-10-02T05:00:00+00:00
24,CASH_OUT,119790.49,C480106125,188507.03,68716.54,C639264550,47630.82,167421.31,0,0,0.0,0.0,bd9ec244-e1ea-44a7-b369-3154c416d32b,C480106125,CASH_OUT,USD,False,2026-10-02T00:00:00+00:00
3,CASH_IN,7108.04,C920475331,11562.11,18670.15,C689775766,60507.14,53399.1,0,0,-14216.08,14216.08,9c8b306e-d77a-40e1-8659-42be91d18de6,C920475331,CASH_IN,USD,False,2026-10-01T03:00:00+00:00
59,PAYMENT,1481.26,C660721312,11926.77,10445.51,M674735990,0.0,0.0,0,0,0.0,1481.26,637f17e9-99d4-461b-95e8-be9177e685f7,C660721312,PAYMENT,USD,False,2026-10-03T11:00:00+00:00
31,TRANSFER,210183.91,C155858323,792650.36,582466.45,C889743047,13871.11,224055.02,0,0,0.0,0.0,a4161e3c-14f2-4b9f-9663-778077dbd972,C155858323,TRANSFER,USD,False,2026-10-02T07:00:00+00:00
89,PAYMENT,3243.61,C413390456,29005.72,25762.11,M420122455,0.0,0.0,0,0,0.0,3243.61,bc37d440-4f47-4ec0-9efa-74b8e2f99e94,C413390456,PAYMENT,USD,False,2026-10-04T17:00:00+00:00
13,PAYMENT,236.83,C778399002,619.34,382.51,M969315458,0.0,0.0,0,0,0.0,236.83,1504fcc0-ee6f-4c7d-8977-9dbbab27e519,C778399002,PAYMENT,USD,False,2026-10-01T13:00:00+00:00
56,CASH_OUT,79411.57,C190992937,144643.26,65231.69,C265045572,45655.46,125067.03,0,0,0.0,0.0,b531fd6e-3c11-4be8-89e7-51dc86c0f9a8,C190992937,CASH_OUT,USD,False,2026-10-03T08:00:00+00:00
1,PAYMENT,3776.41,C324652751,20387.11,16610.7,M953298111,0.0,0.0,0,0,0.0,3776.41,2364ca31-fbf9-4c87-a879-38e2b2ff8464,C324652751,PAYMENT,USD,False,2026-10-01T01:00:00+00:00
89,PAYMENT,2909.87,C812921644,17404.68,14494.81,M608159580,0.0,0.0,0,0,0.0,2909.87,baa43161-3e2e-4d17-9957-c00e88c9654c,C812921644,PAYMENT,USD,False,2026-10-04T17:00:00+00:00
80,PAYMENT,3132.5,C725728324,20922.05,17789.55,M594740501,0.0,0.0,0,0,0.0,3132.5,7ed7571f-47e8-4ecb-980e-69534f54de9a,C725728324,PAYMENT,USD,False,2026-10-04T08:00:00+00:00
27,PAYMENT,3060.81,C354164898,25247.83,22187.02,M200405760,0.0,0.0,0,0,0.0,3060.81,ec7d5cdd-afb6-4269-8d2d-d9053e5509a1,C354164898,PAYMENT,USD,False,2026-10-02T03:00:00+00:00
73,CASH_OUT,35531.0,C786030276,88973.23,53442.23,C753284406,37945.85,73476.85,0,0,-0.0,0.0,415c7231-a9a9-4059-8dba-116a91dcda4c,C786030276,CASH_OUT,USD,False,2026-10-04T01:00:00+00:00
30,CASH_OUT,107266.67,C723805279,231240.43,123973.76,C665803901,34674.95,141941.62,0,0,0.0,0.0,59106a8f-85eb-4f86-995e-45837a21bd98,C723805279,CASH_OUT,USD,False,2026-10-02T06:00:00+00:00
14,CASH_IN,30574.47,C639376963,19851.03,50425.5,C302581790,59528.42,28953.95,0,0,-61148.94,61148.94,c94a46df-b572-48a2-b268-f5909ddfbeba,C639376963,CASH_IN,USD,False,2026-10-01T14:00:00+00:00
68,CASH_OUT,12687.12,C663368481,23784.68,11097.56,C602746506,45360.39,58047.51,0,0,0.0,0.0,9c99f1f4-218d-4945-9b16-347adec51638,C663368481,CASH_OUT,USD,False,2026-10-03T20:00:00+00:00
54,PAYMENT,4445.84,C427667311,11771.22,7325.38,M331478831,0.0,0.0,0,0,-0.0,4445.84,0f23cf1f-4f98-4b3f-ac19-1fa4aedc8b94,C427667311,PAYMENT,USD,False,2026-10-03T06:00:00+00:00
40,PAYMENT,3233.46,C284308700,27998.06,24764.6,M889173702,0.0,0.0,0,0,0.0,3233.46,496fd703-cefb-4e72-bdfd-6f69eeb5137e,C284308700,PAYMENT,USD,False,2026-10-02T16:00:00+00:00
95,CASH_IN,10292.97,C853307914,11240.99,21533.96,C254781920,96760.57,86467.6,0,0,-20585.94,20585.94,79d60f28-1681-4b3b-82f5-0b9af16269ae,C853307914,CASH_IN,USD,False,2026-10-04T23:00:00+00:00
45,CASH_OUT,817.6,C836184335,2330.78,1513.18,C703687862,3171.78,3989.38,0,0,0.0,0.0,24f52c59-8a36-4a59-ab42-a2a5701c0ff8,C836184335,CASH_OUT,USD,False,2026-10-02T21:00:00+00:00
13,CASH_OUT,21193.72,C675846278,38472.7,17278.98,C606497318,9608.7,30802.42,0,0,-0.0,0.0,90cb519c-3410-406e-a1b5-863796c129b2,C675846278,CASH_OUT,USD,False,2026-10-01T13:00:00+00:00
12,CASH_OUT,55989.96,C890690604,94842.45,38852.49,C690547490,36943.31,92933.27,0,0,0.0,-0.0,133943e1-950a-4bd3-8001-ee19a9aa2a0d,C890690604,CASH_OUT,USD,False,2026-10-01T12:00:00+00:00
52,CASH_OUT,47987.76,C397616114,118946.47,70958.71,C327645802,33593.44,81581.2,0,0,-0.0,0.0,4c5b93c9-b2dc-4df3-ae72-2a2b778e1389,C397616114,CASH_OUT,USD,False,2026-10-03T04:00:00+00:00
44,PAYMENT,3609.37,C434618074,34190.36,30580.99,M934120892,0.0,0.0,0,0,0.0,3609.37,700296bc-7b50-4ac4-b6ea-9070f088ae20,C434618074,PAYMENT,USD,False,2026-10-02T20:00:00+00:00
13,CASH_OUT,146198.4,C202174331,243796.11,97597.71,C924632414,44420.42,190618.82,0,0,-0.0,0.0,102616d1-88aa-4b1b-8965-d3010dd9a973,C202174331,CASH_OUT,USD,False,2026-10-01T13:00:00+00:00
39,CASH_IN,35427.32,C418218082,2382.07,37809.39,C692867539,23169.02,0.0,0,0,-70854.64,58596.34,8ab3873f-076c-4492-bcec-7c4df3a8c924,C418218082,CASH_IN,USD,False,2026-10-02T15:00:00+00:00
95,PAYMENT,53.66,C965079822,294.94,241.28,M552604373,0.0,0.0,0,0,0.0,53.66,d6f918d2-444d-49f7-87ad-ac835a3becff,C965079822,PAYMENT,USD,False,2026-10-04T23:00:00+00:00
12,CASH_IN,38032.87,C299033911,2851.91,40884.78,C739890586,78866.21,40833.34,0,0,-76065.74,76065.74,716f886e-c127-4996-a588-c3146446aa2f,C299033911,CASH_IN,USD,False,2026-10-01T12:00:00+00:00
100,CASH_OUT,18300.57,C423312122,37523.19,19222.62,C373596878,2442.79,20743.36,0,0,0.0,0.0,f7ccb2ac-fdfc-4b94-bf42-bae5e22a2fcc,C423312122,CASH_OUT,USD,False,2026-10-05T04:00:00+00:00
9,PAYMENT,3263.6,C153333127,23777.14,20513.54,M806763027,0.0,0.0,0,0,0.0,3263.6,4d0a0dce-118d-4f36-809d-f1f690cb626a,C153333127,PAYMENT,USD,False,2026-10-01T09:00:00+00:00
19,PAYMENT,1965.15,C932850970,10280.33,8315.18,M683247918,0.0,0.0,0,0,0.0,1965.15,535aac4c-4f12-4ffd-bc65-1f197afbc38f,C932850970,PAYMENT,USD,False,2026-10-01T19:00:00+00:00
38,CASH_OUT,126402.12,C892577986,321491.63,195089.51,C497082311,21142.58,147544.7,0,0,0.0,0.0,bed71ff1-cfad-4bac-af52-2add3a5b2ca8,C892577986,CASH_OUT,USD,False,2026-10-02T14:00:00+00:00
84,PAYMENT,3129.89,C525568516,22832.46,19702.57,M879524067,0.0,0.0,0,0,0.0,3129.89,e02213d8-a3f1-4605-8a8c-57ae3b377fc0,C525568516,PAYMENT,USD,False,2026-10-04T12:00:00+00:00
41,CASH_OUT,59059.79,C150544007,175285.54,116225.75,C847814942,24666.83,83726.62,0,0,0.0,0.0,7d876771-e912-4fdb-803f-559b5e7bf0a1,C150544007,CASH_OUT,USD,False,2026-10-02T17:00:00+00:00
34,TRANSFER,256051.03,C748843691,256051.03,0.0,C918441952,2868.77,258919.8,1,1,0.0,0.0,37e97ef7-ecb0-4978-aa2b-365f04dc559f,C748843691,TRANSFER,USD,False,2026-10-02T10:00:00+00:00
26,PAYMENT,237.9,C132755072,1653.18,1415.28,M792980560,0.0,0.0,0,0,0.0,237.9,595d9dc5-be7b-416f-b415-4b65a1f65281,C132755072,PAYMENT,USD,False,2026-10-02T02:00:00+00:00
48,PAYMENT,2930.18,C655121856,22932.86,20002.68,M570726097,0.0,0.0,0,0,0.0,2930.18,9e7bcb8e-526c-4d55-bf5b-61fa928c6b10,C655121856,PAYMENT,USD,False,2026-10-03T00:00:00+00:00
18,PAYMENT,3200.14,C825506692,11866.21,8666.07,M266188924,0.0,0.0,0,0,0.0,3200.14,0ba9fd53-16f9-4e9c-a6d2-ad1080fcda28,C825506692,PAYMENT,USD,False,2026-10-01T18:00:00+00:00
7,PAYMENT,168.26,C290667636,1657.92,1489.66,M412913089,0.0,0.0,0,0,0.0,168.26,5f5226a9-a8d0-4a31-bac9-f9b401d5d8d5,C290667636,PAYMENT,USD,False,2026-10-01T07:00:00+00:00
53,DEBIT,1707.6,C515901668,7388.82,5681.22,C828833045,4080.33,5787.93,0,0,-0.0,0.0,5556e144-98d9-4488-8896-83d2bbd4a8af,C515901668,DEBIT,USD,False,2026-10-03T05:00:00+00:00
88,PAYMENT,4991.47,C707225056,17978.59,12987.12,M534728546,0.0,0.0,0,0,-0.0,4991.47,212a6524-b3ee-41b0-abe3-dcb8a34a4b85,C707225056,PAYMENT,USD,False,2026-10-04T16:00:00+00:00
98,CASH_OUT,126694.27,C305366899,277450.43,150756.16,C597889349,2475.87,129170.14,0,0,-0.0,0.0,cb8c033b-5cbe-43cd-9fa8-2d13de5a29d6,C305366899,CASH_OUT,USD,False,2026-10-05T02:00:00+00:00
38,PAYMENT,2025.97,C549431487,2669.97,644.0,M891060070,0.0,0.0,0,0,-0.0,2025.97,7e0bb133-5142-498b-8160-964f615ef82c,C549431487,PAYMENT,USD,False,2026-10-02T14:00:00+00:00
40,PAYMENT,3824.61,C347305375,11219.17,7394.56,M785722215,0.0,0.0,0,0,-0.0,3824.61,0c2be176-428e-4929-837f-1ababc4920aa,C347305375,PAYMENT,USD,False,2026-10-02T16:00:00+00:00
98,CASH_IN,48189.86,C584799743,12582.31,60772.17,C775573615,38376.7,0.0,0,0,-96379.72,86566.56,ab196021-3a07-4c94-8e88-07bea59eea89,C584799743,CASH_IN,USD,False,2026-10-05T02:00:00+00:00
37,CASH_OUT,60423.05,C923112466,116191.05,55768.0,C231706467,9548.18,69971.23,0,0,0.0,0.0,844acae0-5853-418b-8da9-d9d18fea5139,C923112466,CASH_OUT,USD,False,2026-10-02T13:00:00+00:00
62,PAYMENT,112.11,C344550216,138.7,26.59,M159438642,0.0,0.0,0,0,-0.0,112.11,09945f7c-98e5-4711-b50a-b007e42abc17,C344550216,PAYMENT,USD,False,2026-10-03T14:00:00+00:00
11,PAYMENT,4605.3,C802129979,39372.97,34767.67,M219434017,0.0,0.0,0,0,0.0,4605.3,a4a7af01-09ab-4b55-aaca-8032c311552c,C802129979,PAYMENT,USD,False,2026-10-01T11:00:00+00:00
55,CASH_IN,23698.95,C394279862,13355.6,37054.55,C262290463,51360.9,27661.95,0,0,-47397.9,47397.9,06074e14-1a04-47a4-a512-482d628a7722,C394279862,CASH_IN,USD,False,2026-10-03T07:00:00+00:00
46,CASH_IN,8861.11,C479288737,3786.0,12647.11,C966082198,94549.13,85688.02,0,0,-17722.22,17722.22,c5416972-7510-4b68-bba7-dad657edf78b,C479288737,CASH_IN,USD,False,2026-10-02T22:00:00+00:00
44,PAYMENT,881.62,C447006489,4823.9,3942.28,M804361803,0.0,0.0,0,0,-0.0,881.62,472d05b8-e2e8-468a-ae33-5e76fac496eb,C447006489,PAYMENT,USD,False,2026-10-02T20:00:00+00:00
65,CASH_IN,21286.32,C131021832,17140.75,38427.07,C360400251,37583.44,16297.12,0,0,-42572.64,42572.64,7859f3f8-660b-4583-8304-02d9efd7a3c0,C131021832,CASH_IN,USD,False,2026-10-03T17:00:00+00:00
53,PAYMENT,3015.38,C599954258,22560.47,19545.09,M422238449,0.0,0.0,0,0,0.0,3015.38,3ea65955-e603-4e53-a28e-72fb589c5615,C599954258,PAYMENT,USD,False,2026-10-03T05:00:00+00:00
9,CASH_OUT,22618.37,C531763581,49789.29,27170.92,C277816375,20730.95,43349.32,0,0,0.0,0.0,9535bf42-debe-4ce6-ab6a-a25a894fc97a,C531763581,CASH_OUT,USD,False,2026-10-01T09:00:00+00:00
98,PAYMENT,1377.89,C135106082,4957.69,3579.8,M677252858,0.0,0.0,0,0,-0.0,1377.89,6b7613ca-c42f-4daf-821e-0bc006129513,C135106082,PAYMENT,USD,False,2026-10-05T02:00:00+00:00
64,CASH_IN,49571.53,C451587166,9234.26,58805.79,C202335967,50567.67,996.14,0,0,-99143.06,99143.06,a7eecca6-21bb-43e1-9792-2ee8ec92a4dd,C451587166,CASH_IN,USD,False,2026-10-03T16:00:00+00:00
84,PAYMENT,1287.23,C530147075,6700.56,5413.33,M561064446,0.0,0.0,0,0,0.0,1287.23,9903d599-ff7e-44ad-a9e4-b7cca116bbdf,C530147075,PAYMENT,USD,False,2026-10-04T12:00:00+00:00
77,PAYMENT,1108.01,C135490349,7087.23,5979.22,M939548124,0.0,0.0,0,0,-0.0,1108.01,dd95a40c-8ccf-47b9-945a-ee6be795407a,C135490349,PAYMENT,USD,False,2026-10-04T05:00:00+00:00
70,CASH_OUT,10834.69,C266765379,19037.65,8202.96,C248240250,31787.95,42622.64,0,0,0.0,0.0,03444a7b-306b-4557-8f36-c7c579e25eac,C266765379,CASH_OUT,USD,False,2026-10-03T22:00:00+00:00
80,CASH_OUT,75920.24,C568650265,204303.08,128382.84,C871526168,41852.25,117772.49,0,0,-0.0,0.0,4d42ab53-5193-47e3-a5e2-e0ee2447d921,C568650265,CASH_OUT,USD,False,2026-10-04T08:00:00+00:00
46,CASH_IN,45027.92,C549017351,6388.07,51415.99,C399444821,36954.29,0.0,0,0,-90055.84,81982.21,08c585e2-b9b1-462e-a4a8-b4932eed58f7,C549017351,CASH_IN,USD,False,2026-10-02T22:00:00+00:00
59,CASH_OUT,115512.18,C315104360,329292.08,213779.9,C716798546,44662.18,160174.36,0,0,0.0,0.0,0d2633d0-07ad-476b-838a-0584f0200db8,C315104360,CASH_OUT,USD,False,2026-10-03T11:00:00+00:00
13,CASH_IN,16797.75,C797889971,2751.99,19549.74,C256819248,29401.06,12603.31,0,0,-33595.5,33595.5,105368f3-5bc4-4a9f-bae8-29d566066ac1,C797889971,CASH_IN,USD,False,2026-10-01T13:00:00+00:00
57,PAYMENT,954.57,C761369770,6138.37,5183.8,M660721366,0.0,0.0,0,0,0.0,954.57,9b639090-9dc7-419d-aaf7-1f7e71a78586,C761369770,PAYMENT,USD,False,2026-10-03T09:00:00+00:00
42,CASH_IN,24007.52,C334946399,14681.32,38688.84,C388622680,57878.68,33871.16,0,0,-48015.04,48015.04,36cd1dbe-ea96-4321-821f-73c98de1c49f,C334946399,CASH_IN,USD,False,2026-10-02T18:00:00+00:00
23,PAYMENT,128.83,C311047815,633.31,504.48,M706805016,0.0,0.0,0,0,-0.0,128.83,f0e3c7f1-9f87-42f5-b650-7f88a2f26f20,C311047815,PAYMENT,USD,False,2026-10-01T23:00:00+00:00
27,CASH_IN,8549.27,C913417083,19723.55,28272.82,C733043578,43569.84,35020.57,0,0,-17098.54,17098.54,88924de4-1f8c-4ba9-8705-7e36e4cb7d7d,C913417083,CASH_IN,USD,False,2026-10-02T03:00:00+00:00
50,CASH_OUT,81256.28,C773268117,92781.43,11525.15,C963148795,33354.12,114610.4,0,0,-0.0,0.0,7fe6d830-5798-4f38-800c-267a947d80aa,C773268117,CASH_OUT,USD,False,2026-10-03T02:00:00+00:00
24,CASH_IN,6633.01,C403439088,17517.28,24150.29,C781582020,95132.44,88499.43,0,0,-13266.02,13266.02,9cf5adf7-8dfe-4c28-b4bf-db70c44dba06,C403439088,CASH_IN,USD,False,2026-10-02T00:00:00+00:00
56,CASH_IN,45272.85,C810572351,11858.74,57131.59,C262176514,19207.05,0.0,0,0,-90545.7,64479.9,4e4429f9-8832-49ab-8e89-4b2d6781110c,C810572351,CASH_IN,USD,False,2026-10-03T08:00:00+00:00
40,PAYMENT,2271.12,C415304275,19187.32,16916.2,M450864287,0.0,0.0,0,0,0.0,2271.12,ff663713-efe9-4fde-928e-bf17de7200a5,C415304275,PAYMENT,USD,False,2026-10-02T16:00:00+00:00
76,CASH_IN,46112.34,C295417054,14356.57,60468.91,C797883290,41364.64,0.0,0,0,-92224.68,87476.98,ded7fbf4-5954-4f7a-b6e1-09cc25ccbd49,C295417054,CASH_IN,USD,False,2026-10-04T04:00:00+00:00
2,CASH_OUT,28812.97,C868596889,38711.58,9898.61,C402641424,37700.89,66513.86,0,0,0.0,0.0,035f5f75-dc67-4145-94d3-fee3371847f7,C868596889,CASH_OUT,USD,False,2026-10-01T02:00:00+00:00
60,TRANSFER,857517.51,C774449070,857517.51,0.0,C543124592,4693.45,862210.96,1,0,0.0,0.0,54980df7-46b6-48a7-ac1b-2cf4ef3d096f,C774449070,TRANSFER,USD,False,2026-10-03T12:00:00+00:00
92,CASH_OUT,30335.24,C395752497,57377.99,27042.75,C253214356,41229.13,71564.37,0,0,-0.0,0.0,dcd82c53-0132-4dea-a33e-a45817776bf0,C395752497,CASH_OUT,USD,False,2026-10-04T20:00:00+00:00
89,PAYMENT,3792.46,C523272165,28115.42,24322.96,M402523984,0.0,0.0,0,0,0.0,3792.46,2ba9ba58-24c4-485c-81bd-21e8f090bb13,C523272165,PAYMENT,USD,False,2026-10-04T17:00:00+00:00
17,CASH_IN,32529.19,C443101281,15598.38,48127.57,C119226902,36195.66,3666.47,0,0,-65058.38,65058.38,3048e7b2-9aea-488a-b5e6-9bcf1b59e4c0,C443101281,CASH_IN,USD,False,2026-10-01T17:00:00+00:00
54,CASH_OUT,67335.72,C510684364,117924.44,50588.72,C505333621,34136.52,101472.24,0,0,0.0,-0.0,fb5f736d-20c9-488d-9ab8-3d237b86db6f,C510684364,CASH_OUT,USD,False,2026-10-03T06:00:00+00:00
23,TRANSFER,144952.09,C904592121,185448.64,40496.55,C138482956,23943.56,168895.65,0,0,0.0,0.0,0cc6c4d3-7aa2-4ffe-b999-ef943636abda,C904592121,TRANSFER,USD,False,2026-10-01T23:00:00+00:00
19,CASH_OUT,8601.3,C440970538,9721.73,1120.43,C835258495,25902.37,34503.67,0,0,0.0,0.0,4dba3756-27f2-42a5-928f-e5d06eaaeb09,C440970538,CASH_OUT,USD,False,2026-10-01T19:00:00+00:00
79,PAYMENT,3948.77,C306424872,33239.63,29290.86,M519687196,0.0,0.0,0,0,-0.0,3948.77,eb29bd16-0c16-456d-87f2-9fbb0924efd2,C306424872,PAYMENT,USD,False,2026-10-04T07:00:00+00:00
19,CASH_OUT,54687.85,C378551365,136222.76,81534.91,C646096027,49805.88,104493.73,0,0,0.0,0.0,185787bf-7226-47e4-9cda-f26646e01cf0,C378551365,CASH_OUT,USD,False,2026-10-01T19:00:00+00:00
54,CASH_OUT,140565.18,C554173839,172145.47,31580.29,C835967305,29992.04,170557.22,0,0,0.0,0.0,ff2e256c-77a4-4882-8490-68d8fd4975f9,C554173839,CASH_OUT,USD,False,2026-10-03T06:00:00+00:00
75,PAYMENT,26.4,C384934480,36.03,9.63,M346124013,0.0,0.0,0,0,0.0,26.4,3cc0a447-61f5-4989-9319-4202fd630cbd,C384934480,PAYMENT,USD,False,2026-10-04T03:00:00+00:00
93,PAYMENT,75.98,C710745805,309.4,233.42,M263971681,0.0,0.0,0,0,-0.0,75.98,30a0a3b9-ebf9-4129-a147-9735c00e74c9,C710745805,PAYMENT,USD,False,2026-10-04T21:00:00+00:00
30,PAYMENT,670.41,C422490952,3027.83,2357.42,M853201867,0.0,0.0,0,0,0.0,670.41,371f4ba7-cef2-4d01-b065-b7cd09733b5c,C422490952,PAYMENT,USD,False,2026-10-02T06:00:00+00:00
52,CASH_OUT,67881.24,C598637732,168054.83,100173.59,C252560338,19278.21,87159.45,0,0,-0.0,0.0,32dbd8f2-6ef8-4681-bce4-8b788a2f3e80,C598637732,CASH_OUT,USD,False,2026-10-03T04:00:00+00:00
8,PAYMENT,2681.89,C848086939,4752.22,2070.33,M361143429,0.0,0.0,0,0,0.0,2681.89,8393e8c7-9cb7-44ca-b974-58e5be3d4627,C848086939,PAYMENT,USD,False,2026-10-01T08:00:00+00:00
92,CASH_OUT,37760.78,C749096026,53666.91,15906.13,C597013797,16508.86,54269.64,0,0,0.0,0.0,e730320c-b0d3-4f47-9a96-29bf0c6041e7,C749096026,CASH_OUT,USD,False,2026-10-04T20:00:00+00:00
70,PAYMENT,2944.89,C324418605,23325.03,20380.14,M522685169,0.0,0.0,0,0,0.0,2944.89,3ff93775-9cbd-4846-bdc5-8f7650a4fabf,C324418605,PAYMENT,USD,False,2026-10-03T22:00:00+00:00
44,CASH_IN,12470.38,C217326729,10725.72,23196.1,C304235259,14878.05,2407.67,0,0,-24940.76,24940.76,a3525163-a80d-4f5d-be5e-b277df537b04,C217326729,CASH_IN,USD,False,2026-10-02T20:00:00+00:00
96,TRANSFER,142491.76,C760904107,376721.37,234229.61,C536019893,32.48,142524.24,0,0,0.0,0.0,c3ec9cab-6593-4364-8664-470917f4ec7f,C760904107,TRANSFER,USD,False,2026-10-05T00:00:00+00:00
49,PAYMENT,2398.78,C742026586,13935.25,11536.47,M530361198,0.0,0.0,0,0,0.0,2398.78,5c0a9f7b-b31c-4060-b5d4-55fd6be0f6a5,C742026586,PAYMENT,USD,False,2026-10-03T01:00:00+00:00
42,CASH_OUT,98779.89,C505777943,162467.64,63687.75,C136345929,5230.65,104010.54,0,0,0.0,0.0,67736589-9d61-4e3c-a7f8-2ffef3a85e3c,C505777943,CASH_OUT,USD,False,2026-10-02T18:00:00+00:00
51,PAYMENT,3328.58,C684926787,18199.7,14871.12,M567355185,0.0,0.0,0,0,0.0,3328.58,c9f6f756-1e7b-4d00-a1e0-9cb6ad5b9ae9,C684926787,PAYMENT,USD,False,2026-10-03T03:00:00+00:00
58,CASH_OUT,15165.56,C539203518,28226.55,13060.99,C664994654,16660.28,31825.84,0,0,0.0,-0.0,694af973-c1cd-4a47-b793-ac2aa14d1503,C539203518,CASH_OUT,USD,False,2026-10-03T10:00:00+00:00
95,CASH_IN,3872.53,C191178542,14442.26,18314.79,C641713121,76476.21,72603.68,0,0,-7745.06,7745.06,7bf7e4e7-affd-4a3f-8b5d-b032f7a5e5f1,C191178542,CASH_IN,USD,False,2026-10-04T23:00:00+00:00
9,CASH_IN,4652.57,C706993563,15611.76,20264.33,C699460009,53644.48,48991.91,0,0,-9305.14,9305.14,d5c7ef34-0e8f-47d8-97dc-cdb995cb8376,C706993563,CASH_IN,USD,False,2026-10-01T09:00:00+00:00
2,CASH_OUT,148667.11,C557433604,204722.08,56054.97,C473725524,34163.39,182830.5,0,0,0.0,0.0,a965036c-5d14-4ca3-b046-5208f8bcabdf,C557433604,CASH_OUT,USD,False,2026-10-01T02:00:00+00:00
49,CASH_OUT,79067.18,C812458132,106000.57,26933.39,C374294163,14200.68,93267.86,0,0,0.0,-0.0,4c692c5c-de48-4a2c-8116-9016742794d8,C812458132,CASH_OUT,USD,False,2026-10-03T01:00:00+00:00
18,CASH_OUT,27654.77,C521239642,61793.84,34139.07,C841052105,4532.29,32187.06,0,0,-0.0,0.0,4151716e-5b9c-4936-99df-004d4b56bc07,C521239642,CASH_OUT,USD,False,2026-10-01T18:00:00+00:00
11,PAYMENT,2829.34,C781815037,6326.91,3497.57,M484499870,0.0,0.0,0,0,-0.0,2829.34,4c605446-e852-47c6-9c20-ba31417aef46,C781815037,PAYMENT,USD,False,2026-10-01T11:00:00+00:00
98,PAYMENT,726.27,C805619076,2935.17,2208.9,M953440301,0.0,0.0,0,0,0.0,726.27,23f6a0d1-4f24-409b-bb10-66d97db0f286,C805619076,PAYMENT,USD,False,2026-10-05T02:00:00+00:00
56,PAYMENT,3648.83,C732157125,21128.95,17480.12,M908054052,0.0,0.0,0,0,0.0,3648.83,05f74618-783f-4ecc-b05b-a43982876d68,C732157125,PAYMENT,USD,False,2026-10-03T08:00:00+00:00
86,CASH_OUT,86510.49,C214077454,128644.32,42133.83,C790401984,18683.59,105194.08,0,0,0.0,0.0,63bc2f66-3620-4820-aaad-f3b2627bc4f7,C214077454,CASH_OUT,USD,False,2026-10-04T14:00:00+00:00
80,CASH_OUT,100722.18,C523802474,295731.97,195009.79,C241989740,27978.02,128700.2,0,0,-0.0,0.0,85e9045f-5a02-4bbe-9ca7-f7937d8d3adb,C523802474,CASH_OUT,USD,False,2026-10-04T08:00:00+00:00
72,CASH_OUT,25036.14,C164756261,28116.51,3080.37,C765102292,35942.05,60978.19,0,0,-0.0,0.0,66acc53a-d15f-48cb-bf77-341fe2d92a27,C164756261,CASH_OUT,USD,False,2026-10-04T00:00:00+00:00
67,CASH_OUT,17012.28,C104664655,47065.52,30053.24,C248518128,41272.07,58284.35,0,0,-0.0,0.0,e6fbc373-c5a7-49bd-bd3f-3dbff9e6f4e7,C104664655,CASH_OUT,USD,False,2026-10-03T19:00:00+00:00
10,CASH_IN,19367.44,C821681612,14473.3,33840.74,C230522429,64080.32,44712.88,0,0,-38734.88,38734.88,0727959a-0460-477e-b9a0-492ef1f58a17,C821681612,CASH_IN,USD,False,2026-10-01T10:00:00+00:00
97,CASH_IN,16034.0,C751088958,10399.99,26433.99,C788684924,40246.75,24212.75,0,0,-32068.0,32068.0,8ca2dfed-0a89-4063-a063-1e99ac6d2dc3,C751088958,CASH_IN,USD,False,2026-10-05T01:00:00+00:00
66,PAYMENT,1071.82,C837771850,2913.62,1841.8,M454520274,0.0,0.0,0,0,0.0,1071.82,6dee8a0f-e29f-4c8c-8f1f-36cc706ef453,C837771850,PAYMENT,USD,False,2026-10-03T18:00:00+00:00
35,CASH_OUT,87559.64,C247922246,109675.23,22115.59,C228743171,43094.74,130654.38,0,0,-0.0,0.0,07ae444a-cbe8-4083-b342-a6630f29a405,C247922246,CASH_OUT,USD,False,2026-10-02T11:00:00+00:00
13,CASH_OUT,140141.66,C636263065,230857.99,90716.33,C611544570,11576.73,151718.39,0,0,-0.0,0.0,07e3f581-f139-4ba3-afb9-f1be5765d1e1,C636263065,CASH_OUT,USD,False,2026-10-01T13:00:00+00:00
93,PAYMENT,4871.75,C900427880,9154.86,4283.11,M157656107,0.0,0.0,0,0,0.0,4871.75,2db4c4be-a7c1-4df3-95c8-9395661e8e15,C900427880,PAYMENT,USD,False,2026-10-04T21:00:00+00:00
43,CASH_OUT,85479.36,C118153736,101091.99,15612.63,C819971028,36044.83,121524.19,0,0,0.0,0.0,226b6f5c-e70d-4d29-bae5-d54e8a0426ab,C118153736,CASH_OUT,USD,False,2026-10-02T19:00:00+00:00
90,CASH_OUT,124579.3,C291614199,207188.14,82608.84,C395744142,48623.81,173203.11,0,0,0.0,0.0,bcc99915-61db-4372-aaad-1425eebd2d16,C291614199,CASH_OUT,USD,False,2026-10-04T18:00:00+00:00
85,CASH_IN,18042.95,C808777380,381.57,18424.52,C215847550,86873.63,68830.68,0,0,-36085.9,36085.9,542c23ff-209a-4a07-91ce-c1d38847c3f6,C808777380,CASH_IN,USD,False,2026-10-04T13:00:00+00:00
74,CASH_OUT,135179.89,C263537044,262269.89,127090.0,C683647450,1658.6,136838.49,0,0,0.0,0.0,69c874a1-bf64-499c-9d01-e0dcd70883dc,C263537044,CASH_OUT,USD,False,2026-10-04T02:00:00+00:00
28,CASH_OUT,69468.16,C998710123,170894.14,101425.98,C115573397,36808.94,106277.1,0,0,0.0,0.0,51771673-c6a0-4b62-8e84-962cd21071df,C998710123,CASH_OUT,USD,False,2026-10-02T04:00:00+00:00
5,CASH_OUT,106238.11,C949421482,117636.56,11398.45,C881603066,44890.34,151128.45,0,0,-0.0,0.0,b5fbcede-a4f2-4d6c-bfec-920fb3375b92,C949421482,CASH_OUT,USD,False,2026-10-01T05:00:00+00:00
77,CASH_OUT,63912.81,C370933847,101767.66,37854.85,C824771740,40958.47,104871.28,0,0,0.0,0.0,8a1cd8fb-319f-4319-98b7-c6a5f0a42453,C370933847,CASH_OUT,USD,False,2026-10-04T05:00:00+00:00
90,CASH_OUT,47787.28,C771318744,86593.67,38806.39,C511017218,21759.5,69546.78,0,0,0.0,0.0,224a3886-95f8-4e2b-b89e-f8d76ecbb3be,C771318744,CASH_OUT,USD,False,2026-10-04T18:00:00+00:00
65,PAYMENT,3130.83,C166582406,28220.11,25089.28,M515721250,0.0,0.0,0,0,0.0,3130.83,8bd856e0-587b-45a3-851b-421596eaa150,C166582406,PAYMENT,USD,False,2026-10-03T17:00:00+00:00
81,CASH_OUT,149018.84,C630833402,208167.24,59148.4,C137669367,9905.78,158924.62,0,0,-0.0,0.0,ae7b2f08-b0ce-4ddc-a6aa-db7889221735,C630833402,CASH_OUT,USD,False,2026-10-04T09:00:00+00:00
39,CASH_OUT,16734.68,C260509374,48879.14,32144.46,C949294921,9856.59,26591.27,0,0,0.0,0.0,dc19ac54-b97a-42bc-b8c4-562ba537e055,C260509374,CASH_OUT,USD,False,2026-10-02T15:00:00+00:00
11,CASH_OUT,43932.37,C617760172,61327.22,17394.85,C990624412,17879.91,61812.28,0,0,0.0,0.0,2bf0afeb-cb3d-44b1-80cc-b5229efc4239,C617760172,CASH_OUT,USD,False,2026-10-01T11:00:00+00:00
52,DEBIT,217.61,C621806732,501.63,284.02,C471429372,1435.57,1653.18,0,0,0.0,-0.0,c9ef74ba-297e-4926-9bd9-ba411d1c3ef4,C621806732,DEBIT,USD,False,2026-10-03T04:00:00+00:00
31,PAYMENT,1859.94,C712425712,13259.78,11399.84,M983359820,0.0,0.0,0,0,0.0,1859.94,1a320e57-4846-43a4-8eab-76e02245d85b,C712425712,PAYMENT,USD,False,2026-10-02T07:00:00+00:00
49,CASH_OUT,19108.81,C324081095,47961.8,28852.99,C614051496,26768.63,45877.44,0,0,0.0,0.0,cbaeedb3-5d36-4a68-9294-2a9940f831d3,C324081095,CASH_OUT,USD,False,2026-10-03T01:00:00+00:00
90,CASH_OUT,121223.2,C935402644,122054.89,831.69,C105527740,31908.57,153131.77,0,0,0.0,0.0,f9a68301-699d-4083-b78e-78286366f5eb,C935402644,CASH_OUT,USD,False,2026-10-04T18:00:00+00:00
21,CASH_IN,9154.91,C406281188,16786.63,25941.54,C288290663,69593.07,60438.16,0,0,-18309.82,18309.82,1e9030b5-8702-4082-8b38-d9f6c5e63d09,C406281188,CASH_IN,USD,False,2026-10-01T21:00:00+00:00
5,CASH_OUT,105724.63,C486949792,183612.37,77887.74,C394181098,23210.92,128935.55,0,0,-0.0,0.0,68b8ade8-ee36-4176-b1e2-c2c0df245b15,C486949792,CASH_OUT,USD,False,2026-10-01T05:00:00+00:00
47,PAYMENT,1199.67,C918877539,5638.5,4438.83,M543318944,0.0,0.0,0,0,0.0,1199.67,c77e0d3f-cf90-4b9a-b2e0-712f9de1aad0,C918877539,PAYMENT,USD,False,2026-10-02T23:00:00+00:00
16,CASH_OUT,27537.16,C245641613,50703.05,23165.89,C296935010,44392.63,71929.79,0,0,0.0,0.0,e8be5d2c-bdd7-49ed-993e-a42d5b789c05,C245641613,CASH_OUT,USD,False,2026-10-01T16:00:00+00:00
73,CASH_OUT,143361.18,C174506118,325854.73,182493.55,C302381105,24910.07,168271.25,0,0,0.0,0.0,65260e86-b358-48dd-90ab-bb7c2df6c7a0,C174506118,CASH_OUT,USD,False,2026-10-04T01:00:00+00:00
35,CASH_OUT,3279.06,C232151333,3953.34,674.28,C147809267,14836.92,18115.98,0,0,0.0,0.0,3384f09b-f719-42d2-971b-833a43c5a387,C232151333,CASH_OUT,USD,False,2026-10-02T11:00:00+00:00
19,PAYMENT,3970.64,C406719360,29948.98,25978.34,M469505387,0.0,0.0,0,0,0.0,3970.64,885e7f7b-c410-4db6-8a2d-9478beec3ad8,C406719360,PAYMENT,USD,False,2026-10-01T19:00:00+00:00
69,PAYMENT,581.13,C129635852,1515.07,933.94,M380477683,0.0,0.0,0,0,-0.0,581.13,c1556a3c-c27e-471e-bc95-9896fa606615,C129635852,PAYMENT,USD,False,2026-10-03T21:00:00+00:00
2,CASH_OUT,84614.63,C413097844,209772.53,125157.9,C426320130,12129.2,96743.83,0,0,0.0,0.0,04f1f229-1081-4bc9-93dc-3f23eb521829,C413097844,CASH_OUT,USD,False,2026-10-01T02:00:00+00:00
28,TRANSFER,197771.63,C941460924,457554.79,259783.16,C486485904,41921.43,239693.06,0,0,-0.0,0.0,1da61e04-26d8-403b-a859-c35142e52e5f,C941460924,TRANSFER,USD,False,2026-10-02T04:00:00+00:00
45,TRANSFER,179016.46,C475054281,570646.83,391630.37,C339673990,24804.83,203821.29,0,0,0.0,-0.0,0c26cc99-0db4-4769-b916-2c3cf9f2ec04,C475054281,TRANSFER,USD,False,2026-10-02T21:00:00+00:00
65,CASH_OUT,42703.28,C916384252,89058.64,46355.36,C177318698,31343.05,74046.33,0,0,0.0,0.0,27a43b76-5ef5-42d2-acb7-c78d130d417e,C916384252,CASH_OUT,USD,False,2026-10-03T17:00:00+00:00
63,PAYMENT,2007.69,C407761324,18579.69,16572.0,M765380090,0.0,0.0,0,0,0.0,2007.69,29746296-6739-4ce9-9e12-ac7b221e57a4,C407761324,PAYMENT,USD,False,2026-10-03T15:00:00+00:00
86,PAYMENT,1063.3,C551659683,5413.97,4350.67,M934168821,0.0,0.0,0,0,0.0,1063.3,b96aadc7-90a7-48de-af5c-2582d0f7691c,C551659683,PAYMENT,USD,False,2026-10-04T14:00:00+00:00
26,TRANSFER,112230.78,C576903733,112230.78,0.0,C666726463,4657.89,116888.67,1,0,0.0,0.0,fdbd3e53-29f8-4cd4-aed8-685c5ed8948a,C576903733,TRANSFER,USD,False,2026-10-02T02:00:00+00:00
7,CASH_OUT,36224.55,C845105527,61275.58,25051.03,C220853189,17997.1,54221.65,0,0,0.0,0.0,f134432e-f267-4c79-b598-e55480daba47,C845105527,CASH_OUT,USD,False,2026-10-01T07:00:00+00:00
96,CASH_IN,42280.14,C833944764,14112.85,56392.99,C304700754,99801.57,57521.43,0,0,-84560.28,84560.28,6fbfccad-7892-4b99-a5c6-4ee2d64d8f46,C833944764,CASH_IN,USD,False,2026-10-05T00:00:00+00:00
58,CASH_OUT,65875.52,C725203135,141111.06,75235.54,C300569309,22007.09,87882.61,0,0,0.0,0.0,c86c8f55-aee7-4dd3-8b5e-7746a2a3ab07,C725203135,CASH_OUT,USD,False,2026-10-03T10:00:00+00:00
71,CASH_OUT,25715.66,C924913247,54799.64,29083.98,C459910894,32976.52,58692.18,0,0,0.0,-0.0,b31b53e3-7a13-4404-8363-7c552429fdda,C924913247,CASH_OUT,USD,False,2026-10-03T23:00:00+00:00
61,CASH_IN,36383.73,C890099255,2761.65,39145.38,C857820386,21526.83,0.0,0,0,-72767.46,57910.56,96cc1112-43ff-463a-8287-77541ed6f0bd,C890099255,CASH_IN,USD,False,2026-10-03T13:00:00+00:00
40,CASH_OUT,145171.81,C620337292,407955.86,262784.05,C815731734,6744.42,151916.23,0,0,0.0,0.0,e78930c5-e7c2-42b5-8fff-a7d0eb5437ec,C620337292,CASH_OUT,USD,False,2026-10-02T16:00:00+00:00
25,TRANSFER,239918.2,C496594605,257650.61,17732.41,C671446570,2346.1,242264.3,0,0,-0.0,0.0,160bf1b0-f2d8-47a8-a86d-ddbfb538fd3c,C496594605,TRANSFER,USD,False,2026-10-02T01:00:00+00:00
13,PAYMENT,1436.84,C620716920,7708.92,6272.08,M152725202,0.0,0.0,0,0,0.0,1436.84,a9d33347-6dfa-4a5e-b2f6-2daf810271e5,C620716920,PAYMENT,USD,False,2026-10-01T13:00:00+00:00
97,CASH_OUT,90178.35,C849156816,164368.57,74190.22,C571607001,35077.59,125255.94,0,0,0.0,0.0,be1be44a-0f68-4149-8e54-25c70229aa64,C849156816,CASH_OUT,USD,False,2026-10-05T01:00:00+00:00
55,PAYMENT,1080.49,C266944844,4353.67,3273.18,M919795579,0.0,0.0,0,0,0.0,1080.49,a0ca8c61-35cd-4fbd-9cd1-2132ae4fecef,C266944844,PAYMENT,USD,False,2026-10-03T07:00:00+00:00
85,PAYMENT,2167.56,C289212844,17725.43,15557.87,M642761406,0.0,0.0,0,0,0.0,2167.56,d04514d5-9ba7-4f86-a4a9-aa57578d3cf2,C289212844,PAYMENT,USD,False,2026-10-04T13:00:00+00:00
74,PAYMENT,1295.01,C278607682,7316.5,6021.49,M293313837,0.0,0.0,0,0,0.0,1295.01,deeabf76-96f9-4965-bfe5-2b19e1935d15,C278607682,PAYMENT,USD,False,2026-10-04T02:00:00+00:00
62,TRANSFER,169279.39,C735550652,169279.39,0.0,C940487246,2078.42,171357.81,1,0,0.0,0.0,a444ad07-af11-4502-85ca-f6f88d1f41f2,C735550652,TRANSFER,USD,False,2026-10-03T14:00:00+00:00
69,CASH_OUT,118141.12,C161469115,347014.42,228873.3,C903665412,1292.06,119433.18,0,0,0.0,0.0,a89961d2-7f69-4aa5-b7ba-1c202b37a17e,C161469115,CASH_OUT,USD,False,2026-10-03T21:00:00+00:00
54,CASH_OUT,4453.25,C783347422,5687.44,1234.19,C340724985,30996.01,35449.26,0,0,-0.0,-0.0,cb6a58b6-6a2b-4daa-88e6-6c3e07662830,C783347422,CASH_OUT,USD,False,2026-10-03T06:00:00+00:00
61,PAYMENT,1608.15,C461808085,14842.5,13234.35,M921324845,0.0,0.0,0,0,0.0,1608.15,c72b66f6-777a-46e9-b3cf-ddd5453a0a4b,C461808085,PAYMENT,USD,False,2026-10-03T13:00:00+00:00
20,CASH_OUT,634985.47,C829113607,634985.47,0.0,C508718147,4060.87,639046.34,1,0,0.0,0.0,0d7529c1-3801-4897-8b25-7def7782f12b,C829113607,CASH_OUT,USD,False,2026-10-01T20:00:00+00:00
57,PAYMENT,717.88,C610220123,3379.82,2661.94,M762866515,0.0,0.0,0,0,0.0,717.88,844222f7-98e3-48f9-b115-51b9838e206d,C610220123,PAYMENT,USD,False,2026-10-03T09:00:00+00:00
99,PAYMENT,1551.55,C107223665,14668.96,13117.41,M954057129,0.0,0.0,0,0,0.0,1551.55,a3f26a0a-e5d1-4504-bbb8-5bc7dc3598fc,C107223665,PAYMENT,USD,False,2026-10-05T03:00:00+00:00
21,CASH_IN,46167.48,C188700059,9784.64,55952.12,C728762664,64549.21,18381.73,0,0,-92334.96,92334.96,18adedd8-548f-4c85-9d84-6f80b1f296f0,C188700059,CASH_IN,USD,False,2026-10-01T21:00:00+00:00
96,PAYMENT,1513.35,C952293873,3451.71,1938.36,M362521055,0.0,0.0,0,0,0.0,1513.35,7568f963-642f-457e-9515-f924927841f7,C952293873,PAYMENT,USD,False,2026-10-05T00:00:00+00:00
59,TRANSFER,819352.93,C417733288,819352.93,0.0,C809294673,2293.86,821646.79,1,0,0.0,0.0,8c1253a2-7141-48e9-8790-5dfc0e48ee82,C417733288,TRANSFER,USD,False,2026-10-03T11:00:00+00:00
44,CASH_OUT,35801.71,C162193817,77948.73,42147.02,C198774376,11356.29,47158.0,0,0,0.0,0.0,93cd9d54-bac7-4bcb-8032-9b36e28d81b9,C162193817,CASH_OUT,USD,False,2026-10-02T20:00:00+00:00
14,CASH_IN,414.7,C757228527,3791.23,4205.93,C392170476,60756.5,60341.8,0,0,-829.4,829.4,5985842c-302c-49a9-b680-764140e481e3,C757228527,CASH_IN,USD,False,2026-10-01T14:00:00+00:00
83,PAYMENT,2260.79,C256389404,7335.76,5074.97,M624942192,0.0,0.0,0,0,0.0,2260.79,0b14f305-1ea8-4e74-b3f9-f78aa50d50fd,C256389404,PAYMENT,USD,False,2026-10-04T11:00:00+00:00
18,CASH_OUT,63466.07,C154660511,85105.96,21639.89,C507049911,48486.42,111952.49,0,0,0.0,-0.0,5bf5c11b-1dd7-4375-b2dc-d8f97f7ca97e,C154660511,CASH_OUT,USD,False,2026-10-01T18:00:00+00:00
79,CASH_OUT,85099.76,C750262890,186600.06,101500.3,C347939168,11545.62,96645.38,0,0,0.0,-0.0,74444e73-4005-4bf3-a02a-2a768178f2f3,C750262890,CASH_OUT,USD,False,2026-10-04T07:00:00+00:00
9,PAYMENT,665.4,C513886549,1877.18,1211.78,M117783990,0.0,0.0,0,0,0.0,665.4,83ee7bf7-b03a-4d61-a359-ae36176b3f59,C513886549,PAYMENT,USD,False,2026-10-01T09:00:00+00:00
15,PAYMENT,2943.86,C939309279,16643.19,13699.33,M664770094,0.0,0.0,0,0,-0.0,2943.86,e89edf29-b8be-431c-9e52-88c6fa0b26f9,C939309279,PAYMENT,USD,False,2026-10-01T15:00:00+00:00
42,CASH_OUT,64416.74,C582509549,164457.44,100040.7,C376351483,15713.53,80130.27,0,0,0.0,0.0,532545d2-423d-4820-964e-f62634a4cc77,C582509549,CASH_OUT,USD,False,2026-10-02T18:00:00+00:00
95,PAYMENT,4948.92,C831176039,24603.71,19654.79,M689020467,0.0,0.0,0,0,0.0,4948.92,26b2e55a-538c-4d59-ab47-929064115bf7,C831176039,PAYMENT,USD,False,2026-10-04T23:00:00+00:00
60,CASH_OUT,53779.65,C139383204,64723.34,10943.69,C574103130,23034.63,76814.28,0,0,-0.0,0.0,cc5cd2c0-a071-4346-93c6-609abaedad3c,C139383204,CASH_OUT,USD,False,2026-10-03T12:00:00+00:00
38,CASH_OUT,106713.2,C220959939,139506.96,32793.76,C678023583,21772.01,128485.21,0,0,-0.0,-0.0,1b44b2ff-131c-4d2d-8c6d-0fcdb5a3a33c,C220959939,CASH_OUT,USD,False,2026-10-02T14:00:00+00:00
82,CASH_OUT,114033.5,C239056278,257099.31,143065.81,C691919737,2457.82,116491.32,0,0,0.0,0.0,92013449-ce76-4fe9-9167-90fe2e7daee6,C239056278,CASH_OUT,USD,False,2026-10-04T10:00:00+00:00
19,DEBIT,850.69,C157783846,2940.84,2090.15,C488504034,2448.62,3299.31,0,0,0.0,0.0,71b117f9-d3ad-4bed-a63e-be3ca171eab4,C157783846,DEBIT,USD,False,2026-10-01T19:00:00+00:00
20,CASH_OUT,18529.06,C704518264,24060.84,5531.78,C543425740,13470.46,31999.52,0,0,-0.0,0.0,00718aa3-8672-4526-9761-a00874716cf5,C704518264,CASH_OUT,USD,False,2026-10-01T20:00:00+00:00
12,CASH_OUT,28653.19,C990568217,50267.32,21614.13,C388258432,30248.47,58901.66,0,0,0.0,0.0,ebd369af-adbf-4b74-9e9f-9be7629061f4,C990568217,CASH_OUT,USD,False,2026-10-01T12:00:00+00:00
30,PAYMENT,1458.43,C224221153,2628.46,1170.03,M219596078,0.0,0.0,0,0,0.0,1458.43,464db0ca-0e8d-4c04-9e32-205b82ea4a3c,C224221153,PAYMENT,USD,False,2026-10-02T06:00:00+00:00
55,TRANSFER,173640.43,C613640397,335447.06,161806.63,C608898251,10746.92,184387.35,0,0,0.0,0.0,e1d641ba-a7ea-459f-9fc8-e7ee393eedf8,C613640397,TRANSFER,USD,False,2026-10-03T07:00:00+00:00
99,TRANSFER,75648.12,C896452140,252522.3,176874.18,C882321926,32214.72,107862.84,0,0,0.0,0.0,1c515796-39bf-494a-99e5-d979e4f02785,C896452140,TRANSFER,USD,False,2026-10-05T03:00:00+00:00
60,CASH_OUT,9323.36,C848602687,15661.92,6338.56,C839010654,14484.81,23808.17,0,0,-0.0,0.0,bf7eb6d7-834a-48be-a8f9-ea4c7af2c28a,C848602687,CASH_OUT,USD,False,2026-10-03T12:00:00+00:00
71,PAYMENT,3432.77,C789113525,31557.92,28125.15,M911374902,0.0,0.0,0,0,-0.0,3432.77,f870b08f-77f3-48d8-974f-633be891407a,C789113525,PAYMENT,USD,False,2026-10-03T23:00:00+00:00
75,CASH_OUT,10228.74,C533548878,27659.15,17430.41,C131698835,7958.98,18187.72,0,0,0.0,0.0,3f612f7a-32cf-4677-a4d1-0bd500de1868,C533548878,CASH_OUT,USD,False,2026-10-04T03:00:00+00:00
48,PAYMENT,994.11,C244237954,5490.99,4496.88,M295404184,0.0,0.0,0,0,0.0,994.11,b54d0aa8-db11-476d-a3dd-ec3f4ec38768,C244237954,PAYMENT,USD,False,2026-10-03T00:00:00+00:00
12,TRANSFER,49015.28,C523509129,137709.19,88693.91,C441189853,40924.47,89939.75,0,0,0.0,0.0,b5963a74-7967-418c-81bc-ac10a7f7a54b,C523509129,TRANSFER,USD,False,2026-10-01T12:00:00+00:00
47,CASH_OUT,105027.66,C987723971,225178.73,120151.07,C815174578,2021.49,107049.15,0,0,0.0,0.0,3bc639ac-2d56-4ed2-9c22-6043d2cd8e73,C987723971,CASH_OUT,USD,False,2026-10-02T23:00:00+00:00
34,TRANSFER,548777.64,C369575884,548777.64,0.0,C676267690,1964.43,550742.07,1,0,0.0,0.0,f9453814-59a9-4680-ab46-8fa9f25e2632,C369575884,TRANSFER,USD,False,2026-10-02T10:00:00+00:00
50,PAYMENT,3666.61,C953793008,21596.11,17929.5,M422338978,0.0,0.0,0,0,0.0,3666.61,e878509b-1263-46b6-919e-e596d1be9862,C953793008,PAYMENT,USD,False,2026-10-03T02:00:00+00:00
54,PAYMENT,4209.39,C129219903,16074.58,11865.19,M516931956,0.0,0.0,0,0,-0.0,4209.39,426da34a-b77f-41fc-ba7e-765649157954,C129219903,PAYMENT,USD,False,2026-10-03T06:00:00+00:00
53,TRANSFER,92059.02,C718853630,248968.9,156909.88,C140657269,56390.6,148449.62,0,0,0.0,0.0,7e3886b1-c93a-465b-9865-b17ea42a52a6,C718853630,TRANSFER,USD,False,2026-10-03T05:00:00+00:00
93,PAYMENT,2090.53,C873988497,3134.63,1044.1,M314842361,0.0,0.0,0,0,0.0,2090.53,a5d2320a-8180-437f-b300-7c540510a93f,C873988497,PAYMENT,USD,False,2026-10-04T21:00:00+00:00
53,TRANSFER,39061.06,C904745462,140378.3,101317.24,C354194771,78096.48,117157.54,0,0,-0.0,0.0,825e823b-0c09-470d-9935-03704a2e6fef,C904745462,TRANSFER,USD,False,2026-10-03T05:00:00+00:00
1,DEBIT,1023.4,C505952856,4548.59,3525.19,C552023094,1377.32,2400.72,0,0,0.0,0.0,2f593dfa-254f-4f13-ba33-5ff7bc5b6216,C505952856,DEBIT,USD,False,2026-10-01T01:00:00+00:00
59,CASH_OUT,70702.83,C663204337,198122.36,127419.53,C645345460,14536.38,85239.21,0,0,-0.0,0.0,3ccd2517-63f9-4f1d-bdc2-e2c886c73bde,C663204337,CASH_OUT,USD,False,2026-10-03T11:00:00+00:00
51,TRANSFER,227030.44,C603276564,725803.54,498773.1,C149617477,845.37,227875.81,0,0,0.0,0.0,eaa3604b-d214-444f-95db-f6b6fbde20dd,C603276564,TRANSFER,USD,False,2026-10-03T03:00:00+00:00
1,PAYMENT,3008.76,C537194241,20098.98,17090.22,M628930743,0.0,0.0,0,0,0.0,3008.76,b9e5b6f2-c385-4d3c-a943-7e5e74e735c7,C537194241,PAYMENT,USD,False,2026-10-01T01:00:00+00:00
87,CASH_OUT,66315.29,C179308612,197308.11,130992.82,C471048258,14957.71,81273.0,0,0,-0.0,0.0,9625bc5b-95a7-43e6-a723-d325e4281cc2,C179308612,CASH_OUT,USD,False,2026-10-04T15:00:00+00:00
55,CASH_OUT,55154.49,C428296909,99638.61,44484.12,C923547996,12737.47,67891.96,0,0,0.0,-0.0,b6e5f7f1-534d-42a8-98a0-26f8b86fe5bd,C428296909,CASH_OUT,USD,False,2026-10-03T07:00:00+00:00
84,TRANSFER,117637.9,C180346223,237120.8,119482.9,C384566044,55416.37,173054.27,0,0,0.0,0.0,32a01472-01b5-4c7a-9681-b7d37b1c6c93,C180346223,TRANSFER,USD,False,2026-10-04T12:00:00+00:00
83,PAYMENT,2950.3,C251715311,6229.32,3279.02,M119346520,0.0,0.0,0,0,-0.0,2950.3,0a736d49-08b6-48cd-93bd-eca824269bec,C251715311,PAYMENT,USD,False,2026-10-04T11:00:00+00:00
30,PAYMENT,926.47,C516680385,6710.01,5783.54,M918772601,0.0,0.0,0,0,0.0,926.47,a7bf359e-f8d7-4dec-945d-79aee26b02dc,C516680385,PAYMENT,USD,False,2026-10-02T06:00:00+00:00
60,CASH_OUT,51704.86,C463999473,96826.06,45121.2,C270494328,3848.72,55553.58,0,0,0.0,0.0,c6a8fda1-99bd-48a7-ba39-101d41ab982e,C463999473,CASH_OUT,USD,False,2026-10-03T12:00:00+00:00
15,CASH_OUT,108623.94,C680075399,306609.74,197985.8,C126527569,41105.45,149729.39,0,0,0.0,0.0,1b91cd28-296d-4cef-b6a6-52f5288ef2f4,C680075399,CASH_OUT,USD,False,2026-10-01T15:00:00+00:00
95,PAYMENT,2645.0,C973851617,7222.6,4577.6,M948260570,0.0,0.0,0,0,0.0,2645.0,b2ac0774-b4fe-46c8-855b-c959f3690039,C973851617,PAYMENT,USD,False,2026-10-04T23:00:00+00:00
61,PAYMENT,691.65,C927603754,6779.0,6087.35,M690936560,0.0,0.0,0,0,0.0,691.65,0ae90018-c79b-4e99-b9a9-ec967b14c3b8,C927603754,PAYMENT,USD,False,2026-10-03T13:00:00+00:00
17,PAYMENT,1483.55,C680017903,14121.81,12638.26,M173123290,0.0,0.0,0,0,0.0,1483.55,39e33b6d-d181-4f93-ba87-b641b53f4b27,C680017903,PAYMENT,USD,False,2026-10-01T17:00:00+00:00
21,PAYMENT,466.07,C927825086,4312.05,3845.98,M864084847,0.0,0.0,0,0,0.0,466.07,38ddbc78-e230-46c1-9daa-304c0821c364,C927825086,PAYMENT,USD,False,2026-10-01T21:00:00+00:00
91,PAYMENT,1247.41,C421214817,5429.49,4182.08,M760391005,0.0,0.0,0,0,0.0,1247.41,c2219b98-836d-41cc-a528-b6bd586330be,C421214817,PAYMENT,USD,False,2026-10-04T19:00:00+00:00
77,PAYMENT,2027.26,C605006657,6745.77,4718.51,M148105326,0.0,0.0,0,0,0.0,2027.26,8d6c403b-a1db-43b6-8716-40f43ae59949,C605006657,PAYMENT,USD,False,2026-10-04T05:00:00+00:00
39,PAYMENT,515.82,C820418839,1887.74,1371.92,M299253012,0.0,0.0,0,0,0.0,515.82,0e031023-41fc-43e7-abee-00ddd6a14a59,C820418839,PAYMENT,USD,False,2026-10-02T15:00:00+00:00
62,PAYMENT,3749.15,C532117948,19116.82,15367.67,M239841896,0.0,0.0,0,0,0.0,3749.15,99a1cda0-3f88-46e5-9ccb-4bdd71e7fdb3,C532117948,PAYMENT,USD,False,2026-10-03T14:00:00+00:00
23,DEBIT,397.29,C552345128,843.23,445.94,C384071934,1169.88,1567.17,0,0,0.0,0.0,8add1e13-2a42-45ae-9659-fc674ba07faa,C552345128,DEBIT,USD,False,2026-10-01T23:00:00+00:00
67,CASH_OUT,33399.02,C734340885,34012.8,613.78,C524463440,42618.1,76017.12,0,0,0.0,0.0,c92e73f8-5c7e-4489-92aa-afddfddb7bc2,C734340885,CASH_OUT,USD,False,2026-10-03T19:00:00+00:00
81,DEBIT,625.16,C885859825,1274.01,648.85,C259880979,1813.64,2438.8,0,0,0.0,0.0,d0df5fd0-4fe0-45e2-be00-4de66bde2b55,C885859825,DEBIT,USD,False,2026-10-04T09:00:00+00:00
9,TRANSFER,146145.5,C600948542,455149.69,309004.19,C741250089,22073.38,168218.88,0,0,0.0,0.0,5a780cfe-0a50-4f57-9001-c84257701007,C600948542,TRANSFER,USD,False,2026-10-01T09:00:00+00:00
23,CASH_OUT,71037.77,C114782866,146279.89,75242.12,C918871311,29324.22,100361.99,0,0,0.0,0.0,5dd89849-f092-4653-845a-df5f2e19f43d,C114782866,CASH_OUT,USD,False,2026-10-01T23:00:00+00:00
95,CASH_IN,8273.5,C594886752,19855.04,28128.54,C396686966,34430.47,26156.97,0,0,-16547.0,16547.0,40b505d2-11cf-4e86-a0b0-63a1cb151249,C594886752,CASH_IN,USD,False,2026-10-04T23:00:00+00:00
87,PAYMENT,2775.76,C919241705,5912.76,3137.0,M943117319,0.0,0.0,0,0,0.0,2775.76,2f1a5534-4e22-4788-bab8-a2ea8f3d6781,C919241705,PAYMENT,USD,False,2026-10-04T15:00:00+00:00
4,DEBIT,1176.32,C131566102,4840.01,3663.69,C459261644,648.87,1825.19,0,0,0.0,0.0,436a06e7-0f50-4022-813e-ffe552cee59a,C131566102,DEBIT,USD,False,2026-10-01T04:00:00+00:00
63,PAYMENT,2317.23,C740031190,4353.81,2036.58,M696020884,0.0,0.0,0,0,0.0,2317.23,c6be318a-bab5-4737-88f8-6adebf198a23,C740031190,PAYMENT,USD,False,2026-10-03T15:00:00+00:00
29,CASH_OUT,122603.79,C478921345,241985.94,119382.15,C470475638,24105.5,146709.29,0,0,0.0,-0.0,f0ece801-d3ae-4f30-ac68-9690aa517990,C478921345,CASH_OUT,USD,False,2026-10-02T05:00:00+00:00
99,PAYMENT,4585.98,C706496928,7384.92,2798.94,M440908961,0.0,0.0,0,0,0.0,4585.98,0ec74455-c202-4282-98a2-b718bf3b1729,C706496928,PAYMENT,USD,False,2026-10-05T03:00:00+00:00
68,PAYMENT,4726.21,C179811669,6789.81,2063.6,M817490982,0.0,0.0,0,0,0.0,4726.21,58f22596-6e63-434d-9f1f-bbcf1d90d37c,C179811669,PAYMENT,USD,False,2026-10-03T20:00:00+00:00
90,PAYMENT,1985.47,C216392212,12772.24,10786.77,M458632005,0.0,0.0,0,0,0.0,1985.47,08df6155-f249-4894-bec0-c9276190011e,C216392212,PAYMENT,USD,False,2026-10-04T18:00:00+00:00
68,CASH_OUT,70580.66,C421593943,118199.59,47618.93,C875840127,39069.85,109650.51,0,0,-0.0,0.0,09e23e23-99ef-4370-85c4-219dd4d13fa9,C421593943,CASH_OUT,USD,False,2026-10-03T20:00:00+00:00
94,PAYMENT,2168.59,C682271212,13844.29,11675.7,M872223246,0.0,0.0,0,0,0.0,2168.59,48f6006e-427e-4a1e-b55d-cf6b7b9bf63d,C682271212,PAYMENT,USD,False,2026-10-04T22:00:00+00:00
26,PAYMENT,3211.98,C319457073,29905.73,26693.75,M355619239,0.0,0.0,0,0,0.0,3211.98,f0a31f3b-a703-4e87-b2fd-0da4b4c53597,C319457073,PAYMENT,USD,False,2026-10-02T02:00:00+00:00
38,PAYMENT,97.52,C994978706,835.31,737.79,M639236743,0.0,0.0,0,0,0.0,97.52,e184ac42-3829-4c90-a77a-ef6b3d1d4bb8,C994978706,PAYMENT,USD,False,2026-10-02T14:00:00+00:00
55,PAYMENT,3806.13,C455052582,17732.44,13926.31,M156778439,0.0,0.0,0,0,-0.0,3806.13,a3b81fab-57b6-4d98-baba-c399741554d8,C455052582,PAYMENT,USD,False,2026-10-03T07:00:00+00:00
6,TRANSFER,17405.04,C614814659,27507.58,10102.54,C455894276,73758.82,91163.86,0,0,0.0,0.0,62451b51-898d-4aac-9eb7-307166652684,C614814659,TRANSFER,USD,False,2026-10-01T06:00:00+00:00
94,CASH_IN,15701.91,C210811807,2742.59,18444.5,C421322967,77572.59,61870.68,0,0,-31403.82,31403.82,33ba0a17-059e-48e0-8349-e88ce36b7001,C210811807,CASH_IN,USD,False,2026-10-04T22:00:00+00:00
19,CASH_IN,29364.28,C831563639,19417.77,48782.05,C107274967,6244.12,0.0,0,0,-58728.56,35608.4,0ca196f8-d805-4200-aa17-57ffd0d7bd4f,C831563639,CASH_IN,USD,False,2026-10-01T19:00:00+00:00
31,TRANSFER,20961.47,C793000324,74739.31,53777.84,C714895338,45908.19,66869.66,0,0,0.0,0.0,18d468b7-6b16-49f8-b3c4-4cae1748496f,C793000324,TRANSFER,USD,False,2026-10-02T07:00:00+00:00
13,CASH_IN,19586.64,C951069250,12113.83,31700.47,C992785957,31906.78,12320.14,0,0,-39173.28,39173.28,83dfa29c-f1cc-4abf-9d44-80511611a209,C951069250,CASH_IN,USD,False,2026-10-01T13:00:00+00:00
2,PAYMENT,3832.92,C284462987,31888.94,28056.02,M651093592,0.0,0.0,0,0,-0.0,3832.92,e13a4487-50d9-403b-be2e-21173336e733,C284462987,PAYMENT,USD,False,2026-10-01T02:00:00+00:00
88,CASH_OUT,61782.93,C445389494,152819.51,91036.58,C162033292,25009.58,86792.51,0,0,0.0,0.0,1e3560ae-0880-43a0-b8bb-e80257e6c426,C445389494,CASH_OUT,USD,False,2026-10-04T16:00:00+00:00
73,CASH_OUT,419179.18,C437253608,419179.18,0.0,C391488572,1937.43,421116.61,1,0,0.0,0.0,ee319928-44a0-46f5-9a04-1722266b3ab5,C437253608,CASH_OUT,USD,False,2026-10-04T01:00:00+00:00
52,CASH_OUT,27691.54,C322183597,59365.01,31673.47,C271801968,29605.64,57297.18,0,0,0.0,0.0,0592fbbc-a97e-4d39-be2c-b69b0a29995c,C322183597,CASH_OUT,USD,False,2026-10-03T04:00:00+00:00
90,PAYMENT,3182.08,C619106028,12593.39,9411.31,M302059403,0.0,0.0,0,0,0.0,3182.08,cd04a9f9-0b0e-48e3-b4f8-5d10c042d90e,C619106028,PAYMENT,USD,False,2026-10-04T18:00:00+00:00
35,PAYMENT,2099.21,C814987021,14507.9,12408.69,M617577036,0.0,0.0,0,0,-0.0,2099.21,eba5f336-cfcc-4535-83da-e50211278e00,C814987021,PAYMENT,USD,False,2026-10-02T11:00:00+00:00
6,CASH_OUT,30874.53,C999689808,79658.02,48783.49,C962075155,34938.78,65813.31,0,0,0.0,0.0,5ac60553-676b-40c4-9b3d-e26f5adee9e4,C999689808,CASH_OUT,USD,False,2026-10-01T06:00:00+00:00
30,PAYMENT,4438.33,C843338269,15267.21,10828.88,M610564546,0.0,0.0,0,0,0.0,4438.33,b20234a3-3c18-4fd5-98a7-d1e1bf69d509,C843338269,PAYMENT,USD,False,2026-10-02T06:00:00+00:00
56,CASH_OUT,80880.2,C732479947,122649.02,41768.82,C722116070,820.06,81700.26,0,0,0.0,0.0,5366cef6-f3c0-44b7-b8cf-c22c6c991eae,C732479947,CASH_OUT,USD,False,2026-10-03T08:00:00+00:00
34,PAYMENT,734.95,C162825060,6544.62,5809.67,M595042189,0.0,0.0,0,0,0.0,734.95,15429c63-c73d-4bb9-b0b2-8de60157b62c,C162825060,PAYMENT,USD,False,2026-10-02T10:00:00+00:00
62,CASH_OUT,88920.36,C125795071,255212.25,166291.89,C772481396,42025.38,130945.74,0,0,0.0,-0.0,9aa6b175-e86f-4aa6-a068-a70672e62e68,C125795071,CASH_OUT,USD,False,2026-10-03T14:00:00+00:00
99,PAYMENT,4099.86,C404077884,36300.79,32200.93,M884231079,0.0,0.0,0,0,0.0,4099.86,58462121-68b2-4caa-964a-889310052c5e,C404077884,PAYMENT,USD,False,2026-10-05T03:00:00+00:00
69,CASH_OUT,13548.29,C422807973,16880.55,3332.26,C849932764,6982.51,20530.8,0,0,-0.0,0.0,a461ff1d-7b0a-4110-9a9d-a719b551c394,C422807973,CASH_OUT,USD,False,2026-10-03T21:00:00+00:00
41,TRANSFER,115412.38,C226463759,216093.75,100681.37,C590612133,7216.99,122629.37,0,0,0.0,0.0,73c19ed4-389c-4511-b7ad-1ccca574fa7e,C226463759,TRANSFER,USD,False,2026-10-02T17:00:00+00:00
78,PAYMENT,141.21,C918981746,1011.65,870.44,M265347454,0.0,0.0,0,0,-0.0,141.21,43a7c2da-c84c-4a83-8597-1193288f871f,C918981746,PAYMENT,USD,False,2026-10-04T06:00:00+00:00
95,PAYMENT,2121.98,C840397560,19634.59,17512.61,M179929734,0.0,0.0,0,0,0.0,2121.98,532109d5-bb0a-48ce-bb26-b47e02cab143,C840397560,PAYMENT,USD,False,2026-10-04T23:00:00+00:00
82,CASH_IN,36476.59,C383346670,19580.03,56056.62,C983733458,12850.39,0.0,0,0,-72953.18,49326.98,5425e419-d334-417e-92a3-9ca9839df104,C383346670,CASH_IN,USD,False,2026-10-04T10:00:00+00:00
9,CASH_OUT,57725.14,C103551249,152160.77,94435.63,C840088692,24103.32,81828.46,0,0,-0.0,-0.0,5cfc85bf-c0cf-4498-9431-f13372c14ee9,C103551249,CASH_OUT,USD,False,2026-10-01T09:00:00+00:00
50,PAYMENT,72.69,C987514459,494.32,421.63,M991760977,0.0,0.0,0,0,0.0,72.69,6a1bb278-b66c-48b5-8b66-0007f1ae57f0,C987514459,PAYMENT,USD,False,2026-10-03T02:00:00+00:00
22,CASH_IN,6026.5,C727813474,4861.79,10888.29,C947336680,96914.66,90888.16,0,0,-12053.0,12053.0,4bfc540d-1065-4b9c-822b-a7cf63584736,C727813474,CASH_IN,USD,False,2026-10-01T22:00:00+00:00
77,PAYMENT,1249.44,C895666663,8653.26,7403.82,M237144535,0.0,0.0,0,0,0.0,1249.44,f0446e22-85ec-4a5d-9b4c-de27b3790386,C895666663,PAYMENT,USD,False,2026-10-04T05:00:00+00:00
1,CASH_OUT,98189.44,C469141527,165159.26,66969.82,C304793911,26884.29,125073.73,0,0,0.0,0.0,80967479-a3d2-4e76-b141-51111d3fc0f1,C469141527,CASH_OUT,USD,False,2026-10-01T01:00:00+00:00
37,PAYMENT,2661.83,C371587583,25961.42,23299.59,M954524200,0.0,0.0,0,0,-0.0,2661.83,f453d559-0e7b-4855-ae65-3bc30232a914,C371587583,PAYMENT,USD,False,2026-10-02T13:00:00+00:00
43,CASH_OUT,56643.79,C683503591,155158.86,98515.07,C445505799,49038.73,105682.52,0,0,-0.0,0.0,8e089c25-c0bd-4dbc-be34-8e50e4a9992b,C683503591,CASH_OUT,USD,False,2026-10-02T19:00:00+00:00
50,PAYMENT,1467.07,C666700694,6808.21,5341.14,M246254923,0.0,0.0,0,0,0.0,1467.07,2e10f97c-3b2c-4f0f-8744-a23fb0e35a23,C666700694,PAYMENT,USD,False,2026-10-03T02:00:00+00:00
85,PAYMENT,1326.01,C244193987,10186.08,8860.07,M214929002,0.0,0.0,0,0,0.0,1326.01,88af5341-3d73-4165-87d0-4a4c22f8cb58,C244193987,PAYMENT,USD,False,2026-10-04T13:00:00+00:00
86,CASH_OUT,22650.51,C641903228,56723.97,34073.46,C879757156,28929.8,51580.31,0,0,0.0,0.0,59402c3b-9165-4788-afaf-6c0d8a09c12c,C641903228,CASH_OUT,USD,False,2026-10-04T14:00:00+00:00
36,CASH_IN,37084.39,C115250362,3492.28,40576.67,C748348443,59585.24,22500.85,0,0,-74168.78,74168.78,a7ac22db-c206-429d-9fdd-bdffb1974214,C115250362,CASH_IN,USD,False,2026-10-02T12:00:00+00:00
17,CASH_OUT,4382.84,C283188932,7510.8,3127.96,C812480457,45763.62,50146.46,0,0,0.0,0.0,3b1d77de-a58f-4877-a799-76d3c12a8c91,C283188932,CASH_OUT,USD,False,2026-10-01T17:00:00+00:00
7,PAYMENT,3492.59,C226345661,8959.43,5466.84,M627313543,0.0,0.0,0,0,0.0,3492.59,9ef2b597-ce1e-4eb2-83bd-b43ec83c1e31,C226345661,PAYMENT,USD,False,2026-10-01T07:00:00+00:00
76,CASH_OUT,126301.99,C669261655,241996.4,115694.41,C578090317,28362.58,154664.57,0,0,-0.0,0.0,aaccd3d1-c2c0-487e-be7f-10ba66a018e4,C669261655,CASH_OUT,USD,False,2026-10-04T04:00:00+00:00
9,TRANSFER,18178.91,C454794895,33366.15,15187.24,C355555531,38833.16,57012.07,0,0,0.0,0.0,19b7162a-76ab-4df2-bfae-ba7e3391e05f,C454794895,TRANSFER,USD,False,2026-10-01T09:00:00+00:00
11,PAYMENT,3033.34,C263447025,3622.3,588.96,M306765234,0.0,0.0,0,0,0.0,3033.34,cabab8a6-c805-4a84-ab98-7aab1005d9be,C263447025,PAYMENT,USD,False,2026-10-01T11:00:00+00:00
15,PAYMENT,2393.86,C549267758,10774.61,8380.75,M173833701,0.0,0.0,0,0,0.0,2393.86,bab7b773-02e2-44b4-871b-7efc7144a8e8,C549267758,PAYMENT,USD,False,2026-10-01T15:00:00+00:00
38,CASH_OUT,2809.92,C165720036,3816.67,1006.75,C684506615,26732.06,29541.98,0,0,0.0,0.0,0c23fa20-eb9d-4747-8150-446f76b694e2,C165720036,CASH_OUT,USD,False,2026-10-02T14:00:00+00:00
51,TRANSFER,75571.59,C374377213,247119.39,171547.8,C983375690,23793.83,99365.42,0,0,0.0,0.0,78c5f684-226e-460f-9ba1-cf6956aa18bb,C374377213,TRANSFER,USD,False,2026-10-03T03:00:00+00:00
31,CASH_OUT,145853.87,C474213212,386727.22,240873.35,C305993653,25883.59,171737.46,0,0,-0.0,0.0,743f3248-0495-495a-892c-924e376eee77,C474213212,CASH_OUT,USD,False,2026-10-02T07:00:00+00:00
40,CASH_IN,41849.17,C998906236,851.6,42700.77,C101030786,39438.45,0.0,0,0,-83698.34,81287.62,8f07230f-2c55-4ed8-b894-c3f6d24bfaea,C998906236,CASH_IN,USD,False,2026-10-02T16:00:00+00:00
13,PAYMENT,3162.47,C465355266,27189.08,24026.61,M831589220,0.0,0.0,0,0,0.0,3162.47,061abf1d-0932-431e-8b76-54159bf04411,C465355266,PAYMENT,USD,False,2026-10-01T13:00:00+00:00
10,PAYMENT,1144.95,C468965063,7873.96,6729.01,M440245422,0.0,0.0,0,0,0.0,1144.95,f2c6cc17-5508-4cce-9dfe-9c58f84b4232,C468965063,PAYMENT,USD,False,2026-10-01T10:00:00+00:00
18,CASH_OUT,149916.59,C446840262,414484.22,264567.63,C142102640,42740.68,192657.27,0,0,0.0,0.0,76b9bd6c-6fec-4368-952e-60e45a566f38,C446840262,CASH_OUT,USD,False,2026-10-01T18:00:00+00:00
70,CASH_OUT,116410.09,C100772905,204659.08,88248.99,C643267978,9276.71,125686.8,0,0,-0.0,-0.0,359e06d6-00c4-46e2-b228-56e592cda7f4,C100772905,CASH_OUT,USD,False,2026-10-03T22:00:00+00:00
73,CASH_IN,34072.62,C582008349,12859.84,46932.46,C706118438,98666.66,64594.04,0,0,-68145.24,68145.24,7743e031-553e-4716-bb4e-b192af887bd5,C582008349,CASH_IN,USD,False,2026-10-04T01:00:00+00:00
16,CASH_IN,10110.39,C661603140,15240.44,25350.83,C140410901,80018.8,69908.41,0,0,-20220.78,20220.78,1ae746fe-7b24-4b83-89bc-c2b446691388,C661603140,CASH_IN,USD,False,2026-10-01T16:00:00+00:00
6,TRANSFER,130304.01,C159471828,271549.17,141245.16,C318165239,31826.43,162130.44,0,0,-0.0,0.0,ee5e573a-4759-41eb-be45-79e3e8d8ae2b,C159471828,TRANSFER,USD,False,2026-10-01T06:00:00+00:00
87,PAYMENT,4090.21,C737006108,21162.82,17072.61,M487554574,0.0,0.0,0,0,0.0,4090.21,8cd0bb23-d9b8-4cd6-bc85-d7be80c123ea,C737006108,PAYMENT,USD,False,2026-10-04T15:00:00+00:00
100,TRANSFER,111947.93,C258500127,298430.02,186482.09,C510190265,47507.61,159455.54,0,0,0.0,-0.0,7db7deec-744a-4325-a8dc-f00c6a537572,C258500127,TRANSFER,USD,False,2026-10-05T04:00:00+00:00
32,CASH_OUT,90246.35,C275387345,143645.75,53399.4,C905021918,25794.43,116040.78,0,0,-0.0,0.0,56fb6303-8bb6-4ae8-b831-158c2af07413,C275387345,CASH_OUT,USD,False,2026-10-02T08:00:00+00:00
14,CASH_OUT,146543.68,C472244219,307338.65,160794.97,C752367808,20582.81,167126.49,0,0,0.0,0.0,aacf379c-c894-4d5b-bd7f-05fd16c834c8,C472244219,CASH_OUT,USD,False,2026-10-01T14:00:00+00:00
71,PAYMENT,4996.42,C800235246,5660.05,663.63,M997677788,0.0,0.0,0,0,0.0,4996.42,92b1dc31-aefb-4458-a93b-1eb385b4d525,C800235246,PAYMENT,USD,False,2026-10-03T23:00:00+00:00
66,CASH_OUT,52906.5,C227621129,113215.21,60308.71,C869711410,49903.88,102810.38,0,0,0.0,0.0,268270a8-a5a0-4282-af72-f43ce9e6edac,C227621129,CASH_OUT,USD,False,2026-10-03T18:00:00+00:00
89,CASH_IN,1348.62,C231122932,14688.09,16036.71,C274938712,31121.56,29772.94,0,0,-2697.24,2697.24,d4a6e1c6-ff91-41b7-8138-c1364efdf677,C231122932,CASH_IN,USD,False,2026-10-04T17:00:00+00:00
11,TRANSFER,46061.79,C641942969,176128.73,130066.94,C980496878,79883.58,125945.37,0,0,0.0,0.0,c2240bd1-c407-4b9b-9b49-3f580ee63a34,C641942969,TRANSFER,USD,False,2026-10-01T11:00:00+00:00
85,CASH_OUT,22338.95,C351933427,50929.97,28591.02,C261894802,38542.89,60881.84,0,0,0.0,0.0,615aab8e-3b23-4126-b6b7-3381428f5421,C351933427,CASH_OUT,USD,False,2026-10-04T13:00:00+00:00
45,TRANSFER,100347.25,C940924182,358016.63,257669.38,C263898908,22084.96,122432.21,0,0,0.0,-0.0,42cb6e2d-ae31-4280-b9a9-716f17c1cc33,C940924182,TRANSFER,USD,False,2026-10-02T21:00:00+00:00
24,CASH_OUT,109887.12,C447549695,300576.84,190689.72,C395627385,29934.0,139821.12,0,0,0.0,0.0,0d552a5e-2c0d-40dd-b1b5-6f99201d035b,C447549695,CASH_OUT,USD,False,2026-10-02T00:00:00+00:00
57,CASH_OUT,86637.98,C241794996,204806.74,118168.76,C529824220,20336.88,106974.86,0,0,0.0,0.0,e827100b-8af8-40ba-8cb0-b8ae4019fe27,C241794996,CASH_OUT,USD,False,2026-10-03T09:00:00+00:00
84,PAYMENT,4262.44,C452794611,18840.35,14577.91,M672972597,0.0,0.0,0,0,0.0,4262.44,4735a90f-bd97-4226-b186-975842654af3,C452794611,PAYMENT,USD,False,2026-10-04T12:00:00+00:00
69,CASH_IN,2842.64,C891412300,11513.84,14356.48,C335591393,98283.8,95441.16,0,0,-5685.28,5685.28,415d2ea1-0fdd-4155-971f-4f3ee32b505d,C891412300,CASH_IN,USD,False,2026-10-03T21:00:00+00:00
6,PAYMENT,3827.63,C405511316,29069.35,25241.72,M548392236,0.0,0.0,0,0,-0.0,3827.63,dee4efad-8dc2-4193-860b-48ad8bb16fd8,C405511316,PAYMENT,USD,False,2026-10-01T06:00:00+00:00
50,CASH_OUT,48969.05,C462711422,62006.05,13037.0,C528297429,26496.84,75465.89,0,0,0.0,0.0,87e1660b-5cb9-4fcf-9385-cc1b9f18e4e0,C462711422,CASH_OUT,USD,False,2026-10-03T02:00:00+00:00
72,CASH_OUT,132833.27,C874296165,134176.71,1343.44,C400646165,4447.97,137281.24,0,0,0.0,0.0,10499f98-7daa-4487-976a-521ff55c5fb4,C874296165,CASH_OUT,USD,False,2026-10-04T00:00:00+00:00
60,PAYMENT,260.16,C939035379,1744.41,1484.25,M948273358,0.0,0.0,0,0,0.0,260.16,fcb5938f-acb8-4404-acd2-c15bfa400a1b,C939035379,PAYMENT,USD,False,2026-10-03T12:00:00+00:00
89,CASH_OUT,48709.98,C835098955,124307.86,75597.88,C924970419,11452.4,60162.38,0,0,0.0,0.0,0faa69c0-162f-49f7-96d2-c970a04099b0,C835098955,CASH_OUT,USD,False,2026-10-04T17:00:00+00:00
34,CASH_IN,47437.58,C270782032,1865.09,49302.67,C318788403,3538.38,0.0,0,0,-94875.16,50975.96,60e5c4e6-8d04-4048-a078-be981475b831,C270782032,CASH_IN,USD,False,2026-10-02T10:00:00+00:00
45,PAYMENT,4924.42,C903170583,18399.08,13474.66,M496416310,0.0,0.0,0,0,0.0,4924.42,ae6da6a1-dac8-49a8-b986-6d08f6f0c35a,C903170583,PAYMENT,USD,False,2026-10-02T21:00:00+00:00
6,PAYMENT,3058.31,C610173760,5062.89,2004.58,M925159146,0.0,0.0,0,0,0.0,3058.31,778b5900-19e4-43e8-94aa-c3e3303e3113,C610173760,PAYMENT,USD,False,2026-10-01T06:00:00+00:00
30,TRANSFER,121950.57,C371570728,382762.7,260812.13,C600738478,29725.37,151675.94,0,0,0.0,0.0,d59443a8-cfa7-48d1-b00d-4dc24f516f9f,C371570728,TRANSFER,USD,False,2026-10-02T06:00:00+00:00
62,DEBIT,1197.2,C145698578,5885.66,4688.46,C144051620,3606.63,4803.83,0,0,0.0,0.0,5d91a91e-36bb-4525-a3db-53812fa39adf,C145698578,DEBIT,USD,False,2026-10-03T14:00:00+00:00
36,CASH_OUT,46862.65,C182142091,90949.52,44086.87,C429008084,21252.51,68115.16,0,0,0.0,0.0,87620b72-457c-4631-a298-537b9551c55e,C182142091,CASH_OUT,USD,False,2026-10-02T12:00:00+00:00
98,CASH_IN,32818.55,C422662742,19306.25,52124.8,C573493588,39760.11,6941.56,0,0,-65637.1,65637.1,e694384b-98fa-4636-a675-cf3942874a72,C422662742,CASH_IN,USD,False,2026-10-05T02:00:00+00:00
92,CASH_OUT,143217.25,C206075687,184520.64,41303.39,C255094339,13852.39,157069.64,0,0,0.0,0.0,4065c315-1458-4fef-8628-4ba245dcb688,C206075687,CASH_OUT,USD,False,2026-10-04T20:00:00+00:00
68,CASH_OUT,113653.15,C507071250,321641.28,207988.13,C250174497,3943.29,117596.44,0,0,0.0,-0.0,2542c95e-fb9e-4814-84f2-1434230f0a71,C507071250,CASH_OUT,USD,False,2026-10-03T20:00:00+00:00
28,CASH_IN,8713.71,C736820440,2414.91,11128.62,C167883991,14982.44,6268.73,0,0,-17427.42,17427.42,29c09a99-893d-474a-891c-5225f9b7438e,C736820440,CASH_IN,USD,False,2026-10-02T04:00:00+00:00
75,PAYMENT,485.55,C817966331,4025.25,3539.7,M135690309,0.0,0.0,0,0,0.0,485.55,8940bcf0-2a79-42e6-9887-d4e0ede16e4b,C817966331,PAYMENT,USD,False,2026-10-04T03:00:00+00:00
95,CASH_OUT,84800.44,C392486848,116426.17,31625.73,C761917495,23220.15,108020.59,0,0,-0.0,0.0,bf133d7c-4da3-4b52-aafd-2dee635ec015,C392486848,CASH_OUT,USD,False,2026-10-04T23:00:00+00:00
94,PAYMENT,835.29,C209121575,7314.36,6479.07,M990024026,0.0,0.0,0,0,0.0,835.29,fcfc4a4a-a0c4-4cbe-8c8e-e268da84b1d8,C209121575,PAYMENT,USD,False,2026-10-04T22:00:00+00:00
87,CASH_OUT,119608.43,C609490977,152083.05,32474.62,C793263796,7769.31,127377.74,0,0,-0.0,-0.0,c788446e-9b84-4194-b647-592a1e601490,C609490977,CASH_OUT,USD,False,2026-10-04T15:00:00+00:00
40,TRANSFER,117519.39,C942211135,185921.38,68401.99,C996696177,54264.55,171783.94,0,0,0.0,0.0,8ce1c95c-f7f5-48dd-9105-cc357e7143ff,C942211135,TRANSFER,USD,False,2026-10-02T16:00:00+00:00
45,PAYMENT,4678.65,C767868236,27331.17,22652.52,M933030595,0.0,0.0,0,0,-0.0,4678.65,4a06db42-97b8-4740-b629-1221a2dd4b0b,C767868236,PAYMENT,USD,False,2026-10-02T21:00:00+00:00
74,CASH_IN,26121.78,C229539022,11608.39,37730.17,C990112199,77736.47,51614.69,0,0,-52243.56,52243.56,38ef1fad-8e27-42c9-9199-bec1c7cbd2b9,C229539022,CASH_IN,USD,False,2026-10-04T02:00:00+00:00
68,CASH_IN,31422.09,C381848009,15533.89,46955.98,C226226714,41643.92,10221.83,0,0,-62844.18,62844.18,9088fa57-ceb9-48c1-98c2-224d99967847,C381848009,CASH_IN,USD,False,2026-10-03T20:00:00+00:00
34,TRANSFER,93878.18,C868079872,301000.26,207122.08,C634464106,34818.1,128696.28,0,0,0.0,0.0,46d0658d-de45-47bf-8660-22c2dc9e2604,C868079872,TRANSFER,USD,False,2026-10-02T10:00:00+00:00
90,CASH_OUT,46627.71,C589179779,112859.19,66231.48,C791939208,23269.83,69897.54,0,0,0.0,0.0,3b456bb9-705c-40fc-855c-be22f84c2965,C589179779,CASH_OUT,USD,False,2026-10-04T18:00:00+00:00
74,CASH_IN,28752.47,C389599251,10859.92,39612.39,C624932198,70372.18,41619.71,0,0,-57504.94,57504.94,8d616898-3086-4da4-b658-d9b6ea0b0f70,C389599251,CASH_IN,USD,False,2026-10-04T02:00:00+00:00
71,CASH_OUT,65437.84,C682787203,176039.78,110601.94,C406046409,34427.53,99865.37,0,0,0.0,0.0,b54b1518-508f-4277-9b32-71b0e0d80a5b,C682787203,CASH_OUT,USD,False,2026-10-03T23:00:00+00:00
67,CASH_OUT,6523.73,C902241177,14749.87,8226.14,C493887114,38900.92,45424.65,0,0,0.0,-0.0,6890f26f-a033-4c9b-818c-d62be3e43375,C902241177,CASH_OUT,USD,False,2026-10-03T19:00:00+00:00
36,PAYMENT,2951.88,C937765446,25141.34,22189.46,M117183561,0.0,0.0,0,0,0.0,2951.88,3e42e851-1c43-4bcb-a001-730b40559074,C937765446,PAYMENT,USD,False,2026-10-02T12:00:00+00:00
96,PAYMENT,1179.79,C193684208,3338.24,2158.45,M103077456,0.0,0.0,0,0,0.0,1179.79,d2b00011-eb56-47d4-91ff-99a5989e73ea,C193684208,PAYMENT,USD,False,2026-10-05T00:00:00+00:00
66,CASH_OUT,6803.63,C850742158,8146.0,1342.37,C330310285,47498.22,54301.85,0,0,0.0,0.0,83b67a51-45ee-498a-aee6-26c730aeb1a8,C850742158,CASH_OUT,USD,False,2026-10-03T18:00:00+00:00
78,PAYMENT,3312.81,C893978083,23905.71,20592.9,M158703982,0.0,0.0,0,0,-0.0,3312.81,d68e5c6e-f563-4064-abf8-d047545d9fdf,C893978083,PAYMENT,USD,False,2026-10-04T06:00:00+00:00
90,CASH_OUT,27530.14,C468610566,47085.18,19555.04,C434143501,35363.15,62893.29,0,0,0.0,0.0,6211568f-ec79-4a4c-bf20-4a5be0e65a2f,C468610566,CASH_OUT,USD,False,2026-10-04T18:00:00+00:00
77,CASH_IN,24035.64,C566356688,9718.58,33754.22,C403035036,76329.09,52293.45,0,0,-48071.28,48071.28,c58e2160-8498-4945-bf81-b0cdc23b68c3,C566356688,CASH_IN,USD,False,2026-10-04T05:00:00+00:00
40,PAYMENT,4390.66,C358633898,7775.34,3384.68,M184564737,0.0,0.0,0,0,0.0,4390.66,6f440841-f3ab-4ec2-ab95-1eb38cfbb802,C358633898,PAYMENT,USD,False,2026-10-02T16:00:00+00:00
34,DEBIT,221.18,C909030969,810.79,589.61,C348758691,790.92,1012.1,0,0,-0.0,-0.0,ffab6034-4eae-40a0-af69-8e8a17d42197,C909030969,DEBIT,USD,False,2026-10-02T10:00:00+00:00
56,CASH_OUT,90738.58,C317758061,182173.7,91435.12,C764360436,48936.6,139675.18,0,0,0.0,0.0,f4c3262a-504b-4fc5-bc84-231aea278ef1,C317758061,CASH_OUT,USD,False,2026-10-03T08:00:00+00:00
67,CASH_IN,47189.83,C488452267,2911.69,50101.52,C575215255,1984.92,0.0,0,0,-94379.66,49174.75,f68294a2-a7c0-4e8e-a75a-8309ad88a0ad,C488452267,CASH_IN,USD,False,2026-10-03T19:00:00+00:00
69,CASH_OUT,45038.61,C704435323,46537.22,1498.61,C975903641,16561.98,61600.59,0,0,0.0,0.0,7558426e-e491-41c8-be84-c5c41bcff2df,C704435323,CASH_OUT,USD,False,2026-10-03T21:00:00+00:00
58,CASH_OUT,4132.22,C276409721,12237.2,8104.98,C204701827,28585.21,32717.43,0,0,0.0,0.0,880ac196-8df1-4848-a73f-ccb2bb202337,C276409721,CASH_OUT,USD,False,2026-10-03T10:00:00+00:00
91,PAYMENT,3612.07,C730122695,20397.59,16785.52,M493264998,0.0,0.0,0,0,0.0,3612.07,c6f9ccdf-0d79-48f3-93f5-db02d18d319b,C730122695,PAYMENT,USD,False,2026-10-04T19:00:00+00:00
23,PAYMENT,551.28,C182621546,1107.09,555.81,M396291256,0.0,0.0,0,0,0.0,551.28,e74f3e1a-0921-469e-884d-6cdaa4febcc9,C182621546,PAYMENT,USD,False,2026-10-01T23:00:00+00:00
17,PAYMENT,2126.9,C184401435,17134.88,15007.98,M919290447,0.0,0.0,0,0,0.0,2126.9,b1334d41-826d-4274-b1fa-e261aa7e5cf8,C184401435,PAYMENT,USD,False,2026-10-01T17:00:00+00:00
64,PAYMENT,3172.07,C629042590,19575.57,16403.5,M990684745,0.0,0.0,0,0,0.0,3172.07,2db4a0aa-5a56-4311-aef1-3e556cfc73c9,C629042590,PAYMENT,USD,False,2026-10-03T16:00:00+00:00
98,CASH_OUT,983.82,C612153089,1571.38,587.56,C477698143,19499.33,20483.15,0,0,0.0,0.0,96436e52-b127-4be4-8709-c0667854cc0a,C612153089,CASH_OUT,USD,False,2026-10-05T02:00:00+00:00
57,CASH_IN,29644.87,C274574609,11777.01,41421.88,C526802165,7465.14,0.0,0,0,-59289.74,37110.01,fed8034f-3c7c-488d-8f54-291b13489627,C274574609,CASH_IN,USD,False,2026-10-03T09:00:00+00:00
26,PAYMENT,2472.2,C961919613,24505.28,22033.08,M150242357,0.0,0.0,0,0,-0.0,2472.2,fde6b69f-739f-4e06-9afe-d35630438110,C961919613,PAYMENT,USD,False,2026-10-02T02:00:00+00:00
56,CASH_IN,13456.36,C736164778,16614.62,30070.98,C363598427,9579.63,0.0,0,0,-26912.72,23035.99,61ef1e85-0897-4b01-9154-81a62c4cf9ef,C736164778,CASH_IN,USD,False,2026-10-03T08:00:00+00:00
11,CASH_OUT,113961.92,C797818850,206334.51,92372.59,C200395400,18858.48,132820.4,0,0,0.0,0.0,29bc02fc-c1b6-4677-9f4e-b408fd7c4f57,C797818850,CASH_OUT,USD,False,2026-10-01T11:00:00+00:00
11,PAYMENT,1320.86,C616261483,12540.74,11219.88,M137923057,0.0,0.0,0,0,0.0,1320.86,0d15c891-36ac-4618-a14a-910ab722b478,C616261483,PAYMENT,USD,False,2026-10-01T11:00:00+00:00
22,CASH_IN,20813.22,C147258075,16312.49,37125.71,C215624631,32945.28,12132.06,0,0,-41626.44,41626.44,d6735cba-1bcc-4f18-84a4-a2a3d58ff748,C147258075,CASH_IN,USD,False,2026-10-01T22:00:00+00:00
39,CASH_OUT,803420.47,C916173290,803420.47,0.0,C366623584,3734.96,807155.43,1,0,0.0,-0.0,db0cd6ca-aef4-42a6-a370-fc42c515c9a4,C916173290,CASH_OUT,USD,False,2026-10-02T15:00:00+00:00
16,CASH_IN,27507.95,C266148029,7056.63,34564.58,C874028813,24589.22,0.0,0,0,-55015.9,52097.17,84bf91bf-3f74-4714-a5f8-79ef67272307,C266148029,CASH_IN,USD,False,2026-10-01T16:00:00+00:00
89,CASH_IN,9458.26,C170467095,1746.18,11204.44,C591638597,39677.57,30219.31,0,0,-18916.52,18916.52,dbec67d7-0a05-46ca-b9b5-e7b14384bca7,C170467095,CASH_IN,USD,False,2026-10-04T17:00:00+00:00
34,CASH_OUT,45612.36,C995972094,73548.32,27935.96,C255678099,36335.48,81947.84,0,0,0.0,0.0,9fc0eaa2-f5fc-47ce-9997-a42ec1ce8abe,C995972094,CASH_OUT,USD,False,2026-10-02T10:00:00+00:00
52,PAYMENT,4295.81,C149604657,25675.17,21379.36,M255427067,0.0,0.0,0,0,-0.0,4295.81,6727fe0b-d4ff-4eb2-b65d-d0d2819f8753,C149604657,PAYMENT,USD,False,2026-10-03T04:00:00+00:00
30,CASH_OUT,78124.14,C278916307,214342.97,136218.83,C348910141,31047.23,109171.37,0,0,0.0,0.0,a41cc8ac-b138-4882-862e-09b8a7c1b708,C278916307,CASH_OUT,USD,False,2026-10-02T06:00:00+00:00
30,TRANSFER,215343.52,C254319982,382053.49,166709.97,C762436526,29075.95,244419.47,0,0,0.0,0.0,f02e41cc-a39a-4fdb-b101-4aa93ecf2b55,C254319982,TRANSFER,USD,False,2026-10-02T06:00:00+00:00
39,CASH_OUT,53807.94,C981889514,70082.02,16274.08,C298584850,20899.34,74707.28,0,0,0.0,0.0,86b7773b-23c0-4f2e-8e28-5f579b60df8c,C981889514,CASH_OUT,USD,False,2026-10-02T15:00:00+00:00
24,CASH_IN,35816.45,C167753684,739.68,36556.13,C591429705,20957.51,0.0,0,0,-71632.9,56773.96,07f4bd6a-d17e-42bd-adb7-877c92144daa,C167753684,CASH_IN,USD,False,2026-10-02T00:00:00+00:00
7,TRANSFER,104433.28,C516133637,410158.38,305725.1,C946228305,25012.32,129445.6,0,0,0.0,0.0,9bd13135-04c8-43a5-9fd1-afd439fe3c62,C516133637,TRANSFER,USD,False,2026-10-01T07:00:00+00:00
56,CASH_OUT,49098.49,C153689612,74838.94,25740.45,C567940971,717.75,49816.24,0,0,0.0,0.0,64241ccf-4b84-4d9b-9481-c8915dcb1ea7,C153689612,CASH_OUT,USD,False,2026-10-03T08:00:00+00:00
91,TRANSFER,96826.65,C509343829,327001.12,230174.47,C812630453,52161.52,148988.17,0,0,0.0,-0.0,14fdeafc-b1ac-4e2e-b498-5342c6ab4705,C509343829,TRANSFER,USD,False,2026-10-04T19:00:00+00:00
73,CASH_OUT,25580.55,C293334613,56762.82,31182.27,C184791618,19127.21,44707.76,0,0,0.0,-0.0,628b7d48-673e-4935-ba85-088f145ccdf2,C293334613,CASH_OUT,USD,False,2026-10-04T01:00:00+00:00
59,TRANSFER,1660.54,C717301394,3688.73,2028.19,C287942172,8517.2,10177.74,0,0,0.0,0.0,1a637b85-a246-4746-88a5-feec6ba9d505,C717301394,TRANSFER,USD,False,2026-10-03T11:00:00+00:00
6,PAYMENT,4482.32,C426424160,36505.37,32023.05,M105324697,0.0,0.0,0,0,0.0,4482.32,071f571a-2778-4473-b7a7-32a0848ffb3f,C426424160,PAYMENT,USD,False,2026-10-01T06:00:00+00:00
9,CASH_OUT,101592.56,C733639638,177171.29,75578.73,C473696649,21258.51,122851.07,0,0,0.0,-0.0,50475c1a-f345-4a09-b40c-36172a56eda8,C733639638,CASH_OUT,USD,False,2026-10-01T09:00:00+00:00
90,CASH_OUT,44343.15,C827892854,90612.87,46269.72,C283471482,32259.3,76602.45,0,0,-0.0,0.0,788c1a5e-8966-4e3a-9d0d-a143e0a4d773,C827892854,CASH_OUT,USD,False,2026-10-04T18:00:00+00:00
93,CASH_IN,38109.46,C242603228,12729.21,50838.67,C641986065,76406.2,38296.74,0,0,-76218.92,76218.92,52c40c46-9ea9-4a1d-8b71-5819d74c817f,C242603228,CASH_IN,USD,False,2026-10-04T21:00:00+00:00
32,CASH_OUT,38573.03,C476326283,94150.1,55577.07,C216001265,2407.37,40980.4,0,0,0.0,0.0,b5976b74-7330-4e91-8833-53ddf5b80e29,C476326283,CASH_OUT,USD,False,2026-10-02T08:00:00+00:00
74,CASH_OUT,82926.24,C144960954,186586.84,103660.6,C142279655,2651.84,85578.08,0,0,-0.0,0.0,2bc45fa9-5188-4038-879c-13b9bf753d17,C144960954,CASH_OUT,USD,False,2026-10-04T02:00:00+00:00
6,PAYMENT,350.92,C729313117,2797.31,2446.39,M125253306,0.0,0.0,0,0,0.0,350.92,c481c524-af0c-41c3-a6bc-44f5660457c7,C729313117,PAYMENT,USD,False,2026-10-01T06:00:00+00:00
16,PAYMENT,59.45,C839048352,173.83,114.38,M453120816,0.0,0.0,0,0,0.0,59.45,293483e0-b371-4486-86c8-484d2b82183d,C839048352,PAYMENT,USD,False,2026-10-01T16:00:00+00:00
60,CASH_OUT,136187.4,C163122517,279325.5,143138.1,C637085539,15598.08,151785.48,0,0,0.0,-0.0,aed3e25c-3b7d-4a6d-b822-505128242333,C163122517,CASH_OUT,USD,False,2026-10-03T12:00:00+00:00
78,CASH_OUT,33474.29,C893657022,81068.59,47594.3,C394042538,14007.83,47482.12,0,0,-0.0,0.0,bbf82401-cd62-417d-8da6-df75229068cc,C893657022,CASH_OUT,USD,False,2026-10-04T06:00:00+00:00
85,DEBIT,429.14,C466822211,992.96,563.82,C743722897,4578.69,5007.83,0,0,0.0,0.0,da005b03-9e0f-4b56-b4ca-b83d99612b72,C466822211,DEBIT,USD,False,2026-10-04T13:00:00+00:00
97,CASH_OUT,38591.01,C483236930,51871.53,13280.52,C943590330,48494.83,87085.84,0,0,-0.0,0.0,a4ba997b-f316-44bc-9e82-3b5c87b41cae,C483236930,CASH_OUT,USD,False,2026-10-05T01:00:00+00:00
19,CASH_OUT,104079.82,C831017246,186467.9,82388.08,C141642429,43947.88,148027.7,0,0,-0.0,0.0,f146a07b-19bc-4ec2-bdd5-b56161d7d3c6,C831017246,CASH_OUT,USD,False,2026-10-01T19:00:00+00:00
96,CASH_IN,39394.89,C940833730,14827.56,54222.45,C345211832,36992.47,0.0,0,0,-78789.78,76387.36,1fa906d3-e26e-4ddf-9112-b0c060f66295,C940833730,CASH_IN,USD,False,2026-10-05T00:00:00+00:00
1,PAYMENT,2941.22,C112141776,24148.69,21207.47,M989997332,0.0,0.0,0,0,-0.0,2941.22,33da0a46-9749-4d83-8852-7ed31c215389,C112141776,PAYMENT,USD,False,2026-10-01T01:00:00+00:00
87,PAYMENT,4928.87,C294120184,18690.45,13761.58,M554300802,0.0,0.0,0,0,0.0,4928.87,0cbea21c-f1c1-4b63-b8c3-9fb24eb1c73e,C294120184,PAYMENT,USD,False,2026-10-04T15:00:00+00:00
70,PAYMENT,162.83,C920301073,1452.63,1289.8,M562145358,0.0,0.0,0,0,0.0,162.83,329503cf-59fd-415e-a4e1-a2562dcbe50d,C920301073,PAYMENT,USD,False,2026-10-03T22:00:00+00:00
88,CASH_OUT,57057.1,C129343354,143675.42,86618.32,C623393732,4341.43,61398.53,0,0,0.0,0.0,51b5a160-a66b-48c3-9190-a53c283ced45,C129343354,CASH_OUT,USD,False,2026-10-04T16:00:00+00:00
79,PAYMENT,2891.65,C904607295,3808.57,916.92,M288364801,0.0,0.0,0,0,0.0,2891.65,93e0845e-cdcd-404d-bd96-df23503cf231,C904607295,PAYMENT,USD,False,2026-10-04T07:00:00+00:00
77,CASH_OUT,777148.43,C702831564,777148.43,0.0,C506487543,3180.75,780329.18,1,0,0.0,0.0,83cf8f8a-c432-4364-bdb7-2ce9f378496a,C702831564,CASH_OUT,USD,False,2026-10-04T05:00:00+00:00
52,CASH_OUT,83202.16,C973123232,130600.28,47398.12,C701576895,39168.39,122370.55,0,0,-0.0,0.0,246d621c-e315-456e-806d-3f7371f33b5a,C973123232,CASH_OUT,USD,False,2026-10-03T04:00:00+00:00
4,CASH_IN,14082.59,C935949119,19830.63,33913.22,C968285490,53413.8,39331.21,0,0,-28165.18,28165.18,9e7d95e0-85a8-42fc-8680-506fd23c142f,C935949119,CASH_IN,USD,False,2026-10-01T04:00:00+00:00
21,CASH_IN,35298.09,C692362342,193.39,35491.48,C702269164,8449.14,0.0,0,0,-70596.18,43747.23,602caa67-1351-40ef-8119-fb53ff1540e0,C692362342,CASH_IN,USD,False,2026-10-01T21:00:00+00:00
13,CASH_OUT,123514.89,C477559154,157345.48,33830.59,C113848767,14070.89,137585.78,0,0,0.0,0.0,a89ade95-5b21-4d3c-b5c3-763588bd83b6,C477559154,CASH_OUT,USD,False,2026-10-01T13:00:00+00:00
21,PAYMENT,1133.32,C436660421,8050.07,6916.75,M605070693,0.0,0.0,0,0,0.0,1133.32,45882d90-bba7-4e42-a36e-a41fe067b10a,C436660421,PAYMENT,USD,False,2026-10-01T21:00:00+00:00
82,CASH_OUT,23010.61,C313579170,30445.29,7434.68,C918739736,47674.99,70685.6,0,0,0.0,0.0,775cb68f-7cb7-4fba-8842-ec554ff0ee23,C313579170,CASH_OUT,USD,False,2026-10-04T10:00:00+00:00
66,PAYMENT,2867.04,C730125913,15239.71,12372.67,M714857387,0.0,0.0,0,0,-0.0,2867.04,f34a15f2-55fb-46f0-b167-bfe2bc7b28e7,C730125913,PAYMENT,USD,False,2026-10-03T18:00:00+00:00
59,CASH_IN,31209.33,C583127884,6826.69,38036.02,C384621456,91893.08,60683.75,0,0,-62418.66,62418.66,1281f22c-be92-4456-9a7b-974e2c6114b3,C583127884,CASH_IN,USD,False,2026-10-03T11:00:00+00:00
18,CASH_OUT,141876.06,C699483213,210835.54,68959.48,C657212859,7461.98,149338.04,0,0,0.0,0.0,bc26679f-c53a-4fa0-904d-f6e886832c96,C699483213,CASH_OUT,USD,False,2026-10-01T18:00:00+00:00
62,PAYMENT,2631.47,C581250646,21342.61,18711.14,M882863371,0.0,0.0,0,0,0.0,2631.47,e0d94088-472a-4458-8ee8-73b1c57465f6,C581250646,PAYMENT,USD,False,2026-10-03T14:00:00+00:00
63,CASH_OUT,42872.84,C740745103,116387.67,73514.83,C816211902,12425.92,55298.76,0,0,0.0,-0.0,f254f824-f7a8-4d06-aacc-f3b6627816a6,C740745103,CASH_OUT,USD,False,2026-10-03T15:00:00+00:00
88,CASH_OUT,33353.35,C108136255,91151.66,57798.31,C862712875,1619.15,34972.5,0,0,0.0,0.0,c0b574db-b230-4223-b650-a619d20e42a9,C108136255,CASH_OUT,USD,False,2026-10-04T16:00:00+00:00
89,CASH_OUT,25941.46,C329764562,31538.71,5597.25,C207029277,41421.86,67363.32,0,0,0.0,0.0,e5473335-4b91-49cf-8fec-4a966b0c7144,C329764562,CASH_OUT,USD,False,2026-10-04T17:00:00+00:00
52,CASH_OUT,106826.33,C359238756,178786.32,71959.99,C227807104,41235.78,148062.11,0,0,0.0,0.0,64166f84-ea4b-44ac-bd52-e447a8e51336,C359238756,CASH_OUT,USD,False,2026-10-03T04:00:00+00:00
38,CASH_OUT,3635.4,C336642661,10272.73,6637.33,C423655601,36929.51,40564.91,0,0,0.0,0.0,f17b41d1-5c60-4180-88f2-1ce6d494a20b,C336642661,CASH_OUT,USD,False,2026-10-02T14:00:00+00:00
96,CASH_OUT,10328.75,C595378308,23901.19,13572.44,C688870662,35679.08,46007.83,0,0,-0.0,0.0,6ddbee92-b714-4abb-aad3-0f5710be2434,C595378308,CASH_OUT,USD,False,2026-10-05T00:00:00+00:00
5,PAYMENT,894.07,C158269903,5384.77,4490.7,M370484159,0.0,0.0,0,0,0.0,894.07,63d67ec4-a123-4218-b99e-45f6995fe8bb,C158269903,PAYMENT,USD,False,2026-10-01T05:00:00+00:00
61,PAYMENT,4340.76,C327088752,31049.64,26708.88,M914558145,0.0,0.0,0,0,-0.0,4340.76,eabe1c47-4bfe-497e-abd3-3b33afaa8868,C327088752,PAYMENT,USD,False,2026-10-03T13:00:00+00:00
6,CASH_OUT,102221.09,C876776417,276956.68,174735.59,C662657008,9738.57,111959.66,0,0,0.0,0.0,316486ff-8feb-4a19-ba55-6aa14db629f2,C876776417,CASH_OUT,USD,False,2026-10-01T06:00:00+00:00
67,TRANSFER,245247.68,C555581409,964632.21,719384.53,C655510091,9025.82,254273.5,0,0,0.0,0.0,829e4428-ed55-48dc-94a9-8367ba028f8c,C555581409,TRANSFER,USD,False,2026-10-03T19:00:00+00:00
44,PAYMENT,1208.64,C528788810,2506.41,1297.77,M806672010,0.0,0.0,0,0,-0.0,1208.64,a5fe72da-fbaa-467b-814f-40ff86ce59ce,C528788810,PAYMENT,USD,False,2026-10-02T20:00:00+00:00
89,PAYMENT,965.36,C619884429,3389.43,2424.07,M364697908,0.0,0.0,0,0,-0.0,965.36,a23e843f-abfa-4284-8616-d502f3ca2b83,C619884429,PAYMENT,USD,False,2026-10-04T17:00:00+00:00
68,PAYMENT,3062.21,C324466780,18809.02,15746.81,M217362383,0.0,0.0,0,0,0.0,3062.21,871d885e-d275-4ef9-b261-99cd16f075ed,C324466780,PAYMENT,USD,False,2026-10-03T20:00:00+00:00
48,PAYMENT,2524.45,C212984008,9931.48,7407.03,M936993180,0.0,0.0,0,0,0.0,2524.45,703c7e4f-883b-4734-b72d-5eec5054cf16,C212984008,PAYMENT,USD,False,2026-10-03T00:00:00+00:00
50,CASH_IN,6305.61,C846723590,8536.67,14842.28,C853055712,14639.27,8333.66,0,0,-12611.22,12611.22,79864177-f6fa-4822-ab04-6476b5158d96,C846723590,CASH_IN,USD,False,2026-10-03T02:00:00+00:00
73,PAYMENT,595.45,C422679822,3363.86,2768.41,M319177811,0.0,0.0,0,0,0.0,595.45,e0f47096-40ce-4d9d-b80a-cebe29882fc3,C422679822,PAYMENT,USD,False,2026-10-04T01:00:00+00:00
21,CASH_OUT,44434.57,C527101934,85299.44,40864.87,C423511951,41868.19,86302.76,0,0,0.0,0.0,1308942c-237c-4ab6-a235-d8d41b514f3f,C527101934,CASH_OUT,USD,False,2026-10-01T21:00:00+00:00
98,CASH_OUT,92262.7,C278914614,271146.74,178884.04,C490127233,10087.93,102350.63,0,0,-0.0,0.0,fc8aa5e6-b247-435d-89bc-78b602b92498,C278914614,CASH_OUT,USD,False,2026-10-05T02:00:00+00:00
48,CASH_OUT,87966.42,C744673400,180639.76,92673.34,C118012944,30941.21,118907.63,0,0,0.0,0.0,dd8d777c-d660-4003-8aae-74b611bed39f,C744673400,CASH_OUT,USD,False,2026-10-03T00:00:00+00:00
52,CASH_OUT,145863.26,C282976474,191336.67,45473.41,C791330310,42630.52,188493.78,0,0,0.0,0.0,6069f337-6297-4219-bee3-75c0485ab010,C282976474,CASH_OUT,USD,False,2026-10-03T04:00:00+00:00
25,PAYMENT,3473.3,C506084357,22215.03,18741.73,M441397938,0.0,0.0,0,0,0.0,3473.3,820b981c-d28a-4bb7-be02-05b4027be864,C506084357,PAYMENT,USD,False,2026-10-02T01:00:00+00:00
95,CASH_OUT,72529.11,C102774172,142560.36,70031.25,C802448013,41916.88,114445.99,0,0,-0.0,-0.0,5868fa9f-05c7-4268-8783-c7d56a5ed270,C102774172,CASH_OUT,USD,False,2026-10-04T23:00:00+00:00
41,CASH_OUT,47399.88,C277150029,119796.13,72396.25,C627502276,7563.24,54963.12,0,0,0.0,-0.0,c40de4c9-cc69-479b-a4ce-9bf17f1633ac,C277150029,CASH_OUT,USD,False,2026-10-02T17:00:00+00:00
30,PAYMENT,909.0,C259003151,2177.24,1268.24,M697071746,0.0,0.0,0,0,-0.0,909.0,d8828deb-e99b-4347-a1a7-6886ce65e15d,C259003151,PAYMENT,USD,False,2026-10-02T06:00:00+00:00
33,CASH_IN,39436.57,C483426624,4822.52,44259.09,C470228863,66053.34,26616.77,0,0,-78873.14,78873.14,9fe05b2d-fbba-4f24-8564-1164c5cf1a1b,C483426624,CASH_IN,USD,False,2026-10-02T09:00:00+00:00
16,PAYMENT,1060.47,C334403617,6507.79,5447.32,M218791028,0.0,0.0,0,0,0.0,1060.47,e5eca2e8-7d5a-48d8-8632-d461553bfc47,C334403617,PAYMENT,USD,False,2026-10-01T16:00:00+00:00
76,PAYMENT,645.88,C551109264,3418.81,2772.93,M876261688,0.0,0.0,0,0,0.0,645.88,554d24bd-a37a-4135-a93d-edfca1682708,C551109264,PAYMENT,USD,False,2026-10-04T04:00:00+00:00
90,PAYMENT,2868.31,C677930953,19144.2,16275.89,M686930005,0.0,0.0,0,0,0.0,2868.31,efce4a0e-a882-4499-998e-632a2336c071,C677930953,PAYMENT,USD,False,2026-10-04T18:00:00+00:00
3,CASH_OUT,552.02,C976659977,1190.5,638.48,C333969748,2264.49,2816.51,0,0,0.0,-0.0,24e89f52-7daf-41c0-acb5-8735377e43a4,C976659977,CASH_OUT,USD,False,2026-10-01T03:00:00+00:00
49,PAYMENT,1027.94,C555548847,1035.79,7.85,M334518477,0.0,0.0,0,0,-0.0,1027.94,81b4aeec-f9ad-4f19-ba81-fdb0a30d5762,C555548847,PAYMENT,USD,False,2026-10-03T01:00:00+00:00
2,CASH_OUT,71859.26,C604011128,98355.73,26496.47,C465830215,2568.84,74428.1,0,0,0.0,-0.0,a9623131-445d-46ce-96ea-13007754283a,C604011128,CASH_OUT,USD,False,2026-10-01T02:00:00+00:00
98,PAYMENT,4527.0,C582452834,38386.34,33859.34,M258214411,0.0,0.0,0,0,0.0,4527.0,903bc5d9-f796-4603-9ee2-dec381162185,C582452834,PAYMENT,USD,False,2026-10-05T02:00:00+00:00
28,PAYMENT,1102.71,C248783057,7966.44,6863.73,M881409059,0.0,0.0,0,0,0.0,1102.71,4ab1b815-f428-4c03-a4ab-f91c09196d53,C248783057,PAYMENT,USD,False,2026-10-02T04:00:00+00:00
49,PAYMENT,4753.0,C604201501,46144.71,41391.71,M476468571,0.0,0.0,0,0,0.0,4753.0,645b6c8c-c3a9-40ce-8ab5-fa82f9478a17,C604201501,PAYMENT,USD,False,2026-10-03T01:00:00+00:00
45,CASH_OUT,118671.98,C914349140,301552.71,182880.73,C357941156,35175.29,153847.27,0,0,0.0,0.0,9be99630-c8f0-463a-8364-d02d522d3f6b,C914349140,CASH_OUT,USD,False,2026-10-02T21:00:00+00:00
20,PAYMENT,3391.71,C526854182,4526.07,1134.36,M132102862,0.0,0.0,0,0,-0.0,3391.71,ef6e416f-6773-4e14-b9ca-d8439e7d704f,C526854182,PAYMENT,USD,False,2026-10-01T20:00:00+00:00
14,CASH_OUT,144454.3,C823986776,208693.22,64238.92,C310642659,21987.22,166441.52,0,0,0.0,0.0,2172e2bf-8dd9-47a2-80d6-c4d814b88f77,C823986776,CASH_OUT,USD,False,2026-10-01T14:00:00+00:00
67,CASH_OUT,1017.28,C164390815,1047.83,30.55,C676438777,23729.27,24746.55,0,0,-0.0,0.0,a4bff9dd-17b5-4774-83b0-59c2691557b6,C164390815,CASH_OUT,USD,False,2026-10-03T19:00:00+00:00
18,CASH_OUT,91357.13,C102198503,256063.99,164706.86,C104594803,33635.32,124992.45,0,0,0.0,0.0,b72c3957-b834-4573-a676-f299f16a4099,C102198503,CASH_OUT,USD,False,2026-10-01T18:00:00+00:00
38,CASH_IN,6652.84,C258927104,9517.09,16169.93,C188632141,74786.19,68133.35,0,0,-13305.68,13305.68,96571375-aff1-4feb-974b-0e89060ab7d8,C258927104,CASH_IN,USD,False,2026-10-02T14:00:00+00:00
42,PAYMENT,125.91,C803740977,317.71,191.8,M427296749,0.0,0.0,0,0,-0.0,125.91,93469df2-c37b-4597-a8d6-f07459fe0047,C803740977,PAYMENT,USD,False,2026-10-02T18:00:00+00:00
27,CASH_IN,3094.93,C102124225,10970.87,14065.8,C119513871,38313.43,35218.5,0,0,-6189.86,6189.86,c17d5a1a-1dd2-4822-8298-d3bce7045255,C102124225,CASH_IN,USD,False,2026-10-02T03:00:00+00:00
77,CASH_OUT,27663.68,C798963775,46143.45,18479.77,C371744479,26096.03,53759.71,0,0,-0.0,0.0,bf004029-13ef-4127-9764-af9f8625bfa5,C798963775,CASH_OUT,USD,False,2026-10-04T05:00:00+00:00
69,PAYMENT,3419.95,C526081956,11908.33,8488.38,M628040785,0.0,0.0,0,0,0.0,3419.95,d0bcbfa5-1a83-4da0-9a64-e1e2ff8f500a,C526081956,PAYMENT,USD,False,2026-10-03T21:00:00+00:00
57,TRANSFER,222464.31,C569735065,771857.55,549393.24,C569019932,6314.67,228778.98,0,0,0.0,0.0,fda7d699-bdf6-49b8-910a-36a2ddbd7e17,C569735065,TRANSFER,USD,False,2026-10-03T09:00:00+00:00
55,CASH_IN,9358.47,C759135517,8520.34,17878.81,C777194209,5003.37,0.0,0,0,-18716.94,14361.84,daa0493b-e35a-45b1-bb41-c26f4e5689a9,C759135517,CASH_IN,USD,False,2026-10-03T07:00:00+00:00
22,TRANSFER,17421.11,C381283935,62490.73,45069.62,C282950234,18611.5,36032.61,0,0,0.0,0.0,bf61e4cc-fdb9-48d9-bf85-1356f1a1ef8c,C381283935,TRANSFER,USD,False,2026-10-01T22:00:00+00:00
5,CASH_OUT,123131.23,C665135403,180952.7,57821.47,C732051990,27652.22,150783.45,0,0,0.0,0.0,463218e8-266b-4119-9e9b-4b06b1439d1d,C665135403,CASH_OUT,USD,False,2026-10-01T05:00:00+00:00
61,PAYMENT,2221.86,C643103454,20739.73,18517.87,M159757124,0.0,0.0,0,0,0.0,2221.86,c01dc13a-0d93-4f2d-9a13-549a040ba285,C643103454,PAYMENT,USD,False,2026-10-03T13:00:00+00:00
33,CASH_IN,30314.34,C280162221,14367.14,44681.48,C903079055,78001.4,47687.06,0,0,-60628.68,60628.68,2278a1ab-da6b-4ba8-a4e1-652d587745d0,C280162221,CASH_IN,USD,False,2026-10-02T09:00:00+00:00
35,CASH_IN,38440.69,C183504266,4380.49,42821.18,C280622991,35189.7,0.0,0,0,-76881.38,73630.39,71e39613-8f5f-4de8-8929-69445382fbad,C183504266,CASH_IN,USD,False,2026-10-02T11:00:00+00:00
24,CASH_OUT,118208.04,C634545407,298946.06,180738.02,C229700675,40346.29,158554.33,0,0,0.0,0.0,a01b1d33-7251-4f9f-8657-88a0213a1792,C634545407,CASH_OUT,USD,False,2026-10-02T00:00:00+00:00
34,TRANSFER,78028.58,C741065526,180046.95,102018.37,C705491190,70074.59,148103.17,0,0,0.0,-0.0,e10547ac-bccf-4e64-8616-5f33472472ca,C741065526,TRANSFER,USD,False,2026-10-02T10:00:00+00:00
47,CASH_OUT,68071.12,C559591173,118613.96,50542.84,C247875836,46300.19,114371.31,0,0,0.0,0.0,a5eb2d12-2338-4fcf-8899-7d3a6a0e8f24,C559591173,CASH_OUT,USD,False,2026-10-02T23:00:00+00:00
50,CASH_OUT,26497.45,C286521875,43350.06,16852.61,C736212983,36905.26,63402.71,0,0,-0.0,0.0,94db18e2-179a-437f-a53e-9f5d9d7eccd9,C286521875,CASH_OUT,USD,False,2026-10-03T02:00:00+00:00
12,PAYMENT,3169.27,C565694083,15406.55,12237.28,M533140455,0.0,0.0,0,0,-0.0,3169.27,3bd90437-8e12-48be-ab69-8af9b19ed785,C565694083,PAYMENT,USD,False,2026-10-01T12:00:00+00:00
62,CASH_OUT,116237.57,C485195859,244487.56,128249.99,C622881542,8788.51,125026.08,0,0,-0.0,0.0,2305723c-ac8e-4a1c-8012-d6069256cd15,C485195859,CASH_OUT,USD,False,2026-10-03T14:00:00+00:00
79,CASH_OUT,62237.42,C571318858,186509.69,124272.27,C691874571,9611.96,71849.38,0,0,0.0,0.0,a09b71f9-d146-4f3b-86e2-d728b793786a,C571318858,CASH_OUT,USD,False,2026-10-04T07:00:00+00:00
95,PAYMENT,770.86,C240974031,4251.65,3480.79,M200313598,0.0,0.0,0,0,-0.0,770.86,30073fab-9596-465c-96b3-23b6874362cd,C240974031,PAYMENT,USD,False,2026-10-04T23:00:00+00:00
43,CASH_OUT,42634.98,C652118299,68185.04,25550.06,C792863736,43363.05,85998.03,0,0,-0.0,0.0,8e749b4e-096b-44d7-8a00-f200c4bb9fa5,C652118299,CASH_OUT,USD,False,2026-10-02T19:00:00+00:00
47,TRANSFER,225746.77,C403788949,640848.74,415101.97,C382626443,60925.11,286671.88,0,0,0.0,0.0,5c1f28ef-bf24-467c-94d2-ece3b7c4d599,C403788949,TRANSFER,USD,False,2026-10-02T23:00:00+00:00
6,PAYMENT,871.65,C130794826,2298.85,1427.2,M993088552,0.0,0.0,0,0,-0.0,871.65,cf4bd585-dd2a-494d-b68a-8f321edb8735,C130794826,PAYMENT,USD,False,2026-10-01T06:00:00+00:00
85,CASH_OUT,30031.25,C615748688,42461.36,12430.11,C127633490,31909.53,61940.78,0,0,0.0,0.0,c0eac90c-b274-42e4-827b-699b09dcda6d,C615748688,CASH_OUT,USD,False,2026-10-04T13:00:00+00:00
91,CASH_OUT,15968.59,C976555613,22050.19,6081.6,C243586973,3145.78,19114.37,0,0,-0.0,0.0,f36d0971-4c6a-41ee-9c2c-9505a8d081c4,C976555613,CASH_OUT,USD,False,2026-10-04T19:00:00+00:00
8,TRANSFER,241037.46,C813848970,744256.26,503218.8,C247016174,65255.47,306292.93,0,0,0.0,0.0,eb997f19-9b9d-456b-b92e-24f26a6b3674,C813848970,TRANSFER,USD,False,2026-10-01T08:00:00+00:00
73,CASH_IN,24352.81,C906045994,4589.36,28942.17,C116606288,13938.15,0.0,0,0,-48705.62,38290.96,d68e6ab4-3aa1-476c-8a05-63a48e774fa2,C906045994,CASH_IN,USD,False,2026-10-04T01:00:00+00:00
4,CASH_OUT,1155.72,C624473843,2052.61,896.89,C531418689,38021.26,39176.98,0,0,0.0,0.0,7d83d9ad-553d-42d8-adc3-a2020fc898b1,C624473843,CASH_OUT,USD,False,2026-10-01T04:00:00+00:00
30,CASH_IN,45240.84,C377724867,15802.33,61043.17,C194958483,42928.76,0.0,0,0,-90481.68,88169.6,4f569326-31c6-492c-8d57-ca0d7999bc72,C377724867,CASH_IN,USD,False,2026-10-02T06:00:00+00:00
11,TRANSFER,931372.58,C383139583,931372.58,0.0,C587693627,3939.78,935312.36,1,0,0.0,0.0,5d98f2b4-6e71-4442-b8c9-76e154280859,C383139583,TRANSFER,USD,False,2026-10-01T11:00:00+00:00
21,PAYMENT,776.79,C614223965,4576.64,3799.85,M159995868,0.0,0.0,0,0,0.0,776.79,4be2c12f-a35d-4de5-8c29-df9672387441,C614223965,PAYMENT,USD,False,2026-10-01T21:00:00+00:00
80,CASH_OUT,113924.39,C658360212,169641.89,55717.5,C915994350,39031.18,152955.57,0,0,0.0,0.0,3e471fce-a927-4880-87e5-2c796a89f7cf,C658360212,CASH_OUT,USD,False,2026-10-04T08:00:00+00:00
54,CASH_IN,1630.72,C907509543,4168.56,5799.28,C843616161,25849.78,24219.06,0,0,-3261.44,3261.44,a0b1e3b6-977b-42de-ace0-24245a0623ca,C907509543,CASH_IN,USD,False,2026-10-03T06:00:00+00:00
10,CASH_OUT,21547.61,C403959566,47704.98,26157.37,C450620232,18014.35,39561.96,0,0,0.0,0.0,bcda2386-f13d-41f8-be6c-b33b613c3310,C403959566,CASH_OUT,USD,False,2026-10-01T10:00:00+00:00
77,CASH_IN,9953.88,C734351958,3867.52,13821.4,C619990881,46502.56,36548.68,0,0,-19907.76,19907.76,b5437f0b-a668-492e-af12-30aa5f8aee35,C734351958,CASH_IN,USD,False,2026-10-04T05:00:00+00:00
31,CASH_IN,8581.88,C922424132,13164.0,21745.88,C964783242,88105.39,79523.51,0,0,-17163.76,17163.76,adf8d663-6c09-4b8b-b48c-ed03bcd268c4,C922424132,CASH_IN,USD,False,2026-10-02T07:00:00+00:00
68,CASH_OUT,64338.5,C268030171,162211.89,97873.39,C447066146,41951.52,106290.02,0,0,0.0,-0.0,a3af99eb-a4c4-44f9-b665-a8ec08868c15,C268030171,CASH_OUT,USD,False,2026-10-03T20:00:00+00:00
61,CASH_IN,37998.26,C353010546,8684.87,46683.13,C793383880,79150.97,41152.71,0,0,-75996.52,75996.52,6fffcd8c-912d-4a9a-abf0-3d33e4f9134b,C353010546,CASH_IN,USD,False,2026-10-03T13:00:00+00:00
66,PAYMENT,4466.39,C895429952,26227.29,21760.9,M400232979,0.0,0.0,0,0,0.0,4466.39,93461d80-e93c-4ac6-a0fd-0292a7345b5f,C895429952,PAYMENT,USD,False,2026-10-03T18:00:00+00:00
45,PAYMENT,2249.47,C340857191,19738.27,17488.8,M839197050,0.0,0.0,0,0,0.0,2249.47,ba69871a-871f-40ac-a6ba-8fbaa3ab134a,C340857191,PAYMENT,USD,False,2026-10-02T21:00:00+00:00
76,CASH_OUT,139778.72,C953875024,281633.03,141854.31,C353736066,21311.99,161090.71,0,0,0.0,0.0,63308360-cf14-4408-98ed-14753d52eb1a,C953875024,CASH_OUT,USD,False,2026-10-04T04:00:00+00:00
89,TRANSFER,9489.02,C685823118,26071.35,16582.33,C496442646,11847.5,21336.52,0,0,-0.0,0.0,9775ed8e-b443-41f6-b9f1-030394d6cfcd,C685823118,TRANSFER,USD,False,2026-10-04T17:00:00+00:00
97,CASH_OUT,113789.02,C993821073,131692.44,17903.42,C301960858,36077.54,149866.56,0,0,0.0,0.0,461d3a80-9e3b-4374-93c3-dfa3dd4cb9e0,C993821073,CASH_OUT,USD,False,2026-10-05T01:00:00+00:00
72,PAYMENT,2356.55,C204800493,7842.28,5485.73,M895555607,0.0,0.0,0,0,0.0,2356.55,c2b3ea7f-56e4-4e75-ae91-9f9917321e02,C204800493,PAYMENT,USD,False,2026-10-04T00:00:00+00:00
74,PAYMENT,2233.28,C311008573,9736.77,7503.49,M686175950,0.0,0.0,0,0,0.0,2233.28,2eccbbfa-176c-4545-9e19-a57c4c0e092c,C311008573,PAYMENT,USD,False,2026-10-04T02:00:00+00:00
41,PAYMENT,4718.68,C937270243,11714.54,6995.86,M256357107,0.0,0.0,0,0,0.0,4718.68,e96ad226-fa83-42d2-91e1-51f3efcc5780,C937270243,PAYMENT,USD,False,2026-10-02T17:00:00+00:00
95,CASH_IN,25921.82,C156727602,17515.98,43437.8,C678774087,80095.35,54173.53,0,0,-51843.64,51843.64,5a105608-6f30-4aee-80c0-63f08e2710fb,C156727602,CASH_IN,USD,False,2026-10-04T23:00:00+00:00
45,CASH_OUT,102697.21,C923973312,242018.36,139321.15,C155877346,17107.05,119804.26,0,0,-0.0,0.0,db3cb928-1196-4250-b3e0-5368b52ae91a,C923973312,CASH_OUT,USD,False,2026-10-02T21:00:00+00:00
17,PAYMENT,2654.47,C862631115,8875.63,6221.16,M252252010,0.0,0.0,0,0,0.0,2654.47,7ed44890-791e-4a07-8d4a-413b078b5051,C862631115,PAYMENT,USD,False,2026-10-01T17:00:00+00:00
94,PAYMENT,4591.71,C728380379,13636.09,9044.38,M412246300,0.0,0.0,0,0,0.0,4591.71,3ec88404-4ddd-42c6-be16-6c7f0444b16c,C728380379,PAYMENT,USD,False,2026-10-04T22:00:00+00:00
59,PAYMENT,3210.31,C327746886,31267.91,28057.6,M741180590,0.0,0.0,0,0,0.0,3210.31,8cc512d4-e2ac-47b4-85e6-254cba80dce6,C327746886,PAYMENT,USD,False,2026-10-03T11:00:00+00:00
78,PAYMENT,1914.25,C926741898,5159.64,3245.39,M431535716,0.0,0.0,0,0,0.0,1914.25,10df3fca-0666-4513-9d75-cdaf9050c988,C926741898,PAYMENT,USD,False,2026-10-04T06:00:00+00:00
2,PAYMENT,555.06,C475556852,1359.85,804.79,M668026820,0.0,0.0,0,0,0.0,555.06,f442ef07-f8fa-476e-8769-b38b3e0f9277,C475556852,PAYMENT,USD,False,2026-10-01T02:00:00+00:00
44,PAYMENT,2392.1,C352093240,18765.55,16373.45,M822418424,0.0,0.0,0,0,-0.0,2392.1,04d7a900-88c8-45f0-a93c-ae93733c9365,C352093240,PAYMENT,USD,False,2026-10-02T20:00:00+00:00
52,CASH_IN,40430.94,C675992495,19944.83,60375.77,C214694782,30003.76,0.0,0,0,-80861.88,70434.7,62b741fc-3e15-4269-aa47-29eae625008a,C675992495,CASH_IN,USD,False,2026-10-03T04:00:00+00:00
58,CASH_OUT,92374.27,C518740692,128523.39,36149.12,C580134151,34075.84,126450.11,0,0,-0.0,0.0,da56405c-5314-4e94-9004-dec0c9464c94,C518740692,CASH_OUT,USD,False,2026-10-03T10:00:00+00:00
61,CASH_OUT,142728.18,C917289898,207691.91,64963.73,C526818051,36166.79,178894.97,0,0,0.0,0.0,d99a8da1-1d43-4499-964f-5107aa2a3cf7,C917289898,CASH_OUT,USD,False,2026-10-03T13:00:00+00:00
85,PAYMENT,3095.27,C809180864,5795.58,2700.31,M534547817,0.0,0.0,0,0,0.0,3095.27,bb337b6d-23dd-4071-a481-cb766a9a9d8a,C809180864,PAYMENT,USD,False,2026-10-04T13:00:00+00:00
36,CASH_OUT,80027.27,C854711076,141233.46,61206.19,C362652326,49657.7,129684.97,0,0,-0.0,0.0,bc0da3b7-2e4a-494b-b791-9ec25f585f3c,C854711076,CASH_OUT,USD,False,2026-10-02T12:00:00+00:00
60,CASH_OUT,18075.27,C309237446,39917.98,21842.71,C128421680,11335.46,29410.73,0,0,0.0,0.0,75c58972-fecc-4633-93c0-7418aa24abf5,C309237446,CASH_OUT,USD,False,2026-10-03T12:00:00+00:00
36,TRANSFER,127201.98,C787479760,381724.93,254522.95,C550590774,20099.93,147301.91,0,0,0.0,0.0,0547d41f-c7fb-4665-8462-de16fc1bb59b,C787479760,TRANSFER,USD,False,2026-10-02T12:00:00+00:00
10,PAYMENT,1541.52,C951078441,12976.77,11435.25,M904187231,0.0,0.0,0,0,0.0,1541.52,b886479a-52ef-4fab-a572-6aeeee060687,C951078441,PAYMENT,USD,False,2026-10-01T10:00:00+00:00
64,PAYMENT,2786.37,C324876907,11783.78,8997.41,M119467577,0.0,0.0,0,0,0.0,2786.37,acf0a555-b382-4b1f-88e4-f7939505ce6d,C324876907,PAYMENT,USD,False,2026-10-03T16:00:00+00:00
25,CASH_IN,40871.67,C368520783,252.31,41123.98,C989328868,97485.25,56613.58,0,0,-81743.34,81743.34,51ad304a-c14b-4834-8f9a-c3156433563a,C368520783,CASH_IN,USD,False,2026-10-02T01:00:00+00:00
3,CASH_OUT,8785.01,C255031661,23289.58,14504.57,C693367852,32173.41,40958.42,0,0,0.0,0.0,2d0f7d80-5353-421e-90a0-f4fea88d2de6,C255031661,CASH_OUT,USD,False,2026-10-01T03:00:00+00:00
83,PAYMENT,2953.63,C597408493,6150.94,3197.31,M835680345,0.0,0.0,0,0,-0.0,2953.63,351040fa-8581-4e09-859d-1810b1feb35f,C597408493,PAYMENT,USD,False,2026-10-04T11:00:00+00:00
51,PAYMENT,577.84,C369085856,2279.0,1701.16,M246544896,0.0,0.0,0,0,-0.0,577.84,cbe8db6d-f163-4807-9a30-0943638b7958,C369085856,PAYMENT,USD,False,2026-10-03T03:00:00+00:00
27,CASH_OUT,71476.76,C473984594,174688.34,103211.58,C570477095,22622.36,94099.12,0,0,0.0,0.0,f7ec3e0a-e3b5-458a-a3a9-022a3af61be8,C473984594,CASH_OUT,USD,False,2026-10-02T03:00:00+00:00
42,TRANSFER,853722.16,C748901638,853722.16,0.0,C995233308,273.8,853995.96,1,1,0.0,0.0,600ad9e5-5308-4932-aaa4-e9770faae7ca,C748901638,TRANSFER,USD,False,2026-10-02T18:00:00+00:00
91,TRANSFER,31637.21,C412360952,42016.79,10379.58,C573323381,75777.96,107415.17,0,0,0.0,0.0,ece503a1-9c02-48eb-8d58-7872c9edf58a,C412360952,TRANSFER,USD,False,2026-10-04T19:00:00+00:00
58,CASH_OUT,97374.84,C686301924,161608.7,64233.86,C162071486,27332.78,124707.62,0,0,0.0,0.0,1dbfacb1-2d63-44e5-85da-0b5db0e5a402,C686301924,CASH_OUT,USD,False,2026-10-03T10:00:00+00:00
75,CASH_OUT,33006.99,C322478872,62850.59,29843.6,C317970120,11719.23,44726.22,0,0,0.0,0.0,5575bd61-a7ee-4832-a8a1-24f07da92d6f,C322478872,CASH_OUT,USD,False,2026-10-04T03:00:00+00:00
58,CASH_OUT,98702.04,C336234705,143316.44,44614.4,C591663969,48052.53,146754.57,0,0,0.0,0.0,4a73cf62-a52f-4afb-a131-ec1ce3b9de35,C336234705,CASH_OUT,USD,False,2026-10-03T10:00:00+00:00
36,CASH_OUT,68258.88,C496287154,112939.68,44680.8,C624033772,123.65,68382.53,0,0,-0.0,0.0,c1691302-bb57-40e9-8a38-c0312cded63e,C496287154,CASH_OUT,USD,False,2026-10-02T12:00:00+00:00
17,PAYMENT,146.54,C979237335,264.94,118.4,M860962737,0.0,0.0,0,0,0.0,146.54,f0392995-1a59-4f61-93b3-5932b7ad5077,C979237335,PAYMENT,USD,False,2026-10-01T17:00:00+00:00
28,CASH_IN,47769.33,C283816626,8542.0,56311.33,C886843517,33368.52,0.0,0,0,-95538.66,81137.85,1a94ce7f-945c-43ed-b744-151b2faa587c,C283816626,CASH_IN,USD,False,2026-10-02T04:00:00+00:00
84,TRANSFER,216739.7,C852368171,744879.0,528139.3,C777358085,37625.25,254364.95,0,0,0.0,0.0,656f4e4c-14a0-4d18-8b0f-0358095257e8,C852368171,TRANSFER,USD,False,2026-10-04T12:00:00+00:00
28,PAYMENT,1144.41,C877819947,3414.43,2270.02,M751472531,0.0,0.0,0,0,-0.0,1144.41,e3dd764a-6c48-4b62-b8e0-a75342ad930c,C877819947,PAYMENT,USD,False,2026-10-02T04:00:00+00:00
22,PAYMENT,3929.37,C364328543,30092.47,26163.1,M864717990,0.0,0.0,0,0,0.0,3929.37,c966d357-314e-4ab4-8084-59d666acad92,C364328543,PAYMENT,USD,False,2026-10-01T22:00:00+00:00
27,CASH_OUT,35782.23,C156221065,38255.01,2472.78,C956384754,30718.13,66500.36,0,0,-0.0,0.0,044b06ca-347a-4c02-9d5c-5e4c5192b2a0,C156221065,CASH_OUT,USD,False,2026-10-02T03:00:00+00:00
50,TRANSFER,196989.79,C496996648,498914.27,301924.48,C786744780,49567.08,246556.87,0,0,0.0,0.0,110216cc-071d-472c-8eb5-c0036ec5cd4c,C496996648,TRANSFER,USD,False,2026-10-03T02:00:00+00:00
95,CASH_OUT,82399.53,C759182324,208974.09,126574.56,C812582088,15988.33,98387.86,0,0,0.0,0.0,8e7cbdde-239c-4696-9975-cfcc4183e0c4,C759182324,CASH_OUT,USD,False,2026-10-04T23:00:00+00:00
54,CASH_OUT,72204.79,C101568217,87868.35,15663.56,C301189013,15316.9,87521.69,0,0,0.0,-0.0,60aacf8c-20e1-4a84-828c-1df16b86e1c5,C101568217,CASH_OUT,USD,False,2026-10-03T06:00:00+00:00
96,CASH_IN,6549.27,C971630639,11729.3,18278.57,C164404084,56597.05,50047.78,0,0,-13098.54,13098.54,b207ec3c-7311-45e3-9175-830d824fd953,C971630639,CASH_IN,USD,False,2026-10-05T00:00:00+00:00
95,CASH_OUT,31106.14,C848732917,84099.89,52993.75,C109370610,32005.75,63111.89,0,0,0.0,0.0,43eb902a-b0f8-41eb-9b70-fbd28113853f,C848732917,CASH_OUT,USD,False,2026-10-04T23:00:00+00:00
10,CASH_OUT,706449.44,C214479227,706449.44,0.0,C716042634,2115.62,708565.06,1,0,0.0,-0.0,16bdb201-5e02-4c6d-a37c-57d20fc0cf18,C214479227,CASH_OUT,USD,False,2026-10-01T10:00:00+00:00
20,CASH_OUT,10163.28,C609241268,11898.44,1735.16,C993108266,21593.83,31757.11,0,0,-0.0,0.0,0b48e247-da8b-4412-bda0-4e7fa6792e2d,C609241268,CASH_OUT,USD,False,2026-10-01T20:00:00+00:00
99,CASH_IN,34977.6,C943854460,6279.22,41256.82,C893557750,85489.9,50512.3,0,0,-69955.2,69955.2,e0a36a88-b071-461a-b4f3-066b58145c88,C943854460,CASH_IN,USD,False,2026-10-05T03:00:00+00:00
76,CASH_IN,5030.25,C392177384,3191.22,8221.47,C330952719,37751.91,32721.66,0,0,-10060.5,10060.5,7b2cb6d7-2532-4596-ac4d-3a30f73694d9,C392177384,CASH_IN,USD,False,2026-10-04T04:00:00+00:00
32,CASH_OUT,141525.34,C802879944,214361.85,72836.51,C462456889,41079.6,182604.94,0,0,0.0,0.0,eb4c9238-e297-4d88-a072-fd53a6f3e95c,C802879944,CASH_OUT,USD,False,2026-10-02T08:00:00+00:00
23,PAYMENT,2250.3,C850251037,22277.6,20027.3,M243040275,0.0,0.0,0,0,0.0,2250.3,d4551f68-bf20-4cff-84a7-642df7a41cbb,C850251037,PAYMENT,USD,False,2026-10-01T23:00:00+00:00
79,CASH_IN,40384.0,C922029059,19621.12,60005.12,C471348848,95040.87,54656.87,0,0,-80768.0,80768.0,af3c49d8-ae9d-4386-9351-776a1f4da8bf,C922029059,CASH_IN,USD,False,2026-10-04T07:00:00+00:00
11,PAYMENT,3981.99,C188379960,9359.33,5377.34,M109115922,0.0,0.0,0,0,0.0,3981.99,edf7cbfd-2bd9-45ff-84ae-ef73fd031346,C188379960,PAYMENT,USD,False,2026-10-01T11:00:00+00:00
94,DEBIT,1470.81,C326763783,4439.69,2968.88,C733177858,703.49,2174.3,0,0,-0.0,0.0,74217867-11c7-4a0e-afd1-956330ed352e,C326763783,DEBIT,USD,False,2026-10-04T22:00:00+00:00
18,CASH_IN,31824.83,C910662740,15141.55,46966.38,C100197929,66427.26,34602.43,0,0,-63649.66,63649.66,e08238dd-f106-4cf4-a5c7-9dfb2f895e38,C910662740,CASH_IN,USD,False,2026-10-01T18:00:00+00:00
62,TRANSFER,47957.81,C265439752,153336.62,105378.81,C619124046,41890.24,89848.05,0,0,0.0,-0.0,126f8ce5-57a7-482c-8718-a079c1b404f0,C265439752,TRANSFER,USD,False,2026-10-03T14:00:00+00:00
52,CASH_OUT,57478.96,C378088986,112246.17,54767.21,C108584526,33166.84,90645.8,0,0,0.0,-0.0,5fffe81c-c049-49b4-bde7-419452c7ffed,C378088986,CASH_OUT,USD,False,2026-10-03T04:00:00+00:00
97,PAYMENT,3628.4,C509992924,25020.81,21392.41,M427986788,0.0,0.0,0,0,0.0,3628.4,4d0aefde-2f88-4ec1-aceb-0ffaa199985d,C509992924,PAYMENT,USD,False,2026-10-05T01:00:00+00:00
15,CASH_OUT,64225.14,C586962881,94581.46,30356.32,C184017446,22307.36,86532.5,0,0,0.0,0.0,15f4ee06-f8a8-497e-970b-2d91cb40f038,C586962881,CASH_OUT,USD,False,2026-10-01T15:00:00+00:00
4,TRANSFER,33917.16,C827059836,118082.04,84164.88,C470383380,28727.22,62644.38,0,0,-0.0,0.0,09145078-249c-4cdf-b374-0676540c667c,C827059836,TRANSFER,USD,False,2026-10-01T04:00:00+00:00
