step,type,amount,nameOrig,oldbalanceOrg,newbalanceOrig,nameDest,oldbalanceDest,newbalanceDest,isFraud,isFlaggedFraud
11,PAYMENT,712.67,C883993370,2913.11,2200.44,M434889710,0.0,0.0,0,0
28,PAYMENT,3582.75,C398552270,31310.42,27727.67,M966967595,0.0,0.0,0,0
75,CASH_OUT,44349.32,C548371040,73607.92,29258.6,C310659326,18991.99,63341.31,0,0
51,CASH_IN,19964.04,C556554255,5366.34,25330.38,C158662128,73090.5,53126.46,0,0
54,TRANSFER,62225.37,C449392419,83846.04,21620.67,C556195626,37178.87,99404.24,0,0
77,CASH_IN,29957.17,C376689804,10121.72,40078.89,C858132279,4403.79,0.0,0,0
27,CASH_OUT,9003.31,C323296343,10051.09,1047.78,C731747336,1615.91,10619.22,0,0
54,CASH_OUT,81965.23,C888807316,229143.86,147178.63,C747737533,24411.47,106376.7,0,0
9,CASH_IN,27954.73,C501325710,3756.56,31711.29,C207203508,99353.54,71398.81,0,0
26,CASH_OUT,6667.28,C265004433,12243.96,5576.68,C305843534,35580.16,42247.44,0,0
18,PAYMENT,972.35,C711275724,8200.12,7227.77,M958426164,0.0,0.0,0,0
4,PAYMENT,2651.61,C234015614,4635.84,1984.23,M552351635,0.0,0.0,0,0
61,TRANSFER,28977.91,C590433737,52362.58,23384.67,C359248723,29214.71,58192.62,0,0
76,CASH_IN,5857.6,C617511527,7653.46,13511.06,C172535838,79076.95,73219.35,0,0
3,PAYMENT,1880.75,C417327448,9749.46,7868.71,M674932626,0.0,0.0,0,0
69,CASH_IN,33043.62,C180133173,6590.89,39634.51,C212022836,29543.35,0.0,0,0
62,CASH_OUT,6115.33,C422308625,15449.44,9334.11,C351580981,45043.28,51158.61,0,0
36,PAYMENT,4634.31,C814585584,18084.3,13449.99,M527990502,0.0,0.0,0,0
19,PAYMENT,2999.19,C469989543,16555.06,13555.87,M772558716,0.0,0.0,0,0
72,PAYMENT,4175.39,C886517796,22138.44,17963.05,M913643760,0.0,0.0,0,0
44,CASH_IN,38611.79,C623293606,13264.96,51876.75,C589965577,67133.26,28521.47,0,0
80,PAYMENT,880.46,C493454438,6465.98,5585.52,M699996680,0.0,0.0,0,0
79,TRANSFER,224147.99,C402354833,868139.36,643991.37,C459179236,73882.37,298030.36,0,0
98,CASH_OUT,13300.16,C588365604,21899.35,8599.19,C371011200,48509.24,61809.4,0,0
48,CASH_IN,18770.49,C294200673,6340.51,25111.0,C979364546,29354.61,10584.12,0,0
35,CASH_OUT,61341.45,C871245472,165958.29,104616.84,C382525328,31929.7,93271.15,0,0
42,DEBIT,1055.7,C613646933,5095.59,4039.89,C436889280,2352.35,3408.05,0,0
35,CASH_OUT,7943.85,C849755715,10363.75,2419.9,C263085781,32381.51,40325.36,0,0
73,CASH_IN,23018.82,C814025317,10651.81,33670.63,C406770994,46567.31,23548.49,0,0
25,TRANSFER,4906.51,C557739343,6245.04,1338.53,C314365568,4076.43,8982.94,0,0
34,CASH_IN,45087.0,C735917832,9961.2,55048.2,C873742895,13725.03,0.0,0,0
87,CASH_IN,19223.12,C456192204,2799.01,22022.13,C894295332,98859.32,79636.2,0,0
36,DEBIT,1462.15,C894109265,3813.08,2350.93,C792623829,1948.73,3410.88,0,0
22,CASH_IN,46106.8,C363801051,5749.47,51856.27,C193619024,57766.37,11659.57,0,0
2,PAYMENT,1887.76,C749096700,5111.97,3224.21,M587065766,0.0,0.0,0,0
47,CASH_IN,48278.03,C659350437,3346.36,51624.39,C544517369,85566.97,37288.94,0,0
15,CASH_OUT,136386.81,C257460250,342514.61,206127.8,C204226974,6779.94,143166.75,0,0
96,CASH_OUT,48012.47,C118756147,50325.49,2313.02,C732679040,38284.51,86296.98,0,0
93,CASH_OUT,25400.69,C239652351,70497.77,45097.08,C367475998,45852.66,71253.35,0,0
96,PAYMENT,2918.8,C969988383,9420.88,6502.08,M482906258,0.0,0.0,0,0
88,PAYMENT,1411.18,C192884274,6255.37,4844.19,M569951184,0.0,0.0,0,0
50,CASH_IN,38132.78,C941961746,15340.32,53473.1,C648406718,81732.46,43599.68,0,0
66,CASH_OUT,80116.76,C142188165,232201.37,152084.61,C629346462,29705.93,109822.69,0,0
6,CASH_OUT,130999.56,C852595857,321043.71,190044.15,C571146233,10860.83,141860.39,0,0
7,CASH_OUT,107703.08,C190761870,306512.75,198809.67,C388224594,31476.45,139179.53,0,0
70,CASH_OUT,89745.7,C186373782,221588.22,131842.52,C563887247,30185.68,119931.38,0,0
50,CASH_OUT,106254.65,C258120538,263591.03,157336.38,C116989506,35600.74,141855.39,0,0
60,PAYMENT,1924.32,C909547419,11625.93,9701.61,M736220988,0.0,0.0,0,0
41,TRANSFER,440199.96,C544343478,440199.96,0.0,C596542717,74.75,440274.71,1,0
61,CASH_OUT,142523.95,C901972909,176977.86,34453.91,C224504262,37997.77,180521.72,0,0
6,PAYMENT,1537.67,C960734521,4714.74,3177.07,M786298234,0.0,0.0,0,0
70,CASH_OUT,5654.6,C510453846,6856.78,1202.18,C213568279,33370.74,39025.34,0,0
68,CASH_OUT,120225.48,C729949812,125803.73,5578.25,C676427933,20257.59,140483.07,0,0
58,PAYMENT,4357.38,C152042316,8284.07,3926.69,M436695455,0.0,0.0,0,0
29,PAYMENT,2308.13,C300612515,17437.71,15129.58,M744338106,0.0,0.0,0,0
3,PAYMENT,4088.41,C290840712,26453.64,22365.23,M838054504,0.0,0.0,0,0
13,CASH_OUT,49215.31,C379071239,54708.86,5493.55,C743701616,24275.41,73490.72,0,0
89,CASH_IN,35824.28,C302219015,19385.61,55209.89,C952115057,80193.59,44369.31,0,0
8,CASH_IN,6169.03,C598050069,16110.18,22279.21,C512611145,75715.17,69546.14,0,0
16,PAYMENT,3129.24,C536793882,3292.97,163.73,M438122827,0.0,0.0,0,0
10,CASH_OUT,98604.26,C676005280,183911.79,85307.53,C868926861,15797.14,114401.4,0,0
20,CASH_OUT,19024.32,C139749508,31656.27,12631.95,C733701411,5018.23,24042.55,0,0
84,CASH_OUT,55619.58,C551706031,133224.78,77605.2,C146641502,21447.81,77067.39,0,0
61,PAYMENT,2291.04,C788218722,16680.1,14389.06,M792414545,0.0,0.0,0,0
49,TRANSFER,333121.18,C546981755,333121.18,0.0,C189010628,2368.18,335489.36,1,0
43,TRANSFER,149791.1,C171924274,554823.94,405032.84,C784635297,58290.04,208081.14,0,0
14,PAYMENT,1798.0,C714097318,17861.74,16063.74,M417690559,0.0,0.0,0,0
67,PAYMENT,4662.03,C433913647,40247.85,35585.82,M837716816,0.0,0.0,0,0
30,PAYMENT,510.98,C428388010,926.86,415.88,M875177891,0.0,0.0,0,0
49,TRANSFER,267436.36,C595097385,267436.36,0.0,C726177624,4228.57,271664.93,1,0
68,CASH_IN,12416.69,C447874612,8203.94,20620.63,C576812652,99342.43,86925.74,0,0
58,PAYMENT,2228.33,C865975088,18483.15,16254.82,M194264587,0.0,0.0,0,0
25,CASH_IN,12708.6,C624218465,12530.74,25239.34,C111198809,40151.38,27442.78,0,0
73,TRANSFER,816436.88,C992085406,816436.88,0.0,C209452620,4021.19,820458.07,1,0
61,TRANSFER,132356.89,C699267885,308513.55,176156.66,C998851802,59574.19,191931.08,0,0
10,CASH_IN,13157.63,C807878474,9675.13,22832.76,C676126506,18121.93,4964.3,0,0
65,CASH_OUT,87325.38,C972568129,221666.79,134341.41,C535009817,10638.03,97963.41,0,0
60,PAYMENT,3552.49,C288060513,11488.52,7936.03,M866039298,0.0,0.0,0,0
1,CASH_IN,2812.61,C533878789,7072.24,9884.85,C538932531,80731.7,77919.09,0,0
7,PAYMENT,3252.24,C653444307,15950.26,12698.02,M737150229,0.0,0.0,0,0
43,CASH_IN,37400.16,C570979210,15891.21,53291.37,C502361074,53171.37,15771.21,0,0
71,PAYMENT,4013.66,C749978386,17488.45,13474.79,M344998923,0.0,0.0,0,0
80,CASH_OUT,10109.12,C267990152,21414.27,11305.15,C783268661,11301.48,21410.6,0,0
59,CASH_IN,40935.73,C120916084,4172.18,45107.91,C317124660,71950.6,31014.87,0,0
25,PAYMENT,1599.15,C671526798,11258.2,9659.05,M573644294,0.0,0.0,0,0
68,TRANSFER,28572.02,C871767632,89252.02,60680.0,C626485141,65400.02,93972.04,0,0
2,PAYMENT,4755.08,C832934806,47499.71,42744.63,M191844510,0.0,0.0,0,0
48,CASH_IN,15132.13,C117385244,10041.7,25173.83,C429601610,86908.06,71775.93,0,0
40,CASH_OUT,89958.81,C717352585,160381.27,70422.46,C391004031,37651.92,127610.73,0,0
53,PAYMENT,4731.58,C148690765,47142.37,42410.79,M426808977,0.0,0.0,0,0
54,PAYMENT,389.22,C940381893,3696.81,3307.59,M370260533,0.0,0.0,0,0
99,PAYMENT,4806.39,C464707961,34290.48,29484.09,M592684748,0.0,0.0,0,0
31,PAYMENT,1370.48,C911905612,12393.41,11022.93,M576797391,0.0,0.0,0,0
23,PAYMENT,3360.39,C232506072,26078.67,22718.28,M845945754,0.0,0.0,0,0
26,CASH_IN,16757.56,C375176652,17958.56,34716.12,C451175939,39870.61,23113.05,0,0
89,CASH_IN,18145.38,C538994061,8521.43,26666.81,C266192234,58951.65,40806.27,0,0
11,CASH_OUT,27149.3,C283545717,46116.01,18966.71,C775571436,33694.15,60843.45,0,0
74,CASH_IN,42862.7,C330122826,4502.24,47364.94,C795118868,21466.37,0.0,0,0
92,CASH_OUT,127871.06,C335168266,311222.69,183351.63,C240214044,24901.35,152772.41,0,0
13,PAYMENT,2120.94,C758788486,20425.36,18304.42,M617515162,0.0,0.0,0,0
11,CASH_IN,32676.04,C836238982,13289.45,45965.49,C268344618,58940.32,26264.28,0,0
44,PAYMENT,1687.19,C907031284,15691.77,14004.58,M909485041,0.0,0.0,0,0
4,PAYMENT,1392.47,C962792554,3597.96,2205.49,M691316191,0.0,0.0,0,0
89,PAYMENT,626.81,C412293724,4652.69,4025.88,M475057454,0.0,0.0,0,0
100,PAYMENT,2024.04,C561574330,19523.19,17499.15,M701133026,0.0,0.0,0,0
55,CASH_OUT,123484.59,C337308920,145571.11,22086.52,C501223842,41452.95,164937.54,0,0
19,CASH_IN,31660.09,C992652729,16848.96,48509.05,C517256515,30357.24,0.0,0,0
51,PAYMENT,4921.88,C832487266,20179.26,15257.38,M161676939,0.0,0.0,0,0
4,CASH_OUT,81882.06,C773412230,238547.03,156664.97,C789242701,24147.24,106029.3,0,0
58,CASH_IN,43081.67,C898493949,5183.83,48265.5,C583258726,25476.73,0.0,0,0
63,PAYMENT,3503.78,C474628744,20896.12,17392.34,M402791679,0.0,0.0,0,0
54,PAYMENT,2991.69,C730479792,8586.31,5594.62,M254231505,0.0,0.0,0,0
10,PAYMENT,4554.5,C984761546,30984.77,26430.27,M713634721,0.0,0.0,0,0
15,CASH_OUT,126880.36,C595254481,321753.75,194873.39,C403071541,30222.01,157102.37,0,0
28,PAYMENT,1657.75,C537656494,7861.0,6203.25,M600282414,0.0,0.0,0,0
48,CASH_OUT,21313.49,C278182815,50513.99,29200.5,C661836740,40140.69,61454.18,0,0
4,CASH_IN,23946.95,C276357223,19.56,23966.51,C340233288,67103.92,43156.97,0,0
27,PAYMENT,2624.36,C808207780,3981.36,1357.0,M588191420,0.0,0.0,0,0
4,PAYMENT,3109.54,C990389081,25011.63,21902.09,M559077447,0.0,0.0,0,0
66,CASH_OUT,69752.01,C201451808,149057.01,79305.0,C873426975,12669.02,82421.03,0,0
16,CASH_OUT,9257.23,C851739050,13625.72,4368.49,C633074594,20254.23,29511.46,0,0
61,CASH_OUT,119368.2,C472928235,316024.67,196656.47,C799582326,25231.98,144600.18,0,0
95,DEBIT,860.16,C773393647,1168.34,308.18,C476719621,243.89,1104.05,0,0
22,CASH_OUT,77366.26,C404713332,173186.04,95819.78,C779615069,4669.36,82035.62,0,0
63,PAYMENT,2383.72,C895948448,12136.01,9752.29,M398902947,0.0,0.0,0,0
21,CASH_OUT,32803.65,C670034425,34717.52,1913.87,C943057199,12397.07,45200.72,0,0
91,PAYMENT,633.28,C443527807,2745.62,2112.34,M656046834,0.0,0.0,0,0
13,CASH_IN,23501.05,C875685667,18286.61,41787.66,C443847870,37699.79,14198.74,0,0
33,CASH_OUT,133608.82,C407133414,169170.35,35561.53,C743594369,28114.56,161723.38,0,0
84,PAYMENT,4269.88,C256094585,26485.36,22215.48,M816182084,0.0,0.0,0,0
93,CASH_OUT,19893.61,C267374517,46756.84,26863.23,C174353909,19539.58,39433.19,0,0
35,PAYMENT,4723.14,C825656872,17709.54,12986.4,M373229374,0.0,0.0,0,0
47,CASH_OUT,69014.93,C989817696,129125.16,60110.23,C264272995,36689.77,105704.7,0,0
61,CASH_OUT,113636.91,C514565115,247628.71,133991.8,C839219373,28009.38,141646.29,0,0
61,PAYMENT,2338.33,C858021852,23282.32,20943.99,M224579869,0.0,0.0,0,0
34,PAYMENT,1574.35,C869005091,7182.3,5607.95,M385201412,0.0,0.0,0,0
40,TRANSFER,129124.49,C790387684,491479.21,362354.72,C138041733,71399.51,200524.0,0,0
34,CASH_IN,17928.2,C316544937,5907.02,23835.22,C539972403,4901.17,0.0,0,0
69,CASH_OUT,13657.22,C628236720,22747.5,9090.28,C842798005,11190.31,24847.53,0,0
64,PAYMENT,2037.32,C421929419,20029.47,17992.15,M128075963,0.0,0.0,0,0
40,DEBIT,1101.87,C842554204,1437.83,335.96,C173647708,862.29,1964.16,0,0
99,CASH_OUT,85465.28,C432423268,252097.58,166632.3,C950724093,9722.55,95187.83,0,0
79,CASH_OUT,49151.03,C791948631,86873.9,37722.87,C820869266,7988.44,57139.47,0,0
21,CASH_OUT,64824.39,C655662313,67914.62,3090.23,C575646523,10322.66,75147.05,0,0
14,CASH_OUT,3851.19,C606244434,6377.62,2526.43,C702806585,30504.11,34355.3,0,0
98,PAYMENT,4730.46,C519863392,20375.55,15645.09,M741626788,0.0,0.0,0,0
6,PAYMENT,809.84,C736028462,4546.27,3736.43,M775963880,0.0,0.0,0,0
59,CASH_OUT,11912.15,C506448196,31672.14,19759.99,C414797776,30925.99,42838.14,0,0
6,CASH_OUT,69795.23,C539946808,115073.88,45278.65,C595682408,39812.58,109607.81,0,0
25,CASH_IN,33265.07,C681283349,8639.86,41904.93,C415883799,57378.74,24113.67,0,0
7,TRANSFER,66299.92,C180575920,188175.87,121875.95,C838650189,64998.84,131298.76,0,0
35,CASH_OUT,112860.05,C262275325,134687.78,21827.73,C816688804,33407.06,146267.11,0,0
9,PAYMENT,3139.53,C719175016,16001.49,12861.96,M632734398,0.0,0.0,0,0
36,CASH_OUT,2669.68,C407829477,6395.8,3726.12,C973120912,21528.66,24198.34,0,0
54,TRANSFER,229036.67,C534004656,742987.9,513951.23,C135412408,5788.3,234824.97,0,0
8,PAYMENT,4997.52,C167089505,9721.73,4724.21,M316514058,0.0,0.0,0,0
91,PAYMENT,1886.73,C755030693,9508.62,7621.89,M917165913,0.0,0.0,0,0
9,TRANSFER,88110.96,C399708182,193759.1,105648.14,C646970178,78491.97,166602.93,0,0
37,PAYMENT,3014.07,C475452581,30088.86,27074.79,M362255365,0.0,0.0,0,0
99,CASH_OUT,112215.86,C464088549,177219.39,65003.53,C265459293,43871.49,156087.35,0,0
16,CASH_IN,15582.22,C154715416,19021.24,34603.46,C898836185,42964.51,27382.29,0,0
22,CASH_OUT,111537.08,C190822582,318904.37,207367.29,C695024527,40417.35,151954.43,0,0
90,CASH_OUT,113539.91,C418046292,153939.25,40399.34,C677946218,30923.55,144463.46,0,0
13,CASH_OUT,79920.77,C433986301,94578.22,14657.45,C714115556,44576.43,124497.2,0,0
70,CASH_IN,15300.22,C330818526,12004.05,27304.27,C811695954,48480.14,33179.92,0,0
75,CASH_OUT,35740.64,C421599311,72726.82,36986.18,C153009953,22080.83,57821.47,0,0
44,CASH_OUT,40889.78,C610960165,76412.62,35522.84,C577752067,18961.77,59851.55,0,0
68,CASH_OUT,126090.35,C700856380,210671.55,84581.2,C919748917,19673.55,145763.9,0,0
44,CASH_OUT,118405.12,C156227043,197653.51,79248.39,C795038832,16484.54,134889.66,0,0
26,CASH_OUT,102322.99,C507365179,106026.03,3703.04,C892339400,24108.67,126431.66,0,0
15,CASH_IN,24001.94,C118660989,13821.01,37822.95,C434549462,14762.38,0.0,0,0
82,PAYMENT,2608.89,C935021998,8226.39,5617.5,M772966010,0.0,0.0,0,0
20,CASH_OUT,44349.28,C307438285,70579.48,26230.2,C193583075,20078.87,64428.15,0,0
61,CASH_IN,27125.94,C195243242,17110.77,44236.71,C362380248,80765.36,53639.42,0,0
92,PAYMENT,590.56,C434747862,5824.34,5233.78,M396665658,0.0,0.0,0,0
83,CASH_OUT,7874.23,C797964448,14686.2,6811.97,C446817822,49755.32,57629.55,0,0
3,PAYMENT,775.43,C728966342,1060.89,285.46,M521927856,0.0,0.0,0,0
82,PAYMENT,3805.07,C223915446,20255.64,16450.57,M703743777,0.0,0.0,0,0
1,CASH_IN,5657.38,C694826938,18872.79,24530.17,C818080430,29747.93,24090.55,0,0
16,PAYMENT,2535.98,C288008739,19072.26,16536.28,M720948691,0.0,0.0,0,0
53,CASH_IN,25849.25,C915499713,16420.35,42269.6,C501483027,52011.7,26162.45,0,0
83,CASH_IN,32573.94,C384172112,11442.74,44016.68,C923515952,62192.73,29618.79,0,0
83,CASH_IN,47925.14,C178112745,12853.01,60778.15,C240797507,82755.93,34830.79,0,0
38,TRANSFER,25114.92,C325257040,39616.51,14501.59,C576153570,199.03,25313.95,0,0
36,CASH_OUT,119998.29,C849098886,220052.02,100053.73,C598177231,21241.65,141239.94,0,0
83,CASH_OUT,133541.96,C708646894,191447.37,57905.41,C370940044,1190.63,134732.59,0,0
92,CASH_IN,33377.48,C409978278,6038.52,39416.0,C173924480,78958.43,45580.95,0,0
44,PAYMENT,3003.76,C527693141,17455.43,14451.67,M451788060,0.0,0.0,0,0
78,TRANSFER,100690.36,C344638483,309148.18,208457.82,C343753541,6300.63,106990.99,0,0
19,CASH_OUT,133909.71,C105953697,371054.49,237144.78,C926830795,38921.02,172830.73,0,0
68,CASH_OUT,14694.91,C144042329,33428.69,18733.78,C670471890,47809.18,62504.09,0,0
16,TRANSFER,232801.69,C534395495,334338.53,101536.84,C925190102,36643.26,269444.95,0,0
11,PAYMENT,673.44,C749169801,2909.24,2235.8,M802355819,0.0,0.0,0,0
1,CASH_OUT,52003.94,C413551421,129020.22,77016.28,C738722684,42024.38,94028.32,0,0
37,CASH_OUT,13510.16,C925412179,19784.82,6274.66,C716470999,36934.33,50444.49,0,0
34,PAYMENT,4261.56,C800138394,13062.77,8801.21,M976963890,0.0,0.0,0,0
90,CASH_IN,45441.39,C333275639,19847.79,65289.18,C541606556,55729.57,10288.18,0,0
82,CASH_IN,20066.94,C553688034,19007.18,39074.12,C297493711,26428.94,6362.0,0,0
3,CASH_OUT,44022.42,C234605410,120105.84,76083.42,C724039816,48050.44,92072.86,0,0
39,CASH_OUT,556689.44,C539382623,556689.44,0.0,C701508999,3885.31,560574.75,1,0
89,DEBIT,1905.05,C252078773,5778.84,3873.79,C864580285,3210.23,5115.28,0,0
4,TRANSFER,298139.2,C723052768,298139.2,0.0,C185327987,1564.36,299703.56,1,0
70,PAYMENT,4875.56,C343873669,9752.25,4876.69,M991289421,0.0,0.0,0,0
10,PAYMENT,774.26,C169749378,2425.38,1651.12,M960557964,0.0,0.0,0,0
77,CASH_OUT,78310.11,C270068104,223431.77,145121.66,C373268387,9642.26,87952.37,0,0
27,PAYMENT,4195.39,C857651237,20968.83,16773.44,M722290025,0.0,0.0,0,0
72,CASH_OUT,105942.44,C296371277,247104.52,141162.08,C629349488,42090.73,148033.17,0,0
28,CASH_OUT,117289.99,C539984049,125211.76,7921.77,C611485321,38376.49,155666.48,0,0
76,TRANSFER,180079.91,C117456362,368888.28,188808.37,C244635938,66791.56,246871.47,0,0
94,CASH_IN,32372.29,C265673777,16383.22,48755.51,C459282088,13175.36,0.0,0,0
23,DEBIT,464.46,C987525153,1211.24,746.78,C999567277,864.05,1328.51,0,0
100,PAYMENT,3218.02,C691458123,21214.66,17996.64,M163884670,0.0,0.0,0,0
97,CASH_OUT,125636.19,C779936769,156597.77,30961.58,C732231115,44587.72,170223.91,0,0
39,CASH_OUT,762.28,C356144513,1474.43,712.15,C684511231,9522.17,10284.45,0,0
66,CASH_OUT,76541.81,C669732591,130025.44,53483.63,C933468715,36368.96,112910.77,0,0
48,TRANSFER,142280.68,C400574412,164475.86,22195.18,C995439936,69366.96,211647.64,0,0
9,CASH_IN,49445.48,C470806406,5082.05,54527.53,C399417352,91762.19,42316.71,0,0
70,PAYMENT,4241.14,C223464702,24987.12,20745.98,M290284883,0.0,0.0,0,0
63,CASH_IN,49659.71,C392366415,12801.68,62461.39,C704559978,80154.55,30494.84,0,0
93,PAYMENT,3004.05,C408839723,5805.04,2800.99,M477577220,0.0,0.0,0,0
5,PAYMENT,3183.26,C992084063,27213.49,24030.23,M422210519,0.0,0.0,0,0
6,PAYMENT,2689.29,C646642852,26211.78,23522.49,M212389230,0.0,0.0,0,0
19,CASH_OUT,33960.07,C407998770,60091.92,26131.85,C834887664,44211.2,78171.27,0,0
25,CASH_IN,12723.79,C331533041,5625.18,18348.97,C830147472,63257.93,50534.14,0,0
91,CASH_OUT,72722.44,C346237076,79349.08,6626.64,C433790545,41241.2,113963.64,0,0
46,PAYMENT,3256.56,C912350050,16408.61,13152.05,M233949085,0.0,0.0,0,0
69,CASH_IN,46927.3,C398736038,9086.89,56014.19,C646692980,27692.62,0.0,0,0
3,CASH_OUT,53992.13,C470638661,107007.81,53015.68,C122005392,36208.92,90201.05,0,0
63,PAYMENT,2932.64,C751444364,5610.02,2677.38,M163690958,0.0,0.0,0,0
37,CASH_IN,45855.98,C648767863,15449.71,61305.69,C710263266,70301.77,24445.79,0,0
2,CASH_IN,25664.14,C948950616,14155.08,39819.22,C640970200,52982.25,27318.11,0,0
74,CASH_IN,49010.19,C548579110,19825.47,68835.66,C143012678,73614.15,24603.96,0,0
92,CASH_OUT,201.3,C754119408,435.12,233.82,C412924792,12091.87,12293.17,0,0
50,TRANSFER,235328.65,C994513638,753935.08,518606.43,C800616743,63677.81,299006.46,0,0
73,CASH_OUT,124823.21,C131264549,207335.05,82511.84,C308322646,16896.84,141720.05,0,0
94,PAYMENT,2982.05,C993915858,23682.34,20700.29,M908212264,0.0,0.0,0,0
19,PAYMENT,1454.89,C824921422,13088.24,11633.35,M332579277,0.0,0.0,0,0
59,CASH_OUT,95695.52,C763395529,270387.97,174692.45,C761982621,32964.22,128659.74,0,0
77,CASH_OUT,86214.27,C220381391,118402.01,32187.74,C985171102,19621.16,105835.43,0,0
57,CASH_OUT,76724.98,C329460134,215011.14,138286.16,C952266893,39801.24,116526.22,0,0
34,PAYMENT,439.48,C976955647,3507.35,3067.87,M226042285,0.0,0.0,0,0
89,PAYMENT,1220.02,C821298838,9589.81,8369.79,M153761008,0.0,0.0,0,0
92,CASH_IN,4554.47,C588212379,13834.35,18388.82,C447972640,90809.08,86254.61,0,0
44,CASH_OUT,70951.78,C846152610,121859.95,50908.17,C585877250,25443.79,96395.57,0,0
22,PAYMENT,3570.04,C658626924,20626.95,17056.91,M827075412,0.0,0.0,0,0
71,TRANSFER,407446.98,C709915949,407446.98,0.0,C632549609,2291.24,409738.22,1,0
8,CASH_OUT,3541.8,C851273091,6892.18,3350.38,C699049741,19899.69,23441.49,0,0
14,CASH_OUT,7144.41,C719648027,9256.4,2111.99,C438897511,43072.15,50216.56,0,0
48,CASH_OUT,149668.29,C629741991,208165.37,58497.08,C933101205,45022.16,194690.45,0,0
35,PAYMENT,422.54,C289091970,1464.16,1041.62,M174366341,0.0,0.0,0,0
65,CASH_OUT,55777.11,C675021545,117198.99,61421.88,C690813637,36516.5,92293.61,0,0
4,PAYMENT,4612.16,C278654244,44678.55,40066.39,M740864045,0.0,0.0,0,0
45,PAYMENT,435.37,C549944766,3420.33,2984.96,M718044438,0.0,0.0,0,0
3,PAYMENT,1518.76,C952177409,13039.49,11520.73,M401019924,0.0,0.0,0,0
55,TRANSFER,145116.14,C827842037,351792.03,206675.89,C777420300,30095.86,175212.0,0,0
80,PAYMENT,4797.19,C691754292,6068.88,1271.69,M233484474,0.0,0.0,0,0
82,PAYMENT,3718.67,C699169292,31230.28,27511.61,M546626348,0.0,0.0,0,0
100,PAYMENT,4020.44,C427064197,20397.89,16377.45,M460430809,0.0,0.0,0,0
90,CASH_IN,4618.77,C163352767,7436.03,12054.8,C716715369,1101.54,0.0,0,0
41,PAYMENT,621.7,C839378623,3833.25,3211.55,M858622505,0.0,0.0,0,0
98,PAYMENT,4963.8,C159578887,7868.99,2905.19,M672164274,0.0,0.0,0,0
59,CASH_OUT,84358.71,C999396143,133296.2,48937.49,C121940697,11809.39,96168.1,0,0
39,CASH_OUT,123058.62,C297615674,187115.93,64057.31,C687035323,30638.0,153696.62,0,0
74,CASH_OUT,105685.43,C341000851,119262.28,13576.85,C268613888,32118.31,137803.74,0,0
85,PAYMENT,440.2,C845184155,3674.92,3234.72,M500255521,0.0,0.0,0,0
28,CASH_OUT,69165.19,C653590410,185950.74,116785.55,C680411499,5284.56,74449.75,0,0
14,PAYMENT,934.86,C875707160,1009.44,74.58,M480676189,0.0,0.0,0,0
94,CASH_IN,3117.82,C379648695,11562.82,14680.64,C608052255,57713.14,54595.32,0,0
74,PAYMENT,1991.93,C120639018,18895.73,16903.8,M560069558,0.0,0.0,0,0
52,CASH_OUT,148535.93,C361142486,237649.95,89114.02,C342512383,41403.1,189939.03,0,0
22,CASH_OUT,142992.36,C347975484,262842.91,119850.55,C357987293,40205.34,183197.7,0,0
12,CASH_OUT,47126.43,C588346218,62345.67,15219.24,C417406866,14005.87,61132.3,0,0
52,CASH_OUT,84451.81,C457035929,129635.4,45183.59,C171227412,38201.53,122653.34,0,0
100,CASH_IN,20106.38,C284546479,2811.91,22918.29,C103701483,12195.08,0.0,0,0
61,CASH_OUT,12002.8,C574460059,12160.59,157.79,C744354734,44108.39,56111.19,0,0
51,CASH_OUT,83533.32,C967399130,210360.15,126826.83,C648180525,20200.61,103733.93,0,0
9,PAYMENT,1857.65,C760695708,4244.41,2386.76,M892793340,0.0,0.0,0,0
24,CASH_OUT,82852.3,C555400410,146601.3,63749.0,C583232960,11287.05,94139.35,0,0
27,CASH_OUT,143946.79,C546461873,416790.86,272844.07,C363459738,44851.94,188798.73,0,0
79,PAYMENT,4416.09,C701419950,41692.36,37276.27,M102099126,0.0,0.0,0,0
42,PAYMENT,4348.18,C199939858,27942.09,23593.91,M663665435,0.0,0.0,0,0
67,PAYMENT,4048.66,C103813398,35152.37,31103.71,M432562086,0.0,0.0,0,0
10,TRANSFER,219890.6,C767224411,782129.69,562239.09,C538913198,35359.83,255250.43,0,0
33,PAYMENT,4066.51,C504330388,4186.08,119.57,M522067474,0.0,0.0,0,0
42,CASH_OUT,12787.85,C337605395,36689.59,23901.74,C339253601,27536.5,40324.35,0,0
46,PAYMENT,275.42,C635428127,2645.19,2369.77,M731101007,0.0,0.0,0,0
92,CASH_IN,30670.72,C519930083,16996.88,47667.6,C969714515,42090.22,11419.5,0,0
41,CASH_OUT,103605.99,C543412542,207589.0,103983.01,C540639384,30573.9,134179.89,0,0
24,CASH_OUT,71177.38,C634732161,95448.35,24270.97,C953399697,45602.43,116779.81,0,0
61,CASH_OUT,23563.99,C491066799,39827.18,16263.19,C305609325,2445.61,26009.6,0,0
54,PAYMENT,1126.81,C988866898,2524.29,1397.48,M902080160,0.0,0.0,0,0
84,PAYMENT,3697.11,C812164507,5239.59,1542.48,M913368384,0.0,0.0,0,0
73,CASH_OUT,107215.45,C304953071,140941.68,33726.23,C592456949,12086.38,119301.83,0,0
58,CASH_IN,2409.8,C113663756,918.49,3328.29,C328550315,35146.43,32736.63,0,0
76,PAYMENT,3475.67,C106215913,33664.7,30189.03,M550834148,0.0,0.0,0,0
58,PAYMENT,3038.01,C717137562,10786.31,7748.3,M368846550,0.0,0.0,0,0
9,PAYMENT,3555.34,C969930526,30727.45,27172.11,M124250578,0.0,0.0,0,0
63,PAYMENT,2857.21,C134163406,12849.99,9992.78,M997969776,0.0,0.0,0,0
44,CASH_OUT,46345.75,C148993264,66859.31,20513.56,C540031795,43781.1,90126.85,0,0
40,TRANSFER,33256.02,C748017800,42844.88,9588.86,C814596978,29396.55,62652.57,0,0
83,CASH_OUT,134410.64,C298393790,183944.45,49533.81,C846952406,14728.43,149139.07,0,0
77,CASH_OUT,129617.64,C246574716,329922.29,200304.65,C396618390,42720.62,172338.26,0,0
82,TRANSFER,194493.28,C859674935,549659.2,355165.92,C828228055,56542.94,251036.22,0,0
57,PAYMENT,2348.46,C827608540,9523.72,7175.26,M259276659,0.0,0.0,0,0
52,PAYMENT,3199.18,C633856589,14218.01,11018.83,M912354926,0.0,0.0,0,0
22,CASH_OUT,90478.78,C184390294,159211.81,68733.03,C100498689,10943.55,101422.33,0,0
36,PAYMENT,440.72,C512369856,958.29,517.57,M214209107,0.0,0.0,0,0
44,TRANSFER,208015.74,C368183364,743327.29,535311.55,C922930671,23205.18,231220.92,0,0
91,PAYMENT,518.64,C853473348,1016.7,498.06,M200296964,0.0,0.0,0,0
22,PAYMENT,733.97,C208772981,4443.68,3709.71,M863543207,0.0,0.0,0,0
7,CASH_OUT,33015.01,C219274240,92115.74,59100.73,C157056243,28761.53,61776.54,0,0
58,CASH_OUT,93472.36,C735898551,108461.94,14989.58,C153148771,40379.39,133851.75,0,0
46,PAYMENT,3495.25,C375929276,28049.0,24553.75,M207076912,0.0,0.0,0,0
14,CASH_IN,31146.25,C450520909,12531.8,43678.05,C523612240,94771.31,63625.06,0,0
15,PAYMENT,1234.27,C411575520,8048.67,6814.4,M828901766,0.0,0.0,0,0
55,TRANSFER,243294.02,C391872669,518868.5,275574.48,C659957480,76085.84,319379.86,0,0
97,PAYMENT,635.46,C829488325,4456.87,3821.41,M592683540,0.0,0.0,0,0
24,PAYMENT,612.1,C985021510,821.72,209.62,M728225072,0.0,0.0,0,0
17,CASH_OUT,121592.66,C682711970,221096.08,99503.42,C332727080,11809.38,133402.04,0,0
8,CASH_OUT,142059.04,C810271047,363414.97,221355.93,C854256866,10941.76,153000.8,0,0
12,CASH_IN,48032.25,C659116527,17454.03,65486.28,C757611451,68965.81,20933.56,0,0
5,CASH_IN,14493.15,C848413676,15753.96,30247.11,C130338531,42222.7,27729.55,0,0
51,CASH_IN,48260.94,C927672827,3641.64,51902.58,C134770706,32503.47,0.0,0,0
19,CASH_OUT,32920.99,C941251439,63494.55,30573.56,C367080413,7662.91,40583.9,0,0
28,CASH_OUT,97997.27,C985697597,113176.12,15178.85,C100981851,44946.1,142943.37,0,0
96,PAYMENT,1892.39,C941871156,4126.81,2234.42,M530303043,0.0,0.0,0,0
17,TRANSFER,200665.7,C955518714,359505.1,158839.4,C181130687,52613.99,253279.69,0,0
100,CASH_OUT,38089.74,C171964161,70231.2,32141.46,C227724737,17875.71,55965.45,0,0
35,PAYMENT,2206.04,C631790821,7795.06,5589.02,M742994944,0.0,0.0,0,0
21,CASH_IN,44793.69,C963174951,7521.24,52314.93,C594124534,86087.16,41293.47,0,0
35,CASH_OUT,111492.26,C198096189,296723.8,185231.54,C887414873,3183.45,114675.71,0,0
25,CASH_OUT,45067.16,C602965098,90417.12,45349.96,C122188902,25361.44,70428.6,0,0
24,CASH_IN,9037.88,C846482380,8944.66,17982.54,C695627964,32115.31,23077.43,0,0
60,TRANSFER,143188.46,C753651567,501790.57,358602.11,C438421460,17831.96,161020.42,0,0
44,PAYMENT,25.4,C117484425,67.11,41.71,M178634632,0.0,0.0,0,0
22,PAYMENT,3001.34,C201731201,21810.25,18808.91,M777395712,0.0,0.0,0,0
22,PAYMENT,1308.87,C179994634,4181.15,2872.28,M660737567,0.0,0.0,0,0
95,CASH_OUT,13854.48,C132917811,19815.59,5961.11,C669601448,20991.62,34846.1,0,0
9,PAYMENT,1230.04,C557838178,11972.56,10742.52,M792690988,0.0,0.0,0,0
7,CASH_OUT,99329.29,C151497057,265431.7,166102.41,C801762883,2411.75,101741.04,0,0
77,PAYMENT,4779.88,C212613246,12084.85,7304.97,M215358719,0.0,0.0,0,0
52,CASH_OUT,29751.68,C959891968,48583.94,18832.26,C541618988,12284.92,42036.6,0,0
82,TRANSFER,31729.99,C394689553,90217.4,58487.41,C425155441,7474.27,39204.26,0,0
54,TRANSFER,192179.23,C364309534,246549.75,54370.52,C826824988,26292.62,218471.85,0,0
84,CASH_IN,3684.03,C287061643,2774.88,6458.91,C712696696,57218.84,53534.81,0,0
93,CASH_OUT,87316.98,C205787377,234952.71,147635.73,C405904044,31806.63,119123.61,0,0
81,CASH_IN,19803.4,C908417746,4634.46,24437.86,C578948886,72902.33,53098.93,0,0
45,TRANSFER,190285.92,C240409084,510908.87,320622.95,C652955706,25529.27,215815.19,0,0
46,CASH_OUT,142525.81,C747643947,288305.35,145779.54,C620263193,7368.7,149894.51,0,0
82,PAYMENT,433.11,C414741200,1511.93,1078.82,M233875825,0.0,0.0,0,0
18,PAYMENT,4959.44,C604661559,12232.93,7273.49,M640198103,0.0,0.0,0,0
6,CASH_OUT,131982.77,C863093090,392645.93,260663.16,C343723943,6251.21,138233.98,0,0
80,PAYMENT,2225.75,C751437877,4565.04,2339.29,M539967390,0.0,0.0,0,0
29,PAYMENT,2520.31,C387073305,8806.74,6286.43,M554116688,0.0,0.0,0,0
10,CASH_IN,49204.51,C361861195,265.7,49470.21,C855291929,3103.87,0.0,0,0
63,PAYMENT,360.82,C731691986,3583.76,3222.94,M141690057,0.0,0.0,0,0
98,PAYMENT,3430.34,C737819952,32433.06,29002.72,M951093177,0.0,0.0,0,0
77,PAYMENT,223.19,C169163934,323.38,100.19,M383706664,0.0,0.0,0,0
28,CASH_OUT,112577.09,C785534409,307379.85,194802.76,C583119861,39526.22,152103.31,0,0
61,CASH_OUT,137419.31,C574840200,411418.43,273999.12,C294872482,21794.25,159213.56,0,0
43,CASH_OUT,235175.12,C580755996,235175.12,0.0,C399913343,1166.47,236341.59,1,0
93,PAYMENT,2693.86,C802980150,3751.16,1057.3,M143430175,0.0,0.0,0,0
35,PAYMENT,1346.84,C526834569,2285.44,938.6,M989944350,0.0,0.0,0,0
74,CASH_IN,3043.5,C175311805,16298.66,19342.16,C363619558,58906.52,55863.02,0,0
5,CASH_OUT,142809.04,C206128657,162001.93,19192.89,C644834323,27664.22,170473.26,0,0
59,CASH_OUT,36282.66,C462261918,38774.71,2492.05,C603885031,15490.68,51773.34,0,0
94,CASH_OUT,124911.35,C370630544,348350.28,223438.93,C612243896,29081.76,153993.11,0,0
95,PAYMENT,1636.03,C813975499,11468.19,9832.16,M267072428,0.0,0.0,0,0
98,PAYMENT,1326.91,C326586581,3202.52,1875.61,M187174381,0.0,0.0,0,0
1,CASH_OUT,59787.3,C907115040,136981.94,77194.64,C182967632,6904.0,66691.3,0,0
89,CASH_OUT,51281.43,C955377778,135419.47,84138.04,C896686228,11128.22,62409.65,0,0
45,PAYMENT,1398.75,C376049186,11041.62,9642.87,M607039565,0.0,0.0,0,0
63,PAYMENT,4869.74,C973094351,35139.85,30270.11,M487329582,0.0,0.0,0,0
30,CASH_IN,2412.36,C897281186,1768.32,4180.68,C490879384,37362.42,34950.06,0,0
46,CASH_IN,6099.44,C331336425,11727.39,17826.83,C347635067,50511.06,44411.62,0,0
29,PAYMENT,1626.42,C861292088,10575.76,8949.34,M168421465,0.0,0.0,0,0
87,PAYMENT,94.49,C673781871,193.71,99.22,M524056989,0.0,0.0,0,0
64,PAYMENT,2704.99,C745844522,8158.77,5453.78,M124204804,0.0,0.0,0,0
95,PAYMENT,599.83,C807899575,3010.76,2410.93,M346715058,0.0,0.0,0,0
12,CASH_IN,10203.74,C224560633,15653.82,25857.56,C245203810,10678.35,474.61,0,0
54,PAYMENT,529.29,C904463500,4138.54,3609.25,M776823445,0.0,0.0,0,0
78,PAYMENT,4503.37,C168270327,40849.89,36346.52,M537020273,0.0,0.0,0,0
24,PAYMENT,50.71,C971440353,358.92,308.21,M402778221,0.0,0.0,0,0
64,CASH_IN,17622.64,C458375577,14797.19,32419.83,C677925180,83787.33,66164.69,0,0
47,PAYMENT,943.55,C824041303,3961.09,3017.54,M251777961,0.0,0.0,0,0
9,CASH_IN,32775.06,C890255993,18614.02,51389.08,C964751031,71851.66,39076.6,0,0
57,PAYMENT,3659.54,C220597977,8251.57,4592.03,M143036559,0.0,0.0,0,0
20,PAYMENT,1057.1,C749431082,2994.1,1937.0,M468164906,0.0,0.0,0,0
84,PAYMENT,3080.18,C625432379,3987.13,906.95,M400368694,0.0,0.0,0,0
21,CASH_OUT,39047.26,C547519474,68003.19,28955.93,C752126276,23884.63,62931.89,0,0
90,CASH_OUT,84053.72,C221509873,236919.36,152865.64,C523706090,29033.12,113086.84,0,0
95,CASH_OUT,27718.25,C529832349,47831.56,20113.31,C107221330,3686.56,31404.81,0,0
4,TRANSFER,56782.88,C400855850,209615.47,152832.59,C466990085,52554.54,109337.42,0,0
74,PAYMENT,4501.94,C585733343,19789.41,15287.47,M938967476,0.0,0.0,0,0
62,CASH_OUT,80938.97,C747975975,226138.46,145199.49,C101288710,38743.52,119682.49,0,0
27,TRANSFER,56252.49,C465851880,84206.91,27954.42,C669200353,9550.39,65802.88,0,0
6,PAYMENT,614.36,C255026264,1723.37,1109.01,M926468012,0.0,0.0,0,0
91,CASH_OUT,16920.1,C705771555,35452.66,18532.56,C989889367,25274.35,42194.45,0,0
3,CASH_IN,42709.41,C558914339,18129.14,60838.55,C914817912,30722.92,0.0,0,0
67,PAYMENT,544.49,C306675241,3461.09,2916.6,M113194760,0.0,0.0,0,0
6,CASH_OUT,83897.82,C569762050,200857.72,116959.9,C682756272,9488.79,93386.61,0,0
33,CASH_OUT,75101.37,C895266380,114326.84,39225.47,C280023141,14961.61,90062.98,0,0
38,TRANSFER,97911.39,C369919207,117871.45,19960.06,C484297783,69717.87,167629.26,0,0
65,CASH_OUT,6497.07,C832888487,7238.5,741.43,C791346700,39529.53,46026.6,0,0
96,PAYMENT,1893.71,C420552711,2590.39,696.68,M752962225,0.0,0.0,0,0
76,PAYMENT,4972.86,C493770320,37267.45,32294.59,M475783148,0.0,0.0,0,0
51,PAYMENT,2299.6,C213567378,6102.98,3803.38,M373558458,0.0,0.0,0,0
51,CASH_OUT,390562.42,C230528618,390562.42,0.0,C616139379,3190.37,393752.79,1,0
45,PAYMENT,384.78,C194775843,2016.5,1631.72,M910010550,0.0,0.0,0,0
19,PAYMENT,4776.79,C408840720,19667.34,14890.55,M184857208,0.0,0.0,0,0
98,CASH_OUT,120708.52,C847353229,168863.18,48154.66,C729419251,20097.68,140806.2,0,0
35,PAYMENT,4343.37,C795788741,34892.51,30549.14,M608140620,0.0,0.0,0,0
54,CASH_OUT,66749.18,C766633565,85128.26,18379.08,C361082984,2203.54,68952.72,0,0
13,CASH_OUT,125319.29,C283276335,330291.57,204972.28,C168673962,5316.56,130635.85,0,0
87,PAYMENT,508.24,C723852830,3311.19,2802.95,M488267537,0.0,0.0,0,0
73,TRANSFER,199733.25,C127913919,568442.39,368709.14,C332129971,7158.02,206891.27,0,0
29,CASH_IN,23841.3,C815039775,2461.96,26303.26,C820052632,14439.89,0.0,0,0
68,CASH_IN,39563.78,C880474837,12241.45,51805.23,C649397669,16830.07,0.0,0,0
43,PAYMENT,1063.32,C677678962,6070.91,5007.59,M686718533,0.0,0.0,0,0
5,PAYMENT,1438.95,C993027458,12631.46,11192.51,M792205349,0.0,0.0,0,0
95,PAYMENT,1363.42,C586145040,12941.57,11578.15,M180195016,0.0,0.0,0,0
18,PAYMENT,4307.64,C446667253,21198.51,16890.87,M877661121,0.0,0.0,0,0
7,CASH_IN,15238.5,C861913813,3273.89,18512.39,C802907889,14618.53,0.0,0,0
100,PAYMENT,3944.52,C262806001,11204.71,7260.19,M466116319,0.0,0.0,0,0
39,CASH_IN,2855.8,C735032128,1483.81,4339.61,C644748834,46712.51,43856.71,0,0
85,DEBIT,1477.39,C968545231,3172.34,1694.95,C129311097,504.3,1981.69,0,0
13,PAYMENT,778.05,C378740514,1097.46,319.41,M786649106,0.0,0.0,0,0
81,CASH_OUT,722147.51,C473644589,722147.51,0.0,C330255706,3588.17,725735.68,1,0
17,CASH_OUT,122651.18,C535602000,148893.94,26242.76,C955512146,27807.49,150458.67,0,0
38,CASH_OUT,91616.2,C220036881,262052.01,170435.81,C867574023,40433.17,132049.37,0,0
33,CASH_IN,2650.0,C482032339,10181.52,12831.52,C561487197,19156.99,16506.99,0,0
68,PAYMENT,3758.44,C850829666,16220.93,12462.49,M366865257,0.0,0.0,0,0
9,PAYMENT,2894.04,C817231001,22953.85,20059.81,M726938297,0.0,0.0,0,0
83,PAYMENT,1004.38,C530207385,3840.24,2835.86,M428079168,0.0,0.0,0,0
71,CASH_OUT,15390.62,C811793751,28708.69,13318.07,C110107303,24625.8,40016.42,0,0
59,CASH_OUT,7909.61,C918164904,10816.23,2906.62,C788904718,22170.25,30079.86,0,0
34,CASH_IN,39944.24,C863759729,43.58,39987.82,C947027818,93376.4,53432.16,0,0
94,TRANSFER,182741.13,C813307041,331637.06,148895.93,C726357673,59352.63,242093.76,0,0
79,CASH_OUT,132046.01,C175594355,372503.42,240457.41,C909870047,17068.86,149114.87,0,0
2,CASH_OUT,23041.99,C737038349,55649.9,32607.91,C763679437,46029.72,69071.71,0,0
43,CASH_OUT,88052.9,C787774320,247934.58,159881.68,C188708282,16437.65,104490.55,0,0
47,CASH_OUT,85445.52,C183251892,89439.86,3994.34,C504859260,29735.08,115180.6,0,0
40,PAYMENT,3193.75,C316601552,10101.88,6908.13,M134753576,0.0,0.0,0,0
57,TRANSFER,13005.18,C856652902,30522.6,17517.42,C486660965,26845.08,39850.26,0,0
87,CASH_IN,6779.08,C205824138,7942.63,14721.71,C491171952,79267.99,72488.91,0,0
76,PAYMENT,1891.8,C439854673,7381.41,5489.61,M519082280,0.0,0.0,0,0
64,CASH_OUT,33163.82,C761026097,46604.53,13440.71,C963775406,16867.16,50030.98,0,0
86,CASH_OUT,39763.34,C429744237,97498.65,57735.31,C152811136,8434.68,48198.02,0,0
48,CASH_IN,3429.95,C980752567,16866.19,20296.14,C558835473,7427.66,3997.71,0,0
16,CASH_IN,45608.59,C396500148,5191.53,50800.12,C551627750,99368.88,53760.29,0,0
45,DEBIT,837.7,C693563318,2895.73,2058.03,C897518821,3381.09,4218.79,0,0
17,PAYMENT,4294.02,C777451739,4379.07,85.05,M415740351,0.0,0.0,0,0
59,PAYMENT,946.46,C395976645,7467.01,6520.55,M878488534,0.0,0.0,0,0
35,TRANSFER,108858.41,C522846709,326659.06,217800.65,C441214469,27045.11,135903.52,0,0
21,PAYMENT,4812.56,C875291270,37237.07,32424.51,M107390903,0.0,0.0,0,0
57,PAYMENT,4020.9,C524097377,34397.58,30376.68,M154433654,0.0,0.0,0,0
96,PAYMENT,2922.97,C153839920,27109.04,24186.07,M639931481,0.0,0.0,0,0
44,PAYMENT,4112.54,C551034639,20158.48,16045.94,M213321496,0.0,0.0,0,0
14,CASH_IN,15394.66,C328939416,6400.32,21794.98,C427903381,53509.55,38114.89,0,0
72,CASH_IN,6963.37,C319808475,4772.65,11736.02,C459628007,12242.21,5278.84,0,0
82,CASH_IN,17956.93,C821413281,16908.38,34865.31,C422331737,84223.23,66266.3,0,0
11,CASH_OUT,97890.69,C877562137,188307.48,90416.79,C583409569,366.14,98256.83,0,0
30,PAYMENT,2065.91,C892150738,9048.26,6982.35,M314700940,0.0,0.0,0,0
3,PAYMENT,4025.57,C378930456,4461.72,436.15,M813749161,0.0,0.0,0,0
18,PAYMENT,1881.01,C407855703,16101.3,14220.29,M118376979,0.0,0.0,0,0
77,PAYMENT,2202.65,C989248079,9257.14,7054.49,M593490527,0.0,0.0,0,0
81,CASH_OUT,99097.17,C349302636,262060.56,162963.39,C420857909,27062.97,126160.14,0,0
36,CASH_OUT,76756.01,C889116616,170717.67,93961.66,C160868961,9816.63,86572.64,0,0
13,PAYMENT,1708.88,C629669831,9670.72,7961.84,M705731415,0.0,0.0,0,0
56,PAYMENT,3137.99,C983221403,19943.27,16805.28,M995616775,0.0,0.0,0,0
19,CASH_IN,2526.5,C804351176,13092.02,15618.52,C222886061,19241.29,16714.79,0,0
74,CASH_OUT,143769.58,C539450487,152734.27,8964.69,C726412812,16948.21,160717.79,0,0
57,PAYMENT,685.14,C711508721,887.57,202.43,M147083737,0.0,0.0,0,0
76,CASH_IN,24330.29,C795801932,3683.74,28014.03,C617696817,5231.43,0.0,0,0
36,CASH_OUT,118003.94,C113275526,256676.53,138672.59,C769003354,39084.28,157088.22,0,0
40,PAYMENT,4755.11,C619043864,44116.56,39361.45,M799436182,0.0,0.0,0,0
6,PAYMENT,4559.8,C261129188,8919.37,4359.57,M127418311,0.0,0.0,0,0
16,CASH_IN,226.47,C317810361,5062.22,5288.69,C921837488,46405.62,46179.15,0,0
82,CASH_OUT,33641.67,C989757654,90469.93,56828.26,C867751816,47506.55,81148.22,0,0
10,CASH_OUT,63320.35,C793927248,118435.09,55114.74,C911964858,40669.72,103990.07,0,0
1,PAYMENT,1254.42,C805054799,5717.93,4463.51,M605408862,0.0,0.0,0,0
51,CASH_OUT,104685.14,C278981663,264562.34,159877.2,C222222579,32150.1,136835.24,0,0
77,CASH_IN,666.41,C513646070,7755.99,8422.4,C544325176,9385.25,8718.84,0,0
76,PAYMENT,884.62,C813865691,3892.35,3007.73,M499902513,0.0,0.0,0,0
99,PAYMENT,1623.17,C703104265,14602.54,12979.37,M114551406,0.0,0.0,0,0
3,PAYMENT,1923.8,C202631097,12721.06,10797.26,M259295459,0.0,0.0,0,0
61,TRANSFER,235010.16,C696331764,290623.88,55613.72,C965612470,45893.13,280903.29,0,0
5,CASH_IN,10018.66,C338836384,6993.17,17011.83,C594246837,82233.1,72214.44,0,0
74,CASH_OUT,86189.88,C903761910,208246.38,122056.5,C681628162,42105.68,128295.56,0,0
46,TRANSFER,157892.58,C539025895,553320.97,395428.39,C895317860,23143.29,181035.87,0,0
85,CASH_OUT,117630.99,C517520043,274951.87,157320.88,C224963823,3273.18,120904.17,0,0
45,TRANSFER,29892.42,C812516703,110803.59,80911.17,C252961256,45301.43,75193.85,0,0
96,CASH_IN,39669.38,C967298880,915.59,40584.97,C709937556,80374.94,40705.56,0,0
91,DEBIT,387.93,C976189113,1494.88,1106.95,C880126986,3462.96,3850.89,0,0
41,CASH_OUT,57518.57,C752078737,122760.97,65242.4,C314448547,18698.02,76216.59,0,0
84,PAYMENT,2230.49,C130942528,15717.41,13486.92,M799444677,0.0,0.0,0,0
40,CASH_OUT,50924.08,C277394348,61140.49,10216.41,C821752427,45882.64,96806.72,0,0
100,CASH_OUT,5189.89,C976661230,9365.66,4175.77,C497307638,6585.43,11775.32,0,0
23,CASH_OUT,89481.17,C140395469,178942.23,89461.06,C870086298,47514.9,136996.07,0,0
82,CASH_OUT,127930.92,C759730914,367068.59,239137.67,C565708117,36330.75,164261.67,0,0
75,CASH_OUT,101560.7,C531434021,304319.4,202758.7,C478967068,39529.34,141090.04,0,0
97,CASH_IN,27846.35,C704057953,9022.95,36869.3,C683074425,85863.78,58017.43,0,0
66,PAYMENT,624.77,C615196616,739.6,114.83,M306780716,0.0,0.0,0,0
6,CASH_IN,42857.06,C996995844,19042.93,61899.99,C700161968,49364.23,6507.17,0,0
60,CASH_IN,2731.16,C605234798,11671.49,14402.65,C781178315,94485.8,91754.64,0,0
35,PAYMENT,4523.56,C454153192,4674.35,150.79,M717015275,0.0,0.0,0,0
13,CASH_OUT,124680.29,C903930813,173626.55,48946.26,C713363781,10965.56,135645.85,0,0
14,CASH_IN,36152.78,C823831302,14815.6,50968.38,C345247378,1254.28,0.0,0,0
11,PAYMENT,2499.09,C784136920,24330.22,21831.13,M759992800,0.0,0.0,0,0
91,PAYMENT,4541.8,C553992074,17440.11,12898.31,M118628435,0.0,0.0,0,0
83,TRANSFER,127828.52,C733113217,429312.9,301484.38,C150857432,22109.09,149937.61,0,0
75,PAYMENT,1001.54,C924269032,4754.12,3752.58,M245696833,0.0,0.0,0,0
51,PAYMENT,1902.55,C765926290,9440.47,7537.92,M453842723,0.0,0.0,0,0
21,PAYMENT,2766.36,C846586430,4739.6,1973.24,M368855421,0.0,0.0,0,0
8,PAYMENT,1819.12,C761572282,17480.47,15661.35,M535445261,0.0,0.0,0,0
71,CASH_OUT,33058.86,C918568394,96955.01,63896.15,C965124849,19163.6,52222.46,0,0
52,DEBIT,578.22,C854967947,2433.92,1855.7,C751385807,4435.99,5014.21,0,0
22,CASH_OUT,22208.9,C807175601,35591.2,13382.3,C284757079,4018.76,26227.66,0,0
58,TRANSFER,66594.7,C837389510,96630.35,30035.65,C711422741,5828.97,72423.67,0,0
1,CASH_OUT,144027.1,C716188585,207975.88,63948.78,C936085478,26731.1,170758.2,0,0
56,CASH_OUT,131535.97,C951494641,148270.94,16734.97,C495996250,7225.0,138760.97,0,0
100,CASH_OUT,143336.35,C162673405,310629.11,167292.76,C929922494,20775.63,164111.98,0,0
20,CASH_IN,49679.6,C908271285,7663.34,57342.94,C927176115,66406.06,16726.46,0,0
37,CASH_IN,2707.0,C232538144,101.8,2808.8,C428373339,35873.3,33166.3,0,0
51,CASH_IN,38449.64,C878624463,7988.59,46438.23,C490169075,92811.6,54361.96,0,0
1,PAYMENT,1754.34,C247874417,14152.91,12398.57,M404154049,0.0,0.0,0,0
94,CASH_IN,7240.38,C386802725,18299.9,25540.28,C918308048,10225.77,2985.39,0,0
93,CASH_OUT,138861.09,C534387896,408388.42,269527.33,C523751880,18657.24,157518.33,0,0
71,PAYMENT,3020.1,C850417561,19456.7,16436.6,M892593375,0.0,0.0,0,0
72,CASH_OUT,41857.38,C918841563,109433.72,67576.34,C342836476,42257.76,84115.14,0,0
33,CASH_OUT,21330.94,C414770435,33212.85,11881.91,C568037375,45798.14,67129.08,0,0
97,CASH_IN,47112.49,C680702735,8480.31,55592.8,C754623401,21017.42,0.0,0,0
20,CASH_IN,42411.09,C326144079,4501.43,46912.52,C970180403,73836.83,31425.74,0,0
84,CASH_OUT,2215.93,C271566508,6350.45,4134.52,C767262095,21194.82,23410.75,0,0
74,CASH_OUT,141117.7,C249465081,271224.13,130106.43,C941776099,16780.72,157898.42,0,0
61,CASH_IN,21955.11,C513798741,14716.86,36671.97,C721849498,52610.31,30655.2,0,0
49,CASH_OUT,112819.31,C762822951,307902.57,195083.26,C350302083,39373.74,152193.05,0,0
94,CASH_IN,22948.06,C711032415,6531.77,29479.83,C182180063,4790.45,0.0,0,0
25,CASH_OUT,114273.81,C854698869,157023.2,42749.39,C302076618,16070.27,130344.08,0,0
90,CASH_OUT,73533.86,C199226690,127009.62,53475.76,C721370276,38618.53,112152.39,0,0
93,PAYMENT,868.65,C618116050,7897.09,7028.44,M986594254,0.0,0.0,0,0
48,CASH_OUT,58330.64,C648494024,74414.42,16083.78,C740407346,19185.5,77516.14,0,0
82,PAYMENT,3760.32,C585038697,12483.93,8723.61,M662498203,0.0,0.0,0,0
61,CASH_OUT,114111.18,C708424215,289250.95,175139.77,C163278782,12601.19,126712.37,0,0
86,CASH_OUT,48849.92,C881538189,109889.89,61039.97,C958791185,31179.47,80029.39,0,0
96,PAYMENT,805.76,C133937268,7683.23,6877.47,M313665951,0.0,0.0,0,0
59,CASH_IN,27898.44,C142342813,15451.42,43349.86,C673656773,27583.23,0.0,0,0
5,TRANSFER,164753.88,C655156538,399631.86,234877.98,C300172866,37379.75,202133.63,0,0
16,CASH_OUT,121694.78,C545188049,149280.24,27585.46,C873368624,33761.47,155456.25,0,0
96,CASH_IN,25687.96,C197450121,5164.28,30852.24,C326261010,47301.13,21613.17,0,0
42,PAYMENT,1787.62,C460936142,5667.66,3880.04,M914891152,0.0,0.0,0,0
89,PAYMENT,2378.71,C900742774,21582.71,19204.0,M388390253,0.0,0.0,0,0
39,CASH_OUT,47071.61,C679764298,84945.52,37873.91,C544866541,31248.19,78319.8,0,0
62,CASH_IN,29026.96,C907751428,4195.88,33222.84,C854672588,74756.65,45729.69,0,0
62,CASH_IN,28913.25,C221508953,5569.52,34482.77,C880296481,9954.25,0.0,0,0
96,CASH_IN,45820.38,C278760246,15661.82,61482.2,C342590654,48604.23,2783.85,0,0
80,TRANSFER,226483.15,C699898819,311483.88,85000.73,C530225557,75015.41,301498.56,0,0
88,PAYMENT,3676.72,C286611097,16158.39,12481.67,M228155179,0.0,0.0,0,0
47,CASH_OUT,132244.64,C588169687,391600.13,259355.49,C142847338,16203.56,148448.2,0,0
100,CASH_IN,27400.81,C628981921,8594.46,35995.27,C163749838,61712.54,34311.73,0,0
98,CASH_IN,48757.55,C701666987,8969.64,57727.19,C493002419,72015.26,23257.71,0,0
18,CASH_IN,13678.21,C602533479,2252.94,15931.15,C968457290,17086.93,3408.72,0,0
15,PAYMENT,2326.79,C441811154,3697.56,1370.77,M537095027,0.0,0.0,0,0
24,PAYMENT,384.61,C504782647,1281.86,897.25,M812154253,0.0,0.0,0,0
18,PAYMENT,157.26,C554254200,576.67,419.41,M111258189,0.0,0.0,0,0
48,CASH_IN,2427.89,C231936295,18378.68,20806.57,C391395622,30998.59,28570.7,0,0
10,CASH_OUT,129456.78,C153132768,204890.74,75433.96,C620476229,1802.68,131259.46,0,0
39,CASH_IN,15966.73,C540513606,18222.76,34189.49,C991435903,63758.82,47792.09,0,0
17,CASH_OUT,31239.03,C165353422,67831.02,36591.99,C361929216,29063.52,60302.55,0,0
72,CASH_IN,6399.4,C315594657,9379.14,15778.54,C138327414,11825.05,5425.65,0,0
52,CASH_OUT,51759.97,C745025424,68535.47,16775.5,C294517040,42549.1,94309.07,0,0
95,CASH_IN,13027.39,C441556087,14287.97,27315.36,C156368751,29129.88,16102.49,0,0
91,CASH_OUT,115804.92,C475666832,294066.96,178262.04,C532326979,20335.98,136140.9,0,0
83,PAYMENT,4267.44,C674050611,7357.54,3090.1,M465139645,0.0,0.0,0,0
45,CASH_IN,3637.57,C519900806,5660.8,9298.37,C880346808,69941.26,66303.69,0,0
69,CASH_OUT,104084.84,C347415399,138797.86,34713.02,C670017400,7937.49,112022.33,0,0
93,TRANSFER,66683.56,C679955265,126178.76,59495.2,C402283096,7673.27,74356.83,0,0
81,CASH_IN,1441.47,C747066078,14764.55,16206.02,C458350207,55171.02,53729.55,0,0
60,CASH_IN,10445.03,C807947148,3874.38,14319.41,C156982428,79864.68,69419.65,0,0
79,CASH_OUT,107699.65,C968028454,318816.62,211116.97,C351532545,48364.83,156064.48,0,0
92,PAYMENT,4874.99,C928096889,37237.96,32362.97,M365388382,0.0,0.0,0,0
63,PAYMENT,764.99,C120825650,917.36,152.37,M674420474,0.0,0.0,0,0
43,CASH_OUT,14203.66,C441229846,34651.12,20447.46,C325360943,6978.7,21182.36,0,0
28,PAYMENT,4858.86,C305255412,46625.33,41766.47,M719373399,0.0,0.0,0,0
41,PAYMENT,475.25,C115479088,902.45,427.2,M684414201,0.0,0.0,0,0
77,PAYMENT,2659.49,C941672107,5472.29,2812.8,M907865263,0.0,0.0,0,0
80,CASH_OUT,92182.07,C239278422,187997.18,95815.11,C633002137,31592.88,123774.95,0,0
29,CASH_OUT,32473.62,C971368687,51749.51,19275.89,C113334107,48229.52,80703.14,0,0
96,PAYMENT,3230.82,C879546238,23790.86,20560.04,M512822406,0.0,0.0,0,0
31,CASH_OUT,112663.76,C853570263,228246.69,115582.93,C713710527,25222.84,137886.6,0,0
25,PAYMENT,2179.83,C424203372,9714.63,7534.8,M464628392,0.0,0.0,0,0
28,CASH_OUT,134176.93,C537692063,184246.49,50069.56,C466928741,12431.27,146608.2,0,0
7,CASH_OUT,127321.63,C936928585,335525.2,208203.57,C486416739,35905.95,163227.58,0,0
60,PAYMENT,2168.62,C716203465,9878.04,7709.42,M877851703,0.0,0.0,0,0
22,CASH_OUT,54349.28,C504147566,91041.4,36692.12,C218452671,20305.03,74654.31,0,0
98,CASH_OUT,4478.68,C357981600,4632.69,154.01,C680303132,3639.4,8118.08,0,0
54,CASH_OUT,95080.8,C181084980,112783.85,17703.05,C925583165,25780.67,120861.47,0,0
77,CASH_OUT,29911.39,C300164147,63453.28,33541.89,C591759000,35623.46,65534.85,0,0
10,CASH_IN,35725.13,C479707524,10858.04,46583.17,C803359731,80318.42,44593.29,0,0
4,CASH_IN,26679.99,C820794143,6412.82,33092.81,C751392074,18850.03,0.0,0,0
63,PAYMENT,4868.55,C647006415,29977.28,25108.73,M115204964,0.0,0.0,0,0
54,PAYMENT,2564.17,C910614025,12485.51,9921.34,M470626529,0.0,0.0,0,0
86,CASH_IN,42905.86,C135954751,6200.55,49106.41,C309275290,29982.75,0.0,0,0
4,PAYMENT,3813.06,C791477145,16463.59,12650.53,M184513867,0.0,0.0,0,0
97,CASH_OUT,42002.76,C574810235,53613.92,11611.16,C279948247,35305.08,77307.84,0,0
2,TRANSFER,30509.23,C539308778,89363.29,58854.06,C401088903,71184.13,101693.36,0,0
3,CASH_IN,47123.44,C198375408,13853.47,60976.91,C631346703,81911.39,34787.95,0,0
42,TRANSFER,210776.5,C804433763,716031.86,505255.36,C730417772,36403.72,247180.22,0,0
2,CASH_OUT,127095.04,C485056881,194071.59,66976.55,C612288767,47730.97,174826.01,0,0
90,CASH_IN,48729.01,C592265554,11615.41,60344.42,C191163279,51037.35,2308.34,0,0
75,PAYMENT,3107.52,C650037226,15725.17,12617.65,M557523905,0.0,0.0,0,0
29,CASH_IN,38403.8,C291297872,7245.61,45649.41,C496353078,50644.14,12240.34,0,0
37,CASH_OUT,64967.95,C180590135,119192.34,54224.39,C133193666,28084.33,93052.28,0,0
63,PAYMENT,4567.22,C189449266,8052.73,3485.51,M821348271,0.0,0.0,0,0
38,PAYMENT,4814.78,C220653592,37918.46,33103.68,M910633311,0.0,0.0,0,0
58,DEBIT,829.27,C127460749,1572.95,743.68,C691313834,1710.32,2539.59,0,0
35,PAYMENT,733.94,C629487801,3605.18,2871.24,M279537578,0.0,0.0,0,0
23,CASH_IN,41973.31,C646502574,13458.08,55431.39,C185998255,57098.38,15125.07,0,0
98,CASH_OUT,32471.11,C729624046,53808.5,21337.39,C350180427,7377.71,39848.82,0,0
97,CASH_OUT,114903.79,C109806050,182219.63,67315.84,C956808156,11560.77,126464.56,0,0
92,CASH_IN,14253.08,C946755407,4268.88,18521.96,C363984684,16317.82,2064.74,0,0
69,CASH_IN,43637.15,C677382209,1119.5,44756.65,C956757726,57103.51,13466.36,0,0
8,PAYMENT,3299.35,C703847723,27312.29,24012.94,M637917632,0.0,0.0,0,0
18,PAYMENT,2843.11,C454603800,18272.74,15429.63,M958076247,0.0,0.0,0,0
68,PAYMENT,4797.63,C267025475,25479.64,20682.01,M835779269,0.0,0.0,0,0
33,PAYMENT,3329.0,C541238800,25465.5,22136.5,M989862087,0.0,0.0,0,0
84,PAYMENT,4342.32,C856524312,34338.02,29995.7,M663518937,0.0,0.0,0,0
71,PAYMENT,3758.72,C444259092,19910.44,16151.72,M888989626,0.0,0.0,0,0
90,TRANSFER,215541.06,C502619507,217338.08,1797.02,C122023733,39262.12,254803.18,0,0
44,PAYMENT,4048.84,C795223488,12999.63,8950.79,M502651705,0.0,0.0,0,0
89,PAYMENT,314.7,C236940518,1566.35,1251.65,M961556586,0.0,0.0,0,0
81,CASH_OUT,63228.98,C535716227,121473.18,58244.2,C548529473,22615.59,85844.57,0,0
67,PAYMENT,1066.03,C248498611,5811.78,4745.75,M418818039,0.0,0.0,0,0
73,CASH_OUT,10112.44,C746175888,15442.62,5330.18,C935091834,19863.95,29976.39,0,0
69,PAYMENT,3986.5,C564780359,37953.9,33967.4,M125733285,0.0,0.0,0,0
72,TRANSFER,270343.75,C498352238,270343.75,0.0,C905430244,1511.3,271855.05,1,0
88,CASH_IN,36091.47,C426764359,18184.62,54276.09,C436827691,1782.32,0.0,0,0
22,PAYMENT,3071.18,C501784545,24242.66,21171.48,M505362403,0.0,0.0,0,0
45,CASH_IN,49706.48,C681069884,19722.74,69429.22,C174108740,47735.05,0.0,0,0
21,PAYMENT,3335.27,C364665923,17398.77,14063.5,M739838225,0.0,0.0,0,0
92,CASH_OUT,134843.51,C197647841,352937.27,218093.76,C578333394,22671.62,157515.13,0,0
52,CASH_OUT,145353.92,C936665936,185594.0,40240.08,C994737659,18298.37,163652.29,0,0
86,CASH_IN,38716.8,C629416590,11008.62,49725.42,C687016782,53588.45,14871.65,0,0
86,TRANSFER,177536.71,C742346790,201776.79,24240.08,C969572989,20292.55,197829.26,0,0
17,CASH_IN,42551.08,C140574697,678.22,43229.3,C957259474,60911.49,18360.41,0,0
21,PAYMENT,3049.46,C700312454,14634.72,11585.26,M401003032,0.0,0.0,0,0
41,CASH_IN,49726.58,C487812085,11917.61,61644.19,C134232063,53669.16,3942.58,0,0
69,PAYMENT,556.03,C771396272,3612.39,3056.36,M758530127,0.0,0.0,0,0
86,TRANSFER,159667.17,C342313086,207662.14,47994.97,C156361897,26423.49,186090.66,0,0
90,CASH_OUT,62166.65,C589623575,105958.23,43791.58,C477666117,27123.35,89290.0,0,0
75,PAYMENT,3956.31,C207339659,25763.39,21807.08,M778813798,0.0,0.0,0,0
17,PAYMENT,667.84,C193389201,5259.91,4592.07,M853275197,0.0,0.0,0,0
10,PAYMENT,1283.85,C323053274,3699.65,2415.8,M429367399,0.0,0.0,0,0
87,CASH_OUT,131284.49,C947813397,215852.71,84568.22,C467529733,24951.61,156236.1,0,0
51,PAYMENT,4401.09,C187841636,5406.07,1004.98,M967232189,0.0,0.0,0,0
94,CASH_OUT,28601.52,C632764356,61228.42,32626.9,C322774349,23686.64,52288.16,0,0
13,CASH_OUT,5835.91,C322397748,17202.06,11366.15,C958186737,19536.96,25372.87,0,0
74,CASH_OUT,110321.15,C881955839,166646.91,56325.76,C406919711,3406.89,113728.04,0,0
24,PAYMENT,1662.27,C108498023,15603.45,13941.18,M331342886,0.0,0.0,0,0
50,PAYMENT,1057.26,C710649119,5185.52,4128.26,M853968049,0.0,0.0,0,0
42,CASH_OUT,62857.85,C513028367,178002.15,115144.3,C753901994,38118.73,100976.58,0,0
38,PAYMENT,447.42,C210649279,2876.84,2429.42,M885720569,0.0,0.0,0,0
93,PAYMENT,639.02,C499291766,5662.45,5023.43,M938725480,0.0,0.0,0,0
88,CASH_OUT,74049.19,C232443879,81799.61,7750.42,C631546833,34970.57,109019.76,0,0
22,PAYMENT,1494.52,C149089708,7627.04,6132.52,M412273967,0.0,0.0,0,0
38,CASH_IN,10198.57,C747503441,4627.36,14825.93,C457953357,51543.97,41345.4,0,0
90,CASH_OUT,118231.69,C280798420,169763.77,51532.08,C322405123,17663.27,135894.96,0,0
48,CASH_IN,14216.04,C644989272,5289.98,19506.02,C807254247,84009.93,69793.89,0,0
46,CASH_OUT,64834.01,C503111666,140803.28,75969.27,C829816799,19003.64,83837.65,0,0
54,PAYMENT,3663.61,C442154160,20366.4,16702.79,M834851529,0.0,0.0,0,0
31,PAYMENT,2753.12,C927799366,19729.61,16976.49,M311513024,0.0,0.0,0,0
2,PAYMENT,720.53,C317746651,823.63,103.1,M704267134,0.0,0.0,0,0
52,PAYMENT,2304.15,C758124324,9075.82,6771.67,M767623327,0.0,0.0,0,0
7,CASH_OUT,139210.19,C885980740,221067.42,81857.23,C308232501,20134.61,159344.8,0,0
8,CASH_OUT,22237.23,C226398892,27845.89,5608.66,C582024385,36138.49,58375.72,0,0
94,CASH_OUT,16199.58,C580779943,17187.17,987.59,C736457654,35989.63,52189.21,0,0
97,PAYMENT,2209.63,C871999153,21892.97,19683.34,M334657613,0.0,0.0,0,0
42,CASH_IN,15609.35,C615415383,7547.64,23156.99,C372431012,22549.54,6940.19,0,0
37,PAYMENT,1841.16,C545062150,16363.33,14522.17,M522511155,0.0,0.0,0,0
88,CASH_OUT,53865.21,C792377512,83586.03,29720.82,C527499187,48410.34,102275.55,0,0
58,CASH_OUT,24909.62,C111575224,63405.49,38495.87,C415059365,18486.16,43395.78,0,0
46,CASH_IN,15568.49,C567969208,12227.55,27796.04,C219821381,44619.37,29050.88,0,0
8,PAYMENT,4835.07,C360625982,13454.99,8619.92,M531094992,0.0,0.0,0,0
24,PAYMENT,3686.05,C737178891,17735.35,14049.3,M927925850,0.0,0.0,0,0
91,CASH_IN,36117.88,C383508835,17966.72,54084.6,C538454827,30194.64,0.0,0,0
20,PAYMENT,727.19,C401487225,2564.71,1837.52,M662990246,0.0,0.0,0,0
98,CASH_OUT,85114.97,C310615559,164687.35,79572.38,C848336824,11363.83,96478.8,0,0
6,CASH_IN,2395.88,C341106805,10648.21,13044.09,C551038208,32307.95,29912.07,0,0
91,TRANSFER,97571.74,C832267407,303261.9,205690.16,C837378898,13455.21,111026.95,0,0
30,PAYMENT,3160.86,C652903055,31058.47,27897.61,M241155092,0.0,0.0,0,0
98,CASH_OUT,32536.06,C305665554,50528.48,17992.42,C619904272,29479.35,62015.41,0,0
83,CASH_OUT,14083.19,C761274080,39296.93,25213.74,C163214863,44409.41,58492.6,0,0
1,CASH_OUT,12488.91,C604762395,27312.87,14823.96,C837417461,4646.46,17135.37,0,0
47,CASH_OUT,145328.97,C495753745,389898.62,244569.65,C548484824,45370.56,190699.53,0,0
30,PAYMENT,2069.98,C560445025,18800.77,16730.79,M539492534,0.0,0.0,0,0
43,CASH_OUT,53104.35,C541102414,153060.53,99956.18,C814403943,21146.84,74251.19,0,0
23,PAYMENT,1916.21,C344653690,17571.23,15655.02,M956624381,0.0,0.0,0,0
77,CASH_OUT,102899.05,C389843121,234568.74,131669.69,C881915487,7395.02,110294.07,0,0
64,CASH_IN,7250.45,C951961446,279.78,7530.23,C410969170,83405.79,76155.34,0,0
67,CASH_OUT,86847.82,C542050628,199064.1,112216.28,C804117476,16315.32,103163.14,0,0
33,PAYMENT,4910.27,C400911674,26547.28,21637.01,M125173168,0.0,0.0,0,0
81,CASH_IN,15703.48,C858669322,1894.26,17597.74,C361191977,41385.53,25682.05,0,0
23,CASH_OUT,58279.81,C245926740,110090.12,51810.31,C521350588,15658.09,73937.9,0,0
88,CASH_OUT,111272.28,C474601470,298844.18,187571.9,C112249011,18947.8,130220.08,0,0
30,CASH_OUT,142151.66,C207329323,203365.87,61214.21,C916676253,39082.23,181233.89,0,0
5,PAYMENT,3856.12,C889546822,26969.98,23113.86,M659568869,0.0,0.0,0,0
31,CASH_OUT,40472.15,C846789191,94184.37,53712.22,C132102471,43389.38,83861.53,0,0
33,TRANSFER,232689.52,C867750501,431504.18,198814.66,C527568870,22915.12,255604.64,0,0
8,TRANSFER,99690.72,C487690454,355039.75,255349.03,C868760242,29570.4,129261.12,0,0
33,CASH_OUT,74692.78,C972435430,219081.77,144388.99,C806875860,39186.24,113879.02,0,0
89,PAYMENT,1369.99,C293720285,5179.74,3809.75,M918630985,0.0,0.0,0,0
78,PAYMENT,857.88,C151500184,3865.67,3007.79,M907317394,0.0,0.0,0,0
34,CASH_IN,22566.81,C442592338,16219.31,38786.12,C896923287,37673.9,15107.09,0,0
73,CASH_OUT,147546.52,C393475095,313791.32,166244.8,C830821072,7792.78,155339.3,0,0
53,PAYMENT,1619.34,C928712497,6248.33,4628.99,M824763969,0.0,0.0,0,0
78,CASH_OUT,14503.88,C483205047,32622.68,18118.8,C606649882,44512.85,59016.73,0,0
84,PAYMENT,3096.0,C762601782,10261.84,7165.84,M555696872,0.0,0.0,0,0
42,CASH_OUT,3612.45,C898309178,6928.0,3315.55,C394258670,4983.96,8596.41,0,0
70,CASH_OUT,11419.99,C147946336,30379.56,18959.57,C361549469,33251.54,44671.53,0,0
40,TRANSFER,21616.53,C863662134,58638.75,37022.22,C745088124,30421.3,52037.83,0,0
24,PAYMENT,3906.32,C838146636,12568.85,8662.53,M487960179,0.0,0.0,0,0
25,CASH_OUT,106264.82,C311848994,234942.55,128677.73,C631824733,9303.24,115568.06,0,0
11,CASH_OUT,53440.36,C636034841,96418.0,42977.64,C785086580,32519.17,85959.53,0,0
93,PAYMENT,936.5,C792429622,6256.3,5319.8,M879809671,0.0,0.0,0,0
60,CASH_OUT,140244.23,C840423738,327647.03,187402.8,C850797601,34951.56,175195.79,0,0
70,PAYMENT,2883.18,C713152854,23242.97,20359.79,M360916298,0.0,0.0,0,0
98,CASH_OUT,12691.76,C208422428,21685.74,8993.98,C426763228,2271.69,14963.45,0,0
10,PAYMENT,1525.62,C782539782,7067.36,5541.74,M974296933,0.0,0.0,0,0
100,CASH_OUT,138144.02,C465408396,166440.85,28296.83,C275051213,7727.75,145871.77,0,0
39,PAYMENT,3376.05,C212005417,4350.15,974.1,M290735311,0.0,0.0,0,0
91,CASH_OUT,65063.31,C141185351,168409.53,103346.22,C857099319,15876.36,80939.67,0,0
88,CASH_OUT,41954.53,C414109605,83620.75,41666.22,C509649601,36761.03,78715.56,0,0
77,PAYMENT,3361.76,C741866641,10766.4,7404.64,M152265802,0.0,0.0,0,0
89,CASH_OUT,148981.83,C428645576,292374.12,143392.29,C437694037,35153.88,184135.71,0,0
98,TRANSFER,21789.35,C467873466,82017.27,60227.92,C510219331,15006.42,36795.77,0,0
44,CASH_IN,3202.73,C382247375,8530.29,11733.02,C492369146,3515.98,313.25,0,0
92,PAYMENT,4224.25,C380949032,26954.35,22730.1,M461060837,0.0,0.0,0,0
31,PAYMENT,394.08,C818983106,2430.57,2036.49,M864406274,0.0,0.0,0,0
25,PAYMENT,792.6,C876266000,5119.49,4326.89,M331483273,0.0,0.0,0,0
42,CASH_OUT,21348.75,C496019605,52112.35,30763.6,C993143108,27506.36,48855.11,0,0
67,TRANSFER,57576.64,C974050809,205765.35,148188.71,C782508147,75796.37,133373.01,0,0
93,PAYMENT,1450.37,C693814150,9933.41,8483.04,M442872280,0.0,0.0,0,0
63,CASH_OUT,87822.65,C967996578,238091.2,150268.55,C555788677,6113.97,93936.62,0,0
75,CASH_OUT,43573.36,C384778990,112622.78,69049.42,C110604622,8333.26,51906.62,0,0
44,CASH_OUT,63649.04,C635550230,152848.41,89199.37,C549997617,18615.48,82264.52,0,0
16,CASH_OUT,121025.08,C338240571,145756.72,24731.64,C965380065,4728.74,125753.82,0,0
91,CASH_IN,20405.26,C898307196,19975.87,40381.13,C220124502,11984.97,0.0,0,0
3,CASH_OUT,108639.5,C282445097,189113.59,80474.09,C445375777,7174.32,115813.82,0,0
85,PAYMENT,2035.57,C171327924,16950.88,14915.31,M371947554,0.0,0.0,0,0
14,CASH_OUT,31622.76,C754474303,41400.37,9777.61,C821433431,7819.39,39442.15,0,0
45,PAYMENT,511.51,C435681563,5011.51,4500.0,M224184852,0.0,0.0,0,0
38,CASH_OUT,46974.8,C826672529,57863.66,10888.86,C893001503,42562.3,89537.1,0,0
32,CASH_OUT,138281.64,C225598974,317110.9,178829.26,C150348837,41062.91,179344.55,0,0
49,PAYMENT,3547.92,C569578825,31230.8,27682.88,M321885095,0.0,0.0,0,0
29,CASH_IN,26886.66,C188139946,13639.17,40525.83,C902856986,75723.44,48836.78,0,0
56,PAYMENT,2621.19,C549902288,21278.73,18657.54,M641025679,0.0,0.0,0,0
56,CASH_IN,48712.56,C799045497,6008.71,54721.27,C246162540,60717.92,12005.36,0,0
54,PAYMENT,2274.24,C212579573,20911.38,18637.14,M947387796,0.0,0.0,0,0
41,PAYMENT,375.63,C212447665,3377.43,3001.8,M282649071,0.0,0.0,0,0
79,PAYMENT,2314.37,C169731500,5592.78,3278.41,M379153787,0.0,0.0,0,0
69,TRANSFER,30439.51,C626711232,68672.71,38233.2,C265268687,25828.65,56268.16,0,0
81,CASH_IN,7060.77,C148487381,21.8,7082.57,C564067351,72005.48,64944.71,0,0
49,PAYMENT,3944.71,C614847663,27055.69,23110.98,M720682356,0.0,0.0,0,0
15,CASH_OUT,144734.53,C790218221,415028.82,270294.29,C795897174,33835.27,178569.8,0,0
73,TRANSFER,249860.0,C447716573,869113.55,619253.55,C575169464,19672.29,269532.29,0,0
42,CASH_OUT,66629.04,C837336933,142235.55,75606.51,C389201113,39838.99,106468.03,0,0
32,PAYMENT,2899.44,C566271010,27591.86,24692.42,M735409949,0.0,0.0,0,0
5,CASH_OUT,111125.81,C866673993,161024.7,49898.89,C550294365,12413.16,123538.97,0,0
49,CASH_OUT,76327.2,C265971719,149539.01,73211.81,C724793683,8618.91,84946.11,0,0
69,CASH_IN,24453.73,C669177290,16742.88,41196.61,C657165824,54359.2,29905.47,0,0
55,PAYMENT,2090.33,C927118817,12132.5,10042.17,M282958826,0.0,0.0,0,0
11,PAYMENT,3022.62,C810981155,13071.08,10048.46,M793381428,0.0,0.0,0,0
10,PAYMENT,3987.48,C204749673,23091.14,19103.66,M838232460,0.0,0.0,0,0
36,CASH_IN,11671.89,C853104946,72.18,11744.07,C348632825,18867.58,7195.69,0,0
91,CASH_IN,21671.75,C888886023,16228.5,37900.25,C490503529,27496.31,5824.56,0,0
97,PAYMENT,59.28,C272173204,285.29,226.01,M994083442,0.0,0.0,0,0
73,CASH_OUT,126957.05,C190095909,178617.63,51660.58,C637335173,48395.58,175352.63,0,0
80,CASH_IN,22135.08,C800119488,17753.5,39888.58,C470710020,78374.75,56239.67,0,0
94,CASH_IN,41595.59,C323645672,19370.88,60966.47,C939446370,78169.27,36573.68,0,0
98,CASH_OUT,122312.13,C483443853,229782.51,107470.38,C973673014,26850.49,149162.62,0,0
63,TRANSFER,129490.9,C672024267,153939.18,24448.28,C777923949,50329.71,179820.61,0,0
51,CASH_IN,25950.93,C186273351,17520.12,43471.05,C302747423,17416.54,0.0,0,0
86,CASH_OUT,16258.87,C746029988,37157.3,20898.43,C952121478,4928.84,21187.71,0,0
29,CASH_IN,14092.67,C914348348,7156.42,21249.09,C861495318,9906.69,0.0,0,0
6,PAYMENT,4397.2,C165494534,12794.08,8396.88,M421410504,0.0,0.0,0,0
15,CASH_OUT,31964.75,C974423622,35735.44,3770.69,C315758599,9136.47,41101.22,0,0
97,PAYMENT,3887.21,C306202347,22830.41,18943.2,M528069177,0.0,0.0,0,0
76,CASH_OUT,18636.99,C992134541,50342.66,31705.67,C617360044,49959.53,68596.52,0,0
4,PAYMENT,2823.22,C228984845,17574.1,14750.88,M111832249,0.0,0.0,0,0
12,CASH_OUT,127139.41,C485451171,194401.46,67262.05,C748245888,2172.52,129311.93,0,0
66,PAYMENT,4010.9,C753116969,8073.54,4062.64,M424558846,0.0,0.0,0,0
80,CASH_OUT,62881.98,C247278210,127220.91,64338.93,C212650803,30884.9,93766.88,0,0
49,TRANSFER,231446.15,C940453822,596998.45,365552.3,C288690127,70040.95,301487.1,0,0
57,PAYMENT,3468.13,C326114706,25471.94,22003.81,M875289353,0.0,0.0,0,0
7,CASH_IN,48665.04,C333848350,12658.18,61323.22,C353366389,33126.84,0.0,0,0
58,CASH_OUT,26365.18,C855488200,31717.28,5352.1,C425601984,28094.38,54459.56,0,0
1,CASH_OUT,9304.55,C270300931,10413.51,1108.96,C995167865,22937.38,32241.93,0,0
86,CASH_OUT,75106.23,C424869522,111273.32,36167.09,C225946154,19662.33,94768.56,0,0
63,CASH_IN,26658.67,C916690353,2567.83,29226.5,C235034324,48052.96,21394.29,0,0
25,PAYMENT,4691.68,C251968832,8566.23,3874.55,M234820097,0.0,0.0,0,0
4,PAYMENT,4180.61,C824022357,26271.4,22090.79,M717615339,0.0,0.0,0,0
32,CASH_OUT,52556.53,C420950640,71287.16,18730.63,C634163550,33777.85,86334.38,0,0
97,PAYMENT,3920.02,C692818173,10225.28,6305.26,M618045811,0.0,0.0,0,0
99,CASH_OUT,127868.36,C284444459,297317.14,169448.78,C755114828,16284.06,144152.42,0,0
30,PAYMENT,1164.44,C499836803,2507.02,1342.58,M530336688,0.0,0.0,0,0
81,PAYMENT,3928.19,C311935688,13777.82,9849.63,M347455860,0.0,0.0,0,0
79,PAYMENT,4588.54,C286340494,9023.28,4434.74,M400079362,0.0,0.0,0,0
71,PAYMENT,779.35,C670304472,6526.87,5747.52,M417476097,0.0,0.0,0,0
1,CASH_OUT,83412.3,C680909211,168565.71,85153.41,C544533991,12148.79,95561.09,0,0
22,CASH_IN,20572.39,C146914391,14391.71,34964.1,C826239153,96989.27,76416.88,0,0
44,PAYMENT,2385.39,C291647610,7077.68,4692.29,M479608458,0.0,0.0,0,0
43,TRANSFER,235624.04,C842366270,248960.52,13336.48,C846652786,26115.27,261739.31,0,0
46,CASH_OUT,55066.92,C679433317,139051.92,83985.0,C429579854,6516.68,61583.6,0,0
64,PAYMENT,3497.8,C621765989,4525.89,1028.09,M306422125,0.0,0.0,0,0
97,CASH_IN,40759.58,C757830420,8534.82,49294.4,C642001424,90778.62,50019.04,0,0
100,CASH_OUT,64010.12,C483498167,97731.24,33721.12,C413449429,48816.34,112826.46,0,0
15,TRANSFER,122151.32,C295614589,449529.27,327377.95,C442746491,40763.83,162915.15,0,0
83,PAYMENT,4054.82,C947042343,40002.45,35947.63,M250678756,0.0,0.0,0,0
4,PAYMENT,1040.86,C675858195,3435.1,2394.24,M303572125,0.0,0.0,0,0
10,CASH_OUT,75121.56,C308889819,132464.73,57343.17,C830893658,14917.79,90039.35,0,0
79,PAYMENT,2212.56,C168335098,2473.98,261.42,M461496783,0.0,0.0,0,0
54,CASH_OUT,34285.37,C618541306,43024.35,8738.98,C545817245,43949.06,78234.43,0,0
96,CASH_OUT,140763.53,C136032700,268242.21,127478.68,C260151511,46225.14,186988.67,0,0
12,CASH_OUT,105731.17,C292181526,238840.52,133109.35,C736467148,34506.24,140237.41,0,0
85,CASH_OUT,114660.21,C107112115,334347.59,219687.38,C681403225,42400.53,157060.74,0,0
57,CASH_OUT,114719.63,C824722131,334784.88,220065.25,C594331680,34772.64,149492.27,0,0
25,CASH_OUT,33163.12,C167829864,86020.1,52856.98,C203726898,41522.53,74685.65,0,0
64,CASH_OUT,124483.75,C425904401,193614.45,69130.7,C689837130,9497.3,133981.05,0,0
27,TRANSFER,108651.18,C623805398,246769.86,138118.68,C579058222,59766.34,168417.52,0,0
29,CASH_OUT,120044.19,C346885603,349435.6,229391.41,C542839009,25825.21,145869.4,0,0
98,PAYMENT,2092.55,C200434640,9760.54,7667.99,M150503264,0.0,0.0,0,0
58,CASH_OUT,49916.58,C435480597,121087.51,71170.93,C312758864,33543.51,83460.09,0,0
36,CASH_OUT,131068.22,C360996106,315005.79,183937.57,C988058628,42020.01,173088.23,0,0
9,CASH_OUT,135665.06,C307892029,308601.04,172935.98,C235271742,12814.31,148479.37,0,0
75,PAYMENT,357.65,C378625365,1790.59,1432.94,M949396015,0.0,0.0,0,0
62,PAYMENT,76.09,C507884854,310.55,234.46,M169527574,0.0,0.0,0,0
1,PAYMENT,1925.49,C199154991,14773.21,12847.72,M908493840,0.0,0.0,0,0
38,CASH_OUT,75768.73,C626402312,127839.37,52070.64,C682438493,42983.62,118752.35,0,0
8,TRANSFER,83355.89,C828823641,143803.95,60448.06,C601180788,75537.82,158893.71,0,0
2,PAYMENT,2231.11,C471522500,14554.22,12323.11,M789626099,0.0,0.0,0,0
82,CASH_IN,29615.19,C180348617,8699.66,38314.85,C166875719,96457.61,66842.42,0,0
84,PAYMENT,2984.34,C579681660,10746.23,7761.89,M923622160,0.0,0.0,0,0
95,CASH_IN,10299.46,C211614410,8396.32,18695.78,C355730504,96157.32,85857.86,0,0
24,CASH_OUT,99154.85,C328656334,246341.9,147187.05,C984664477,23364.77,122519.62,0,0
50,CASH_IN,46122.67,C551031860,12238.07,58360.74,C166493225,12332.9,0.0,0,0
61,PAYMENT,3515.71,C110147040,19331.92,15816.21,M188783547,0.0,0.0,0,0
38,CASH_IN,40221.42,C463692735,19257.87,59479.29,C602866993,14934.94,0.0,0,0
15,CASH_OUT,31609.72,C799921828,84080.0,52470.28,C218943027,688.0,32297.72,0,0
2,CASH_OUT,49078.65,C605777985,100710.26,51631.61,C267014814,17895.79,66974.44,0,0
98,PAYMENT,2649.65,C247848992,10146.75,7497.1,M527385805,0.0,0.0,0,0
74,CASH_IN,42042.95,C244879413,19800.65,61843.6,C461459462,55968.63,13925.68,0,0
89,CASH_OUT,118629.07,C139476288,285097.52,166468.45,C486041850,40614.85,159243.92,0,0
72,CASH_OUT,204675.73,C613325161,204675.73,0.0,C237285099,4660.84,209336.57,1,0
79,CASH_OUT,41007.32,C891306642,66118.14,25110.82,C960203946,7895.73,48903.05,0,0
82,PAYMENT,3816.6,C149601706,10312.15,6495.55,M730636355,0.0,0.0,0,0
90,CASH_OUT,69797.63,C156999852,79094.37,9296.74,C108948759,33018.64,102816.27,0,0
77,DEBIT,1481.12,C576447381,2276.58,795.46,C452928046,1655.94,3137.06,0,0
47,PAYMENT,999.62,C131874640,2566.34,1566.72,M405051006,0.0,0.0,0,0
52,CASH_IN,18574.96,C849438713,17563.14,36138.1,C409821320,77968.01,59393.05,0,0
57,PAYMENT,3033.38,C379418400,24827.36,21793.98,M887497711,0.0,0.0,0,0
18,CASH_OUT,73230.38,C312717408,156907.91,83677.53,C800346424,28058.38,101288.76,0,0
47,PAYMENT,838.57,C708689346,2763.96,1925.39,M268910304,0.0,0.0,0,0
17,PAYMENT,984.79,C719338877,1323.18,338.39,M905053486,0.0,0.0,0,0
53,CASH_OUT,133998.43,C161186030,153753.51,19755.08,C425842831,12682.46,146680.89,0,0
85,CASH_IN,32694.03,C242796714,2372.66,35066.69,C473415078,99291.83,66597.8,0,0
91,PAYMENT,3835.38,C478709419,6026.08,2190.7,M693665621,0.0,0.0,0,0
79,CASH_OUT,99945.33,C432097676,247995.98,148050.65,C806578337,5972.15,105917.48,0,0
28,PAYMENT,3076.54,C962594605,7640.17,4563.63,M253902993,0.0,0.0,0,0
7,CASH_IN,7482.53,C744133120,10268.88,17751.41,C992341745,50582.82,43100.29,0,0
20,CASH_OUT,31695.67,C591882626,49617.53,17921.86,C550944683,23305.5,55001.17,0,0
95,CASH_OUT,90485.59,C832703812,102313.98,11828.39,C288472661,6412.32,96897.91,0,0
68,CASH_OUT,115828.33,C124150584,141070.84,25242.51,C884669128,12072.17,127900.5,0,0
29,CASH_OUT,12804.42,C623141589,12857.22,52.8,C166350990,32306.38,45110.8,0,0
5,CASH_IN,19282.25,C958747991,15883.9,35166.15,C151559392,97973.53,78691.28,0,0
25,CASH_OUT,41870.74,C219695502,95943.07,54072.33,C166513370,2332.07,44202.81,0,0
22,PAYMENT,208.48,C172193741,910.67,702.19,M969287959,0.0,0.0,0,0
28,CASH_OUT,106608.05,C840604276,230435.86,123827.81,C796074881,29262.37,135870.42,0,0
62,PAYMENT,2934.85,C128321175,29267.49,26332.64,M912308435,0.0,0.0,0,0
64,PAYMENT,3476.21,C177531324,11042.18,7565.97,M429161924,0.0,0.0,0,0
39,CASH_OUT,22342.42,C168814281,32327.07,9984.65,C755990131,2730.38,25072.8,0,0
72,CASH_IN,18795.45,C352027142,2633.95,21429.4,C677235776,61105.05,42309.6,0,0
40,PAYMENT,1438.95,C857969344,3257.54,1818.59,M399534668,0.0,0.0,0,0
39,CASH_OUT,16152.12,C167609777,21099.74,4947.62,C841820249,26535.78,42687.9,0,0
24,CASH_OUT,4134.72,C690664472,7952.08,3817.36,C880839406,35418.35,39553.07,0,0
65,PAYMENT,2259.2,C357850925,9125.48,6866.28,M459908886,0.0,0.0,0,0
53,CASH_IN,3095.9,C614355545,7660.31,10756.21,C400407178,42504.25,39408.35,0,0
83,CASH_IN,14470.02,C954989911,13993.08,28463.1,C467414224,50872.76,36402.74,0,0
97,CASH_OUT,76911.72,C966804968,138819.41,61907.69,C971673736,8376.15,85287.87,0,0
66,PAYMENT,943.83,C529716747,4537.79,3593.96,M398326747,0.0,0.0,0,0
35,PAYMENT,4629.11,C202961772,22263.13,17634.02,M837364568,0.0,0.0,0,0
28,CASH_IN,35802.61,C648463178,10163.65,45966.26,C896763052,58567.16,22764.55,0,0
24,PAYMENT,4391.42,C975290209,12140.78,7749.36,M433935946,0.0,0.0,0,0
16,CASH_OUT,141881.39,C639648583,420166.42,278285.03,C128964044,44195.17,186076.56,0,0
76,PAYMENT,3976.54,C172811767,19971.7,15995.16,M154307238,0.0,0.0,0,0
48,CASH_IN,41010.72,C657232542,6349.42,47360.14,C744186766,17870.66,0.0,0,0
14,CASH_OUT,10554.0,C392411104,25341.5,14787.5,C744458646,9212.81,19766.81,0,0
60,PAYMENT,533.39,C546141624,3185.79,2652.4,M129517566,0.0,0.0,0,0
80,CASH_OUT,8025.87,C913483088,16400.93,8375.06,C712295241,37527.93,45553.8,0,0
37,CASH_IN,23201.95,C674195660,14384.4,37586.35,C714827309,77132.22,53930.27,0,0
72,CASH_IN,1390.66,C341076755,3080.48,4471.14,C102627099,30716.77,29326.11,0,0
17,PAYMENT,468.75,C254860087,533.71,64.96,M526609886,0.0,0.0,0,0
41,CASH_OUT,20423.3,C214001826,45849.77,25426.47,C466573742,24013.61,44436.91,0,0
74,CASH_OUT,146454.78,C626244990,372769.59,226314.81,C445649694,24135.32,170590.1,0,0
49,TRANSFER,163650.86,C255984764,163650.86,0.0,C461661757,3889.95,167540.81,1,0
93,TRANSFER,63019.96,C577420812,218430.83,155410.87,C357215696,32199.8,95219.76,0,0
93,CASH_OUT,42684.58,C319483775,125463.36,82778.78,C322787654,18396.87,61081.45,0,0
84,TRANSFER,247594.11,C614197901,530130.39,282536.28,C892721423,1010.43,248604.54,0,0
53,PAYMENT,2122.12,C741840461,5719.48,3597.36,M807715191,0.0,0.0,0,0
38,CASH_OUT,51812.59,C610235075,125945.55,74132.96,C669723467,44728.84,96541.43,0,0
84,CASH_OUT,51533.0,C105031540,81935.95,30402.95,C367763303,26062.0,77595.0,0,0
41,PAYMENT,3687.5,C727415497,28524.17,24836.67,M965265838,0.0,0.0,0,0
2,DEBIT,272.65,C439809925,731.64,458.99,C710293796,2777.15,3049.8,0,0
26,PAYMENT,871.68,C882685286,7823.23,6951.55,M765053697,0.0,0.0,0,0
32,PAYMENT,644.1,C109957827,1456.94,812.84,M267244216,0.0,0.0,0,0
61,CASH_OUT,140235.15,C680447823,265000.94,124765.79,C688996003,48477.11,188712.26,0,0
32,PAYMENT,4005.89,C928727323,18425.03,14419.14,M741899836,0.0,0.0,0,0
9,PAYMENT,3773.98,C111029898,7978.73,4204.75,M940064269,0.0,0.0,0,0
37,CASH_OUT,18386.44,C830831002,40094.89,21708.45,C501105178,47560.99,65947.43,0,0
82,PAYMENT,3419.21,C242912785,21146.03,17726.82,M893882317,0.0,0.0,0,0
39,CASH_IN,41606.16,C544052965,2150.05,43756.21,C212942798,48927.56,7321.4,0,0
56,DEBIT,1844.72,C873032900,3845.19,2000.47,C826583015,1679.69,3524.41,0,0
96,TRANSFER,23380.12,C299259436,23649.54,269.42,C198339644,63327.42,86707.54,0,0
31,CASH_OUT,57883.28,C270135811,127492.57,69609.29,C471328950,25856.57,83739.85,0,0
94,CASH_OUT,113177.16,C917567004,164428.62,51251.46,C309044028,13608.77,126785.93,0,0
51,CASH_IN,20105.95,C314180354,6345.7,26451.65,C169225783,99647.38,79541.43,0,0
64,CASH_OUT,11179.62,C140477098,31497.68,20318.06,C369557950,4557.04,15736.66,0,0
33,CASH_IN,46054.35,C723756766,2838.34,48892.69,C806704422,85142.22,39087.87,0,0
15,PAYMENT,2235.33,C760348367,17532.06,15296.73,M986247548,0.0,0.0,0,0
16,TRANSFER,235673.39,C817548742,751360.08,515686.69,C692834585,24203.68,259877.07,0,0
16,PAYMENT,1786.1,C213693493,2027.14,241.04,M286424733,0.0,0.0,0,0
65,CASH_OUT,131132.61,C374294621,232366.09,101233.48,C889566539,31104.95,162237.56,0,0
59,CASH_IN,44801.63,C676564508,15679.78,60481.41,C596573456,41981.35,0.0,0,0
45,CASH_OUT,94017.95,C893372662,122893.47,28875.52,C833151318,25065.58,119083.53,0,0
17,PAYMENT,4894.35,C850490102,31928.13,27033.78,M388476710,0.0,0.0,0,0
15,DEBIT,1103.91,C808165999,2834.39,1730.48,C132301980,4102.87,5206.78,0,0
84,CASH_OUT,129708.03,C121531054,306681.6,176973.57,C924174943,23704.86,153412.89,0,0
66,PAYMENT,344.63,C916600009,3414.87,3070.24,M651242503,0.0,0.0,0,0
2,PAYMENT,4302.49,C294260450,23647.92,19345.43,M321569527,0.0,0.0,0,0
83,CASH_IN,12494.93,C664588547,10873.13,23368.06,C961321417,2933.47,0.0,0,0
22,PAYMENT,1696.47,C313767380,14583.31,12886.84,M738834325,0.0,0.0,0,0
26,PAYMENT,509.01,C628480415,4829.23,4320.22,M546659806,0.0,0.0,0,0
23,CASH_IN,32487.88,C131662023,14573.34,47061.22,C631475412,33847.22,1359.34,0,0
89,PAYMENT,2371.28,C270798896,6028.69,3657.41,M108184913,0.0,0.0,0,0
99,CASH_OUT,9019.0,C560890752,16783.4,7764.4,C991683719,20989.07,30008.07,0,0
38,PAYMENT,252.13,C660661324,426.94,174.81,M848965482,0.0,0.0,0,0
85,CASH_OUT,127457.94,C202089278,368025.66,240567.72,C685992093,39959.29,167417.23,0,0
95,CASH_IN,11019.32,C717316531,15260.31,26279.63,C498074249,54335.59,43316.27,0,0
86,PAYMENT,3394.2,C788822198,18340.79,14946.59,M278625156,0.0,0.0,0,0
54,CASH_OUT,36893.15,C814033220,92491.66,55598.51,C908749062,21086.11,57979.26,0,0
91,PAYMENT,1980.3,C792181541,15899.37,13919.07,M577706000,0.0,0.0,0,0
28,CASH_OUT,20946.42,C609889300,37058.2,16111.78,C696379379,46224.1,67170.52,0,0
69,CASH_OUT,120250.44,C455551454,192560.09,72309.65,C233543031,1664.63,121915.07,0,0
93,CASH_OUT,113109.61,C893410057,147576.46,34466.85,C688070959,5523.14,118632.75,0,0
46,CASH_IN,20785.64,C440246860,19703.04,40488.68,C325837388,80179.33,59393.69,0,0
55,TRANSFER,24432.52,C836828463,72969.17,48536.65,C627631129,20860.76,45293.28,0,0
13,PAYMENT,1196.88,C920371691,8442.17,7245.29,M722901319,0.0,0.0,0,0
7,CASH_IN,6911.39,C261897130,6853.4,13764.79,C315066828,98731.97,91820.58,0,0
8,PAYMENT,4926.62,C102314313,46008.04,41081.42,M384759615,0.0,0.0,0,0
90,PAYMENT,445.37,C597148239,1176.89,731.52,M197239910,0.0,0.0,0,0
52,CASH_OUT,123427.49,C886855574,236458.84,113031.35,C154907528,14018.2,137445.69,0,0
62,CASH_OUT,55817.12,C731358204,63136.59,7319.47,C271855720,744.37,56561.49,0,0
76,CASH_IN,3223.21,C329411667,161.54,3384.75,C838953065,2382.44,0.0,0,0
74,CASH_IN,20411.26,C377721135,12604.35,33015.61,C584392493,43869.48,23458.22,0,0
53,CASH_OUT,129008.38,C575006056,360344.39,231336.01,C193080561,7000.66,136009.04,0,0
12,CASH_IN,45373.4,C900622284,19672.18,65045.58,C315289344,13588.07,0.0,0,0
86,CASH_IN,28659.65,C867569137,14287.02,42946.67,C250293240,52447.0,23787.35,0,0
1,CASH_OUT,124585.73,C983000747,189971.94,65386.21,C755783483,20261.26,144846.99,0,0
43,CASH_IN,33979.78,C542081450,2524.81,36504.59,C457831517,31123.65,0.0,0,0
10,PAYMENT,235.16,C839842062,2293.28,2058.12,M564770044,0.0,0.0,0,0
85,CASH_IN,14301.58,C327609166,18169.64,32471.22,C400818814,10975.41,0.0,0,0
38,CASH_OUT,6097.93,C562676904,15539.66,9441.73,C865322884,19381.71,25479.64,0,0
83,CASH_OUT,143443.22,C382232336,236502.4,93059.18,C699883347,30494.19,173937.41,0,0
69,TRANSFER,131577.5,C249571689,149770.77,18193.27,C343052008,1620.46,133197.96,0,0
46,PAYMENT,4457.41,C458349379,31092.37,26634.96,M931641272,0.0,0.0,0,0
93,CASH_OUT,129628.22,C839286808,276193.06,146564.84,C496820123,23676.15,153304.37,0,0
2,PAYMENT,1823.06,C606553372,4759.37,2936.31,M261152186,0.0,0.0,0,0
96,PAYMENT,1799.6,C115617382,1823.73,24.13,M453103733,0.0,0.0,0,0
66,CASH_OUT,8754.74,C705495031,20534.55,11779.81,C596474925,15408.48,24163.22,0,0
58,PAYMENT,4405.18,C717315552,14863.73,10458.55,M540145946,0.0,0.0,0,0
65,TRANSFER,89710.97,C865146816,204810.82,115099.85,C480312748,33640.45,123351.42,0,0
59,PAYMENT,1514.21,C601113183,12747.83,11233.62,M659030686,0.0,0.0,0,0
74,CASH_IN,14895.46,C686332424,13157.99,28053.45,C693099275,10943.14,0.0,0,0
46,PAYMENT,3566.91,C208588563,11359.53,7792.62,M621354015,0.0,0.0,0,0
67,CASH_OUT,98549.93,C152963104,197297.72,98747.79,C210571823,40696.12,139246.05,0,0
96,CASH_IN,12751.75,C214849044,3750.87,16502.62,C310369078,93091.41,80339.66,0,0
79,CASH_IN,40122.11,C249548263,5900.31,46022.42,C839091049,69023.23,28901.12,0,0
44,CASH_OUT,1308.85,C394167073,2816.54,1507.69,C961899652,5152.51,6461.36,0,0
93,PAYMENT,3755.63,C676567501,25420.57,21664.94,M925276600,0.0,0.0,0,0
76,PAYMENT,2349.82,C764231464,15359.79,13009.97,M661344438,0.0,0.0,0,0
57,CASH_IN,5121.81,C224650196,2639.98,7761.79,C249470567,97900.9,92779.09,0,0
56,CASH_OUT,139716.11,C387036404,416511.36,276795.25,C985509949,31649.6,171365.71,0,0
80,CASH_IN,22564.97,C191125018,7962.88,30527.85,C930596908,21421.71,0.0,0,0
72,PAYMENT,4414.11,C484836631,20656.07,16241.96,M889647519,0.0,0.0,0,0
84,CASH_IN,42682.68,C469423515,2270.44,44953.12,C163758329,88588.89,45906.21,0,0
12,PAYMENT,520.0,C149542207,3604.05,3084.05,M922679709,0.0,0.0,0,0
70,PAYMENT,3480.86,C913173027,32497.5,29016.64,M106825346,0.0,0.0,0,0
31,PAYMENT,1380.92,C208482276,10074.65,8693.73,M765956951,0.0,0.0,0,0
13,CASH_OUT,12555.42,C358247252,12867.37,311.95,C908612091,36589.31,49144.73,0,0
47,CASH_OUT,28946.58,C667504460,68134.29,39187.71,C867631312,17428.08,46374.66,0,0
84,PAYMENT,1041.28,C908514919,9453.18,8411.9,M807147441,0.0,0.0,0,0
41,PAYMENT,2034.9,C823643269,15262.92,13228.02,M659088455,0.0,0.0,0,0
6,PAYMENT,1332.44,C766547575,9692.35,8359.91,M260724648,0.0,0.0,0,0
77,PAYMENT,842.5,C791327685,3748.89,2906.39,M161902389,0.0,0.0,0,0
48,CASH_OUT,46434.74,C743925238,88179.3,41744.56,C880711349,49875.05,96309.79,0,0
58,DEBIT,1517.21,C200862648,7148.61,5631.4,C995735458,3587.89,5105.1,0,0
5,CASH_OUT,68589.37,C584912105,189002.12,120412.75,C145543743,12286.08,80875.45,0,0
68,CASH_OUT,51424.31,C214932980,149430.25,98005.94,C380313031,7929.92,59354.23,0,0
35,CASH_OUT,58389.69,C131165166,137699.46,79309.77,C818197581,20215.83,78605.52,0,0
4,PAYMENT,1927.58,C425285707,18654.51,16726.93,M477705443,0.0,0.0,0,0
15,CASH_IN,24730.5,C818356830,15590.52,40321.02,C196725534,8429.77,0.0,0,0
35,CASH_IN,16430.8,C241419420,13224.04,29654.84,C502406970,58357.49,41926.69,0,0
69,PAYMENT,3505.21,C972810297,21047.18,17541.97,M522835822,0.0,0.0,0,0
54,CASH_IN,9762.04,C718121922,7679.57,17441.61,C847704681,40565.63,30803.59,0,0
58,CASH_IN,30702.51,C509171868,12634.24,43336.75,C597950004,15339.99,0.0,0,0
64,CASH_IN,28629.65,C736037933,15363.12,43992.77,C849335149,54928.39,26298.74,0,0
88,PAYMENT,4168.03,C621952950,16132.96,11964.93,M148717205,0.0,0.0,0,0
50,CASH_OUT,26667.78,C452818023,37348.6,10680.82,C804484734,34254.2,60921.98,0,0
54,CASH_OUT,68621.33,C768737754,183450.58,114829.25,C219032752,24991.46,93612.79,0,0
70,CASH_IN,30717.62,C334490716,18252.18,48969.8,C214084752,71824.63,41107.01,0,0
21,PAYMENT,1140.84,C379983216,7760.94,6620.1,M160681634,0.0,0.0,0,0
72,TRANSFER,55553.93,C318300402,140151.47,84597.54,C410335417,57098.4,112652.33,0,0
10,PAYMENT,4593.52,C668341938,19243.68,14650.16,M553504191,0.0,0.0,0,0
76,PAYMENT,3951.58,C826151422,4081.39,129.81,M137440529,0.0,0.0,0,0
37,PAYMENT,1425.83,C196744637,8591.31,7165.48,M948081018,0.0,0.0,0,0
29,PAYMENT,4025.96,C463821821,30120.17,26094.21,M243857676,0.0,0.0,0,0
41,CASH_OUT,104575.59,C473209649,131359.04,26783.45,C856793425,44108.57,148684.16,0,0
30,PAYMENT,300.5,C266952965,1050.79,750.29,M195219997,0.0,0.0,0,0
96,CASH_OUT,127252.86,C852566344,363446.32,236193.46,C484077593,5306.78,132559.64,0,0
69,PAYMENT,2892.72,C187956669,28564.58,25671.86,M754719022,0.0,0.0,0,0
49,PAYMENT,826.89,C398017489,1284.08,457.19,M585522856,0.0,0.0,0,0
48,PAYMENT,2631.51,C174725150,21899.7,19268.19,M964775301,0.0,0.0,0,0
58,CASH_IN,44170.93,C609447916,12340.48,56511.41,C503541834,21616.17,0.0,0,0
85,CASH_OUT,96536.77,C591819409,108280.55,11743.78,C133447745,23949.1,120485.87,0,0
67,PAYMENT,4799.01,C891078163,22150.02,17351.01,M784838854,0.0,0.0,0,0
47,CASH_IN,2099.68,C158521238,5547.12,7646.8,C175462552,55300.58,53200.9,0,0
22,CASH_OUT,35964.57,C486267885,106141.94,70177.37,C100308454,4342.14,40306.71,0,0
54,PAYMENT,859.84,C586174310,5434.65,4574.81,M450979097,0.0,0.0,0,0
18,CASH_OUT,68806.69,C876385418,203909.13,135102.44,C109792590,17887.38,86694.07,0,0
22,PAYMENT,4013.37,C338159583,11037.69,7024.32,M842012632,0.0,0.0,0,0
70,CASH_IN,10097.5,C840739735,7979.85,18077.35,C434702822,67497.01,57399.51,0,0
93,CASH_OUT,92538.65,C737594763,112336.81,19798.16,C591625191,15232.9,107771.55,0,0
39,CASH_IN,27318.55,C436590868,3805.7,31124.25,C899904758,59135.68,31817.13,0,0
26,CASH_IN,46671.88,C438868427,7964.48,54636.36,C653388913,81725.2,35053.32,0,0
93,DEBIT,983.57,C356071459,4102.43,3118.86,C167637817,3252.7,4236.27,0,0
53,PAYMENT,4375.99,C661540259,35672.85,31296.86,M719216978,0.0,0.0,0,0
85,CASH_IN,46377.55,C480035703,3972.53,50350.08,C652024999,75006.29,28628.74,0,0
98,TRANSFER,441998.33,C841180257,441998.33,0.0,C774085859,1193.68,443192.01,1,0
39,CASH_OUT,98131.05,C966616964,229207.28,131076.23,C108399996,27730.11,125861.16,0,0
89,PAYMENT,167.87,C608261670,1594.2,1426.33,M268405336,0.0,0.0,0,0
46,PAYMENT,1043.51,C985637936,6254.52,5211.01,M929530382,0.0,0.0,0,0
26,PAYMENT,1490.18,C191910073,7675.01,6184.83,M774652206,0.0,0.0,0,0
4,CASH_OUT,137068.89,C350976897,210855.74,73786.85,C119996117,48173.73,185242.62,0,0
31,PAYMENT,2537.16,C183192595,14206.37,11669.21,M221528853,0.0,0.0,0,0
73,PAYMENT,2587.82,C285115751,24111.71,21523.89,M652637671,0.0,0.0,0,0
76,CASH_IN,27162.21,C713401763,6273.07,33435.28,C788195959,5747.65,0.0,0,0
63,PAYMENT,3079.57,C106325523,11348.7,8269.13,M452779815,0.0,0.0,0,0
95,CASH_OUT,10125.44,C396251494,18061.4,7935.96,C515644788,7541.79,17667.23,0,0
73,CASH_IN,7528.38,C547207966,9395.29,16923.67,C295876826,14871.13,7342.75,0,0
12,CASH_IN,46296.8,C606450366,1762.81,48059.61,C567482967,27046.11,0.0,0,0
6,PAYMENT,3196.5,C635233264,30250.98,27054.48,M121274005,0.0,0.0,0,0
10,CASH_OUT,142057.62,C465035599,287890.19,145832.57,C962152669,12884.67,154942.29,0,0
91,TRANSFER,119795.79,C626863054,423136.4,303340.61,C533698014,62474.96,182270.75,0,0
44,PAYMENT,251.3,C804470968,799.18,547.88,M518341978,0.0,0.0,0,0
17,CASH_OUT,98671.66,C614001677,113828.38,15156.72,C805008454,12509.94,111181.6,0,0
71,CASH_OUT,21503.91,C102469173,56854.97,35351.06,C559361512,32827.29,54331.2,0,0
52,CASH_IN,4259.83,C423766892,6689.86,10949.69,C677064820,72784.77,68524.94,0,0
95,CASH_OUT,53977.05,C562482630,63614.54,9637.49,C899255963,46032.36,100009.41,0,0
73,CASH_OUT,50082.61,C485385619,90210.28,40127.67,C425159172,31613.63,81696.24,0,0
61,DEBIT,914.42,C778862622,2646.14,1731.72,C286585153,4387.19,5301.61,0,0
82,CASH_OUT,74898.25,C200726798,117131.71,42233.46,C144878805,26177.63,101075.88,0,0
74,CASH_OUT,82174.06,C676762622,132249.48,50075.42,C191404267,37414.83,119588.89,0,0
96,TRANSFER,30974.31,C659340310,90307.46,59333.15,C616716343,15897.89,46872.2,0,0
74,TRANSFER,101522.81,C465272013,125768.57,24245.76,C379954996,54442.36,155965.17,0,0
34,PAYMENT,4241.37,C562554021,9568.95,5327.58,M809015667,0.0,0.0,0,0
67,TRANSFER,70817.14,C509560759,174293.36,103476.22,C218100704,65251.34,136068.48,0,0
37,CASH_OUT,73046.25,C736873048,118104.01,45057.76,C816328133,11025.92,84072.17,0,0
32,CASH_OUT,128393.94,C889488302,148427.69,20033.75,C846213062,48588.26,176982.2,0,0
71,CASH_OUT,34980.07,C694272037,47273.57,12293.5,C502435111,5178.27,40158.34,0,0
9,PAYMENT,2148.54,C803640609,21005.52,18856.98,M689455353,0.0,0.0,0,0
20,CASH_OUT,76238.23,C562619968,143532.28,67294.05,C157076973,18489.03,94727.26,0,0
97,PAYMENT,1513.22,C453932473,9315.23,7802.01,M876189202,0.0,0.0,0,0
2,PAYMENT,3795.91,C761799351,14347.16,10551.25,M233204293,0.0,0.0,0,0
30,PAYMENT,4181.02,C782144873,26817.0,22635.98,M418600131,0.0,0.0,0,0
42,CASH_OUT,39549.74,C781619178,52252.49,12702.75,C952165566,27923.89,67473.63,0,0
62,PAYMENT,3238.06,C273136853,3892.19,654.13,M541199665,0.0,0.0,0,0
43,PAYMENT,4579.46,C496068382,42561.85,37982.39,M639870249,0.0,0.0,0,0
49,CASH_IN,17595.49,C147769095,9489.62,27085.11,C175573878,42825.73,25230.24,0,0
12,TRANSFER,186996.48,C450811990,299640.24,112643.76,C288592093,62921.02,249917.5,0,0
61,PAYMENT,3649.5,C394974196,5139.68,1490.18,M447109525,0.0,0.0,0,0
27,PAYMENT,884.44,C858240572,2056.35,1171.91,M790915223,0.0,0.0,0,0
52,CASH_OUT,17163.24,C576708717,42909.88,25746.64,C774079234,40956.77,58120.01,0,0
32,CASH_OUT,88855.12,C275246883,90142.18,1287.06,C242015997,26870.18,115725.3,0,0
91,CASH_IN,599.64,C816787711,18283.46,18883.1,C155350946,67680.9,67081.26,0,0
41,CASH_OUT,4259.56,C518913409,5766.4,1506.84,C184895487,35457.05,39716.61,0,0
59,PAYMENT,4786.8,C847959430,28729.97,23943.17,M941128035,0.0,0.0,0,0
32,PAYMENT,1667.92,C758487666,3563.06,1895.14,M915028324,0.0,0.0,0,0
96,CASH_OUT,62927.1,C680027275,154372.65,91445.55,C897005281,44270.69,107197.79,0,0
74,CASH_OUT,62770.21,C888074153,77991.03,15220.82,C887101785,43923.98,106694.19,0,0
24,CASH_OUT,46732.7,C405977902,123493.5,76760.8,C825068787,1741.33,48474.03,0,0
49,TRANSFER,199253.46,C225352608,344662.84,145409.38,C269998959,47816.39,247069.85,0,0
9,PAYMENT,2995.99,C440008830,28767.7,25771.71,M961854387,0.0,0.0,0,0
15,CASH_OUT,11615.42,C999123955,22911.36,11295.94,C617700530,284.62,11900.04,0,0
95,CASH_OUT,38675.19,C685957100,58286.36,19611.17,C622368222,22937.54,61612.73,0,0
21,PAYMENT,1093.74,C108643561,4518.73,3424.99,M779553060,0.0,0.0,0,0
77,CASH_OUT,117457.31,C803935444,253349.39,135892.08,C933397627,11377.16,128834.47,0,0
99,TRANSFER,856861.55,C249588410,856861.55,0.0,C194188663,6.04,856867.59,1,0
21,CASH_IN,7019.09,C715997729,15845.56,22864.65,C976450587,82643.86,75624.77,0,0
46,CASH_OUT,90058.44,C195840932,141155.44,51097.0,C215746097,20145.98,110204.42,0,0
12,CASH_OUT,79491.7,C971839315,201011.65,121519.95,C957091885,23436.95,102928.65,0,0
57,PAYMENT,1029.75,C298101702,1351.24,321.49,M859279763,0.0,0.0,0,0
27,PAYMENT,2130.21,C180194702,11295.43,9165.22,M846635979,0.0,0.0,0,0
77,PAYMENT,4937.7,C255357534,16076.6,11138.9,M680051935,0.0,0.0,0,0
39,CASH_OUT,81074.8,C248068723,135231.55,54156.75,C455245683,22275.8,103350.6,0,0
53,PAYMENT,4126.14,C255370170,15323.7,11197.56,M915588814,0.0,0.0,0,0
30,PAYMENT,2045.63,C188043753,10192.86,8147.23,M576884254,0.0,0.0,0,0
26,CASH_IN,18260.36,C509572465,4571.6,22831.96,C916806401,71003.35,52742.99,0,0
100,PAYMENT,2507.41,C310851346,15429.09,12921.68,M517386186,0.0,0.0,0,0
17,PAYMENT,4045.39,C990514408,5599.9,1554.51,M231563076,0.0,0.0,0,0
38,CASH_OUT,77700.32,C108677810,183108.63,105408.31,C806175094,2865.88,80566.2,0,0
37,PAYMENT,1210.79,C717783670,11364.82,10154.03,M655940297,0.0,0.0,0,0
62,CASH_IN,9213.37,C887528569,11791.16,21004.53,C922438684,82190.5,72977.13,0,0
36,CASH_OUT,83054.16,C366467312,202848.1,119793.94,C744253537,14246.04,97300.2,0,0
95,CASH_IN,49596.6,C658850084,4274.69,53871.29,C404865220,51655.49,2058.89,0,0
66,PAYMENT,3808.24,C221166907,8045.05,4236.81,M437455876,0.0,0.0,0,0
88,PAYMENT,1999.65,C689834838,5249.3,3249.65,M251055978,0.0,0.0,0,0
56,PAYMENT,2694.57,C965984448,25497.01,22802.44,M872482077,0.0,0.0,0,0
66,CASH_OUT,95180.48,C483143483,249291.5,154111.02,C952400997,20177.0,115357.48,0,0
9,TRANSFER,637153.21,C219039671,637153.21,0.0,C703832627,1560.25,638713.46,1,0
84,PAYMENT,4793.33,C183012525,29184.77,24391.44,M341142023,0.0,0.0,0,0
54,PAYMENT,2561.12,C260908861,13070.04,10508.92,M948523253,0.0,0.0,0,0
62,PAYMENT,39.12,C366338529,122.04,82.92,M511859868,0.0,0.0,0,0
95,CASH_IN,38951.47,C897717178,12094.28,51045.75,C667861313,24586.97,0.0,0,0
96,CASH_OUT,80775.22,C765722917,174133.17,93357.95,C338511767,14427.92,95203.14,0,0
46,CASH_IN,7979.59,C108480736,6694.25,14673.84,C610559862,65140.25,57160.66,0,0
98,CASH_OUT,139482.25,C202657152,219799.26,80317.01,C382004346,27783.51,167265.76,0,0
40,CASH_OUT,40537.99,C917489574,47615.7,7077.71,C242278314,21548.98,62086.97,0,0
60,CASH_OUT,96764.43,C980917094,240198.94,143434.51,C942495598,380.26,97144.69,0,0
64,CASH_IN,28747.4,C862685924,995.62,29743.02,C888467237,63579.71,34832.31,0,0
53,CASH_OUT,38431.25,C632616543,67672.01,29240.76,C873481842,45160.91,83592.16,0,0
48,PAYMENT,186.72,C145059179,192.97,6.25,M301949932,0.0,0.0,0,0
30,TRANSFER,523.18,C398145849,1070.88,547.7,C847731349,28551.97,29075.15,0,0
78,PAYMENT,249.91,C194170046,2485.01,2235.1,M547704086,0.0,0.0,0,0
32,PAYMENT,2283.05,C870281257,22406.76,20123.71,M143199628,0.0,0.0,0,0
75,CASH_IN,13278.33,C768099110,6078.64,19356.97,C789967337,26694.63,13416.3,0,0
53,CASH_OUT,95033.17,C851789855,137185.18,42152.01,C348493551,21303.79,116336.96,0,0
62,CASH_IN,27764.11,C732949009,11065.59,38829.7,C516206207,89453.09,61688.98,0,0
74,TRANSFER,79981.0,C540468682,124968.31,44987.31,C563527323,57153.27,137134.27,0,0
55,CASH_OUT,19937.79,C467357881,48613.0,28675.21,C471771396,27619.13,47556.92,0,0
79,TRANSFER,190843.35,C150331916,345547.06,154703.71,C343089152,42715.28,233558.63,0,0
82,PAYMENT,3058.49,C517298229,6202.89,3144.4,M730291513,0.0,0.0,0,0
88,CASH_OUT,117893.83,C809752821,228555.6,110661.77,C247389687,4549.38,122443.21,0,0
86,PAYMENT,343.06,C487195336,2022.93,1679.87,M664852025,0.0,0.0,0,0
77,CASH_OUT,4847.9,C675066010,12247.34,7399.44,C125532712,39522.28,44370.18,0,0
62,CASH_IN,33218.62,C302579662,9574.69,42793.31,C613544342,10805.65,0.0,0,0
31,PAYMENT,1082.3,C253649806,10132.13,9049.83,M732849071,0.0,0.0,0,0
63,PAYMENT,1477.16,C958762678,2021.61,544.45,M587326515,0.0,0.0,0,0
37,PAYMENT,324.05,C359835090,1446.77,1122.72,M535581497,0.0,0.0,0,0
21,CASH_OUT,71669.53,C610778600,180021.11,108351.58,C314164216,14362.25,86031.78,0,0
76,TRANSFER,455931.58,C432556882,455931.58,0.0,C434813242,2511.64,458443.22,1,0
63,CASH_OUT,65632.12,C611496412,81310.95,15678.83,C436233641,9055.24,74687.36,0,0
14,CASH_IN,29072.64,C594178396,13172.62,42245.26,C964159830,64476.51,35403.87,0,0
86,TRANSFER,224006.88,C646310475,768851.03,544844.15,C124704065,64498.13,288505.01,0,0
20,CASH_IN,34291.27,C249103783,18676.38,52967.65,C316403562,74474.29,40183.02,0,0
24,PAYMENT,2081.0,C302515882,10690.34,8609.34,M585782154,0.0,0.0,0,0
65,CASH_OUT,64035.84,C334352988,108189.71,44153.87,C985266387,12038.53,76074.37,0,0
29,TRANSFER,810974.11,C558087572,810974.11,0.0,C915053296,1752.96,812727.07,1,0
45,PAYMENT,2001.81,C177978257,6479.54,4477.73,M234769091,0.0,0.0,0,0
35,CASH_OUT,946902.28,C608740226,946902.28,0.0,C234371566,762.33,947664.61,1,0
75,PAYMENT,1555.81,C148757534,13244.84,11689.03,M746447648,0.0,0.0,0,0
86,CASH_OUT,97563.42,C488481638,124592.99,27029.57,C658569651,44853.29,142416.71,0,0
10,CASH_OUT,120330.64,C326573048,227095.62,106764.98,C793556088,14121.12,134451.76,0,0
7,TRANSFER,247099.88,C814044769,756632.07,509532.19,C960552321,57560.18,304660.06,0,0
34,PAYMENT,2780.65,C989088290,16087.1,13306.45,M408452105,0.0,0.0,0,0
95,CASH_IN,23600.89,C620815076,11704.53,35305.42,C582664425,20932.5,0.0,0,0
89,PAYMENT,1777.52,C477882582,14001.32,12223.8,M849902580,0.0,0.0,0,0
58,CASH_OUT,47427.0,C161074677,57524.74,10097.74,C244763884,6211.94,53638.94,0,0
91,PAYMENT,2676.91,C874092750,18377.92,15701.01,M463083379,0.0,0.0,0,0
45,CASH_IN,47293.46,C533588911,11599.08,58892.54,C982466864,65875.54,18582.08,0,0
53,PAYMENT,2275.0,C162054679,13208.21,10933.21,M242635234,0.0,0.0,0,0
50,PAYMENT,1698.29,C524554436,16342.16,14643.87,M149198538,0.0,0.0,0,0
35,DEBIT,1050.13,C837376984,1896.39,846.26,C270689421,2554.22,3604.35,0,0
5,PAYMENT,1639.77,C890712224,11265.01,9625.24,M610456846,0.0,0.0,0,0
50,PAYMENT,1621.42,C575201165,11686.44,10065.02,M710308420,0.0,0.0,0,0
9,DEBIT,1866.57,C264636839,4331.58,2465.01,C505793871,3599.93,5466.5,0,0
25,CASH_IN,6453.14,C842277684,16288.92,22742.06,C297952816,58440.21,51987.07,0,0
97,PAYMENT,3550.65,C437691152,16776.2,13225.55,M391518128,0.0,0.0,0,0
14,TRANSFER,969973.79,C522178551,969973.79,0.0,C902937649,3074.35,973048.14,1,1
64,PAYMENT,2968.78,C317459614,29389.43,26420.65,M183101094,0.0,0.0,0,0
36,CASH_OUT,123036.2,C698663298,135073.77,12037.57,C322949179,7412.81,130449.01,0,0
93,CASH_IN,47285.53,C510148951,17400.52,64686.05,C376322265,63796.25,16510.72,0,0
69,TRANSFER,131918.47,C286283655,264861.54,132943.07,C347648853,76147.14,208065.61,0,0
96,PAYMENT,4911.99,C472384530,33036.48,28124.49,M280267742,0.0,0.0,0,0
19,CASH_IN,39228.65,C841520570,15071.88,54300.53,C319044298,4198.33,0.0,0,0
28,DEBIT,1636.97,C818341713,6682.35,5045.38,C789927700,2659.69,4296.66,0,0
24,PAYMENT,4119.02,C963572942,36376.09,32257.07,M439531501,0.0,0.0,0,0
34,PAYMENT,2270.46,C698452695,10519.96,8249.5,M994135247,0.0,0.0,0,0
53,CASH_OUT,62879.12,C709329827,130012.88,67133.76,C511326341,16690.14,79569.26,0,0
40,PAYMENT,1711.95,C329987621,9204.19,7492.24,M922653967,0.0,0.0,0,0
16,PAYMENT,385.3,C151416270,671.04,285.74,M354979960,0.0,0.0,0,0
24,PAYMENT,2163.51,C805778992,16521.63,14358.12,M131344962,0.0,0.0,0,0
51,CASH_OUT,25829.66,C984830703,54395.44,28565.78,C278460662,15186.12,41015.78,0,0
23,PAYMENT,2153.09,C649754558,7339.03,5185.94,M307582943,0.0,0.0,0,0
55,CASH_OUT,65071.23,C889123047,171736.49,106665.26,C267373231,39677.93,104749.16,0,0
25,CASH_IN,19718.93,C688421294,6468.37,26187.3,C240553542,79336.47,59617.54,0,0
97,CASH_OUT,77881.97,C635354547,128010.41,50128.44,C292198192,18693.94,96575.91,0,0
43,CASH_IN,7007.47,C163771640,16335.25,23342.72,C687430562,33631.31,26623.84,0,0
85,CASH_IN,47898.76,C932332520,13012.24,60911.0,C149544013,43436.25,0.0,0,0
40,PAYMENT,4805.03,C925310631,31896.15,27091.12,M410075739,0.0,0.0,0,0
18,PAYMENT,3841.75,C556845156,36306.33,32464.58,M297822758,0.0,0.0,0,0
15,PAYMENT,4117.3,C683155818,24203.1,20085.8,M493914829,0.0,0.0,0,0
1,CASH_OUT,37825.06,C833935852,50024.71,12199.65,C909920336,3080.98,40906.04,0,0
90,CASH_IN,4376.85,C801846847,11480.05,15856.9,C641359164,31913.58,27536.73,0,0
88,PAYMENT,3282.14,C855171538,5712.31,2430.17,M103893877,0.0,0.0,0,0
89,TRANSFER,198478.65,C746116751,280780.57,82301.92,C458055473,75522.42,274001.07,0,0
78,PAYMENT,4724.03,C857725862,16449.5,11725.47,M377539386,0.0,0.0,0,0
97,CASH_OUT,70735.43,C944420203,209017.12,138281.69,C136631805,34403.06,105138.49,0,0
27,CASH_OUT,132036.94,C912381668,352471.66,220434.72,C421686223,21591.13,153628.07,0,0
47,CASH_OUT,16887.65,C646250322,17432.97,545.32,C590650359,19001.46,35889.11,0,0
70,CASH_OUT,6064.75,C836040046,15149.1,9084.35,C585796257,23138.45,29203.2,0,0
91,PAYMENT,1332.75,C762427117,10140.5,8807.75,M143650990,0.0,0.0,0,0
23,PAYMENT,3232.78,C933345770,26710.04,23477.26,M897147278,0.0,0.0,0,0
20,CASH_OUT,121195.32,C497034107,310872.71,189677.39,C380517824,11809.79,133005.11,0,0
78,CASH_IN,16478.13,C664634125,17584.79,34062.92,C711205057,46560.25,30082.12,0,0
53,CASH_OUT,71911.99,C633542934,101221.44,29309.45,C202555271,48468.73,120380.72,0,0
17,CASH_IN,42175.13,C248232294,17694.42,59869.55,C124728380,99236.73,57061.6,0,0
82,CASH_IN,6252.64,C607387223,17853.73,24106.37,C815019129,42298.52,36045.88,0,0
66,PAYMENT,2644.04,C849863778,14590.97,11946.93,M501553607,0.0,0.0,0,0
64,CASH_OUT,138375.05,C722889019,213363.84,74988.79,C112609563,1040.48,139415.53,0,0
16,CASH_OUT,127945.86,C437755361,245568.09,117622.23,C575191040,1642.99,129588.85,0,0
67,CASH_IN,8377.59,C374797453,19261.71,27639.3,C475877510,90546.91,82169.32,0,0
67,PAYMENT,1277.31,C104338455,8917.84,7640.53,M691039645,0.0,0.0,0,0
95,CASH_IN,27502.15,C196814848,16595.3,44097.45,C879685499,91585.89,64083.74,0,0
23,PAYMENT,1334.3,C645369987,2839.34,1505.04,M617817389,0.0,0.0,0,0
60,TRANSFER,120753.47,C852047789,136444.55,15691.08,C700820902,54505.56,175259.03,0,0
52,TRANSFER,123505.58,C617842580,364579.56,241073.98,C201975326,33799.35,157304.93,0,0
80,PAYMENT,1416.19,C570365157,7691.06,6274.87,M996309776,0.0,0.0,0,0
81,PAYMENT,3619.39,C863412586,29314.41,25695.02,M357798550,0.0,0.0,0,0
75,CASH_OUT,96124.73,C648710142,192906.96,96782.23,C349564952,35231.46,131356.19,0,0
23,CASH_IN,9288.48,C216345156,16141.55,25430.03,C937878293,23079.76,13791.28,0,0
96,CASH_OUT,148193.79,C906987321,338020.95,189827.16,C342466812,22682.7,170876.49,0,0
64,PAYMENT,4986.72,C266701228,47076.45,42089.73,M462276937,0.0,0.0,0,0
50,PAYMENT,1647.56,C216649547,11122.73,9475.17,M584832360,0.0,0.0,0,0
23,PAYMENT,663.36,C127681228,5379.76,4716.4,M484659715,0.0,0.0,0,0
99,PAYMENT,1170.74,C963592105,5991.7,4820.96,M197106014,0.0,0.0,0,0
26,CASH_OUT,12599.59,C574484446,15116.38,2516.79,C311952606,29468.79,42068.38,0,0
99,PAYMENT,4369.86,C570685902,33604.87,29235.01,M885764410,0.0,0.0,0,0
38,CASH_IN,35466.38,C430059164,1459.88,36926.26,C943493564,89772.1,54305.72,0,0
32,CASH_IN,27514.17,C352268460,18706.35,46220.52,C102051917,55761.92,28247.75,0,0
28,CASH_OUT,17828.02,C736047284,19921.11,2093.09,C277069484,37039.0,54867.02,0,0
22,CASH_OUT,132749.4,C298267042,202892.17,70142.77,C977370600,27568.03,160317.43,0,0
13,PAYMENT,4289.15,C759142836,14592.14,10302.99,M742045128,0.0,0.0,0,0
53,CASH_IN,47968.84,C194586747,14419.01,62387.85,C951511125,92643.85,44675.01,0,0
29,PAYMENT,1781.19,C536217455,2934.46,1153.27,M441765096,0.0,0.0,0,0
13,CASH_OUT,146807.15,C429526663,151489.05,4681.9,C669165072,9285.62,156092.77,0,0
64,PAYMENT,714.81,C288444798,6796.5,6081.69,M628527920,0.0,0.0,0,0
65,PAYMENT,1491.66,C733127285,9518.88,8027.22,M991346322,0.0,0.0,0,0
21,CASH_OUT,134264.18,C702573674,156285.89,22021.71,C365832458,8418.99,142683.17,0,0
86,CASH_IN,11886.21,C691701787,14737.87,26624.08,C738881101,26929.24,15043.03,0,0
39,CASH_OUT,16841.32,C739712731,18074.52,1233.2,C885876277,36934.02,53775.34,0,0
90,CASH_OUT,145974.71,C130998324,379333.89,233359.18,C753770973,35489.14,181463.85,0,0
79,CASH_OUT,20178.77,C821672704,29806.98,9628.21,C226552991,5847.45,26026.22,0,0
38,PAYMENT,4202.71,C242292276,36394.46,32191.75,M593251831,0.0,0.0,0,0
83,CASH_IN,49025.18,C984362336,17858.97,66884.15,C338651333,56269.31,7244.13,0,0
80,CASH_OUT,84393.65,C645823493,197730.0,113336.35,C802867083,47517.76,131911.41,0,0
64,CASH_IN,24550.82,C547047480,12630.17,37180.99,C430720723,34519.47,9968.65,0,0
9,CASH_IN,28901.23,C322272362,4900.94,33802.17,C593054651,60721.65,31820.42,0,0
76,CASH_OUT,101791.13,C710898358,226245.68,124454.55,C294627041,38958.21,140749.34,0,0
83,PAYMENT,1214.92,C387547461,1931.45,716.53,M822628024,0.0,0.0,0,0
77,CASH_IN,44381.56,C186536594,18932.01,63313.57,C614076961,27780.33,0.0,0,0
68,CASH_IN,31759.86,C495446550,8372.49,40132.35,C214168939,4320.15,0.0,0,0
29,PAYMENT,4475.15,C657162259,14568.62,10093.47,M184675178,0.0,0.0,0,0
38,CASH_OUT,661602.36,C444939454,661602.36,0.0,C125528300,4983.94,666586.3,1,0
72,CASH_OUT,42473.26,C753962570,51656.36,9183.1,C834883010,3191.85,45665.11,0,0
9,CASH_OUT,137769.11,C235155873,199151.92,61382.81,C955971089,48944.57,186713.68,0,0
65,CASH_OUT,145493.55,C478325727,314136.69,168643.14,C549897021,26662.05,172155.6,0,0
82,PAYMENT,1197.89,C412862865,3450.44,2252.55,M332071545,0.0,0.0,0,0
77,PAYMENT,157.97,C162657456,998.0,840.03,M213781087,0.0,0.0,0,0
85,PAYMENT,3646.05,C451583458,30296.89,26650.84,M618221003,0.0,0.0,0,0
47,CASH_OUT,10526.32,C856528252,15324.18,4797.86,C810026086,14469.4,24995.72,0,0
13,CASH_OUT,141419.13,C763047617,237667.1,96247.97,C278165076,35820.58,177239.71,0,0
90,CASH_IN,36667.42,C505295431,19298.26,55965.68,C847455877,37796.74,1129.32,0,0
97,CASH_IN,535.65,C151694764,5756.91,6292.56,C521626653,68076.3,67540.65,0,0
33,CASH_OUT,115143.87,C874090950,308202.63,193058.76,C831062591,31412.41,146556.28,0,0
64,PAYMENT,3195.64,C103969701,9818.5,6622.86,M844339911,0.0,0.0,0,0
33,CASH_OUT,69220.18,C519998159,172924.6,103704.42,C825088319,36715.67,105935.85,0,0
61,CASH_OUT,83680.14,C550855136,87867.86,4187.72,C402142953,43605.97,127286.11,0,0
92,PAYMENT,2655.13,C741444618,14735.86,12080.73,M587173220,0.0,0.0,0,0
7,TRANSFER,151405.63,C299710882,235217.23,83811.6,C515486106,76899.68,228305.31,0,0
29,CASH_IN,35716.03,C178343942,4134.74,39850.77,C631797707,64401.69,28685.66,0,0
36,PAYMENT,134.44,C221814525,738.26,603.82,M299767568,0.0,0.0,0,0
65,CASH_IN,15153.05,C453397017,17763.1,32916.15,C380389567,99644.9,84491.85,0,0
77,PAYMENT,782.12,C156488296,5131.13,4349.01,M910069356,0.0,0.0,0,0
46,CASH_OUT,31554.94,C648242211,73372.62,41817.68,C206310240,2236.78,33791.72,0,0
99,CASH_OUT,9980.07,C616974827,16994.71,7014.64,C944284468,28122.91,38102.98,0,0
60,PAYMENT,189.86,C532514798,1758.54,1568.68,M672805833,0.0,0.0,0,0
42,CASH_OUT,49103.54,C975938389,90581.14,41477.6,C859548363,15739.42,64842.96,0,0
22,CASH_OUT,64786.47,C706548633,67819.56,3033.09,C921348247,48667.85,113454.32,0,0
63,TRANSFER,80248.15,C636865376,141826.29,61578.14,C133329291,37887.8,118135.95,0,0
81,CASH_IN,21662.66,C465859402,18781.6,40444.26,C473520526,91784.44,70121.78,0,0
44,PAYMENT,1514.46,C100346058,13739.4,12224.94,M401620687,0.0,0.0,0,0
95,CASH_IN,45466.03,C817793095,3361.99,48828.02,C324741375,78553.13,33087.1,0,0
61,CASH_OUT,144065.62,C812682111,341168.72,197103.1,C183839817,26959.86,171025.48,0,0
36,PAYMENT,2480.06,C253803731,11422.66,8942.6,M222988105,0.0,0.0,0,0
10,PAYMENT,775.05,C307821754,7643.95,6868.9,M865497633,0.0,0.0,0,0
83,PAYMENT,3424.99,C936597989,18175.67,14750.68,M846668526,0.0,0.0,0,0
77,PAYMENT,4512.06,C457885126,8862.86,4350.8,M448485542,0.0,0.0,0,0
24,PAYMENT,1474.09,C263376073,12063.55,10589.46,M918230535,0.0,0.0,0,0
69,DEBIT,1029.99,C118241330,4476.33,3446.34,C350591155,4120.85,5150.84,0,0
9,PAYMENT,805.9,C467328357,5807.13,5001.23,M975333606,0.0,0.0,0,0
33,CASH_OUT,29203.78,C414778396,37086.08,7882.3,C924668479,43816.95,73020.73,0,0
28,CASH_OUT,43204.82,C693091238,117105.27,73900.45,C224416241,46281.46,89486.28,0,0
12,CASH_IN,31005.14,C630873266,3775.71,34780.85,C706268926,30678.19,0.0,0,0
11,TRANSFER,106623.17,C826413906,152442.54,45819.37,C845730200,16301.03,122924.2,0,0
21,CASH_OUT,141419.39,C923981508,246360.34,104940.95,C912796933,23374.55,164793.94,0,0
33,CASH_OUT,114998.31,C345582133,336011.55,221013.24,C759880446,12019.6,127017.91,0,0
10,CASH_OUT,2142.32,C912700913,5347.87,3205.55,C658280271,8309.85,10452.17,0,0
88,PAYMENT,3831.61,C757213142,10365.27,6533.66,M436319356,0.0,0.0,0,0
22,CASH_OUT,63330.29,C462267940,135734.24,72403.95,C757463001,42445.04,105775.33,0,0
10,CASH_OUT,30125.96,C686291021,70802.47,40676.51,C311147379,12501.18,42627.14,0,0
58,CASH_OUT,41367.32,C710133596,104355.08,62987.76,C138380513,7401.2,48768.52,0,0
92,PAYMENT,1138.88,C414644549,2582.57,1443.69,M793486600,0.0,0.0,0,0
41,CASH_OUT,28317.97,C996869990,38348.88,10030.91,C313915836,14746.62,43064.59,0,0
8,TRANSFER,59971.54,C915280769,82137.51,22165.97,C483959761,44311.89,104283.43,0,0
68,PAYMENT,1747.48,C829141955,7897.27,6149.79,M455618641,0.0,0.0,0,0
1,PAYMENT,2587.1,C516892730,10285.78,7698.68,M151989168,0.0,0.0,0,0
97,CASH_IN,25871.63,C599221581,17798.31,43669.94,C661950074,9756.19,0.0,0,0
53,CASH_OUT,20665.25,C740285150,43622.88,22957.63,C120897684,4603.48,25268.73,0,0
71,PAYMENT,1107.09,C574792409,3138.9,2031.81,M388614830,0.0,0.0,0,0
80,CASH_IN,46176.95,C153009488,4412.5,50589.45,C858359280,44904.67,0.0,0,0
8,PAYMENT,645.35,C148445575,2671.68,2026.33,M493429840,0.0,0.0,0,0
25,PAYMENT,4838.14,C715108993,46306.44,41468.3,M645126493,0.0,0.0,0,0
20,PAYMENT,3423.76,C429408986,31691.18,28267.42,M763705212,0.0,0.0,0,0
2,CASH_OUT,72083.17,C485176589,103488.73,31405.56,C697653732,2929.24,75012.41,0,0
41,CASH_IN,5638.7,C476459251,4742.59,10381.29,C859040836,83311.83,77673.13,0,0
46,CASH_OUT,101609.79,C152560325,268268.06,166658.27,C379351967,8693.39,110303.18,0,0
20,TRANSFER,210249.29,C430242008,603351.35,393102.06,C489703924,25240.0,235489.29,0,0
37,CASH_OUT,112323.39,C914691870,307355.52,195032.13,C700530563,33558.66,145882.05,0,0
55,CASH_OUT,47473.4,C200812989,80406.74,32933.34,C157948332,22001.89,69475.29,0,0
64,CASH_OUT,92579.26,C505657194,234497.85,141918.59,C478777212,14221.88,106801.14,0,0
91,CASH_OUT,77282.95,C312185392,189749.55,112466.6,C759835947,22749.47,100032.42,0,0
60,PAYMENT,2172.2,C653747656,7376.76,5204.56,M858166756,0.0,0.0,0,0
12,PAYMENT,3708.93,C576977976,30536.25,26827.32,M546257594,0.0,0.0,0,0
30,PAYMENT,401.66,C869850535,2662.63,2260.97,M444032199,0.0,0.0,0,0
45,PAYMENT,50.73,C157658939,245.0,194.27,M825063010,0.0,0.0,0,0
4,CASH_OUT,74273.24,C450717961,176826.69,102553.45,C939552941,40337.98,114611.22,0,0
65,CASH_OUT,59131.47,C161042301,64848.83,5717.36,C279316246,7795.47,66926.94,0,0
38,CASH_IN,24575.82,C779573843,15639.49,40215.31,C718345671,33262.74,8686.92,0,0
58,PAYMENT,3698.76,C825340529,28412.82,24714.06,M340848222,0.0,0.0,0,0
95,CASH_OUT,122371.45,C870253965,276886.28,154514.83,C835865418,9206.62,131578.07,0,0
44,CASH_IN,9533.05,C571575822,5169.27,14702.32,C494991422,61118.56,51585.51,0,0
40,CASH_OUT,49166.26,C196954451,74852.57,25686.31,C731738359,15677.78,64844.04,0,0
43,CASH_IN,16446.37,C190305664,13800.87,30247.24,C388545571,13556.94,0.0,0,0
45,CASH_IN,16026.05,C365180555,3635.03,19661.08,C151063294,1053.06,0.0,0,0
90,CASH_IN,33165.0,C238392700,1410.49,34575.49,C339417144,12323.66,0.0,0,0
77,CASH_IN,43474.6,C359085951,9890.64,53365.24,C813942334,70458.31,26983.71,0,0
6,CASH_OUT,134895.74,C423581317,228715.09,93819.35,C656812572,14353.27,149249.01,0,0
56,CASH_OUT,73945.12,C805708989,201104.61,127159.49,C461083934,40035.15,113980.27,0,0
45,CASH_OUT,80801.04,C895018763,118048.93,37247.89,C792681026,6316.28,87117.32,0,0
78,PAYMENT,210.77,C705180256,364.84,154.07,M130465806,0.0,0.0,0,0
18,CASH_OUT,40973.29,C156788412,93111.57,52138.28,C550449730,47757.82,88731.11,0,0
80,CASH_OUT,77285.61,C610241500,106334.94,29049.33,C808914863,49309.07,126594.68,0,0
89,CASH_OUT,28085.15,C128817630,79275.69,51190.54,C174615426,19294.71,47379.86,0,0
37,PAYMENT,2491.21,C214099789,6969.77,4478.56,M753910715,0.0,0.0,0,0
56,CASH_OUT,10134.09,C553393108,15460.07,5325.98,C193676413,47433.1,57567.19,0,0
30,PAYMENT,784.18,C501387022,6802.67,6018.49,M882206689,0.0,0.0,0,0
4,CASH_IN,42178.94,C174499298,10571.13,52750.07,C746027566,56128.46,13949.52,0,0
61,CASH_OUT,9083.88,C132239174,13505.82,4421.94,C631430073,16676.92,25760.8,0,0
23,TRANSFER,146926.62,C609578849,298664.65,151738.03,C475551835,67012.3,213938.92,0,0
5,CASH_IN,49325.46,C882649759,14953.98,64279.44,C680300568,38752.51,0.0,0,0
72,PAYMENT,4055.25,C622754862,4997.99,942.74,M409024558,0.0,0.0,0,0
99,TRANSFER,10456.44,C885318610,22117.88,11661.44,C651625758,65661.42,76117.86,0,0
48,PAYMENT,3623.85,C140539484,23648.12,20024.27,M530189140,0.0,0.0,0,0
20,CASH_IN,16046.79,C257398836,8933.91,24980.7,C519403103,79888.22,63841.43,0,0
27,PAYMENT,3606.55,C915966459,31418.61,27812.06,M375254733,0.0,0.0,0,0
85,PAYMENT,2898.58,C946387649,6436.3,3537.72,M599090130,0.0,0.0,0,0
36,TRANSFER,230152.42,C755413145,509054.4,278901.98,C851936102,51510.35,281662.77,0,0
64,TRANSFER,195939.8,C524128244,777703.42,581763.62,C668211193,51110.53,247050.33,0,0
21,PAYMENT,4427.75,C582137012,20495.94,16068.19,M879559338,0.0,0.0,0,0
66,PAYMENT,4331.83,C433924832,8073.54,3741.71,M805831207,0.0,0.0,0,0
75,CASH_OUT,36730.13,C568035089,89636.32,52906.19,C817662257,7708.47,44438.6,0,0
75,CASH_OUT,98019.48,C382451081,164289.52,66270.04,C134654722,13044.06,111063.54,0,0
12,CASH_IN,15837.27,C580035742,14904.78,30742.05,C634050562,2759.14,0.0,0,0
51,PAYMENT,4404.21,C549872125,25967.09,21562.88,M638356589,0.0,0.0,0,0
50,PAYMENT,3689.28,C365639987,24490.64,20801.36,M575839885,0.0,0.0,0,0
3,TRANSFER,97156.94,C483794405,259785.46,162628.52,C204251102,61380.33,158537.27,0,0
97,CASH_OUT,146080.23,C482077381,343196.92,197116.69,C854472006,16565.91,162646.14,0,0
27,TRANSFER,143130.62,C835446358,440685.8,297555.18,C849776292,16241.22,159371.84,0,0
39,CASH_OUT,9961.96,C563683590,11073.51,1111.55,C827529296,2610.16,12572.12,0,0
8,CASH_IN,7232.39,C250649491,3205.06,10437.45,C983089574,97237.41,90005.02,0,0
5,CASH_OUT,104558.73,C390214900,181261.74,76703.01,C460385246,25629.21,130187.94,0,0
45,CASH_IN,40720.66,C258519927,17788.58,58509.24,C907087951,67895.36,27174.7,0,0
44,CASH_OUT,93466.35,C544872135,249737.52,156271.17,C737501776,46678.21,140144.56,0,0
86,CASH_OUT,59594.57,C196965642,160041.25,100446.68,C877640817,11802.06,71396.63,0,0
8,CASH_OUT,71490.34,C239654428,82653.23,11162.89,C579065046,33841.12,105331.46,0,0
47,CASH_IN,16091.07,C693675284,9253.81,25344.88,C956878875,52491.16,36400.09,0,0
35,CASH_OUT,44571.36,C944550454,120890.87,76319.51,C896082218,33067.52,77638.88,0,0
77,PAYMENT,4694.25,C196663365,45118.41,40424.16,M267729318,0.0,0.0,0,0
76,PAYMENT,2228.11,C830125895,16176.91,13948.8,M108657116,0.0,0.0,0,0
89,TRANSFER,228269.52,C125746915,257053.98,28784.46,C642439744,61236.95,289506.47,0,1
48,CASH_OUT,114339.63,C753398200,203663.25,89323.62,C773437464,20249.35,134588.98,0,0
38,PAYMENT,4407.13,C218558797,15649.79,11242.66,M251073179,0.0,0.0,0,0
80,CASH_OUT,121316.87,C581647157,127734.46,6417.59,C345423703,28554.09,149870.96,0,0
55,PAYMENT,1810.34,C275994127,16991.26,15180.92,M921512026,0.0,0.0,0,0
97,CASH_IN,20206.51,C766046560,11330.59,31537.1,C671209497,45936.42,25729.91,0,0
90,PAYMENT,3343.84,C607134650,17292.19,13948.35,M992652034,0.0,0.0,0,0
52,CASH_IN,6583.77,C941039537,3686.51,10270.28,C780251241,42454.66,35870.89,0,0
44,CASH_OUT,113269.28,C492566853,249750.37,136481.09,C313736772,20069.35,133338.63,0,0
61,CASH_OUT,77397.94,C367378177,188569.46,111171.52,C505968811,9384.2,86782.14,0,0
37,CASH_IN,8335.37,C149970088,4348.31,12683.68,C250098218,65872.4,57537.03,0,0
72,CASH_OUT,5441.86,C772249140,12269.05,6827.19,C781286134,12295.69,17737.55,0,0
92,PAYMENT,1936.05,C250257242,11934.91,9998.86,M395384759,0.0,0.0,0,0
99,CASH_IN,14150.32,C275121354,8003.59,22153.91,C516500500,15060.6,910.28,0,0
61,PAYMENT,4696.08,C717499666,13274.67,8578.59,M730814687,0.0,0.0,0,0
92,CASH_IN,36995.78,C265653546,7214.0,44209.78,C440030663,10060.52,0.0,0,0
63,CASH_IN,23733.26,C986917217,18461.8,42195.06,C512824934,98216.26,74483.0,0,0
97,CASH_IN,45377.11,C989227408,15066.37,60443.48,C969992528,22437.87,0.0,0,0
65,PAYMENT,1813.34,C371890543,17806.15,15992.81,M907906383,0.0,0.0,0,0
49,CASH_OUT,76446.48,C898052605,176604.51,100158.03,C181143210,24780.71,101227.19,0,0
80,PAYMENT,345.41,C847513361,1606.89,1261.48,M388901125,0.0,0.0,0,0
50,CASH_IN,39164.47,C702270855,3971.2,43135.67,C741161999,72549.64,33385.17,0,0
68,CASH_IN,8728.18,C131082848,4014.54,12742.72,C994351711,6705.12,0.0,0,0
92,CASH_IN,44721.64,C339230170,12951.79,57673.43,C826224187,83656.87,38935.23,0,0
99,CASH_IN,1824.31,C175938501,908.08,2732.39,C456793825,35827.71,34003.4,0,0
96,TRANSFER,144962.85,C255857858,381201.31,236238.46,C187999597,13627.11,158589.96,0,0
83,CASH_IN,5185.09,C353691745,3945.44,9130.53,C374843786,60637.5,55452.41,0,0
55,PAYMENT,4547.49,C839369897,16902.06,12354.57,M797929178,0.0,0.0,0,0
8,CASH_OUT,123607.37,C111175709,304191.97,180584.6,C335449670,13984.49,137591.86,0,0
34,PAYMENT,1940.7,C684250873,17406.98,15466.28,M498380251,0.0,0.0,0,0
14,PAYMENT,1264.23,C403668506,9885.81,8621.58,M362308892,0.0,0.0,0,0
60,PAYMENT,1243.35,C582750043,1809.63,566.28,M203950725,0.0,0.0,0,0
47,PAYMENT,74.52,C523671208,157.41,82.89,M676140134,0.0,0.0,0,0
8,CASH_OUT,7843.16,C791353541,12066.64,4223.48,C218170604,14027.8,21870.96,0,0
67,CASH_IN,30458.49,C500739353,16870.56,47329.05,C614971107,86697.25,56238.76,0,0
66,PAYMENT,2205.51,C525565787,7894.52,5689.01,M642407643,0.0,0.0,0,0
55,PAYMENT,1206.62,C478833337,3240.77,2034.15,M547286055,0.0,0.0,0,0
81,CASH_OUT,14853.56,C487211937,14853.56,0.0,C621835982,4369.66,19223.22,1,0
9,CASH_IN,38687.7,C403124688,6546.02,45233.72,C433609196,55756.05,17068.35,0,0
77,CASH_IN,19391.18,C150133901,4104.92,23496.1,C906841681,42056.29,22665.11,0,0
39,CASH_IN,29057.79,C534452834,6601.95,35659.74,C561370960,88632.3,59574.51,0,0
29,CASH_OUT,42124.9,C649786162,103027.9,60903.0,C614226372,30798.26,72923.16,0,0
25,TRANSFER,21617.13,C743698108,47716.63,26099.5,C235350239,2346.48,23963.61,0,0
57,CASH_OUT,109784.37,C625640719,290667.7,180883.33,C547666960,7217.31,117001.68,0,0
97,CASH_OUT,22360.55,C848280471,53801.23,31440.68,C361230342,3657.48,26018.03,0,0
74,CASH_OUT,54371.41,C522749754,87341.87,32970.46,C164901853,14346.99,68718.4,0,0
5,TRANSFER,232180.66,C531439223,565226.96,333046.3,C883953139,74041.05,306221.71,0,0
36,PAYMENT,3230.34,C117865820,15120.08,11889.74,M939172011,0.0,0.0,0,0
57,PAYMENT,3913.69,C399184258,38393.26,34479.57,M565178496,0.0,0.0,0,0
41,CASH_OUT,34413.35,C463430765,65360.81,30947.46,C905597597,36939.27,71352.62,0,0
69,CASH_OUT,134927.73,C672149194,302494.82,167567.09,C585308092,39995.19,174922.92,0,0
93,PAYMENT,1280.48,C364480329,5450.12,4169.64,M606141127,0.0,0.0,0,0
19,CASH_OUT,85163.46,C879123820,154189.54,69026.08,C767684963,19420.71,104584.17,0,0
15,PAYMENT,682.64,C677186272,2962.05,2279.41,M587096273,0.0,0.0,0,0
72,TRANSFER,143204.13,C360642799,437624.37,294420.24,C282088279,13560.14,156764.27,0,0
81,CASH_IN,29120.96,C986397259,12696.08,41817.04,C106736599,93498.91,64377.95,0,0
63,CASH_IN,18333.8,C837011510,8674.7,27008.5,C201429236,77507.45,59173.65,0,0
90,TRANSFER,54007.31,C207673349,181369.69,127362.38,C530098998,64068.3,118075.61,0,0
97,CASH_OUT,63270.14,C985269889,139195.2,75925.06,C184465272,38269.16,101539.3,0,0
86,CASH_OUT,100191.6,C999491426,113207.47,13015.87,C166017304,41252.38,141443.98,0,0
25,CASH_OUT,11122.41,C409883716,21140.46,10018.05,C641440255,27492.85,38615.26,0,0
25,PAYMENT,1645.09,C583877436,6170.86,4525.77,M808049250,0.0,0.0,0,0
26,CASH_IN,17480.85,C517781575,5754.11,23234.96,C977383817,91623.93,74143.08,0,0
92,PAYMENT,3693.68,C398245981,17291.49,13597.81,M955030011,0.0,0.0,0,0
11,CASH_OUT,111896.14,C433154770,186434.33,74538.19,C337911187,8406.64,120302.78,0,0
98,TRANSFER,100414.79,C549400734,120460.36,20045.57,C169118818,16495.66,116910.45,0,0
58,PAYMENT,4106.86,C465099941,25456.62,21349.76,M123309720,0.0,0.0,0,0
61,PAYMENT,2995.73,C602491849,22274.84,19279.11,M160385198,0.0,0.0,0,0
97,CASH_OUT,95571.86,C543770966,118962.75,23390.89,C817512141,26379.45,121951.31,0,0
42,CASH_OUT,12696.61,C760295153,14086.61,1390.0,C171468379,45811.85,58508.46,0,0
87,CASH_OUT,125871.05,C259616499,350440.58,224569.53,C699517559,30645.7,156516.75,0,0
65,PAYMENT,4208.71,C164366244,27958.06,23749.35,M378911373,0.0,0.0,0,0
97,DEBIT,1337.11,C716035302,4360.22,3023.11,C958538383,4543.72,5880.83,0,0
84,TRANSFER,115458.44,C535174145,115458.44,0.0,C967716129,4941.14,120399.58,1,0
43,CASH_IN,30647.63,C213637038,14082.95,44730.58,C160308229,20752.61,0.0,0,0
97,PAYMENT,3084.98,C968894784,19076.55,15991.57,M737346037,0.0,0.0,0,0
34,TRANSFER,18207.96,C882681026,42669.44,24461.48,C715980553,25204.9,43412.86,0,0
71,CASH_OUT,96062.61,C453644935,270751.58,174688.97,C489574448,38903.55,134966.16,0,0
34,TRANSFER,174341.75,C654676496,174341.75,0.0,C775419460,4310.29,178652.04,1,0
38,TRANSFER,269215.29,C148604517,269215.29,0.0,C336700428,1404.52,270619.81,1,0
7,CASH_IN,43691.57,C834616971,10167.5,53859.07,C893001383,85072.86,41381.29,0,0
36,CASH_IN,18282.53,C521910884,3996.0,22278.53,C705429879,99729.23,81446.7,0,0
25,PAYMENT,1482.44,C133390627,3960.23,2477.79,M322358401,0.0,0.0,0,0
25,CASH_OUT,45003.4,C191405534,53239.36,8235.96,C532964389,32397.6,77401.0,0,0
40,CASH_OUT,141790.4,C196689473,271452.23,129661.83,C642716859,12036.43,153826.83,0,0
72,CASH_OUT,117667.65,C648598641,281491.26,163823.61,C957728325,34646.8,152314.45,0,0
56,PAYMENT,3751.24,C392956009,25921.97,22170.73,M915791527,0.0,0.0,0,0
90,CASH_OUT,133206.79,C997026638,140048.4,6841.61,C249103044,6144.73,139351.52,0,0
37,PAYMENT,2819.88,C498198359,10210.69,7390.81,M866440278,0.0,0.0,0,0
50,PAYMENT,645.56,C907032845,1031.84,386.28,M334274669,0.0,0.0,0,0
89,CASH_OUT,77939.45,C956084565,90816.84,12877.39,C960226208,21224.98,99164.43,0,0
100,PAYMENT,408.21,C622877347,1067.35,659.14,M107756709,0.0,0.0,0,0
34,PAYMENT,1157.45,C904448917,8005.09,6847.64,M981396409,0.0,0.0,0,0
36,CASH_OUT,138590.46,C652430400,414852.72,276262.26,C462124359,9315.97,147906.43,0,0
39,PAYMENT,3857.02,C419561201,11052.29,7195.27,M856881618,0.0,0.0,0,0
50,CASH_OUT,115389.18,C679036862,158489.59,43100.41,C805154966,46695.22,162084.4,0,0
36,CASH_OUT,140993.54,C686849216,282481.08,141487.54,C117548599,47629.86,188623.4,0,0
73,PAYMENT,4728.71,C850164093,42415.94,37687.23,M357370819,0.0,0.0,0,0
29,PAYMENT,2559.35,C858534280,17793.05,15233.7,M568858911,0.0,0.0,0,0
14,CASH_IN,17384.11,C364435446,16520.85,33904.96,C131891477,94623.58,77239.47,0,0
58,CASH_OUT,8110.18,C677379805,11875.26,3765.08,C252604094,48676.14,56786.32,0,0
100,PAYMENT,3367.6,C449063037,26848.86,23481.26,M623442423,0.0,0.0,0,0
20,CASH_OUT,38346.67,C710085965,38390.15,43.48,C326147192,3311.41,41658.08,0,0
44,CASH_OUT,102996.98,C939325278,149047.68,46050.7,C209758670,49571.46,152568.44,0,0
11,PAYMENT,4175.64,C331557515,39510.05,35334.41,M689274064,0.0,0.0,0,0
7,DEBIT,456.2,C475767056,1881.79,1425.59,C173678414,3293.6,3749.8,0,0
96,CASH_OUT,88025.56,C144065218,231931.36,143905.8,C802608498,9646.38,97671.94,0,0
75,TRANSFER,113525.0,C493044791,318353.6,204828.6,C271977961,56264.06,169789.06,0,0
44,CASH_OUT,144524.91,C777644857,361324.57,216799.66,C971153864,38398.18,182923.09,0,0
45,CASH_OUT,101487.28,C667067028,187935.85,86448.57,C579769138,21474.25,122961.53,0,0
58,PAYMENT,1407.85,C698054214,4057.48,2649.63,M267952997,0.0,0.0,0,0
85,PAYMENT,242.57,C126752581,1675.05,1432.48,M434524825,0.0,0.0,0,0
15,CASH_OUT,19512.42,C212211964,21145.65,1633.23,C294032644,30875.4,50387.82,0,0
38,CASH_IN,44244.35,C889731609,15976.97,60221.32,C662106192,28963.17,0.0,0,0
11,CASH_OUT,46322.17,C224026766,89952.51,43630.34,C526777316,44743.87,91066.04,0,0
65,CASH_OUT,131012.38,C519246503,297573.87,166561.49,C146744734,49051.97,180064.35,0,0
95,CASH_IN,20402.49,C246560683,4674.95,25077.44,C327591123,38055.96,17653.47,0,0
24,CASH_IN,4210.36,C148596177,5952.95,10163.31,C856320718,59133.63,54923.27,0,0
7,PAYMENT,3147.37,C651020120,17808.55,14661.18,M133764318,0.0,0.0,0,0
30,CASH_IN,20619.15,C165853562,3696.55,24315.7,C363747018,24234.16,3615.01,0,0
7,CASH_IN,31390.93,C264112119,13609.62,45000.55,C950488739,60044.49,28653.56,0,0
14,PAYMENT,2952.58,C293721017,26874.61,23922.03,M279728600,0.0,0.0,0,0
74,CASH_IN,1302.94,C912533997,10200.88,11503.82,C860036337,37317.0,36014.06,0,0
78,PAYMENT,927.99,C314774593,1172.36,244.37,M477456401,0.0,0.0,0,0
87,CASH_OUT,72731.97,C751506825,161842.07,89110.1,C893714928,4068.46,76800.43,0,0
84,CASH_OUT,138555.04,C483259116,386622.89,248067.85,C352630965,20082.67,158637.71,0,0
8,CASH_OUT,38423.44,C292460426,54498.95,16075.51,C180587885,29536.53,67959.97,0,0
54,TRANSFER,194033.62,C735511831,270707.09,76673.47,C810637925,64888.8,258922.42,0,0
40,CASH_OUT,125416.37,C444659729,236738.12,111321.75,C291968281,863.33,126279.7,0,0
29,CASH_IN,33736.59,C877621770,19345.39,53081.98,C526717340,80654.18,46917.59,0,0
31,CASH_OUT,136502.17,C958949509,325946.59,189444.42,C967126986,13593.26,150095.43,0,0
3,CASH_IN,15169.03,C783759471,2779.98,17949.01,C248230434,12676.88,0.0,0,0
15,PAYMENT,3933.57,C312845035,4373.65,440.08,M223121891,0.0,0.0,0,0
95,CASH_IN,26566.91,C393610444,19872.62,46439.53,C667725048,61633.91,35067.0,0,0
43,CASH_OUT,143629.52,C562592874,341760.5,198130.98,C117643054,5159.62,148789.14,0,0
63,TRANSFER,168323.98,C492378996,638125.79,469801.81,C437171431,30872.23,199196.21,0,0
96,CASH_OUT,21502.64,C133436988,50664.04,29161.4,C752376434,21908.64,43411.28,0,0
51,PAYMENT,1246.52,C437571555,8511.94,7265.42,M861665879,0.0,0.0,0,0
12,CASH_OUT,97221.68,C920462015,191888.53,94666.85,C648812777,3.0,97224.68,0,0
74,TRANSFER,104660.74,C862489444,385318.77,280658.03,C903017927,42712.22,147372.96,0,0
52,CASH_IN,19441.74,C339499503,13383.01,32824.75,C596367839,35544.86,16103.12,0,0
52,CASH_OUT,15554.21,C139372167,23520.91,7966.7,C180947105,36926.77,52480.98,0,0
97,CASH_OUT,17363.37,C157448904,43270.25,25906.88,C928259645,4461.83,21825.2,0,0
4,CASH_OUT,62455.82,C673963435,159195.75,96739.93,C238159208,15760.66,78216.48,0,0
100,PAYMENT,796.38,C920858166,6269.2,5472.82,M943113786,0.0,0.0,0,0
83,CASH_IN,44684.44,C589657032,12088.59,56773.03,C846669883,43144.71,0.0,0,0
37,CASH_IN,49018.53,C527496252,17339.12,66357.65,C268470372,60114.68,11096.15,0,0
9,CASH_OUT,19058.33,C401031252,32142.16,13083.83,C290141637,18496.95,37555.28,0,0
1,PAYMENT,3447.58,C136918075,24400.98,20953.4,M888810946,0.0,0.0,0,0
95,PAYMENT,4039.76,C890924775,36587.21,32547.45,M444629187,0.0,0.0,0,0
21,CASH_IN,31903.12,C851854702,7229.84,39132.96,C952225000,23199.92,0.0,0,0
55,CASH_OUT,67641.48,C176721925,70256.07,2614.59,C915478157,10801.88,78443.36,0,0
51,CASH_OUT,76775.91,C107889398,225181.51,148405.6,C811198748,41968.92,118744.83,0,0
63,CASH_IN,36868.89,C597171931,4377.32,41246.21,C629464013,81015.94,44147.05,0,0
56,PAYMENT,576.5,C853529912,3953.78,3377.28,M802992685,0.0,0.0,0,0
73,CASH_OUT,96448.17,C190137896,263660.62,167212.45,C245706210,9086.45,105534.62,0,0
30,CASH_IN,30278.18,C465708674,19097.17,49375.35,C759132774,40273.6,9995.42,0,0
86,PAYMENT,4696.36,C999079920,8909.95,4213.59,M735309728,0.0,0.0,0,0
29,PAYMENT,160.48,C561024904,681.29,520.81,M790228124,0.0,0.0,0,0
48,CASH_OUT,39398.0,C821920438,104201.19,64803.19,C509123009,47014.59,86412.59,0,0
4,CASH_OUT,116941.54,C142361888,198454.38,81512.84,C679902460,3463.34,120404.88,0,0
12,PAYMENT,1089.85,C629977010,4146.0,3056.15,M551232519,0.0,0.0,0,0
93,PAYMENT,3336.79,C210031414,24091.52,20754.73,M584830817,0.0,0.0,0,0
52,CASH_OUT,23810.65,C806019487,44907.47,21096.82,C744154611,17616.2,41426.85,0,0
27,DEBIT,159.25,C751629270,520.37,361.12,C263639767,4972.58,5131.83,0,0
26,PAYMENT,4413.86,C456847519,18811.82,14397.96,M482636984,0.0,0.0,0,0
7,PAYMENT,3196.54,C668666911,17979.89,14783.35,M182492018,0.0,0.0,0,0
95,CASH_OUT,82175.84,C231348586,225231.9,143056.06,C172546866,20878.76,103054.6,0,0
5,TRANSFER,606535.09,C128735716,606535.09,0.0,C673179940,3220.04,609755.13,1,0
90,CASH_OUT,67550.79,C571029923,71617.9,4067.11,C699627706,6947.51,74498.3,0,0
55,PAYMENT,4322.82,C194408250,21652.61,17329.79,M460318746,0.0,0.0,0,0
71,TRANSFER,120991.52,C728268579,404504.23,283512.71,C645818292,72814.52,193806.04,0,0
70,CASH_OUT,80806.72,C812071166,228705.33,147898.61,C964111282,34944.04,115750.76,0,0
38,TRANSFER,722721.98,C644688636,722721.98,0.0,C899267436,3329.04,726051.02,1,0
74,CASH_IN,30959.36,C594177720,11821.26,42780.62,C633792439,7401.12,0.0,0,0
20,PAYMENT,2663.86,C227174482,12485.83,9821.97,M763882641,0.0,0.0,0,0
4,CASH_OUT,62299.31,C848531994,67299.46,5000.15,C172973151,29483.43,91782.74,0,0
45,CASH_IN,44810.06,C375315150,2627.47,47437.53,C601817355,87807.07,42997.01,0,0
59,PAYMENT,648.82,C775177517,1672.38,1023.56,M139097790,0.0,0.0,0,0
19,PAYMENT,3322.03,C519965089,12416.91,9094.88,M192729088,0.0,0.0,0,0
60,CASH_IN,33684.56,C158165865,1968.36,35652.92,C793830224,40859.51,7174.95,0,0
49,PAYMENT,1402.54,C950504212,7877.82,6475.28,M412030195,0.0,0.0,0,0
66,CASH_IN,28717.57,C194199647,12200.63,40918.2,C602990912,99302.02,70584.45,0,0
69,PAYMENT,1641.76,C259522516,10942.55,9300.79,M157186389,0.0,0.0,0,0
83,PAYMENT,775.2,C723464439,5132.07,4356.87,M807309035,0.0,0.0,0,0
83,CASH_IN,6107.07,C475339059,8531.84,14638.91,C876859667,57822.81,51715.74,0,0
58,CASH_IN,768.72,C596199824,15012.26,15780.98,C452365773,53382.97,52614.25,0,0
90,CASH_IN,6664.12,C783381095,5001.17,11665.29,C813129717,80206.12,73542.0,0,0
50,PAYMENT,214.25,C336478266,237.61,23.36,M425247450,0.0,0.0,0,0
42,CASH_IN,5338.25,C544443186,16648.09,21986.34,C944669461,93635.8,88297.55,0,0
89,CASH_OUT,140144.09,C160226762,358498.68,218354.59,C262614360,1589.88,141733.97,0,0
52,PAYMENT,1072.11,C733889377,9898.6,8826.49,M789601604,0.0,0.0,0,0
57,PAYMENT,1176.3,C406798268,4560.97,3384.67,M460613550,0.0,0.0,0,0
39,PAYMENT,3117.18,C274424500,4977.78,1860.6,M811764494,0.0,0.0,0,0
86,TRANSFER,136343.2,C798646390,237705.8,101362.6,C309823464,71780.85,208124.05,0,0
78,PAYMENT,2202.29,C249216081,3730.23,1527.94,M346950710,0.0,0.0,0,0
32,CASH_IN,19409.32,C202891162,15260.89,34670.21,C441832901,14219.1,0.0,0,0
60,CASH_IN,41593.27,C209081737,12843.86,54437.13,C611409332,69407.4,27814.13,0,0
40,CASH_OUT,95389.26,C912872297,100710.31,5321.05,C125148911,39829.93,135219.19,0,0
96,PAYMENT,1209.45,C718124470,2078.3,868.85,M727594615,0.0,0.0,0,0
8,CASH_OUT,42234.64,C671532152,56457.35,14222.71,C678498324,48950.01,91184.65,0,0
97,CASH_OUT,3708.15,C529287287,9632.44,5924.29,C438134832,31884.02,35592.17,0,0
53,CASH_OUT,8943.27,C743713656,26620.1,17676.83,C391996935,40210.35,49153.62,0,0
8,TRANSFER,103993.6,C532701137,200895.24,96901.64,C207553685,26426.54,130420.14,0,0
60,CASH_IN,42892.55,C567703891,7755.47,50648.02,C110082373,23219.63,0.0,0,0
14,CASH_OUT,69327.9,C847934043,157319.7,87991.8,C447172739,10236.89,79564.79,0,0
77,PAYMENT,3029.4,C114436175,14412.52,11383.12,M803434313,0.0,0.0,0,0
70,CASH_OUT,4446.0,C239665900,4894.65,448.65,C825308245,19179.98,23625.98,0,0
84,PAYMENT,2199.28,C277530219,14509.85,12310.57,M354215988,0.0,0.0,0,0
15,CASH_OUT,125294.09,C472467580,364378.82,239084.73,C275025011,43600.33,168894.42,0,0
59,CASH_IN,11742.29,C666886808,11160.6,22902.89,C565412358,52483.86,40741.57,0,0
37,PAYMENT,2902.02,C943702118,11318.58,8416.56,M802984810,0.0,0.0,0,0
38,CASH_IN,22699.18,C533046650,2224.6,24923.78,C737527440,1478.1,0.0,0,0
83,CASH_IN,37357.2,C177438788,475.06,37832.26,C265092727,71969.96,34612.76,0,0
22,CASH_OUT,112.83,C806693247,123.25,10.42,C422766775,47289.73,47402.56,0,0
14,CASH_OUT,60251.58,C189458319,146763.7,86512.12,C446712607,34234.32,94485.9,0,0
82,CASH_IN,43231.44,C614095185,1333.38,44564.82,C362682448,65127.67,21896.23,0,0
94,CASH_OUT,141572.12,C512015168,298571.37,156999.25,C243399056,17176.27,158748.39,0,0
13,CASH_OUT,149239.83,C405759388,284074.63,134834.8,C353948002,34102.44,183342.27,0,0
30,PAYMENT,969.68,C808705238,3401.08,2431.4,M452468587,0.0,0.0,0,0
99,CASH_OUT,22830.05,C145141735,37249.72,14419.67,C441177295,33242.03,56072.08,0,0
4,CASH_IN,28321.64,C505708913,14154.36,42476.0,C377658941,68325.04,40003.4,0,0
97,PAYMENT,2339.56,C824240334,15496.69,13157.13,M267396883,0.0,0.0,0,0
79,PAYMENT,525.03,C707254955,1189.61,664.58,M632774653,0.0,0.0,0,0
31,PAYMENT,2106.28,C262547260,9795.64,7689.36,M164935057,0.0,0.0,0,0
24,CASH_OUT,120075.7,C725162765,131862.02,11786.32,C348592047,15574.43,135650.13,0,0
43,CASH_OUT,31092.92,C241489248,67224.8,36131.88,C248795415,34202.43,65295.35,0,0
39,PAYMENT,178.47,C866979905,1624.81,1446.34,M713342728,0.0,0.0,0,0
42,CASH_OUT,114507.3,C781068259,270479.0,155971.7,C797759882,3305.75,117813.05,0,0
72,CASH_OUT,45526.38,C936855553,60472.17,14945.79,C858125303,21534.06,67060.44,0,0
74,PAYMENT,3079.83,C425560046,26758.16,23678.33,M678916093,0.0,0.0,0,0
48,CASH_IN,9370.12,C145439893,4581.58,13951.7,C946816175,67899.34,58529.22,0,0
41,CASH_OUT,139232.17,C728095020,187717.59,48485.42,C512502316,24949.38,164181.55,0,0
14,PAYMENT,4180.4,C180542723,18138.44,13958.04,M991347764,0.0,0.0,0,0
68,TRANSFER,90794.38,C764561301,359577.19,268782.81,C917255218,40603.26,131397.64,0,0
47,PAYMENT,3542.28,C413664671,19670.53,16128.25,M918153355,0.0,0.0,0,0
85,CASH_OUT,105583.85,C637050887,239520.73,133936.88,C766751583,348.37,105932.22,0,0
30,CASH_IN,38139.8,C786177667,4726.68,42866.48,C916370466,23537.01,0.0,0,0
38,PAYMENT,3468.0,C237730655,23832.99,20364.99,M616181484,0.0,0.0,0,0
95,PAYMENT,476.1,C173817121,493.28,17.18,M731686891,0.0,0.0,0,0
25,CASH_OUT,125382.62,C117440348,183182.83,57800.21,C951530461,39699.57,165082.19,0,0
93,PAYMENT,2817.91,C358473878,12329.96,9512.05,M329703585,0.0,0.0,0,0
52,CASH_OUT,58904.41,C335048971,146789.29,87884.88,C983157977,27964.71,86869.12,0,0
45,CASH_IN,48401.61,C827794965,11033.43,59435.04,C670889348,88320.09,39918.48,0,0
48,PAYMENT,3546.25,C192923494,30378.99,26832.74,M855999768,0.0,0.0,0,0
69,CASH_IN,45956.35,C781625786,16564.71,62521.06,C539799004,5242.52,0.0,0,0
48,CASH_OUT,67777.77,C655742829,98236.74,30458.97,C366186631,16904.28,84682.05,0,0
71,CASH_OUT,111804.65,C601484407,209312.17,97507.52,C632363028,47317.28,159121.93,0,0
62,TRANSFER,40534.34,C389523201,93812.18,53277.84,C336830570,10678.94,51213.28,0,0
5,CASH_IN,10847.52,C671551491,955.12,11802.64,C848121420,63844.25,52996.73,0,0
83,CASH_OUT,52231.85,C731427251,98167.84,45935.99,C451273622,7497.56,59729.41,0,0
33,TRANSFER,164500.74,C677016715,627907.67,463406.93,C935570846,46660.9,211161.64,0,0
22,TRANSFER,48585.16,C968078090,110294.37,61709.21,C145822897,79062.39,127647.55,0,0
46,CASH_OUT,139072.63,C891826149,412449.37,273376.74,C713200664,48625.96,187698.59,0,0
33,PAYMENT,2277.65,C783648813,11588.7,9311.05,M264430586,0.0,0.0,0,0
78,PAYMENT,2049.21,C642739803,15822.88,13773.67,M782147868,0.0,0.0,0,0
98,CASH_OUT,88630.44,C696228027,131007.81,42377.37,C324233695,19259.24,107889.68,0,0
5,CASH_IN,13423.66,C530747414,18262.72,31686.38,C326541099,57150.83,43727.17,0,0
6,PAYMENT,1528.11,C668455421,6938.53,5410.42,M626061386,0.0,0.0,0,0
15,PAYMENT,3048.92,C517943910,3410.65,361.73,M665461184,0.0,0.0,0,0
6,CASH_IN,3041.0,C708347055,6752.12,9793.12,C219649243,62811.64,59770.64,0,0
14,CASH_OUT,127558.96,C423821937,333063.58,205504.62,C744687060,39811.36,167370.32,0,0
45,CASH_IN,30867.86,C329544484,7649.15,38517.01,C305067526,18721.55,0.0,0,0
54,CASH_IN,1794.23,C962908190,12620.47,14414.7,C221331300,21200.45,19406.22,0,0
100,CASH_IN,22705.99,C896610501,11076.0,33781.99,C806176226,73226.07,50520.08,0,0
5,TRANSFER,74804.6,C325331808,257318.41,182513.81,C609859727,19256.15,94060.75,0,0
5,PAYMENT,4806.09,C249830992,21965.6,17159.51,M141966685,0.0,0.0,0,0
47,CASH_OUT,88481.15,C929084214,112173.09,23691.94,C412457968,25056.16,113537.31,0,0
27,CASH_OUT,113254.22,C646210500,248794.95,135540.73,C129366972,1987.25,115241.47,0,0
35,PAYMENT,2818.34,C854708138,21371.21,18552.87,M167950509,0.0,0.0,0,0
77,CASH_IN,46684.1,C811758502,19490.15,66174.25,C923334686,77086.37,30402.27,0,0
49,CASH_OUT,29829.63,C867741192,71031.17,41201.54,C735760237,31362.12,61191.75,0,0
30,PAYMENT,1383.59,C487832545,10585.06,9201.47,M885136202,0.0,0.0,0,0
30,CASH_OUT,29048.61,C303431575,43501.05,14452.44,C805315791,31266.25,60314.86,0,0
72,CASH_IN,31486.05,C171692520,5081.22,36567.27,C992786814,49859.57,18373.52,0,0
60,CASH_OUT,24319.64,C104625795,51345.83,27026.19,C659155913,32760.23,57079.87,0,0
94,CASH_IN,22879.35,C118148059,8085.55,30964.9,C907020947,19055.56,0.0,0,0
12,PAYMENT,2711.19,C206658672,6225.73,3514.54,M406394085,0.0,0.0,0,0
1,CASH_OUT,61819.21,C302476546,115862.35,54043.14,C701890658,12494.81,74314.02,0,0
69,PAYMENT,882.62,C880232602,4565.67,3683.05,M508505332,0.0,0.0,0,0
86,CASH_IN,14914.46,C537701423,4854.32,19768.78,C122236522,42560.17,27645.71,0,0
99,CASH_OUT,16992.75,C298461891,44338.7,27345.95,C516023480,37140.67,54133.42,0,0
98,PAYMENT,604.32,C452318696,4667.24,4062.92,M634063428,0.0,0.0,0,0
58,TRANSFER,158756.12,C234987818,620478.06,461721.94,C786031253,7795.68,166551.8,0,0
97,CASH_OUT,28437.86,C294274844,82892.68,54454.82,C852074582,4948.73,33386.59,0,0
42,CASH_OUT,792653.88,C743862317,792653.88,0.0,C388614501,2274.97,794928.85,1,0
18,PAYMENT,2295.6,C599863643,18004.52,15708.92,M283826012,0.0,0.0,0,0
57,PAYMENT,1399.31,C980926449,3547.67,2148.36,M273265999,0.0,0.0,0,0
65,CASH_IN,42942.18,C700704768,6876.32,49818.5,C553184702,97674.57,54732.39,0,0
46,CASH_OUT,99219.88,C160611912,145778.23,46558.35,C365873433,15604.98,114824.86,0,0
17,CASH_OUT,36630.52,C210848185,50840.47,14209.95,C870788073,44925.56,81556.08,0,0
89,CASH_OUT,45468.23,C963976413,57755.01,12286.78,C234313823,9540.1,55008.33,0,0
56,PAYMENT,675.86,C485995156,2692.67,2016.81,M887023544,0.0,0.0,0,0
4,CASH_OUT,68700.73,C120659391,138451.53,69750.8,C654416001,28972.68,97673.41,0,0
100,CASH_OUT,53313.25,C609466879,87110.86,33797.61,C660477885,3909.98,57223.23,0,0
33,CASH_OUT,118695.44,C559518421,278807.16,160111.72,C651575951,6345.09,125040.53,0,0
15,CASH_OUT,113708.97,C470614696,162633.89,48924.92,C290926893,10276.7,123985.67,0,0
72,CASH_OUT,37874.17,C405100495,110926.63,73052.46,C804980312,30135.04,68009.21,0,0
38,PAYMENT,4762.22,C387057426,47000.23,42238.01,M652348887,0.0,0.0,0,0
4,CASH_OUT,142953.4,C940221054,234138.3,91184.9,C924639504,11036.63,153990.03,0,0
64,PAYMENT,1182.52,C800088933,8726.78,7544.26,M595394442,0.0,0.0,0,0
92,CASH_OUT,127834.2,C297543237,248981.88,121147.68,C627685695,8189.32,136023.52,0,0
4,PAYMENT,1616.79,C968700591,4322.06,2705.27,M949218518,0.0,0.0,0,0
73,PAYMENT,3396.91,C264752975,14770.17,11373.26,M498320110,0.0,0.0,0,0
5,CASH_OUT,71595.64,C336625324,109090.31,37494.67,C183378822,21367.05,92962.69,0,0
28,TRANSFER,180481.25,C929853555,554093.34,373612.09,C318252453,46318.26,226799.51,0,0
63,TRANSFER,124054.66,C786269852,351376.83,227322.17,C119834267,31937.89,155992.55,0,0
58,TRANSFER,235483.59,C180401357,477724.12,242240.53,C764657323,58028.05,293511.64,0,0
65,PAYMENT,1974.63,C670287614,16156.73,14182.1,M969426488,0.0,0.0,0,0
19,CASH_IN,13718.66,C342413830,7543.12,21261.78,C205169636,96908.58,83189.92,0,0
41,PAYMENT,2498.56,C237300968,8817.43,6318.87,M996364012,0.0,0.0,0,0
96,CASH_IN,26150.9,C720608968,143.88,26294.78,C658090039,65800.07,39649.17,0,0
19,PAYMENT,1857.32,C874428419,13389.74,11532.42,M373601416,0.0,0.0,0,0
20,CASH_OUT,55197.24,C279099078,158886.48,103689.24,C812462927,26739.81,81937.05,0,0
52,CASH_OUT,33061.26,C208774639,91217.85,58156.59,C984836978,13413.35,46474.61,0,0
100,PAYMENT,1370.27,C780884334,7420.6,6050.33,M583774585,0.0,0.0,0,0
36,PAYMENT,4167.07,C341021325,13368.65,9201.58,M335122791,0.0,0.0,0,0
78,PAYMENT,1326.19,C159465326,1607.06,280.87,M538514565,0.0,0.0,0,0
29,CASH_IN,6503.67,C342130763,8536.43,15040.1,C554436365,51220.31,44716.64,0,0
14,CASH_OUT,16331.56,C673573365,45893.08,29561.52,C252227862,37045.82,53377.38,0,0
62,PAYMENT,3406.71,C582554755,14960.84,11554.13,M372508287,0.0,0.0,0,0
80,CASH_OUT,86751.82,C364041505,207680.64,120928.82,C491569078,46980.15,133731.97,0,0
82,CASH_OUT,85408.42,C397799667,114528.78,29120.36,C630440618,9688.51,95096.93,0,0
48,CASH_OUT,27802.32,C600963127,31356.76,3554.44,C754589395,35916.78,63719.1,0,0
28,CASH_OUT,21910.44,C265492770,55967.84,34057.4,C445913056,44598.81,66509.25,0,0
54,CASH_OUT,112511.02,C697582432,204969.7,92458.68,C209581171,19100.2,131611.22,0,0
85,TRANSFER,247770.27,C270932417,539360.38,291590.11,C688349223,33795.0,281565.27,0,0
89,CASH_OUT,71116.35,C631278888,128143.99,57027.64,C724044455,46059.26,117175.61,0,0
50,PAYMENT,1730.16,C231352681,10641.72,8911.56,M778808314,0.0,0.0,0,0
84,CASH_OUT,49966.48,C117904060,134732.62,84766.14,C821544753,15824.01,65790.49,0,0
1,TRANSFER,231095.91,C205962980,821289.54,590193.63,C641375551,37977.24,269073.15,0,0
44,CASH_OUT,571871.44,C273686964,571871.44,0.0,C345684788,544.49,572415.93,1,0
99,CASH_IN,6281.96,C109053121,18724.96,25006.92,C497800553,45013.19,38731.23,0,0
77,CASH_OUT,34258.47,C615063822,70660.95,36402.48,C118212699,11697.63,45956.1,0,0
23,TRANSFER,78797.11,C435652862,172849.77,94052.66,C205083665,56290.85,135087.96,0,0
52,CASH_IN,23972.86,C558638937,10181.74,34154.6,C205541963,48392.91,24420.05,0,0
95,CASH_OUT,133712.3,C921620818,235486.98,101774.68,C466421402,21407.41,155119.71,0,0
29,DEBIT,163.56,C266371119,229.73,66.17,C946237594,3877.29,4040.85,0,0
36,CASH_OUT,129739.44,C252003776,189913.89,60174.45,C747986180,38635.13,168374.57,0,0
38,CASH_OUT,32947.38,C337135066,64457.06,31509.68,C243418388,22748.93,55696.31,0,0
59,CASH_OUT,62740.07,C921271622,86139.23,23399.16,C608853022,42260.05,105000.12,0,0
32,CASH_OUT,91976.38,C695874691,228980.0,137003.62,C328757418,15483.93,107460.31,0,0
73,CASH_OUT,91111.77,C207433142,174221.16,83109.39,C169443276,18732.21,109843.98,0,0
78,CASH_IN,25639.12,C903617229,10956.12,36595.24,C853223780,32077.17,6438.05,0,0
97,CASH_IN,38440.01,C973607723,346.74,38786.75,C316890695,97820.99,59380.98,0,0
56,CASH_OUT,103451.62,C152440411,288394.79,184943.17,C485780517,25991.1,129442.72,0,0
2,CASH_OUT,27784.46,C156686948,38065.79,10281.33,C158228844,25110.13,52894.59,0,0
5,PAYMENT,4968.73,C468089919,49459.95,44491.22,M619595468,0.0,0.0,0,0
83,CASH_IN,7749.03,C802296197,9816.9,17565.93,C420562039,43803.48,36054.45,0,0
83,CASH_OUT,118989.92,C571992022,237719.0,118729.08,C377690895,24020.02,143009.94,0,0
32,PAYMENT,2083.79,C920814900,16913.43,14829.64,M740086326,0.0,0.0,0,0
97,CASH_IN,49647.36,C788887139,1368.23,51015.59,C253387313,56765.83,7118.47,0,0
82,CASH_IN,5487.36,C407987994,4516.88,10004.24,C413794060,40303.21,34815.85,0,0
82,CASH_OUT,10154.4,C145390869,12914.45,2760.05,C505257116,14360.12,24514.52,0,0
52,PAYMENT,1504.58,C741626093,6581.4,5076.82,M516340508,0.0,0.0,0,0
15,CASH_IN,28936.13,C492093199,4727.01,33663.14,C938155886,55418.05,26481.92,0,0
38,CASH_OUT,21064.27,C577729523,50347.88,29283.61,C626608970,26133.31,47197.58,0,0
39,PAYMENT,1566.76,C483840297,4667.81,3101.05,M834721943,0.0,0.0,0,0
15,PAYMENT,3058.35,C469574408,27066.96,24008.61,M568353254,0.0,0.0,0,0
6,CASH_IN,40242.3,C302038796,14486.1,54728.4,C730913181,56326.2,16083.9,0,0
13,TRANSFER,175381.69,C716330906,379237.2,203855.51,C835892241,32605.93,207987.62,0,0
74,PAYMENT,1002.21,C508742503,4429.92,3427.71,M604788545,0.0,0.0,0,0
43,CASH_OUT,104257.2,C466947371,285159.03,180901.83,C980821441,34004.12,138261.32,0,0
3,CASH_OUT,116424.88,C490922764,191098.42,74673.54,C356395115,3167.09,119591.97,0,0
41,CASH_OUT,118042.24,C611302630,198489.76,80447.52,C695922147,39690.9,157733.14,0,0
74,CASH_OUT,130787.0,C942095934,176809.36,46022.36,C895744627,27396.93,158183.93,0,0
19,CASH_IN,47442.14,C397829845,7044.07,54486.21,C473486641,85658.67,38216.53,0,0
49,CASH_IN,24010.24,C485593692,9693.59,33703.83,C939059557,91355.02,67344.78,0,0
72,CASH_OUT,86651.91,C323620127,225214.44,138562.53,C456180872,44401.47,131053.38,0,0
69,CASH_OUT,119110.9,C995569515,273331.1,154220.2,C917824980,16152.1,135263.0,0,0
13,CASH_OUT,112074.71,C233994371,261641.99,149567.28,C250249575,30320.21,142394.92,0,0
23,TRANSFER,120153.09,C369811155,169485.24,49332.15,C214273000,64807.02,184960.11,0,0
50,CASH_OUT,50359.34,C203346052,106111.64,55752.3,C396005983,28043.86,78403.2,0,0
59,CASH_OUT,85250.61,C553626970,130709.46,45458.85,C552230665,34797.92,120048.53,0,0
1,TRANSFER,243912.46,C686419353,717525.05,473612.59,C455709881,23644.55,267557.01,0,0
25,PAYMENT,2555.19,C743724233,7882.86,5327.67,M849954690,0.0,0.0,0,0
6,CASH_OUT,71043.96,C443810137,188807.94,117763.98,C200606463,8991.5,80035.46,0,0
76,CASH_OUT,41724.99,C758167504,85690.27,43965.28,C841584831,32584.38,74309.37,0,0
66,CASH_IN,43599.97,C793681192,3145.7,46745.67,C782195918,60298.91,16698.94,0,0
2,CASH_OUT,63950.48,C968380260,170186.83,106236.35,C821566976,44114.34,108064.82,0,0
93,CASH_OUT,86705.83,C326405706,96126.55,9420.72,C470522239,13219.77,99925.6,0,0
46,CASH_IN,8667.75,C762888128,14119.77,22787.52,C823260532,30447.04,21779.29,0,0
26,CASH_OUT,66238.74,C172855040,162395.62,96156.88,C829490252,47556.38,113795.12,0,0
7,PAYMENT,3258.38,C804443351,26923.81,23665.43,M423338835,0.0,0.0,0,0
100,CASH_OUT,126753.78,C103098968,158779.02,32025.24,C251973057,43482.18,170235.96,0,0
70,PAYMENT,1160.15,C261953189,2755.64,1595.49,M845122940,0.0,0.0,0,0
23,CASH_OUT,66668.84,C484791405,186308.12,119639.28,C943524568,46549.27,113218.11,0,0
72,PAYMENT,4789.72,C338684647,36751.03,31961.31,M134908759,0.0,0.0,0,0
66,TRANSFER,109717.36,C277723833,236161.27,126443.91,C646833484,62349.77,172067.13,0,0
37,CASH_IN,38279.23,C760111361,19543.01,57822.24,C884875433,68535.04,30255.81,0,0
89,PAYMENT,611.61,C165353048,4323.91,3712.3,M727728245,0.0,0.0,0,0
53,PAYMENT,3231.98,C408211790,23211.09,19979.11,M375357476,0.0,0.0,0,0
20,CASH_IN,4464.89,C225250114,8881.44,13346.33,C521531792,79663.25,75198.36,0,0
25,PAYMENT,318.66,C213703592,979.07,660.41,M842044983,0.0,0.0,0,0
52,PAYMENT,3623.26,C762433952,34816.83,31193.57,M172304458,0.0,0.0,0,0
34,PAYMENT,1716.64,C836147907,10932.94,9216.3,M586909856,0.0,0.0,0,0
49,CASH_OUT,33744.82,C147690834,46191.72,12446.9,C507299242,21554.25,55299.07,0,0
11,CASH_OUT,66945.21,C868916948,157254.45,90309.24,C899152426,15919.9,82865.11,0,0
79,CASH_OUT,98480.27,C222061664,199616.61,101136.34,C171611803,21268.04,119748.31,0,0
6,CASH_IN,1043.0,C586013453,8164.19,9207.19,C363228241,5512.61,4469.61,0,0
23,CASH_OUT,121707.76,C814192713,248525.47,126817.71,C933920254,7481.59,129189.35,0,0
96,PAYMENT,1928.56,C418684278,15537.49,13608.93,M298511473,0.0,0.0,0,0
16,CASH_IN,41753.17,C371458160,17804.1,59557.27,C233427939,91608.26,49855.09,0,0
88,CASH_IN,4805.22,C275799272,10806.05,15611.27,C191251281,41550.28,36745.06,0,0
79,CASH_OUT,92461.06,C278221407,130669.6,38208.54,C942725534,10347.14,102808.2,0,0
78,CASH_OUT,38349.07,C528271054,112366.56,74017.49,C357784072,43275.78,81624.85,0,0
85,PAYMENT,3070.42,C233269420,19626.04,16555.62,M875651322,0.0,0.0,0,0
60,PAYMENT,4529.36,C174817032,36939.98,32410.62,M848569845,0.0,0.0,0,0
69,CASH_IN,47038.17,C952172487,18684.96,65723.13,C966729585,93568.22,46530.05,0,0
99,CASH_OUT,618069.24,C621746371,618069.24,0.0,C781703236,2918.52,620987.76,1,0
61,PAYMENT,4055.63,C433777615,11838.21,7782.58,M188736671,0.0,0.0,0,0
58,PAYMENT,203.88,C274747388,812.0,608.12,M745448057,0.0,0.0,0,0
29,TRANSFER,872772.67,C999364180,872772.67,0.0,C997190465,4567.0,877339.67,1,1
99,PAYMENT,4969.13,C360798337,26358.34,21389.21,M845246590,0.0,0.0,0,0
20,PAYMENT,3626.04,C594101846,24961.19,21335.15,M336291485,0.0,0.0,0,0
91,CASH_OUT,13380.39,C478294643,31712.9,18332.51,C977569419,46629.83,60010.22,0,0
14,CASH_OUT,75407.12,C441752226,220439.38,145032.26,C904099224,39377.77,114784.89,0,0
98,PAYMENT,2368.79,C621759233,15253.45,12884.66,M461883170,0.0,0.0,0,0
39,DEBIT,1611.16,C531673580,6398.81,4787.65,C770629385,550.59,2161.75,0,0
88,PAYMENT,3243.67,C719809183,16700.32,13456.65,M258151146,0.0,0.0,0,0
53,PAYMENT,4386.87,C987647778,18294.48,13907.61,M669618090,0.0,0.0,0,0
2,TRANSFER,169419.75,C555248944,238760.74,69340.99,C884687698,39824.42,209244.17,0,0
5,TRANSFER,104762.3,C287974375,160010.39,55248.09,C999371401,73570.78,178333.08,0,0
69,CASH_OUT,143047.35,C331485406,192294.27,49246.92,C556218214,41834.5,184881.85,0,0
52,CASH_IN,15629.02,C143741483,1859.35,17488.37,C551155345,33993.39,18364.37,0,0
85,CASH_OUT,39910.25,C477910762,46620.5,6710.25,C690884707,21573.68,61483.93,0,0
38,PAYMENT,1862.88,C683251549,6359.58,4496.7,M410257828,0.0,0.0,0,0
93,PAYMENT,800.92,C919395339,4165.85,3364.93,M652681586,0.0,0.0,0,0
61,CASH_OUT,54567.43,C392741557,86900.37,32332.94,C399054184,36320.48,90887.91,0,0
52,CASH_OUT,82409.91,C698214865,97391.3,14981.39,C986812783,30210.16,112620.07,0,0
46,CASH_OUT,78344.3,C777595235,208558.33,130214.03,C700294481,9338.6,87682.9,0,0
54,PAYMENT,339.9,C605188483,1293.85,953.95,M106015564,0.0,0.0,0,0
69,CASH_IN,37827.52,C854051178,8346.93,46174.45,C222370850,91687.08,53859.56,0,0
55,CASH_IN,18131.72,C528853029,10190.53,28322.25,C248532577,10000.03,0.0,0,0
60,CASH_OUT,45594.18,C466664184,100790.12,55195.94,C674764286,45966.34,91560.52,0,0
98,CASH_OUT,66607.41,C207918827,106500.73,39893.32,C845178074,1447.36,68054.77,0,0
93,PAYMENT,1062.33,C226902446,7442.52,6380.19,M802066023,0.0,0.0,0,0
21,PAYMENT,2308.17,C867867606,16768.28,14460.11,M641182759,0.0,0.0,0,0
59,CASH_OUT,38782.35,C990688422,77709.94,38927.59,C714250258,35467.64,74249.99,0,0
7,PAYMENT,1993.21,C571967377,15872.12,13878.91,M427012523,0.0,0.0,0,0
59,PAYMENT,267.02,C895016576,689.71,422.69,M676986599,0.0,0.0,0,0
27,CASH_OUT,13905.67,C448507042,20863.25,6957.58,C169710448,21656.71,35562.38,0,0
32,PAYMENT,2844.09,C305047185,19720.73,16876.64,M883087208,0.0,0.0,0,0
30,CASH_IN,31463.07,C931268800,11214.4,42677.47,C491655300,16183.4,0.0,0,0
34,PAYMENT,2666.47,C465248258,5859.01,3192.54,M526014310,0.0,0.0,0,0
74,PAYMENT,4615.95,C124663947,30040.73,25424.78,M794825515,0.0,0.0,0,0
38,CASH_OUT,60224.0,C974710918,172300.51,112076.51,C966472993,39712.88,99936.88,0,0
13,CASH_OUT,3927.46,C276031818,7324.61,3397.15,C486418967,12094.78,16022.24,0,0
91,PAYMENT,1045.19,C463201016,10140.49,9095.3,M688936494,0.0,0.0,0,0
24,TRANSFER,96886.18,C153736958,254313.82,157427.64,C787000175,42945.83,139832.01,0,0
97,DEBIT,1458.1,C509030342,5456.87,3998.77,C456350140,2889.05,4347.15,0,0
77,CASH_OUT,108215.63,C600846894,135005.23,26789.6,C945435411,2416.52,110632.15,0,0
35,CASH_OUT,139866.57,C958597195,348479.05,208612.48,C192717920,556.12,140422.69,0,0
2,TRANSFER,146033.98,C412679306,226973.16,80939.18,C324066914,66810.46,212844.44,0,0
58,CASH_OUT,20113.12,C889385047,47767.33,27654.21,C286271681,41338.43,61451.55,0,0
14,PAYMENT,4543.23,C778210562,37686.03,33142.8,M446511440,0.0,0.0,0,0
94,CASH_OUT,83073.28,C111972445,106562.06,23488.78,C696001601,2088.66,85161.94,0,0
90,CASH_OUT,20169.08,C556865760,51062.42,30893.34,C612326496,45504.27,65673.35,0,0
5,CASH_OUT,93019.48,C805653943,261963.01,168943.53,C145775539,17736.34,110755.82,0,0
97,PAYMENT,1127.08,C433310361,2621.8,1494.72,M313814138,0.0,0.0,0,0
34,PAYMENT,1189.51,C382232003,11451.11,10261.6,M606103226,0.0,0.0,0,0
95,CASH_IN,32123.01,C802140873,19324.96,51447.97,C703335469,44259.26,12136.25,0,0
15,CASH_OUT,33755.92,C218257262,57878.43,24122.51,C402595772,30784.84,64540.76,0,0
48,TRANSFER,150599.25,C227524085,200448.88,49849.63,C538752236,29566.88,180166.13,0,0
92,PAYMENT,811.21,C960373645,3231.47,2420.26,M501450537,0.0,0.0,0,0
96,CASH_OUT,78568.22,C369970706,104793.59,26225.37,C537741235,42896.34,121464.56,0,0
90,CASH_IN,31282.26,C394391911,16466.51,47748.77,C714374583,86455.35,55173.09,0,0
29,CASH_IN,47305.31,C304595238,15642.44,62947.75,C973394943,29508.24,0.0,0,0
22,CASH_OUT,145126.29,C848082615,158316.88,13190.59,C411016150,28308.74,173435.03,0,0
53,PAYMENT,284.35,C732950344,1243.28,958.93,M672809021,0.0,0.0,0,0
100,TRANSFER,729623.8,C978904410,729623.8,0.0,C326683970,1800.97,731424.77,1,0
42,CASH_IN,9569.31,C670193187,82.48,9651.79,C826652789,73626.72,64057.41,0,0
8,PAYMENT,3562.82,C134881693,23300.51,19737.69,M874279071,0.0,0.0,0,0
7,CASH_IN,49441.6,C361530104,11291.56,60733.16,C945011302,7792.41,0.0,0,0
60,CASH_OUT,69781.46,C978631921,94940.94,25159.48,C192151258,5417.42,75198.88,0,0
27,TRANSFER,133603.04,C393810087,246409.5,112806.46,C207793876,66041.97,199645.01,0,0
74,PAYMENT,2593.42,C144818105,14247.79,11654.37,M332735798,0.0,0.0,0,0
1,PAYMENT,707.99,C519921150,2916.82,2208.83,M670026395,0.0,0.0,0,0
82,CASH_OUT,40734.79,C788153732,95954.94,55220.15,C338149490,17186.99,57921.78,0,0
45,CASH_OUT,82603.23,C900942073,198719.41,116116.18,C477753674,13545.82,96149.05,0,0
10,CASH_OUT,94078.45,C365287051,252087.15,158008.7,C544001496,18086.13,112164.58,0,0
48,PAYMENT,1892.26,C141467227,15143.89,13251.63,M945461555,0.0,0.0,0,0
7,CASH_IN,24394.73,C563859207,14396.69,38791.42,C642872186,60906.79,36512.06,0,0
85,PAYMENT,4745.97,C624966887,6836.1,2090.13,M569709241,0.0,0.0,0,0
75,CASH_OUT,37305.3,C710702692,79485.65,42180.35,C454714699,14720.38,52025.68,0,0
21,TRANSFER,154178.14,C970070946,514193.38,360015.24,C808653239,61384.51,215562.65,0,0
84,CASH_OUT,133928.93,C377055078,209483.41,75554.48,C268084350,10594.07,144523.0,0,0
23,TRANSFER,43095.92,C182653501,153389.97,110294.05,C916323767,47520.41,90616.33,0,0
65,CASH_OUT,22519.22,C987462850,30510.04,7990.82,C203399810,45080.41,67599.63,0,0
93,PAYMENT,4022.85,C766087112,31773.9,27751.05,M951809949,0.0,0.0,0,0
77,PAYMENT,4654.93,C294651280,18151.56,13496.63,M188655524,0.0,0.0,0,0
9,PAYMENT,2764.99,C487079860,9219.51,6454.52,M303101025,0.0,0.0,0,0
33,PAYMENT,4523.27,C241949922,27188.13,22664.86,M992968317,0.0,0.0,0,0
35,TRANSFER,10209.99,C567530517,23926.23,13716.24,C560921851,47062.88,57272.87,0,0
27,PAYMENT,4280.85,C746502655,22004.48,17723.63,M699429663,0.0,0.0,0,0
66,PAYMENT,2758.37,C818143426,7587.69,4829.32,M204256082,0.0,0.0,0,0
38,PAYMENT,4795.66,C207395318,20650.37,15854.71,M629316212,0.0,0.0,0,0
22,TRANSFER,175017.95,C444283515,591771.42,416753.47,C863002504,10798.05,185816.0,0,0
73,CASH_OUT,24005.99,C619729862,47870.97,23864.98,C657695689,41318.32,65324.31,0,0
40,PAYMENT,1137.78,C379180880,11078.01,9940.23,M499327067,0.0,0.0,0,0
100,CASH_IN,10866.94,C584471226,1899.08,12766.02,C540886010,68698.55,57831.61,0,0
41,PAYMENT,2937.25,C322434334,24632.41,21695.16,M907727084,0.0,0.0,0,0
2,CASH_OUT,10286.0,C993019801,12295.86,2009.86,C541575005,5195.36,15481.36,0,0
46,CASH_OUT,61796.72,C306860005,179338.4,117541.68,C271551118,11113.46,72910.18,0,0
43,CASH_OUT,63844.16,C829535965,151586.56,87742.4,C816479341,31237.91,95082.07,0,0
38,CASH_OUT,14820.54,C369173782,32030.02,17209.48,C879095530,47577.0,62397.54,0,0
32,PAYMENT,1149.8,C865171242,11174.88,10025.08,M185585358,0.0,0.0,0,0
95,CASH_OUT,126696.0,C252340867,206446.64,79750.64,C733819589,31746.81,158442.81,0,0
83,PAYMENT,3098.12,C530089808,7102.36,4004.24,M742839570,0.0,0.0,0,0
50,PAYMENT,3425.25,C409853650,14904.25,11479.0,M449696563,0.0,0.0,0,0
24,PAYMENT,1821.09,C627514698,3649.02,1827.93,M426800512,0.0,0.0,0,0
82,PAYMENT,1378.77,C896233790,3110.29,1731.52,M339670711,0.0,0.0,0,0
58,CASH_IN,43343.37,C899772748,2067.11,45410.48,C544977661,60071.67,16728.3,0,0
32,PAYMENT,3698.48,C956061995,34865.57,31167.09,M840558696,0.0,0.0,0,0
33,CASH_OUT,26224.56,C958222695,60824.63,34600.07,C772387031,18414.37,44638.93,0,0
49,CASH_IN,44582.1,C152369237,6550.96,51133.06,C515850822,15521.42,0.0,0,0
53,PAYMENT,569.94,C977713238,3531.88,2961.94,M815684382,0.0,0.0,0,0
95,CASH_IN,7567.79,C115232939,18676.39,26244.18,C592481419,50445.12,42877.33,0,0
99,CASH_IN,33765.09,C758819288,525.08,34290.17,C697794767,92979.34,59214.25,0,0
30,CASH_OUT,84230.63,C128492780,193710.98,109480.35,C868820204,27247.07,111477.7,0,0
9,PAYMENT,897.3,C239344057,2529.23,1631.93,M133579936,0.0,0.0,0,0
6,CASH_OUT,4035.08,C601773279,4429.33,394.25,C743398610,33101.86,37136.94,0,0
6,PAYMENT,3959.97,C660852445,25450.19,21490.22,M503368085,0.0,0.0,0,0
99,CASH_OUT,27702.59,C330653508,40317.37,12614.78,C602861644,18110.19,45812.78,0,0
60,CASH_IN,5180.24,C805510612,10542.31,15722.55,C751019699,56316.7,51136.46,0,0
64,PAYMENT,3803.39,C170393950,14231.41,10428.02,M822602684,0.0,0.0,0,0
100,PAYMENT,1925.99,C621733910,10761.04,8835.05,M692433358,0.0,0.0,0,0
99,CASH_OUT,60262.68,C221964801,90020.21,29757.53,C871392566,30081.6,90344.28,0,0
13,PAYMENT,597.66,C587193534,1623.73,1026.07,M395775004,0.0,0.0,0,0
50,PAYMENT,3014.68,C937768549,15022.96,12008.28,M109255799,0.0,0.0,0,0
91,PAYMENT,2252.57,C706773699,19106.45,16853.88,M104027443,0.0,0.0,0,0
87,CASH_IN,48140.46,C245587477,8231.92,56372.38,C943629337,6869.3,0.0,0,0
70,PAYMENT,4608.28,C188402322,15712.45,11104.17,M622972582,0.0,0.0,0,0
38,PAYMENT,2857.36,C121002727,25113.05,22255.69,M380287338,0.0,0.0,0,0
7,CASH_OUT,64614.41,C672783451,176144.08,111529.67,C242859142,23173.43,87787.84,0,0
12,TRANSFER,204267.46,C338411494,774462.87,570195.41,C475364113,33191.75,237459.21,0,0
93,PAYMENT,3223.46,C374762050,31905.79,28682.33,M590432899,0.0,0.0,0,0
13,PAYMENT,3285.82,C356624948,4149.11,863.29,M718587449,0.0,0.0,0,0
17,PAYMENT,1766.28,C513409285,8503.73,6737.45,M630650165,0.0,0.0,0,0
62,CASH_IN,22981.01,C710088706,2926.8,25907.81,C466574854,60992.39,38011.38,0,0
31,PAYMENT,687.86,C396550191,5497.57,4809.71,M495075488,0.0,0.0,0,0
49,DEBIT,433.38,C778827038,921.04,487.66,C647960971,890.94,1324.32,0,0
34,PAYMENT,2339.33,C509408129,5115.77,2776.44,M355794196,0.0,0.0,0,0
31,CASH_OUT,22579.34,C221932595,33669.71,11090.37,C129747132,41361.44,63940.78,0,0
96,CASH_IN,3508.68,C147090260,16576.08,20084.76,C861110278,15987.81,12479.13,0,0
51,PAYMENT,3633.84,C821185117,16414.0,12780.16,M501238247,0.0,0.0,0,0
9,PAYMENT,2324.84,C610767573,20238.35,17913.51,M545685360,0.0,0.0,0,0
34,PAYMENT,4965.42,C246907242,34849.5,29884.08,M885585745,0.0,0.0,0,0
11,PAYMENT,1998.74,C737456707,5244.01,3245.27,M216795399,0.0,0.0,0,0
42,CASH_OUT,101560.2,C902178290,148290.74,46730.54,C449701561,5506.64,107066.84,0,0
49,CASH_OUT,61800.19,C888055028,169260.58,107460.39,C881310467,5463.7,67263.89,0,0
48,CASH_OUT,23706.66,C983958713,31986.8,8280.14,C285134558,25929.98,49636.64,0,0
63,CASH_IN,13791.36,C185669964,11528.75,25320.11,C461377871,88863.29,75071.93,0,0
46,PAYMENT,104.3,C739014339,260.28,155.98,M281259137,0.0,0.0,0,0
16,CASH_OUT,50893.32,C620941587,54997.19,4103.87,C343401206,43915.33,94808.65,0,0
29,PAYMENT,4150.27,C481327572,15056.57,10906.3,M958899743,0.0,0.0,0,0
97,PAYMENT,4623.46,C694265300,7417.38,2793.92,M939825580,0.0,0.0,0,0
63,CASH_IN,6434.63,C469334329,19327.2,25761.83,C501073600,35872.64,29438.01,0,0
76,CASH_IN,1460.38,C938415097,8888.6,10348.98,C643629617,50705.19,49244.81,0,0
29,TRANSFER,102797.18,C467403460,244459.35,141662.17,C156737741,16901.77,119698.95,0,0
11,PAYMENT,2584.25,C368009789,21903.05,19318.8,M924212122,0.0,0.0,0,0
41,PAYMENT,4186.9,C418711858,29810.01,25623.11,M636691235,0.0,0.0,0,0
49,PAYMENT,2259.6,C907928256,21843.94,19584.34,M799891975,0.0,0.0,0,0
45,PAYMENT,4258.07,C426466318,20900.86,16642.79,M487080174,0.0,0.0,0,0
34,CASH_OUT,25825.78,C550829541,43394.42,17568.64,C686397334,41487.37,67313.15,0,0
80,CASH_OUT,87994.54,C930499979,99768.31,11773.77,C848778902,49651.11,137645.65,0,0
75,CASH_IN,49970.12,C955947538,327.71,50297.83,C927396077,45967.67,0.0,0,0
32,TRANSFER,18489.45,C874689719,28429.7,9940.25,C382692545,59443.68,77933.13,0,0
99,CASH_OUT,35611.91,C444311548,105816.91,70205.0,C253824712,26062.55,61674.46,0,0
93,CASH_OUT,137543.22,C297619784,409967.8,272424.58,C682115008,47861.84,185405.06,0,0
66,PAYMENT,2352.56,C760962673,5626.52,3273.96,M996348457,0.0,0.0,0,0
54,TRANSFER,136465.3,C300027050,191013.32,54548.02,C525092245,21160.59,157625.89,0,0
62,PAYMENT,1808.84,C969194628,3548.98,1740.14,M681929857,0.0,0.0,0,0
15,CASH_OUT,58113.81,C469837972,156340.74,98226.93,C466044145,8109.9,66223.71,0,0
5,PAYMENT,4281.15,C421810334,41170.99,36889.84,M331083132,0.0,0.0,0,0
40,CASH_OUT,116346.8,C681048625,225601.97,109255.17,C258279275,30166.47,146513.27,0,0
3,CASH_OUT,13539.86,C742328417,37463.72,23923.86,C832975067,34289.39,47829.25,0,0
75,PAYMENT,2521.21,C282392760,22441.47,19920.26,M464188244,0.0,0.0,0,0
22,TRANSFER,29002.14,C629872519,68990.84,39988.7,C818781178,71952.42,100954.56,0,0
86,CASH_OUT,69604.7,C935082100,160134.1,90529.4,C978530356,13760.8,83365.5,0,0
57,CASH_IN,34408.74,C626072176,17751.74,52160.48,C591285126,43328.01,8919.27,0,0
69,CASH_OUT,15672.32,C777861093,16135.66,463.34,C959195052,39921.59,55593.91,0,0
15,CASH_OUT,85032.43,C259128258,214005.77,128973.34,C725644753,46982.5,132014.93,0,0
38,PAYMENT,4675.13,C295182679,46556.21,41881.08,M867352565,0.0,0.0,0,0
79,PAYMENT,1707.09,C240112087,15823.06,14115.97,M290546084,0.0,0.0,0,0
10,PAYMENT,3280.47,C324130818,5641.13,2360.66,M993436624,0.0,0.0,0,0
22,PAYMENT,483.71,C202624416,1151.53,667.82,M946389170,0.0,0.0,0,0
14,PAYMENT,4589.0,C212358004,20384.37,15795.37,M903387645,0.0,0.0,0,0
41,CASH_OUT,72263.18,C139406767,119399.53,47136.35,C488313090,36264.21,108527.39,0,0
86,TRANSFER,74564.44,C245419344,148272.85,73708.41,C112193978,77569.68,152134.12,0,0
85,CASH_OUT,149700.88,C726579237,307190.82,157489.94,C104429962,28539.39,178240.27,0,0
11,CASH_OUT,61375.41,C886137921,101271.92,39896.51,C124517413,12497.04,73872.45,0,0
18,TRANSFER,408295.54,C781895408,408295.54,0.0,C964406493,2271.07,410566.61,1,1
14,CASH_OUT,13132.13,C685582861,13966.88,834.75,C553035110,4684.76,17816.89,0,0
85,PAYMENT,1775.65,C203274109,12543.72,10768.07,M341166057,0.0,0.0,0,0
17,CASH_IN,12619.77,C810841299,14013.94,26633.71,C898730065,8926.41,0.0,0,0
38,PAYMENT,3299.67,C358113984,13121.98,9822.31,M992605912,0.0,0.0,0,0
48,CASH_OUT,27779.97,C483716962,57503.96,29723.99,C784432173,46215.13,73995.1,0,0
11,CASH_OUT,90429.71,C596808815,138539.64,48109.93,C881498108,22474.25,112903.96,0,0
83,CASH_OUT,35326.5,C977357994,66709.78,31383.28,C592949064,28651.75,63978.25,0,0
24,CASH_OUT,65590.23,C995342141,134666.11,69075.88,C248831220,34706.67,100296.9,0,0
93,PAYMENT,2177.07,C686404315,2231.72,54.65,M976242620,0.0,0.0,0,0
83,PAYMENT,825.95,C959047280,2639.09,1813.14,M895094534,0.0,0.0,0,0
49,PAYMENT,2842.66,C623281005,11713.06,8870.4,M483399227,0.0,0.0,0,0
82,DEBIT,1039.07,C717920888,4708.83,3669.76,C120021570,4961.75,6000.82,0,0
41,TRANSFER,93542.28,C258853889,367284.13,273741.85,C679677338,42691.44,136233.72,0,0
28,PAYMENT,418.8,C351612944,2872.13,2453.33,M513466574,0.0,0.0,0,0
67,PAYMENT,4067.03,C802430291,32263.43,28196.4,M365603228,0.0,0.0,0,0
29,TRANSFER,736830.93,C865596218,736830.93,0.0,C713713429,3292.95,740123.88,1,0
61,TRANSFER,98035.12,C239370727,306470.98,208435.86,C334493013,57058.26,155093.38,0,0
75,CASH_OUT,265343.8,C306723705,265343.8,0.0,C703279813,1261.89,266605.69,1,0
71,PAYMENT,1996.2,C582459879,18941.72,16945.52,M919742008,0.0,0.0,0,0
56,CASH_OUT,17435.3,C649136331,24063.46,6628.16,C719106699,2219.33,19654.63,0,0
38,PAYMENT,3090.56,C588920837,22574.23,19483.67,M392201792,0.0,0.0,0,0
62,CASH_IN,17558.36,C509349574,14827.88,32386.24,C963955258,76392.38,58834.02,0,0
83,CASH_IN,7791.45,C845806690,1789.47,9580.92,C983524116,21518.2,13726.75,0,0
59,CASH_IN,2436.59,C884987950,4667.17,7103.76,C488358749,44609.48,42172.89,0,0
96,CASH_IN,5030.12,C684903401,10067.23,15097.35,C576852350,80781.19,75751.07,0,0
13,CASH_OUT,66739.42,C332344597,123980.42,57241.0,C875539066,15045.41,81784.83,0,0
98,PAYMENT,287.7,C121131527,1568.75,1281.05,M841033555,0.0,0.0,0,0
10,CASH_OUT,6896.06,C204494207,12487.24,5591.18,C820897372,26225.28,33121.34,0,0
68,PAYMENT,2688.48,C697292534,10172.5,7484.02,M518183156,0.0,0.0,0,0
29,CASH_OUT,35710.1,C109704042,84042.78,48332.68,C707029508,34011.06,69721.16,0,0
87,CASH_OUT,64118.54,C814298538,85509.68,21391.14,C211779101,9019.83,73138.37,0,0
49,PAYMENT,3195.84,C539655012,15118.32,11922.48,M393484627,0.0,0.0,0,0
83,TRANSFER,53109.22,C766985517,185572.89,132463.67,C663169142,23232.07,76341.29,0,0
34,CASH_IN,28255.28,C554795749,5511.21,33766.49,C757001875,68379.96,40124.68,0,0
84,PAYMENT,2980.12,C103449831,16413.72,13433.6,M343885977,0.0,0.0,0,0
86,CASH_OUT,123171.92,C492391386,368755.17,245583.25,C322509601,12447.19,135619.11,0,0
84,PAYMENT,4396.15,C161224814,33100.45,28704.3,M847403765,0.0,0.0,0,0
26,PAYMENT,2955.28,C323622397,16858.27,13902.99,M916050964,0.0,0.0,0,0
80,PAYMENT,915.58,C845775496,1642.73,727.15,M999568632,0.0,0.0,0,0
94,PAYMENT,669.15,C523826048,2334.63,1665.48,M334221394,0.0,0.0,0,0
53,CASH_OUT,110136.08,C172714670,257790.57,147654.49,C231915340,21388.81,131524.89,0,0
87,CASH_IN,30567.18,C288436227,17940.86,48508.04,C785826598,82871.99,52304.81,0,0
72,DEBIT,429.59,C563816134,2074.78,1645.19,C642046610,1659.69,2089.28,0,0
70,CASH_OUT,11713.67,C317527335,14126.13,2412.46,C263661669,10822.07,22535.74,0,0
34,CASH_OUT,26289.75,C270301326,27970.72,1680.97,C640606355,3183.28,29473.03,0,0
84,PAYMENT,809.43,C871542059,4570.61,3761.18,M638610283,0.0,0.0,0,0
86,CASH_OUT,148173.51,C464832392,168588.85,20415.34,C497250289,6747.17,154920.68,0,0
21,PAYMENT,2536.44,C861894343,20354.04,17817.6,M245652883,0.0,0.0,0,0
14,PAYMENT,3577.4,C234259822,3841.54,264.14,M880725278,0.0,0.0,0,0
76,DEBIT,135.23,C426968135,445.77,310.54,C570162291,2042.15,2177.38,0,0
45,CASH_OUT,101184.04,C327730919,150664.43,49480.39,C896374831,43100.9,144284.94,0,0
44,CASH_OUT,72308.15,C436029974,97526.5,25218.35,C387673568,19540.74,91848.89,0,0
5,PAYMENT,3536.31,C855965460,3763.41,227.1,M324504731,0.0,0.0,0,0
56,CASH_IN,23785.42,C997536058,8128.74,31914.16,C155961512,67510.37,43724.95,0,0
61,TRANSFER,233848.75,C837115354,686680.9,452832.15,C362071276,5175.6,239024.35,0,0
14,PAYMENT,1152.46,C110695352,3198.56,2046.1,M335642938,0.0,0.0,0,0
70,PAYMENT,3236.97,C708889385,18473.23,15236.26,M679842474,0.0,0.0,0,0
68,CASH_IN,14475.17,C112737840,8976.41,23451.58,C956104065,68170.85,53695.68,0,0
18,CASH_IN,15595.83,C181874897,16170.27,31766.1,C176141919,87213.32,71617.49,0,0
20,PAYMENT,3319.74,C725711790,12588.74,9269.0,M475617211,0.0,0.0,0,0
36,PAYMENT,120.47,C827974104,855.29,734.82,M844087852,0.0,0.0,0,0
67,CASH_OUT,77554.85,C977061402,184401.75,106846.9,C272784128,35853.84,113408.69,0,0
86,CASH_OUT,120146.97,C517614209,284181.01,164034.04,C832549899,3314.66,123461.63,0,0
88,CASH_IN,45535.32,C152660856,9934.55,55469.87,C900122509,90511.37,44976.05,0,0
50,CASH_OUT,57425.76,C919714221,154695.34,97269.58,C478399041,12979.08,70404.84,0,0
18,PAYMENT,1028.77,C147112298,5982.12,4953.35,M542768047,0.0,0.0,0,0
80,CASH_OUT,36657.74,C882966815,67540.02,30882.28,C392379167,39633.61,76291.35,0,0
83,PAYMENT,2324.02,C984607950,8644.68,6320.66,M852775879,0.0,0.0,0,0
45,CASH_OUT,112048.31,C294481468,286723.64,174675.33,C255656968,35347.34,147395.65,0,0
61,DEBIT,1973.41,C664037702,9339.38,7365.97,C170991275,2994.33,4967.74,0,0
18,CASH_OUT,94406.05,C151623165,133341.02,38934.97,C904647951,46258.94,140664.99,0,0
33,PAYMENT,4360.21,C798655471,35809.87,31449.66,M147561472,0.0,0.0,0,0
14,PAYMENT,726.2,C580042598,4961.16,4234.96,M877726463,0.0,0.0,0,0
75,PAYMENT,4518.41,C156665940,36177.75,31659.34,M674487589,0.0,0.0,0,0
66,PAYMENT,2419.45,C707335545,23618.64,21199.19,M423558333,0.0,0.0,0,0
2,PAYMENT,2176.8,C695767741,15582.49,13405.69,M439269877,0.0,0.0,0,0
58,PAYMENT,4918.25,C910599978,48941.03,44022.78,M383497061,0.0,0.0,0,0
19,PAYMENT,3493.22,C352442333,27518.64,24025.42,M797833491,0.0,0.0,0,0
78,CASH_IN,32865.06,C867939251,17663.47,50528.53,C240830436,72576.51,39711.45,0,0
11,PAYMENT,2614.25,C360170812,4653.35,2039.1,M592075731,0.0,0.0,0,0
51,CASH_OUT,15678.87,C189390303,20547.92,4869.05,C763682156,32741.63,48420.5,0,0
5,CASH_IN,30765.41,C550156166,4813.33,35578.74,C116799547,7661.8,0.0,0,0
68,PAYMENT,3799.81,C889646658,15500.77,11700.96,M614023624,0.0,0.0,0,0
30,CASH_OUT,86024.01,C988547695,207907.89,121883.88,C138559748,39828.8,125852.81,0,0
2,TRANSFER,76209.91,C100010183,242823.42,166613.51,C509547590,76896.67,153106.58,0,0
66,CASH_OUT,365634.03,C844303913,365634.03,0.0,C309005373,2609.34,368243.37,1,0
97,CASH_OUT,116215.68,C228509048,258893.78,142678.1,C176250049,26488.6,142704.28,0,0
37,TRANSFER,180898.37,C629082656,646514.25,465615.88,C597830785,10955.23,191853.6,0,0
63,CASH_OUT,106106.72,C287048690,253289.56,147182.84,C703418543,46442.26,152548.98,0,0
32,PAYMENT,4794.22,C355936253,7142.89,2348.67,M993908879,0.0,0.0,0,0
79,PAYMENT,4590.09,C500346767,21476.68,16886.59,M515985367,0.0,0.0,0,0
8,CASH_OUT,131363.02,C332230445,233445.16,102082.14,C671159915,1611.58,132974.6,0,0
33,PAYMENT,3938.55,C124221107,29048.07,25109.52,M974450336,0.0,0.0,0,0
68,CASH_OUT,79835.66,C853987850,200694.63,120858.97,C523252826,32159.93,111995.59,0,0
64,CASH_OUT,51873.4,C394952837,123354.11,71480.71,C591806906,12205.04,64078.44,0,0
5,CASH_IN,1414.72,C937569689,13817.67,15232.39,C813911758,86425.69,85010.97,0,0
4,TRANSFER,81708.17,C494586855,243070.03,161361.86,C657426622,3650.42,85358.59,0,0
88,PAYMENT,4295.41,C781087988,36893.92,32598.51,M342942130,0.0,0.0,0,0
89,DEBIT,852.33,C170070955,1629.5,777.17,C302828617,4012.04,4864.37,0,0
98,PAYMENT,3942.61,C767496930,17406.65,13464.04,M437276949,0.0,0.0,0,0
90,CASH_OUT,25920.13,C115424523,72818.06,46897.93,C153641985,41036.96,66957.09,0,0
70,PAYMENT,4208.56,C906676189,7630.66,3422.1,M561925672,0.0,0.0,0,0
46,CASH_OUT,113080.13,C584009254,150232.87,37152.74,C830507008,2137.79,115217.92,0,0
55,TRANSFER,118871.35,C650807925,436123.92,317252.57,C674395925,64966.8,183838.15,0,0
86,CASH_IN,12445.95,C970535450,15747.49,28193.44,C270937380,11701.47,0.0,0,0
22,CASH_OUT,28146.08,C250642261,63014.01,34867.93,C584258607,43276.11,71422.19,0,0
49,PAYMENT,64.94,C609910484,298.35,233.41,M686429833,0.0,0.0,0,0
85,CASH_OUT,8078.01,C572435232,8959.6,881.59,C259580383,9157.07,17235.08,0,0
60,PAYMENT,3678.22,C884035306,8677.69,4999.47,M609672432,0.0,0.0,0,0
51,TRANSFER,41031.34,C421346113,110788.22,69756.88,C358205053,67955.39,108986.73,0,0
32,PAYMENT,1166.06,C616901348,3774.5,2608.44,M465487674,0.0,0.0,0,0
97,CASH_IN,32093.65,C690913910,6297.24,38390.89,C309366141,41458.14,9364.49,0,0
97,PAYMENT,1000.81,C365518424,6597.36,5596.55,M121882877,0.0,0.0,0,0
71,CASH_IN,43671.67,C235612785,9051.3,52722.97,C429671389,55776.56,12104.89,0,0
52,PAYMENT,3743.07,C835606935,32058.97,28315.9,M992229472,0.0,0.0,0,0
11,CASH_IN,18664.93,C303313908,1858.81,20523.74,C955621465,7109.47,0.0,0,0
78,CASH_IN,45760.57,C525880424,6432.3,52192.87,C692790631,29022.86,0.0,0,0
34,CASH_OUT,31616.0,C860599173,50959.78,19343.78,C996944199,49199.53,80815.53,0,0
87,CASH_OUT,75116.37,C408701001,196247.76,121131.39,C639759503,36200.78,111317.15,0,0
2,PAYMENT,4776.29,C907237702,29813.65,25037.36,M814384353,0.0,0.0,0,0
78,PAYMENT,29.75,C995729198,293.81,264.06,M337609168,0.0,0.0,0,0
39,PAYMENT,3863.2,C778127557,5037.62,1174.42,M365545740,0.0,0.0,0,0
78,DEBIT,41.75,C631233659,111.51,69.76,C733854211,928.39,970.14,0,0
43,CASH_OUT,23776.81,C913825022,46886.33,23109.52,C296180898,21933.58,45710.39,0,0
56,PAYMENT,607.84,C343406810,3268.53,2660.69,M340620860,0.0,0.0,0,0
76,PAYMENT,3871.92,C993599071,18603.46,14731.54,M880083367,0.0,0.0,0,0
100,CASH_OUT,97913.16,C357399415,156058.4,58145.24,C338107857,26770.86,124684.02,0,0
97,CASH_OUT,47616.58,C735631188,135856.29,88239.71,C327004707,28767.22,76383.8,0,0
21,CASH_IN,41121.21,C226565106,6961.23,48082.44,C338594744,5728.04,0.0,0,0
71,PAYMENT,3716.04,C292093081,15196.65,11480.61,M459190863,0.0,0.0,0,0
69,PAYMENT,489.34,C470707181,4508.55,4019.21,M833560098,0.0,0.0,0,0
93,CASH_IN,38438.32,C984634188,7860.76,46299.08,C316466362,96232.83,57794.51,0,0
67,PAYMENT,2131.29,C779684090,5625.2,3493.91,M892588016,0.0,0.0,0,0
54,PAYMENT,4211.85,C866720825,21212.72,17000.87,M151343291,0.0,0.0,0,0
9,CASH_OUT,60625.96,C352548261,90480.04,29854.08,C711684318,29725.96,90351.92,0,0
21,PAYMENT,2479.87,C844826434,23575.48,21095.61,M811443654,0.0,0.0,0,0
48,CASH_OUT,676564.72,C687880005,676564.72,0.0,C615918469,63.08,676627.8,1,0
21,CASH_IN,7568.58,C141502816,16615.87,24184.45,C703250965,42305.68,34737.1,0,0
77,CASH_OUT,44360.77,C134733994,115224.47,70863.7,C588361228,33611.79,77972.56,0,0
15,TRANSFER,333435.92,C189296866,333435.92,0.0,C978295327,369.0,333804.92,1,1
77,PAYMENT,2470.61,C752242470,4898.38,2427.77,M565537242,0.0,0.0,0,0
61,PAYMENT,3236.27,C908839964,13633.65,10397.38,M407209235,0.0,0.0,0,0
36,PAYMENT,538.32,C301792175,665.25,126.93,M298370042,0.0,0.0,0,0
29,CASH_IN,44857.98,C953739357,13793.06,58651.04,C758663681,95297.03,50439.05,0,0
57,CASH_OUT,21632.85,C773212157,37570.25,15937.4,C883806173,31875.14,53507.99,0,0
50,PAYMENT,144.88,C344725121,905.37,760.49,M327270384,0.0,0.0,0,0
4,CASH_OUT,148999.6,C620205644,330371.21,181371.61,C559676548,40019.98,189019.58,0,0
72,TRANSFER,826508.96,C612916746,826508.96,0.0,C345882044,2312.54,828821.5,1,1
2,PAYMENT,677.08,C135107823,4092.76,3415.68,M474359078,0.0,0.0,0,0
56,CASH_IN,8792.39,C542837170,11535.21,20327.6,C114247551,5359.34,0.0,0,0
33,CASH_IN,28545.83,C198682372,18357.64,46903.47,C711028819,73692.33,45146.5,0,0
10,TRANSFER,223593.82,C528424763,582531.63,358937.81,C426540001,12857.31,236451.13,0,0
82,PAYMENT,1813.63,C538358997,16265.55,14451.92,M356960471,0.0,0.0,0,0
32,PAYMENT,2244.11,C718928228,6311.8,4067.69,M782474359,0.0,0.0,0,0
70,PAYMENT,724.66,C780801356,6509.48,5784.82,M827233573,0.0,0.0,0,0
81,CASH_OUT,72601.08,C194134670,160416.15,87815.07,C839436897,39409.24,112010.32,0,0
96,PAYMENT,3514.45,C556317624,14428.73,10914.28,M904949834,0.0,0.0,0,0
95,CASH_IN,6614.31,C517522908,15854.26,22468.57,C215834822,13486.23,6871.92,0,0
78,CASH_IN,3422.88,C283520510,15713.53,19136.41,C663105566,52703.14,49280.26,0,0
17,CASH_OUT,142546.76,C121388847,371309.47,228762.71,C122674951,4512.64,147059.4,0,0
59,PAYMENT,905.88,C868443155,4881.09,3975.21,M186770648,0.0,0.0,0,0
34,PAYMENT,2175.65,C740563507,17574.58,15398.93,M882269302,0.0,0.0,0,0
62,PAYMENT,1519.42,C457517705,4415.84,2896.42,M116464447,0.0,0.0,0,0
70,CASH_IN,27630.84,C135078649,6275.85,33906.69,C799140262,71076.79,43445.95,0,0
60,CASH_OUT,80217.75,C939494253,125920.02,45702.27,C181033974,18842.22,99059.97,0,0
55,PAYMENT,3239.94,C341387305,27344.06,24104.12,M385220694,0.0,0.0,0,0
29,CASH_IN,3030.67,C536359513,858.18,3888.85,C563717999,32728.27,29697.6,0,0
54,PAYMENT,3413.29,C527581324,6682.8,3269.51,M995750327,0.0,0.0,0,0
66,PAYMENT,1980.14,C903575808,11981.05,10000.91,M578685950,0.0,0.0,0,0
16,PAYMENT,2287.35,C382099523,21114.74,18827.39,M959591246,0.0,0.0,0,0
14,CASH_IN,41047.01,C993461003,14416.87,55463.88,C932858219,83070.99,42023.98,0,0
61,PAYMENT,4236.63,C108780419,9343.53,5106.9,M562705171,0.0,0.0,0,0
29,CASH_OUT,25691.3,C450316416,67711.02,42019.72,C984859342,26718.88,52410.18,0,0
59,PAYMENT,647.04,C729728465,1368.64,721.6,M118206605,0.0,0.0,0,0
84,PAYMENT,491.51,C738167383,2992.8,2501.29,M412004592,0.0,0.0,0,0
91,CASH_OUT,13139.14,C396818857,14830.67,1691.53,C836405675,31805.68,44944.82,0,0
35,TRANSFER,95684.68,C143992952,128075.16,32390.48,C374289896,37322.05,133006.73,0,0
5,PAYMENT,4116.87,C186000877,21571.66,17454.79,M627950113,0.0,0.0,0,0
53,PAYMENT,3614.99,C768321592,28469.89,24854.9,M813050798,0.0,0.0,0,0
89,PAYMENT,2413.24,C815509975,2796.56,383.32,M459816489,0.0,0.0,0,0
63,CASH_OUT,88586.11,C853030195,153493.87,64907.76,C152705290,30297.68,118883.79,0,0
17,PAYMENT,222.84,C422955277,1368.58,1145.74,M533430835,0.0,0.0,0,0
2,CASH_IN,38679.3,C567248132,16545.15,55224.45,C587165109,49920.75,11241.45,0,0
27,CASH_OUT,88091.85,C653863250,221572.37,133480.52,C693366110,36125.52,124217.37,0,0
9,CASH_OUT,72985.41,C585772239,194076.94,121091.53,C665521130,23508.19,96493.6,0,0
35,CASH_IN,39983.09,C654566741,8074.29,48057.38,C901444044,7233.81,0.0,0,0
11,PAYMENT,4733.16,C363707031,8970.0,4236.84,M122216686,0.0,0.0,0,0
30,CASH_IN,1836.41,C112686584,15756.79,17593.2,C851624282,74290.32,72453.91,0,0
62,PAYMENT,540.48,C789897190,2525.12,1984.64,M116964748,0.0,0.0,0,0
74,CASH_OUT,37948.99,C310150544,89472.26,51523.27,C569777998,11274.83,49223.82,0,0
100,PAYMENT,891.93,C839118629,8773.49,7881.56,M511939260,0.0,0.0,0,0
62,CASH_OUT,43588.9,C140166847,103076.76,59487.86,C262712486,3937.64,47526.54,0,0
92,CASH_OUT,137428.18,C266134114,140955.76,3527.58,C104488833,25034.99,162463.17,0,0
4,CASH_OUT,27303.06,C467976839,49969.0,22665.94,C818750379,44846.34,72149.4,0,0
65,PAYMENT,4485.2,C522679992,30956.89,26471.69,M653265930,0.0,0.0,0,0
22,PAYMENT,3633.42,C847506709,7024.92,3391.5,M271149511,0.0,0.0,0,0
24,PAYMENT,1267.45,C996304234,3336.21,2068.76,M223075021,0.0,0.0,0,0
57,CASH_OUT,38247.37,C203096393,89456.08,51208.71,C629032641,24456.99,62704.36,0,0
51,CASH_OUT,22587.27,C643571747,35710.69,13123.42,C899792917,13169.58,35756.85,0,0
63,PAYMENT,821.02,C863238508,7946.89,7125.87,M342169920,0.0,0.0,0,0
73,CASH_IN,33292.75,C774035360,4676.76,37969.51,C739465782,30620.96,0.0,0,0
32,CASH_IN,7841.98,C482281482,2397.57,10239.55,C214556759,8770.27,928.29,0,0
86,CASH_OUT,82086.1,C525188957,143528.42,61442.32,C107425539,23435.37,105521.47,0,0
35,CASH_IN,25700.22,C738268451,18536.4,44236.62,C436136625,33092.27,7392.05,0,0
89,CASH_OUT,147032.76,C942150718,378558.42,231525.66,C709038381,27226.34,174259.1,0,0
29,CASH_OUT,121433.63,C398704996,305723.1,184289.47,C106977991,7982.97,129416.6,0,0
53,PAYMENT,2785.81,C165452764,24842.25,22056.44,M735297732,0.0,0.0,0,0
100,PAYMENT,1384.67,C926722888,5918.14,4533.47,M253634591,0.0,0.0,0,0
22,CASH_OUT,71146.75,C173446805,135860.15,64713.4,C106752404,15319.66,86466.41,0,0
68,CASH_OUT,10167.0,C382178361,14202.06,4035.06,C309667991,22693.32,32860.32,0,0
93,PAYMENT,4591.06,C190049667,36049.84,31458.78,M756995956,0.0,0.0,0,0
23,PAYMENT,1079.27,C838179083,8725.8,7646.53,M575558434,0.0,0.0,0,0
24,CASH_IN,20010.86,C723731918,17772.08,37782.94,C717892099,97933.98,77923.12,0,0
1,CASH_OUT,34791.87,C777210736,45301.08,10509.21,C859317542,10935.98,45727.85,0,0
94,CASH_OUT,114428.79,C500224021,139215.05,24786.26,C867273075,11203.04,125631.83,0,0
29,PAYMENT,4316.5,C989282376,5728.09,1411.59,M194786655,0.0,0.0,0,0
78,TRANSFER,203212.88,C784848085,436041.8,232828.92,C208579695,78421.32,281634.2,0,0
67,CASH_OUT,7254.47,C710460550,20563.55,13309.08,C182176167,25670.73,32925.2,0,0
65,CASH_OUT,1019.08,C923594990,1698.36,679.28,C836410568,19802.47,20821.55,0,0
17,TRANSFER,194223.84,C363006537,587005.7,392781.86,C537675889,53272.21,247496.05,0,0
17,CASH_OUT,126740.86,C650270404,221462.69,94721.83,C436774194,34110.04,160850.9,0,0
67,CASH_OUT,48465.56,C921731005,102758.57,54293.01,C364024393,47536.92,96002.48,0,0
70,PAYMENT,731.84,C604623813,2840.77,2108.93,M329211822,0.0,0.0,0,0
33,PAYMENT,2702.23,C804776508,18958.54,16256.31,M758858259,0.0,0.0,0,0
35,TRANSFER,127544.42,C735805629,137894.56,10350.14,C326853761,38643.76,166188.18,0,0
41,PAYMENT,1951.11,C437102611,2876.89,925.78,M933203117,0.0,0.0,0,0
90,PAYMENT,373.48,C724495847,2369.85,1996.37,M999191343,0.0,0.0,0,0
45,CASH_IN,18507.88,C362298393,8763.69,27271.57,C269379374,54778.58,36270.7,0,0
27,PAYMENT,1851.36,C357859027,12863.58,11012.22,M499808042,0.0,0.0,0,0
95,PAYMENT,1584.49,C622574029,10316.49,8732.0,M919686587,0.0,0.0,0,0
29,CASH_IN,22553.2,C508427798,5947.06,28500.26,C575368059,59263.99,36710.79,0,0
58,PAYMENT,4004.83,C871282955,28120.68,24115.85,M521336947,0.0,0.0,0,0
50,TRANSFER,192934.59,C443214044,586117.25,393182.66,C956328583,63725.22,256659.81,0,0
5,CASH_OUT,36092.15,C117977747,69029.09,32936.94,C228899367,31780.13,67872.28,0,0
6,PAYMENT,351.92,C117472245,2980.29,2628.37,M202134123,0.0,0.0,0,0
31,PAYMENT,1579.7,C818335840,15082.98,13503.28,M700104110,0.0,0.0,0,0
14,CASH_IN,48889.96,C343547971,6454.08,55344.04,C951776628,5872.74,0.0,0,0
23,PAYMENT,2624.31,C203416251,7157.51,4533.2,M358738317,0.0,0.0,0,0
100,CASH_IN,24050.86,C992482946,1643.72,25694.58,C468716370,78346.38,54295.52,0,0
86,CASH_OUT,145701.5,C216401532,371678.59,225977.09,C354732715,18860.82,164562.32,0,0
69,CASH_OUT,92150.63,C344761663,117484.57,25333.94,C568052911,12926.58,105077.21,0,0
56,CASH_OUT,37199.9,C748118351,46471.69,9271.79,C390044760,5499.51,42699.41,0,0
72,CASH_OUT,16473.06,C247395716,35806.85,19333.79,C895525625,12122.9,28595.96,0,0
97,CASH_OUT,71085.66,C819429524,105562.63,34476.97,C981482739,33093.55,104179.21,0,0
92,CASH_OUT,25250.71,C327731112,27512.27,2261.56,C230058682,5848.65,31099.36,0,0
55,PAYMENT,2923.96,C339326299,11519.16,8595.2,M924396251,0.0,0.0,0,0
2,PAYMENT,4926.91,C328187922,16238.77,11311.86,M436192432,0.0,0.0,0,0
47,PAYMENT,3742.2,C438031505,27084.76,23342.56,M223927974,0.0,0.0,0,0
61,PAYMENT,4297.74,C845841941,24683.96,20386.22,M453484964,0.0,0.0,0,0
41,CASH_OUT,73243.33,C915401487,78502.07,5258.74,C680911523,3421.04,76664.37,0,0
53,TRANSFER,111029.62,C425717549,408854.39,297824.77,C982292061,74660.0,185689.62,0,0
4,CASH_OUT,55705.26,C766774890,90813.73,35108.47,C351049259,45995.86,101701.12,0,0
57,CASH_IN,44233.37,C278604541,17635.41,61868.78,C629442753,35771.89,0.0,0,0
48,PAYMENT,1760.02,C470355261,15609.12,13849.1,M578433629,0.0,0.0,0,0
39,PAYMENT,1078.04,C338249032,1288.59,210.55,M438126323,0.0,0.0,0,0
41,TRANSFER,184361.01,C719459743,218588.52,34227.51,C433717796,42848.24,227209.25,0,0
60,PAYMENT,4691.03,C874755886,7852.01,3160.98,M100379688,0.0,0.0,0,0
66,CASH_OUT,80323.16,C558588596,189804.97,109481.81,C420003033,41590.16,121913.32,0,0
73,CASH_OUT,125320.32,C412092259,251429.27,126108.95,C664003494,37749.62,163069.94,0,0
83,PAYMENT,3958.37,C675904997,21337.93,17379.56,M235106204,0.0,0.0,0,0
7,CASH_OUT,81278.22,C133614668,233630.0,152351.78,C473452277,45502.7,126780.92,0,0
4,PAYMENT,780.18,C285267560,7167.34,6387.16,M708676979,0.0,0.0,0,0
73,PAYMENT,3999.27,C810869393,37202.62,33203.35,M780056967,0.0,0.0,0,0
25,PAYMENT,2233.22,C841436988,12018.18,9784.96,M959386451,0.0,0.0,0,0
69,CASH_IN,3344.57,C839200409,12390.82,15735.39,C747216575,45583.31,42238.74,0,0
64,CASH_OUT,128465.03,C563114070,183850.57,55385.54,C744333988,41204.44,169669.47,0,0
34,CASH_OUT,98473.78,C948254067,179863.49,81389.71,C725047143,27983.33,126457.11,0,0
51,PAYMENT,3908.19,C985358270,15794.57,11886.38,M869645166,0.0,0.0,0,0
68,PAYMENT,308.26,C169271942,438.62,130.36,M961134201,0.0,0.0,0,0
4,CASH_OUT,17777.07,C955485064,46204.89,28427.82,C322619790,49949.35,67726.42,0,0
96,PAYMENT,4909.67,C955554613,40335.53,35425.86,M962672189,0.0,0.0,0,0
92,CASH_OUT,41916.8,C832937704,107164.16,65247.36,C737641925,12264.83,54181.63,0,0
10,PAYMENT,3478.61,C139173177,12681.4,9202.79,M884612399,0.0,0.0,0,0
97,PAYMENT,4580.94,C152414193,22675.93,18094.99,M804182553,0.0,0.0,0,0
7,TRANSFER,33389.79,C398534576,33389.79,0.0,C761518815,4609.57,37999.36,1,0
66,PAYMENT,3771.19,C875652273,3812.57,41.38,M274497626,0.0,0.0,0,0
61,CASH_OUT,98824.34,C500792887,242356.54,143532.2,C498650571,27038.35,125862.69,0,0
66,PAYMENT,1076.17,C351294700,8446.67,7370.5,M404904755,0.0,0.0,0,0
6,PAYMENT,3264.94,C321437670,19793.59,16528.65,M194297000,0.0,0.0,0,0
36,CASH_OUT,118600.06,C539395521,203030.53,84430.47,C548296799,36888.47,155488.53,0,0
28,PAYMENT,4835.36,C191670434,39686.74,34851.38,M347480237,0.0,0.0,0,0
95,CASH_OUT,64751.48,C491079829,183994.03,119242.55,C813219781,31157.77,95909.25,0,0
97,CASH_OUT,136160.26,C436142310,299863.97,163703.71,C756838508,6694.87,142855.13,0,0
5,CASH_OUT,136118.96,C198395588,401856.7,265737.74,C691875560,2278.08,138397.04,0,0
29,CASH_OUT,118345.26,C784319101,343072.85,224727.59,C872407753,32157.28,150502.54,0,0
1,PAYMENT,689.19,C156037713,3416.45,2727.26,M966761327,0.0,0.0,0,0
35,PAYMENT,158.93,C817424055,558.73,399.8,M844239726,0.0,0.0,0,0
81,CASH_IN,34855.31,C779807255,14288.9,49144.21,C306832116,56800.57,21945.26,0,0
69,CASH_OUT,121432.83,C747757401,197068.7,75635.87,C100774843,23474.35,144907.18,0,0
89,PAYMENT,892.3,C437351729,8671.84,7779.54,M527606494,0.0,0.0,0,0
83,CASH_OUT,90915.69,C606540191,195657.65,104741.96,C293675680,46370.61,137286.3,0,0
64,PAYMENT,306.72,C886960612,2563.97,2257.25,M911373139,0.0,0.0,0,0
93,CASH_IN,21744.22,C103433519,11154.74,32898.96,C626875613,21646.15,0.0,0,0
51,PAYMENT,4133.21,C479052259,15075.78,10942.57,M756472244,0.0,0.0,0,0
82,CASH_IN,24452.17,C642678844,1845.97,26298.14,C154544899,42934.0,18481.83,0,0
37,PAYMENT,3818.8,C580933864,36271.82,32453.02,M414562491,0.0,0.0,0,0
62,PAYMENT,3419.98,C470025309,13569.72,10149.74,M861411019,0.0,0.0,0,0
25,CASH_IN,43817.89,C658404186,17136.05,60953.94,C942739088,50959.02,7141.13,0,0
65,PAYMENT,903.18,C390378111,5756.91,4853.73,M442392183,0.0,0.0,0,0
59,CASH_OUT,28011.24,C871588919,46897.1,18885.86,C890937440,14751.21,42762.45,0,0
22,PAYMENT,3235.0,C498871608,11093.71,7858.71,M309090380,0.0,0.0,0,0
39,CASH_OUT,67575.82,C736821089,187159.82,119584.0,C432333282,4451.34,72027.16,0,0
31,CASH_OUT,107058.14,C207889701,293830.71,186772.57,C789191955,19252.53,126310.67,0,0
64,PAYMENT,3329.81,C565753802,33217.26,29887.45,M211632051,0.0,0.0,0,0
84,CASH_OUT,76330.2,C508774805,91535.74,15205.54,C862022549,15772.8,92103.0,0,0
20,CASH_OUT,30079.15,C716422428,56444.2,26365.05,C194494822,16392.11,46471.26,0,0
86,PAYMENT,1378.31,C565242667,5515.85,4137.54,M658093774,0.0,0.0,0,0
18,CASH_IN,5493.19,C727825475,3287.5,8780.69,C213449146,47139.46,41646.27,0,0
27,CASH_OUT,144185.96,C831693114,189925.04,45739.08,C446886458,36411.85,180597.81,0,0
23,CASH_IN,7116.19,C845407515,7074.46,14190.65,C497331717,19467.32,12351.13,0,0
22,CASH_OUT,9662.48,C202600029,20260.94,10598.46,C608079376,1318.25,10980.73,0,0
15,CASH_OUT,139157.87,C890224337,223351.48,84193.61,C107971093,27136.58,166294.45,0,0
41,CASH_IN,40003.87,C835477875,13708.87,53712.74,C391476850,69146.32,29142.45,0,0
86,CASH_OUT,47494.96,C590941149,136380.29,88885.33,C907308348,465.77,47960.73,0,0
6,PAYMENT,2540.48,C633216664,10548.88,8008.4,M798294005,0.0,0.0,0,0
72,PAYMENT,874.57,C952984682,4615.07,3740.5,M683369363,0.0,0.0,0,0
7,PAYMENT,3115.06,C488457631,20648.73,17533.67,M635252889,0.0,0.0,0,0
38,PAYMENT,3591.23,C321455851,20901.17,17309.94,M734966253,0.0,0.0,0,0
26,CASH_OUT,64051.9,C473188349,96965.81,32913.91,C136265329,16531.29,80583.19,0,0
17,PAYMENT,804.8,C717936964,6754.12,5949.32,M192922198,0.0,0.0,0,0
82,TRANSFER,166581.95,C583573331,491747.35,325165.4,C192286195,68861.93,235443.88,0,0
5,TRANSFER,155547.31,C199890239,577189.55,421642.24,C869960751,44814.61,200361.92,0,0
16,PAYMENT,4895.33,C231518435,39425.96,34530.63,M527598238,0.0,0.0,0,0
45,PAYMENT,4263.56,C915097044,38929.63,34666.07,M780324505,0.0,0.0,0,0
58,CASH_IN,14957.09,C467873912,17256.67,32213.76,C612053387,91359.7,76402.61,0,0
44,PAYMENT,4174.05,C868157534,33681.36,29507.31,M135440208,0.0,0.0,0,0
56,CASH_IN,49514.95,C469651326,162.39,49677.34,C725698331,98655.74,49140.79,0,0
54,CASH_IN,12224.36,C607042130,2892.84,15117.2,C691916368,19870.43,7646.07,0,0
56,CASH_OUT,43391.73,C681815214,118726.51,75334.78,C687042694,47654.35,91046.08,0,0
54,PAYMENT,2676.12,C540054094,25320.94,22644.82,M275215227,0.0,0.0,0,0
60,PAYMENT,1568.81,C192208503,7623.06,6054.25,M301698698,0.0,0.0,0,0
91,PAYMENT,2162.55,C534244788,16100.24,13937.69,M259203528,0.0,0.0,0,0
81,CASH_OUT,62139.34,C927020351,103366.14,41226.8,C958644430,34438.33,96577.67,0,0
33,CASH_OUT,127858.52,C809419607,289314.18,161455.66,C184405248,28066.29,155924.81,0,0
64,CASH_OUT,91236.79,C106174601,134643.3,43406.51,C629855936,29443.12,120679.91,0,0
35,CASH_IN,32295.46,C749591392,8834.33,41129.79,C301794412,91429.85,59134.39,0,0
26,CASH_OUT,70533.27,C598132464,144361.7,73828.43,C516999976,23830.44,94363.71,0,0
83,PAYMENT,279.45,C687809201,466.01,186.56,M811011291,0.0,0.0,0,0
27,CASH_OUT,65838.17,C579761146,92915.07,27076.9,C313285647,19025.24,84863.41,0,0
24,CASH_OUT,76457.25,C104073079,184046.73,107589.48,C549152157,19371.34,95828.59,0,0
52,PAYMENT,4676.19,C246941318,38727.65,34051.46,M698510766,0.0,0.0,0,0
55,PAYMENT,2505.73,C424505786,17355.62,14849.89,M672520551,0.0,0.0,0,0
85,CASH_OUT,733107.14,C812526377,733107.14,0.0,C706282556,4924.63,738031.77,1,0
89,PAYMENT,1988.42,C791040228,19696.48,17708.06,M524314330,0.0,0.0,0,0
8,PAYMENT,104.54,C334944315,105.18,0.64,M613236768,0.0,0.0,0,0
81,CASH_IN,13319.05,C402169366,10217.59,23536.64,C501902191,16826.47,3507.42,0,0
90,CASH_OUT,62092.54,C522052175,65186.25,3093.71,C584135007,22684.04,84776.58,0,0
10,CASH_IN,23075.69,C672031195,8268.84,31344.53,C734083157,62466.61,39390.92,0,0
53,CASH_OUT,4060.68,C700124081,7479.11,3418.43,C923312698,37792.82,41853.5,0,0
7,CASH_OUT,18320.56,C142782651,35184.66,16864.1,C625726985,2503.68,20824.24,0,0
60,CASH_OUT,99632.13,C154710586,124155.45,24523.32,C217885943,16651.29,116283.42,0,0
84,CASH_IN,13477.66,C968451673,17069.64,30547.3,C301864129,19058.31,5580.65,0,0
89,CASH_OUT,80298.22,C987288467,217702.17,137403.95,C208516997,35858.94,116157.16,0,0
28,CASH_IN,21037.8,C301495110,15487.69,36525.49,C686355619,60493.39,39455.59,0,0
15,TRANSFER,121320.15,C743172472,193802.08,72481.93,C150347583,66641.96,187962.11,0,0
88,TRANSFER,190791.57,C820595525,339739.72,148948.15,C139534273,2312.25,193103.82,0,0
4,CASH_IN,44572.5,C152624468,13517.78,58090.28,C873138581,29925.61,0.0,0,0
4,TRANSFER,199705.99,C330739390,676674.43,476968.44,C379935186,76087.3,275793.29,0,0
73,CASH_IN,26660.63,C472807202,7411.42,34072.05,C810303128,51090.12,24429.49,0,0
1,PAYMENT,1756.67,C701896059,9128.13,7371.46,M466631819,0.0,0.0,0,0
69,CASH_IN,26227.28,C303870775,15314.68,41541.96,C634239338,16259.02,0.0,0,0
33,CASH_IN,39703.65,C775496328,19433.38,59137.03,C381312969,34804.05,0.0,0,0
7,CASH_IN,44517.93,C418496956,16576.27,61094.2,C304541049,16599.56,0.0,0,0
13,PAYMENT,3230.63,C331185888,24800.31,21569.68,M554370671,0.0,0.0,0,0
82,CASH_IN,47551.96,C110302352,15178.58,62730.54,C101569849,38251.21,0.0,0,0
79,PAYMENT,1579.37,C973844067,2384.83,805.46,M903580651,0.0,0.0,0,0
55,CASH_OUT,77257.01,C576583771,156812.99,79555.98,C842095037,28493.8,105750.81,0,0
94,CASH_OUT,35156.29,C570224835,96088.01,60931.72,C557436027,11581.44,46737.73,0,0
23,PAYMENT,1319.05,C838714681,8810.25,7491.2,M508333520,0.0,0.0,0,0
15,CASH_OUT,114364.82,C632378393,180301.0,65936.18,C856699057,36106.83,150471.65,0,0
81,CASH_OUT,3703.66,C574378104,9821.41,6117.75,C775597843,31630.55,35334.21,0,0
81,DEBIT,1272.65,C436525794,3573.87,2301.22,C105061082,1125.97,2398.62,0,0
5,CASH_OUT,126451.87,C834911471,153898.1,27446.23,C551354522,38220.88,164672.75,0,0
12,TRANSFER,232359.28,C173003126,561590.14,329230.86,C936587372,73850.86,306210.14,0,0
13,CASH_OUT,56620.84,C176523710,97923.3,41302.46,C872766784,40377.14,96997.98,0,0
68,CASH_IN,37725.21,C827487371,10829.38,48554.59,C690897037,40985.95,3260.74,0,0
9,CASH_OUT,82301.67,C320703798,189606.52,107304.85,C575868914,17957.21,100258.88,0,0
32,PAYMENT,507.25,C164538795,1236.24,728.99,M433401541,0.0,0.0,0,0
57,CASH_IN,20708.68,C875469593,5178.87,25887.55,C992628933,88426.68,67718.0,0,0
88,PAYMENT,719.87,C726160204,4852.75,4132.88,M595155950,0.0,0.0,0,0
100,CASH_OUT,61222.12,C667944560,70245.05,9022.93,C728468793,18641.66,79863.78,0,0
62,PAYMENT,2638.41,C908415147,16310.0,13671.59,M746330798,0.0,0.0,0,0
80,PAYMENT,470.3,C865096129,1738.71,1268.41,M567370643,0.0,0.0,0,0
71,PAYMENT,2924.36,C294287831,7406.82,4482.46,M427785295,0.0,0.0,0,0
16,PAYMENT,653.89,C749276419,5149.2,4495.31,M804798365,0.0,0.0,0,0
53,PAYMENT,2804.28,C475433873,8163.38,5359.1,M784514218,0.0,0.0,0,0
49,CASH_IN,3953.28,C711122760,10344.94,14298.22,C940082030,10990.39,7037.11,0,0
71,PAYMENT,3250.6,C509935637,14954.5,11703.9,M275362844,0.0,0.0,0,0
5,CASH_OUT,134108.49,C683545743,260734.79,126626.3,C679473892,38759.86,172868.35,0,0
46,CASH_OUT,123845.42,C361088967,192014.21,68168.79,C536616671,27335.6,151181.02,0,0
74,CASH_IN,34249.03,C945777677,17616.94,51865.97,C766208705,73840.32,39591.29,0,0
93,CASH_IN,20433.94,C393284532,9184.76,29618.7,C840638865,35450.58,15016.64,0,0
52,CASH_IN,37416.52,C696950800,1894.51,39311.03,C368277223,11088.83,0.0,0,0
37,CASH_OUT,44233.52,C553615317,105271.62,61038.1,C158569033,45183.78,89417.3,0,0
41,CASH_OUT,53685.71,C135148462,63737.19,10051.48,C791175622,23922.06,77607.77,0,0
15,CASH_OUT,116690.78,C140152609,220259.47,103568.69,C199432918,1246.74,117937.52,0,0
64,TRANSFER,80759.34,C810372798,146987.09,66227.75,C971148490,50413.16,131172.5,0,0
72,CASH_OUT,148277.39,C372491666,250397.9,102120.51,C720248205,35274.73,183552.12,0,0
57,CASH_IN,6203.67,C762668916,12723.94,18927.61,C257030842,19295.98,13092.31,0,0
17,CASH_OUT,148696.84,C269655154,202281.94,53585.1,C629629907,43058.95,191755.79,0,0
27,CASH_OUT,75779.38,C935689969,204867.7,129088.32,C256384640,9211.57,84990.95,0,0
97,CASH_OUT,149571.03,C372468758,317154.33,167583.3,C471628615,33517.65,183088.68,0,0
81,PAYMENT,2840.28,C153514537,18213.77,15373.49,M110183118,0.0,0.0,0,0
62,CASH_OUT,436116.88,C572788298,436116.88,0.0,C135839518,1826.46,437943.34,1,0
67,TRANSFER,84906.76,C191029915,335028.05,250121.29,C531269332,13145.97,98052.73,0,0
48,TRANSFER,47632.89,C140236774,125778.88,78145.99,C701527902,10829.51,58462.4,0,0
56,TRANSFER,65903.52,C918239378,219989.38,154085.86,C377316000,38278.11,104181.63,0,0
34,PAYMENT,2809.03,C899925830,21694.49,18885.46,M382116655,0.0,0.0,0,0
49,CASH_OUT,66409.9,C297080451,74992.3,8582.4,C106488260,24582.11,90992.01,0,0
82,CASH_OUT,133296.94,C820586864,349216.6,215919.66,C401257560,49221.54,182518.48,0,0
77,CASH_IN,20722.45,C546126710,29.91,20752.36,C183708400,99740.81,79018.36,0,0
43,DEBIT,1118.04,C914696672,1834.98,716.94,C914608646,2445.3,3563.34,0,0
75,CASH_OUT,132069.66,C425713292,216469.88,84400.22,C247168982,12183.81,144253.47,0,0
65,TRANSFER,36690.1,C771156085,96151.29,59461.19,C466843761,66561.05,103251.15,0,0
57,PAYMENT,4912.76,C761052590,20467.06,15554.3,M494824181,0.0,0.0,0,0
77,CASH_OUT,16494.48,C191248659,38188.07,21693.59,C366535973,17750.44,34244.92,0,0
88,CASH_OUT,149330.63,C658096119,170346.11,21015.48,C513729471,20854.48,170185.11,0,0
55,CASH_IN,5368.2,C661277051,2906.53,8274.73,C508956386,67355.16,61986.96,0,0
32,PAYMENT,2808.52,C827827896,18629.74,15821.22,M431575791,0.0,0.0,0,0
24,CASH_IN,12086.36,C608436962,6014.73,18101.09,C341961866,71050.1,58963.74,0,0
40,CASH_IN,38212.36,C623400737,13500.49,51712.85,C710803644,66347.78,28135.42,0,0
36,PAYMENT,4492.77,C412113998,28771.34,24278.57,M507424954,0.0,0.0,0,0
11,CASH_OUT,66902.67,C308325394,72166.26,5263.59,C935942776,17121.67,84024.34,0,0
35,CASH_OUT,945365.05,C415384448,945365.05,0.0,C192482457,4050.77,949415.82,1,0
27,PAYMENT,1741.43,C318587507,12804.18,11062.75,M409229641,0.0,0.0,0,0
88,PAYMENT,373.18,C584566178,1363.67,990.49,M135876704,0.0,0.0,0,0
99,TRANSFER,416554.09,C250011536,416554.09,0.0,C122539199,3753.26,420307.35,1,0
33,CASH_IN,15374.37,C265600378,13572.17,28946.54,C537309736,6832.46,0.0,0,0
17,CASH_OUT,4576.55,C959760529,12444.92,7868.37,C698214656,47559.83,52136.38,0,0
27,PAYMENT,1552.24,C320844007,11466.47,9914.23,M978209248,0.0,0.0,0,0
96,CASH_IN,6479.29,C338754922,2847.19,9326.48,C845439079,23430.87,16951.58,0,0
68,PAYMENT,4606.72,C491549162,9601.89,4995.17,M775046798,0.0,0.0,0,0
28,PAYMENT,546.66,C545659596,3989.08,3442.42,M346162961,0.0,0.0,0,0
11,TRANSFER,222801.99,C648572850,768984.69,546182.7,C824067553,21633.29,244435.28,0,0
87,TRANSFER,173583.33,C928291327,264886.97,91303.64,C456532271,60937.3,234520.63,0,0
63,PAYMENT,4227.68,C364347668,13436.5,9208.82,M337268477,0.0,0.0,0,0
92,CASH_IN,33127.51,C333865216,16965.56,50093.07,C712329191,31368.92,0.0,0,0
68,PAYMENT,1640.25,C121013174,13002.56,11362.31,M840492926,0.0,0.0,0,0
77,CASH_OUT,1289.65,C875913440,1418.15,128.5,C968596953,47770.67,49060.32,0,0
73,PAYMENT,407.36,C549211554,1687.94,1280.58,M528817558,0.0,0.0,0,0
44,CASH_IN,2381.48,C926108943,5349.82,7731.3,C698098197,15966.66,13585.18,0,0
57,PAYMENT,4203.48,C178271453,36234.36,32030.88,M640365793,0.0,0.0,0,0
76,CASH_IN,49221.16,C728805189,3147.94,52369.1,C586464277,99724.55,50503.39,0,0
2,CASH_OUT,75884.58,C268499484,205172.35,129287.77,C603895158,43470.78,119355.36,0,0
7,PAYMENT,242.38,C936564504,1561.24,1318.86,M109136275,0.0,0.0,0,0
23,TRANSFER,173904.94,C257424246,498418.73,324513.79,C994776964,66866.01,240770.95,0,0
23,PAYMENT,90.45,C296518095,142.52,52.07,M841071924,0.0,0.0,0,0
19,CASH_OUT,88624.53,C846290420,220042.68,131418.15,C209223328,44621.38,133245.91,0,0
3,PAYMENT,3291.34,C622591579,5799.25,2507.91,M245788098,0.0,0.0,0,0
70,CASH_IN,27855.89,C379945037,5828.39,33684.28,C977579923,3163.33,0.0,0,0
46,TRANSFER,238261.1,C171839853,578998.48,340737.38,C858087611,23145.75,261406.85,0,0
22,CASH_IN,2035.88,C576079975,7970.04,10005.92,C540136803,26965.34,24929.46,0,0
44,CASH_IN,10720.79,C585239484,10184.67,20905.46,C273649503,84343.44,73622.65,0,0
91,DEBIT,1491.69,C559381725,3737.53,2245.84,C911286994,4171.52,5663.21,0,0
28,TRANSFER,132859.47,C763873742,461163.88,328304.41,C702728525,78490.66,211350.13,0,0
46,PAYMENT,1405.9,C260314927,5697.23,4291.33,M133471933,0.0,0.0,0,0
49,PAYMENT,834.4,C842098773,6641.32,5806.92,M991310560,0.0,0.0,0,0
79,TRANSFER,61040.09,C944639764,129364.3,68324.21,C649977856,49671.18,110711.27,0,0
51,PAYMENT,3833.41,C951641794,9548.56,5715.15,M434561986,0.0,0.0,0,0
96,PAYMENT,2129.36,C430730611,16745.83,14616.47,M522562723,0.0,0.0,0,0
92,PAYMENT,3627.52,C875509468,17695.05,14067.53,M667280402,0.0,0.0,0,0
21,CASH_IN,30252.94,C960345542,1043.6,31296.54,C368438908,48578.47,18325.53,0,0
16,PAYMENT,606.19,C325097061,4646.92,4040.73,M625176174,0.0,0.0,0,0
68,PAYMENT,3760.49,C709872762,26213.09,22452.6,M239469212,0.0,0.0,0,0
64,CASH_OUT,121785.54,C995769426,130808.07,9022.53,C117629000,2802.72,124588.26,0,0
60,TRANSFER,152710.02,C255422037,287969.06,135259.04,C194889047,14901.31,167611.33,0,0
47,CASH_IN,25000.44,C668011575,7477.24,32477.68,C130053409,72158.03,47157.59,0,0
81,TRANSFER,38187.12,C742381335,105521.36,67334.24,C211206375,49554.11,87741.23,0,0
46,CASH_OUT,137899.24,C644509042,171273.86,33374.62,C247668785,8099.77,145999.01,0,0
76,DEBIT,371.37,C385287934,1757.51,1386.14,C231576116,1500.98,1872.35,0,0
31,CASH_OUT,46680.33,C930157967,72065.23,25384.9,C646568148,44949.7,91630.03,0,0
95,PAYMENT,3667.76,C771709698,9525.19,5857.43,M791250747,0.0,0.0,0,0
6,CASH_IN,34119.23,C325567963,2055.87,36175.1,C816114302,78231.51,44112.28,0,0
39,PAYMENT,4669.76,C620312606,37140.77,32471.01,M180619668,0.0,0.0,0,0
100,CASH_OUT,115904.89,C897272900,243336.8,127431.91,C631838653,5660.55,121565.44,0,0
21,CASH_IN,47094.62,C687386446,6759.01,53853.63,C199970392,98542.33,51447.71,0,0
67,CASH_OUT,521596.85,C646282887,521596.85,0.0,C370932583,2336.49,523933.34,1,0
17,PAYMENT,2039.32,C193429353,19064.58,17025.26,M681510765,0.0,0.0,0,0
8,CASH_OUT,99060.41,C139829091,128967.16,29906.75,C788768615,28727.86,127788.27,0,0
14,PAYMENT,3083.22,C117637808,5960.1,2876.88,M541608179,0.0,0.0,0,0
69,PAYMENT,2877.36,C653380476,6595.46,3718.1,M871531100,0.0,0.0,0,0
31,PAYMENT,3277.73,C890340597,12185.18,8907.45,M785137090,0.0,0.0,0,0
14,CASH_OUT,4480.35,C868546986,12568.71,8088.36,C450577559,38315.44,42795.79,0,0
40,CASH_OUT,91782.85,C560632480,115541.41,23758.56,C743295718,14094.86,105877.71,0,0
29,CASH_IN,37900.94,C317790892,3541.56,41442.5,C171013341,95515.21,57614.27,0,0
71,CASH_OUT,81699.03,C579565455,192603.1,110904.07,C129434510,2102.16,83801.19,0,0
41,CASH_OUT,126743.62,C448594692,320454.61,193710.99,C542750235,21529.4,148273.02,0,0
31,PAYMENT,367.08,C550633661,3420.36,3053.28,M682231056,0.0,0.0,0,0
49,CASH_OUT,131583.89,C394123530,274988.33,143404.44,C828857585,45619.52,177203.41,0,0
62,CASH_IN,3235.65,C258785076,1308.26,4543.91,C480547282,72168.01,68932.36,0,0
67,CASH_OUT,65106.42,C462747729,194729.71,129623.29,C837424573,17136.64,82243.06,0,0
16,CASH_OUT,69750.02,C960514523,207561.06,137811.04,C670298515,29772.62,99522.64,0,0
58,CASH_OUT,148157.77,C850558193,188892.47,40734.7,C275394713,9655.43,157813.2,0,0
11,PAYMENT,2259.85,C864726126,12933.12,10673.27,M550672916,0.0,0.0,0,0
67,TRANSFER,28788.31,C460591086,68414.58,39626.27,C288778639,29849.72,58638.03,0,0
4,PAYMENT,595.54,C497692607,3203.22,2607.68,M353061966,0.0,0.0,0,0
22,TRANSFER,907927.48,C436104080,907927.48,0.0,C298651998,2072.37,909999.85,1,0
11,CASH_IN,46947.35,C317995417,9736.96,56684.31,C550756345,50607.63,3660.28,0,0
67,CASH_OUT,116743.92,C924760361,145070.22,28326.3,C196616677,5955.55,122699.47,0,0
9,PAYMENT,3954.82,C397264190,16822.97,12868.15,M148353737,0.0,0.0,0,0
94,PAYMENT,1280.81,C876676811,5546.81,4266.0,M789808060,0.0,0.0,0,0
74,CASH_OUT,117626.31,C178255153,241226.88,123600.57,C441298507,47849.39,165475.7,0,0
49,CASH_IN,3480.97,C375333978,13659.15,17140.12,C856768276,8577.8,5096.83,0,0
9,CASH_OUT,72687.51,C894929258,82185.38,9497.87,C902645429,25789.36,98476.87,0,0
35,TRANSFER,191342.62,C221730927,261052.01,69709.39,C462419904,61279.98,252622.6,0,0
78,CASH_OUT,137087.01,C623989827,156561.75,19474.74,C644512278,28697.94,165784.95,0,0
67,CASH_OUT,6962.14,C214162630,13818.76,6856.62,C276260482,41091.93,48054.07,0,0
68,PAYMENT,1340.29,C480578233,2293.47,953.18,M526164289,0.0,0.0,0,0
11,PAYMENT,1478.76,C190224542,6157.81,4679.05,M657079511,0.0,0.0,0,0
52,PAYMENT,1505.21,C735325355,2947.91,1442.7,M376641293,0.0,0.0,0,0
24,DEBIT,1886.7,C439219391,9148.5,7261.8,C336875344,4556.98,6443.68,0,0
20,PAYMENT,3957.92,C952485739,37700.15,33742.23,M493647374,0.0,0.0,0,0
14,TRANSFER,662702.22,C485930437,662702.22,0.0,C184624287,2593.29,665295.51,1,0
87,TRANSFER,56184.67,C292569534,221605.91,165421.24,C653808250,76326.35,132511.02,0,0
23,TRANSFER,1166.89,C879454950,2096.78,929.89,C725199704,48999.32,50166.21,0,0
93,CASH_OUT,80864.96,C411592665,154684.38,73819.42,C911505699,14224.28,95089.24,0,0
68,PAYMENT,3957.76,C527282034,9548.13,5590.37,M145403352,0.0,0.0,0,0
20,TRANSFER,26323.72,C583745511,53445.4,27121.68,C999126903,57145.24,83468.96,0,0
42,PAYMENT,1692.75,C917652479,4402.99,2710.24,M618942472,0.0,0.0,0,0
33,CASH_OUT,89766.83,C291343796,248788.68,159021.85,C889435015,38215.91,127982.74,0,0
92,CASH_IN,33860.73,C455604686,17691.68,51552.41,C649454789,80481.33,46620.6,0,0
24,CASH_OUT,53033.02,C771636160,76860.68,23827.66,C201332643,6527.5,59560.52,0,0
15,CASH_OUT,83273.9,C360997634,151164.08,67890.18,C222279518,25412.81,108686.71,0,0
12,PAYMENT,3134.99,C734740899,24768.0,21633.01,M121590125,0.0,0.0,0,0
20,CASH_OUT,74896.3,C897329706,179410.4,104514.1,C671488738,33649.3,108545.6,0,0
63,TRANSFER,147311.59,C525571850,337390.22,190078.63,C535206561,18808.91,166120.5,0,0
74,PAYMENT,3417.12,C901179178,18763.39,15346.27,M304190795,0.0,0.0,0,0
49,TRANSFER,689732.48,C920512735,689732.48,0.0,C830573088,4448.28,694180.76,1,0
32,CASH_OUT,144062.02,C357108928,198327.36,54265.34,C626958290,20214.23,164276.25,0,0
83,PAYMENT,1087.6,C152385253,8269.82,7182.22,M662557672,0.0,0.0,0,0
86,TRANSFER,143816.21,C758841666,541537.41,397721.2,C668996535,50201.55,194017.76,0,0
77,CASH_OUT,52095.39,C176940902,129241.28,77145.89,C819274604,29321.45,81416.84,0,0
44,CASH_OUT,25861.39,C717877949,37325.85,11464.46,C732567335,34729.88,60591.27,0,0
79,CASH_OUT,77169.09,C913043828,101743.19,24574.1,C579125557,28317.86,105486.95,0,0
40,CASH_IN,6989.59,C102165309,5659.91,12649.5,C490073376,72345.73,65356.14,0,0
91,CASH_OUT,24635.24,C789914514,35808.24,11173.0,C982235154,8752.52,33387.76,0,0
23,CASH_OUT,79428.9,C761122988,190006.46,110577.56,C231011214,26186.05,105614.95,0,0
14,CASH_OUT,35328.54,C866494676,60787.48,25458.94,C910309537,17854.05,53182.59,0,0
59,PAYMENT,2725.79,C270089241,27178.62,24452.83,M552930293,0.0,0.0,0,0
58,CASH_OUT,42566.22,C878731965,45464.28,2898.06,C307317573,30969.86,73536.08,0,0
38,PAYMENT,3476.94,C964575468,22485.53,19008.59,M257331241,0.0,0.0,0,0
69,CASH_OUT,85945.71,C108503323,243581.32,157635.61,C763921816,15317.47,101263.18,0,0
83,CASH_OUT,147542.87,C704753177,338387.69,190844.82,C827429909,48340.56,195883.43,0,0
51,CASH_IN,46833.61,C300050585,17534.86,64368.47,C410812797,1917.45,0.0,0,0
19,TRANSFER,246900.15,C549856928,468996.04,222095.89,C780766368,66017.39,312917.54,0,1
57,CASH_IN,21979.69,C589857352,9367.75,31347.44,C502207830,75930.01,53950.32,0,0
62,CASH_OUT,92652.03,C129752081,106292.99,13640.96,C476236519,6534.79,99186.82,0,0
63,DEBIT,1759.59,C495152475,4265.57,2505.98,C954251421,2683.22,4442.81,0,0
60,PAYMENT,113.98,C552989372,1039.7,925.72,M278354412,0.0,0.0,0,0
100,CASH_IN,822.32,C950837330,45.03,867.35,C920914314,54521.44,53699.12,0,0
94,CASH_IN,44999.88,C928316966,16142.16,61142.04,C459715348,27926.08,0.0,0,0
25,PAYMENT,3436.85,C312468211,12131.2,8694.35,M870298232,0.0,0.0,0,0
46,CASH_IN,33719.87,C733386544,561.01,34280.88,C791396646,23829.36,0.0,0,0
93,PAYMENT,394.05,C986907524,817.5,423.45,M500299721,0.0,0.0,0,0
80,PAYMENT,773.65,C387527837,4343.47,3569.82,M327805883,0.0,0.0,0,0
7,TRANSFER,198319.43,C432079935,675172.33,476852.9,C251892535,36697.08,235016.51,0,0
11,CASH_IN,19037.3,C208449460,12713.69,31750.99,C586845604,37118.39,18081.09,0,0
60,PAYMENT,722.63,C751396498,2799.36,2076.73,M871336275,0.0,0.0,0,0
17,TRANSFER,60949.62,C415297820,85260.77,24311.15,C441713055,61188.41,122138.03,0,0
1,TRANSFER,39185.61,C303873421,132185.05,92999.44,C643143165,16090.01,55275.62,0,0
35,CASH_IN,6592.97,C178328639,6023.24,12616.21,C218376857,86998.98,80406.01,0,0
93,CASH_IN,32467.95,C942530606,4350.16,36818.11,C804760422,25344.11,0.0,0,0
28,CASH_OUT,141008.07,C367043613,379447.63,238439.56,C138735200,37756.09,178764.16,0,0
35,PAYMENT,2628.43,C762208123,22487.2,19858.77,M950309725,0.0,0.0,0,0
15,DEBIT,1830.33,C432616209,5939.7,4109.37,C421077501,2391.95,4222.28,0,0
23,CASH_IN,47858.06,C474194628,4125.8,51983.86,C365500051,1649.49,0.0,0,0
29,DEBIT,1783.08,C369907473,5373.35,3590.27,C681905812,2781.1,4564.18,0,0
38,PAYMENT,1952.79,C989297289,5911.23,3958.44,M109167505,0.0,0.0,0,0
64,CASH_OUT,137284.06,C282877760,141131.73,3847.67,C180722375,8073.85,145357.91,0,0
98,CASH_OUT,9274.47,C238608002,11410.26,2135.79,C286119282,23936.86,33211.33,0,0
56,CASH_OUT,84921.91,C455699119,236896.67,151974.76,C202393989,45957.61,130879.52,0,0
40,CASH_IN,7573.07,C995847952,13779.95,21353.02,C445146772,60274.28,52701.21,0,0
7,CASH_OUT,78714.77,C807808200,128610.39,49895.62,C573538845,9751.18,88465.95,0,0
51,CASH_IN,15693.83,C655752874,585.97,16279.8,C265632702,66636.55,50942.72,0,0
16,CASH_IN,3890.24,C359928114,17219.66,21109.9,C759191828,33612.87,29722.63,0,0
43,CASH_OUT,141537.78,C354201569,311373.12,169835.34,C932954653,21926.47,163464.25,0,0
63,TRANSFER,52968.85,C181940124,112599.23,59630.38,C550871833,25086.79,78055.64,0,0
34,CASH_OUT,85846.28,C621392697,92278.86,6432.58,C607929943,13770.71,99616.99,0,0
99,CASH_OUT,64567.48,C330879256,118005.28,53437.8,C345343109,41370.96,105938.44,0,0
11,CASH_OUT,87705.11,C882411034,164122.85,76417.74,C454852364,48146.84,135851.95,0,0
91,CASH_OUT,32331.62,C143303806,41922.72,9591.1,C451965766,35557.87,67889.49,0,0
14,CASH_OUT,57243.89,C106336800,63931.98,6688.09,C704207045,19376.36,76620.25,0,0
69,PAYMENT,3230.98,C970513199,20826.03,17595.05,M741654357,0.0,0.0,0,0
92,PAYMENT,4858.99,C674477822,39209.39,34350.4,M219907046,0.0,0.0,0,0
48,CASH_IN,6623.22,C194061273,10213.84,16837.06,C349720370,81453.49,74830.27,0,0
42,PAYMENT,4367.81,C486767831,33292.83,28925.02,M967108597,0.0,0.0,0,0
27,CASH_IN,29690.81,C625931052,2826.61,32517.42,C190074889,62032.36,32341.55,0,0
100,CASH_OUT,32484.33,C127531354,34052.96,1568.63,C294065618,47297.49,79781.82,0,0
73,CASH_IN,46621.87,C906425007,9225.3,55847.17,C689324397,55416.8,8794.93,0,0
40,CASH_IN,47135.74,C789683047,14948.17,62083.91,C305177088,74072.94,26937.2,0,0
65,CASH_IN,36775.28,C485771029,3842.11,40617.39,C669517824,74142.91,37367.63,0,0
74,PAYMENT,4195.46,C552855808,17644.11,13448.65,M149816092,0.0,0.0,0,0
48,PAYMENT,4937.01,C357070361,34091.05,29154.04,M721162257,0.0,0.0,0,0
33,CASH_OUT,60487.97,C277812762,145916.54,85428.57,C741936943,31188.78,91676.75,0,0
64,CASH_OUT,56459.57,C470403591,81104.59,24645.02,C304426702,3716.8,60176.37,0,0
8,CASH_OUT,121699.4,C100566867,183430.43,61731.03,C119499324,21729.84,143429.24,0,0
85,PAYMENT,1953.57,C847197907,13041.16,11087.59,M214641286,0.0,0.0,0,0
62,PAYMENT,3259.93,C920855521,22094.49,18834.56,M886558549,0.0,0.0,0,0
49,CASH_OUT,88193.06,C492234424,101922.51,13729.45,C997078087,12579.32,100772.38,0,0
30,TRANSFER,49967.42,C596524942,177658.79,127691.37,C852973431,3982.64,53950.06,0,0
60,TRANSFER,103463.03,C703857319,276438.76,172975.73,C547221915,10727.42,114190.45,0,0
6,PAYMENT,4436.06,C670051497,30266.41,25830.35,M194199394,0.0,0.0,0,0
86,DEBIT,640.17,C170629479,748.48,108.31,C284813059,3091.74,3731.91,0,0
5,CASH_OUT,77052.02,C621946930,171285.92,94233.9,C878048553,33933.4,110985.42,0,0
37,CASH_IN,43257.16,C735453350,8850.33,52107.49,C165784237,51250.85,7993.69,0,0
100,CASH_IN,25270.22,C359654955,1982.11,27252.33,C173376339,58235.23,32965.01,0,0
37,CASH_IN,30372.9,C347087743,4380.09,34752.99,C478301747,19823.07,0.0,0,0
97,TRANSFER,95260.3,C350891920,206734.99,111474.69,C857640614,21010.01,116270.31,0,0
34,CASH_IN,20192.54,C920184955,8011.63,28204.17,C148578655,57457.88,37265.34,0,0
5,DEBIT,766.77,C931296850,1875.5,1108.73,C968156321,2207.54,2974.31,0,0
13,PAYMENT,4905.44,C594993208,41672.83,36767.39,M493551454,0.0,0.0,0,0
5,CASH_OUT,51506.55,C876314648,146848.33,95341.78,C897338846,37997.6,89504.15,0,0
31,TRANSFER,36497.34,C334084722,59940.53,23443.19,C288070455,21963.79,58461.13,0,0
23,PAYMENT,4265.06,C490402402,30885.15,26620.09,M842159490,0.0,0.0,0,0
18,PAYMENT,4152.71,C166216779,9038.11,4885.4,M338680070,0.0,0.0,0,0
64,CASH_IN,26177.46,C271665508,19640.85,45818.31,C520067776,11376.3,0.0,0,0
50,DEBIT,742.48,C272138688,2024.7,1282.22,C122481067,1569.3,2311.78,0,0
33,CASH_OUT,115548.85,C212071430,244104.33,128555.48,C100584937,26981.2,142530.05,0,0
36,PAYMENT,3856.74,C458153605,37866.17,34009.43,M784095277,0.0,0.0,0,0
10,PAYMENT,1068.2,C900110851,8447.7,7379.5,M288450446,0.0,0.0,0,0
12,CASH_OUT,90109.65,C669562242,115324.5,25214.85,C918949659,26029.23,116138.88,0,0
86,CASH_IN,19883.71,C177390472,846.05,20729.76,C896760809,2855.41,0.0,0,0
31,CASH_OUT,26219.51,C116944811,32866.6,6647.09,C156263020,21048.03,47267.54,0,0
52,CASH_IN,37280.52,C932225920,8706.89,45987.41,C739728228,13800.82,0.0,0,0
56,CASH_IN,41713.12,C608494141,14467.45,56180.57,C371200090,60493.25,18780.13,0,0
34,CASH_OUT,32948.6,C280970231,75452.88,42504.28,C728670022,29955.26,62903.86,0,0
11,CASH_OUT,64243.44,C635746975,155661.65,91418.21,C551744840,16999.07,81242.51,0,0
71,PAYMENT,4810.52,C197936506,6421.16,1610.64,M753048081,0.0,0.0,0,0
62,CASH_OUT,80300.99,C769093336,227191.7,146890.71,C287620469,3354.27,83655.26,0,0
95,CASH_OUT,108764.69,C933381221,172756.99,63992.3,C307766587,8871.29,117635.98,0,0
68,CASH_IN,9556.21,C520484091,6747.64,16303.85,C725293851,68076.54,58520.33,0,0
62,CASH_OUT,112920.51,C788501872,263009.82,150089.31,C616635640,3060.07,115980.58,0,0
26,CASH_IN,34442.18,C431784498,18191.25,52633.43,C662431852,43576.37,9134.19,0,0
100,TRANSFER,27105.14,C363505836,78476.25,51371.11,C721328532,61173.5,88278.64,0,0
49,CASH_OUT,117849.02,C394174865,320918.03,203069.01,C895170314,30669.52,148518.54,0,0
39,PAYMENT,3957.06,C130040913,31870.69,27913.63,M252621455,0.0,0.0,0,0
54,PAYMENT,632.12,C819477978,1040.29,408.17,M112458366,0.0,0.0,0,0
2,CASH_IN,12450.47,C382769582,7978.61,20429.08,C199868119,75130.03,62679.56,0,0
42,CASH_IN,20379.73,C472360508,8035.58,28415.31,C722997665,47280.93,26901.2,0,0
24,CASH_IN,39745.94,C710571363,1913.11,41659.05,C114940230,97950.53,58204.59,0,0
54,CASH_IN,38848.74,C423193523,4269.82,43118.56,C431728531,81149.73,42300.99,0,0
74,PAYMENT,4155.43,C350502766,16209.82,12054.39,M918400762,0.0,0.0,0,0
52,CASH_OUT,106546.32,C598206872,236727.82,130181.5,C584192935,18608.45,125154.77,0,0
26,CASH_OUT,115405.97,C546407987,172027.85,56621.88,C107073358,40457.26,155863.23,0,0
17,PAYMENT,4297.03,C832816859,16816.58,12519.55,M678658039,0.0,0.0,0,0
5,CASH_OUT,20847.39,C267618731,57940.12,37092.73,C494152254,12492.85,33340.24,0,0
8,CASH_IN,44591.04,C828959132,2751.73,47342.77,C929546712,64416.67,19825.63,0,0
47,CASH_OUT,21351.04,C607462143,36045.56,14694.52,C524587460,19474.27,40825.31,0,0
58,CASH_IN,14972.81,C293065688,13193.33,28166.14,C291853043,63490.13,48517.32,0,0
9,CASH_IN,10930.61,C527044165,16496.95,27427.56,C561325766,49976.78,39046.17,0,0
22,CASH_OUT,1811.55,C517865294,3652.66,1841.11,C101738851,43922.49,45734.04,0,0
53,PAYMENT,3296.62,C204078666,15864.02,12567.4,M480424119,0.0,0.0,0,0
68,CASH_OUT,97347.38,C610193066,165961.1,68613.72,C551354463,42033.0,139380.38,0,0
54,CASH_OUT,14696.95,C663204192,27226.1,12529.15,C957708983,42577.97,57274.92,0,0
58,PAYMENT,2532.79,C322664095,3141.83,609.04,M596248563,0.0,0.0,0,0
46,CASH_OUT,6405.21,C311618404,6559.22,154.01,C786294662,46108.72,52513.93,0,0
25,CASH_OUT,132133.7,C370531433,135493.17,3359.47,C793765080,42554.08,174687.78,0,0
60,CASH_IN,23038.03,C656207153,1693.18,24731.21,C158353824,27747.31,4709.28,0,0
59,TRANSFER,96099.6,C143571772,209689.68,113590.08,C852076914,12237.73,108337.33,0,0
95,PAYMENT,4398.0,C191795596,42786.6,38388.6,M483773375,0.0,0.0,0,0
28,CASH_IN,37749.24,C830511568,1637.41,39386.65,C945432844,45228.05,7478.81,0,0
14,CASH_OUT,117883.27,C208437656,325389.84,207506.57,C675132064,43894.68,161777.95,0,0
27,CASH_IN,41755.94,C293976787,10174.76,51930.7,C905238350,28006.36,0.0,0,0
82,TRANSFER,17566.74,C943170597,52763.12,35196.38,C303318997,55582.53,73149.27,0,0
74,CASH_IN,1190.89,C200469209,12858.23,14049.12,C260218791,17580.53,16389.64,0,0
84,PAYMENT,917.34,C656831984,7783.5,6866.16,M461672337,0.0,0.0,0,0
70,CASH_IN,21416.46,C556686459,12095.05,33511.51,C620633149,21593.73,177.27,0,0
64,CASH_OUT,80918.84,C766790630,91430.79,10511.95,C858793241,9626.02,90544.86,0,0
86,PAYMENT,1926.53,C693487068,18545.46,16618.93,M786066323,0.0,0.0,0,0
4,TRANSFER,193072.83,C597959196,427865.05,234792.22,C854985336,63188.7,256261.53,0,0
74,CASH_IN,40720.69,C469788966,14974.6,55695.29,C388859459,93071.67,52350.98,0,0
2,PAYMENT,515.54,C462943972,1257.02,741.48,M252836083,0.0,0.0,0,0
82,CASH_OUT,30335.92,C111500207,86806.75,56470.83,C805324063,25907.66,56243.58,0,0
89,CASH_IN,33490.82,C748850893,1008.44,34499.26,C858496505,94680.51,61189.69,0,0
57,PAYMENT,4208.36,C222568433,24114.91,19906.55,M431109618,0.0,0.0,0,0
35,CASH_OUT,123941.74,C577485358,160284.71,36342.97,C807633214,11146.57,135088.31,0,0
8,CASH_IN,6636.74,C866291023,18538.97,25175.71,C168588368,14851.23,8214.49,0,0
70,CASH_IN,4476.11,C384866066,19100.27,23576.38,C166653961,86632.55,82156.44,0,0
40,TRANSFER,172439.78,C210376728,469501.76,297061.98,C497258095,59565.02,232004.8,0,0
65,PAYMENT,3871.49,C557300445,17834.99,13963.5,M720073011,0.0,0.0,0,0
68,PAYMENT,496.32,C201197568,3477.06,2980.74,M395054475,0.0,0.0,0,0
31,CASH_OUT,2773.66,C406056061,7522.74,4749.08,C941068017,49397.74,52171.4,0,0
39,PAYMENT,3711.2,C699536371,23672.72,19961.52,M297313013,0.0,0.0,0,0
52,CASH_IN,49406.55,C985758835,17387.35,66793.9,C806157458,46735.66,0.0,0,0
43,PAYMENT,3678.93,C777127299,29407.2,25728.27,M821641990,0.0,0.0,0,0
31,TRANSFER,84338.77,C741789327,194610.01,110271.24,C179192371,39525.75,123864.52,0,0
72,CASH_OUT,38731.45,C969747935,70627.64,31896.19,C121298026,17554.52,56285.97,0,0
11,PAYMENT,1926.98,C224256201,12339.43,10412.45,M590641779,0.0,0.0,0,0
82,PAYMENT,3964.95,C863868715,6929.36,2964.41,M944580900,0.0,0.0,0,0
37,TRANSFER,95275.54,C824200423,199467.71,104192.17,C865198335,62426.51,157702.05,0,0
100,CASH_OUT,18402.42,C648445418,41014.06,22611.64,C817257792,39274.85,57677.27,0,0
19,PAYMENT,3819.17,C496845507,35032.75,31213.58,M200482595,0.0,0.0,0,0
81,CASH_OUT,174274.25,C159793243,174274.25,0.0,C104485637,1249.06,175523.31,1,0
94,PAYMENT,3278.7,C706110978,31509.03,28230.33,M299875360,0.0,0.0,0,0
29,PAYMENT,2592.2,C847229579,15596.37,13004.17,M153921577,0.0,0.0,0,0
99,CASH_IN,17688.39,C259277073,19124.28,36812.67,C589547387,62244.39,44556.0,0,0
74,DEBIT,1115.92,C359664179,1975.89,859.97,C520222172,3257.73,4373.65,0,0
87,TRANSFER,144425.01,C313629646,425677.24,281252.23,C797787747,13963.11,158388.12,0,0
26,CASH_IN,39529.13,C354193540,7217.93,46747.06,C128222260,57655.46,18126.33,0,0
36,PAYMENT,1255.69,C487014547,8765.44,7509.75,M499264207,0.0,0.0,0,0
61,PAYMENT,504.93,C465266436,2510.73,2005.8,M691072338,0.0,0.0,0,0
63,TRANSFER,87316.28,C604669821,171417.12,84100.84,C457887167,8367.99,95684.27,0,0
31,PAYMENT,3767.5,C283001054,27499.66,23732.16,M808395905,0.0,0.0,0,0
97,PAYMENT,1749.63,C313250824,9333.62,7583.99,M550006352,0.0,0.0,0,0
87,CASH_OUT,120938.04,C296686575,147788.58,26850.54,C469309222,2555.63,123493.67,0,0
80,CASH_OUT,117574.27,C256895366,231550.23,113975.96,C443635681,15708.41,133282.68,0,0
86,TRANSFER,166313.57,C612320575,299597.83,133284.26,C153714342,47107.33,213420.9,0,0
88,PAYMENT,4056.65,C260199682,7166.59,3109.94,M426240903,0.0,0.0,0,0
38,PAYMENT,4359.61,C123661636,37120.02,32760.41,M349460359,0.0,0.0,0,0
92,CASH_IN,41429.92,C518462171,5259.61,46689.53,C336859315,42801.7,1371.78,0,0
53,CASH_OUT,13058.19,C563546514,36165.24,23107.05,C371871756,16640.2,29698.39,0,0
52,CASH_OUT,67152.74,C713270104,90093.48,22940.74,C396111085,2540.04,69692.78,0,0
95,CASH_IN,5505.05,C966935604,19049.47,24554.52,C516730543,93314.8,87809.75,0,0
67,CASH_OUT,88973.54,C225084361,176940.86,87967.32,C608341388,49806.78,138780.32,0,0
23,CASH_OUT,44252.38,C760396220,99591.93,55339.55,C236860018,41934.13,86186.51,0,0
93,CASH_OUT,68736.86,C451498831,151470.33,82733.47,C519569330,8262.86,76999.72,0,0
42,CASH_IN,15841.14,C773469560,1365.73,17206.87,C572191734,44778.6,28937.46,0,0
26,PAYMENT,3156.21,C198160064,17148.41,13992.2,M312590309,0.0,0.0,0,0
78,PAYMENT,2973.86,C389663020,7816.86,4843.0,M785688236,0.0,0.0,0,0
13,PAYMENT,4010.47,C542536154,20491.93,16481.46,M882819390,0.0,0.0,0,0
57,PAYMENT,352.69,C535717670,2528.64,2175.95,M216763663,0.0,0.0,0,0
45,PAYMENT,706.5,C396586682,1491.59,785.09,M531043494,0.0,0.0,0,0
6,PAYMENT,422.56,C926907506,3992.09,3569.53,M253153814,0.0,0.0,0,0
95,CASH_OUT,10839.43,C360183853,20162.76,9323.33,C934052476,34236.9,45076.33,0,0
97,CASH_OUT,35419.02,C166924725,92490.54,57071.52,C178288557,28192.81,63611.83,0,0
32,CASH_OUT,51289.22,C783616973,125545.67,74256.45,C488121954,13753.97,65043.19,0,0
72,CASH_OUT,15583.61,C538134097,26614.13,11030.52,C196227496,4653.21,20236.82,0,0
52,CASH_OUT,140642.48,C776776838,304441.41,163798.93,C190236646,12941.03,153583.51,0,0
36,PAYMENT,3034.64,C776309194,11812.44,8777.8,M892131934,0.0,0.0,0,0
43,PAYMENT,4879.21,C776364820,29509.31,24630.1,M202423196,0.0,0.0,0,0
22,CASH_IN,35502.16,C834450885,9783.6,45285.76,C459595848,33223.24,0.0,0,0
95,CASH_OUT,149875.27,C984079709,354928.05,205052.78,C667055316,2117.8,151993.07,0,0
21,PAYMENT,1533.79,C319125903,6685.26,5151.47,M771424174,0.0,0.0,0,0
94,CASH_IN,31699.32,C464959908,12874.92,44574.24,C168513167,39751.08,8051.76,0,0
98,CASH_IN,22058.93,C933611596,18799.11,40858.04,C334890347,37853.27,15794.34,0,0
17,CASH_OUT,128928.34,C871983390,233377.85,104449.51,C675541228,33221.9,162150.24,0,0
57,TRANSFER,219679.65,C388095021,465252.16,245572.51,C199805719,27417.82,247097.47,0,0
41,TRANSFER,17219.48,C966878665,45960.39,28740.91,C516718295,44164.34,61383.82,0,0
77,CASH_OUT,140746.93,C775498487,153180.67,12433.74,C358997266,34449.83,175196.76,0,0
32,CASH_IN,39313.11,C966614227,5209.59,44522.7,C927201666,6123.14,0.0,0,0
36,CASH_OUT,29958.58,C551501133,88771.92,58813.34,C154753357,31405.64,61364.22,0,0
18,CASH_OUT,130123.64,C478472089,338694.24,208570.6,C476796271,26719.16,156842.8,0,0
24,CASH_OUT,117761.54,C436883282,201924.39,84162.85,C707620091,48098.95,165860.49,0,0
76,CASH_OUT,33110.59,C731832764,79984.65,46874.06,C176228245,2943.69,36054.28,0,0
65,CASH_IN,45617.7,C874182210,2366.3,47984.0,C801827399,47738.3,2120.6,0,0
59,PAYMENT,409.23,C498695801,3658.26,3249.03,M218250305,0.0,0.0,0,0
99,CASH_IN,26427.46,C835782861,17870.06,44297.52,C258377529,19407.71,0.0,0,0
63,PAYMENT,4070.91,C324048532,23402.85,19331.94,M917764490,0.0,0.0,0,0
1,PAYMENT,1012.57,C994628785,4717.38,3704.81,M668314010,0.0,0.0,0,0
59,TRANSFER,63944.86,C258234528,174890.82,110945.96,C746552918,53008.37,116953.23,0,0
12,CASH_OUT,71396.59,C991694626,174085.13,102688.54,C554384353,38124.82,109521.41,0,0
13,PAYMENT,1338.65,C248120733,10025.36,8686.71,M791449380,0.0,0.0,0,0
37,CASH_IN,19217.35,C504064729,14407.1,33624.45,C366991189,93620.09,74402.74,0,0
57,CASH_IN,4472.07,C793547595,14144.17,18616.24,C277827512,57627.48,53155.41,0,0
36,PAYMENT,4906.64,C542413659,20971.31,16064.67,M670116459,0.0,0.0,0,0
19,PAYMENT,3680.32,C158968513,33313.68,29633.36,M536553669,0.0,0.0,0,0
83,CASH_OUT,70385.35,C111081272,207552.2,137166.85,C447082726,19877.74,90263.09,0,0
12,DEBIT,1748.17,C828799173,1851.89,103.72,C493032997,1741.75,3489.92,0,0
51,PAYMENT,3813.87,C165704672,30003.92,26190.05,M531879514,0.0,0.0,0,0
72,PAYMENT,4495.1,C731087338,10159.47,5664.37,M162906470,0.0,0.0,0,0
86,CASH_OUT,47878.3,C663137920,86971.81,39093.51,C547025173,14994.42,62872.72,0,0
32,CASH_OUT,140866.62,C396830806,256691.06,115824.44,C529567320,49953.14,190819.76,0,0
60,CASH_OUT,136101.4,C833743378,294021.99,157920.59,C511622607,20905.0,157006.4,0,0
78,CASH_IN,10040.74,C609238563,14844.07,24884.81,C548952976,95742.32,85701.58,0,0
95,CASH_OUT,19548.01,C117656481,51331.3,31783.29,C622012269,45360.8,64908.81,0,0
16,CASH_OUT,74868.66,C482790534,211534.29,136665.63,C711397169,45315.1,120183.76,0,0
50,PAYMENT,2915.65,C692099952,4751.75,1836.1,M713812213,0.0,0.0,0,0
95,PAYMENT,100.22,C802046257,141.53,41.31,M763971973,0.0,0.0,0,0
84,CASH_OUT,129529.4,C649042259,248118.46,118589.06,C273279673,36153.01,165682.41,0,0
10,CASH_IN,23896.94,C602979426,12837.82,36734.76,C800831233,82898.11,59001.17,0,0
52,CASH_OUT,144909.24,C751747513,353003.87,208094.63,C144729990,1164.69,146073.93,0,0
18,CASH_OUT,141326.45,C713341529,181589.16,40262.71,C449432358,4511.7,145838.15,0,0
60,PAYMENT,991.69,C874891307,2566.41,1574.72,M555284547,0.0,0.0,0,0
33,PAYMENT,476.51,C648728848,3820.58,3344.07,M456966239,0.0,0.0,0,0
5,CASH_IN,29679.15,C651344082,2378.44,32057.59,C603673335,26048.23,0.0,0,0
46,PAYMENT,4669.93,C813587596,18906.35,14236.42,M796554388,0.0,0.0,0,0
2,CASH_OUT,141317.73,C221029042,195866.77,54549.04,C474850376,41295.23,182612.96,0,0
23,CASH_IN,21632.23,C887314701,18216.66,39848.89,C513030888,19160.99,0.0,0,0
83,CASH_IN,47521.82,C404383047,1742.74,49264.56,C950891289,77857.04,30335.22,0,0
34,TRANSFER,9166.25,C975353559,15790.3,6624.05,C840371118,6294.85,15461.1,0,0
9,CASH_OUT,123842.19,C357317854,351326.46,227484.27,C659597342,49020.15,172862.34,0,0
43,PAYMENT,2057.77,C155189435,10083.24,8025.47,M812384153,0.0,0.0,0,0
55,PAYMENT,2560.94,C586469216,4053.56,1492.62,M262875248,0.0,0.0,0,0
32,CASH_OUT,50096.48,C959519811,92444.68,42348.2,C805690050,12300.09,62396.57,0,0
23,CASH_OUT,83422.01,C558703133,245642.82,162220.81,C150341410,47079.32,130501.33,0,0
31,CASH_IN,31432.71,C373130219,6426.72,37859.43,C825211525,93245.32,61812.61,0,0
53,CASH_IN,31752.1,C196787722,14599.06,46351.16,C182348704,94541.83,62789.73,0,0
41,DEBIT,1292.85,C946711815,5458.54,4165.69,C472929578,2249.72,3542.57,0,0
30,TRANSFER,197916.31,C945923902,590493.03,392576.72,C733281747,74693.48,272609.79,0,0
65,CASH_OUT,59925.42,C889842632,179011.42,119086.0,C437539518,4338.18,64263.6,0,0
40,PAYMENT,46.67,C558606186,365.99,319.32,M309055506,0.0,0.0,0,0
6,PAYMENT,4608.19,C702015917,14564.91,9956.72,M445916685,0.0,0.0,0,0
90,CASH_OUT,8780.1,C356234948,25016.75,16236.65,C192570281,5799.33,14579.43,0,0
17,PAYMENT,1908.89,C141275037,9873.42,7964.53,M966291876,0.0,0.0,0,0
2,CASH_OUT,408521.47,C174571085,408521.47,0.0,C543259677,217.22,408738.69,1,0
77,PAYMENT,1415.9,C252294589,2598.17,1182.27,M293947512,0.0,0.0,0,0
88,CASH_OUT,11038.66,C586989309,14528.65,3489.99,C164331134,20781.09,31819.75,0,0
50,TRANSFER,65813.28,C226444910,204818.39,139005.11,C379484009,17165.63,82978.91,0,0
85,CASH_OUT,27988.36,C104692647,38953.28,10964.92,C945488046,44648.98,72637.34,0,0
92,CASH_OUT,52849.51,C942219606,56176.69,3327.18,C637409177,8485.82,61335.33,0,0
71,CASH_OUT,548.19,C348385055,1141.64,593.45,C398826584,24321.07,24869.26,0,0
41,TRANSFER,51558.67,C598257752,170670.64,119111.97,C909076285,60143.37,111702.04,0,0
78,PAYMENT,300.44,C698212050,558.64,258.2,M500663522,0.0,0.0,0,0
33,PAYMENT,4691.02,C739204955,25122.91,20431.89,M522404300,0.0,0.0,0,0
84,PAYMENT,3597.45,C804303106,18474.11,14876.66,M464311019,0.0,0.0,0,0
97,PAYMENT,2533.21,C233913984,24563.23,22030.02,M490369190,0.0,0.0,0,0
74,CASH_OUT,134374.49,C507693523,354312.6,219938.11,C523625992,47730.44,182104.93,0,0
22,CASH_OUT,128265.1,C693516844,233877.59,105612.49,C192851105,26088.44,154353.54,0,0
10,PAYMENT,3787.88,C619964733,10481.67,6693.79,M145652216,0.0,0.0,0,0
98,PAYMENT,3415.56,C531078054,4329.75,914.19,M575433457,0.0,0.0,0,0
43,TRANSFER,26933.17,C562198122,47839.1,20905.93,C205877984,40854.1,67787.27,0,0
80,PAYMENT,775.1,C861484069,3501.04,2725.94,M932757063,0.0,0.0,0,0
96,CASH_OUT,41754.94,C358245981,121100.17,79345.23,C971135032,1603.58,43358.52,0,0
63,PAYMENT,2643.9,C165181159,16359.48,13715.58,M553123931,0.0,0.0,0,0
44,TRANSFER,158164.23,C378683318,621648.28,463484.05,C563200280,63854.91,222019.14,0,0
52,CASH_OUT,146298.23,C161462633,382210.04,235911.81,C454608877,154.23,146452.46,0,0
86,CASH_IN,11933.37,C273145929,19875.46,31808.83,C144186034,57877.99,45944.62,0,0
98,CASH_IN,368.58,C261669421,478.21,846.79,C540272920,54612.97,54244.39,0,0
57,PAYMENT,81.66,C590622789,382.97,301.31,M254785699,0.0,0.0,0,0
11,TRANSFER,11696.2,C706445962,28672.31,16976.11,C948498387,3843.91,15540.11,0,0
82,CASH_IN,4918.9,C437408933,5549.56,10468.46,C684205193,85405.01,80486.11,0,0
48,CASH_IN,9772.63,C916267975,10964.7,20737.33,C550639157,30125.91,20353.28,0,0
98,PAYMENT,2282.44,C393724281,16791.16,14508.72,M312365395,0.0,0.0,0,0
88,TRANSFER,133772.4,C132199020,427083.36,293310.96,C836864391,39654.59,173426.99,0,0
53,CASH_OUT,45026.48,C558022242,121870.96,76844.48,C184141769,30704.08,75730.56,0,0
32,CASH_IN,7377.57,C848800417,13565.89,20943.46,C844895323,74297.71,66920.14,0,0
47,CASH_OUT,34629.44,C749848507,63638.54,29009.1,C944287643,28467.11,63096.55,0,0
26,CASH_OUT,58386.48,C561228852,83468.86,25082.38,C856704108,13917.24,72303.72,0,0
14,PAYMENT,2749.08,C476151232,6251.44,3502.36,M391039983,0.0,0.0,0,0
95,CASH_OUT,121143.4,C639208572,126882.04,5738.64,C261261699,39803.46,160946.86,0,0
22,CASH_OUT,132321.42,C565832017,155731.63,23410.21,C226133687,48432.87,180754.29,0,0
68,CASH_IN,18710.86,C177880216,7911.91,26622.77,C810966933,11002.18,0.0,0,0
6,CASH_OUT,81010.0,C351619881,220951.57,139941.57,C910015485,2822.2,83832.2,0,0
65,CASH_IN,47360.36,C258304834,4982.08,52342.44,C621267068,19575.02,0.0,0,0
71,PAYMENT,1922.16,C617945843,5524.56,3602.4,M465839040,0.0,0.0,0,0
37,PAYMENT,1359.11,C211586005,9453.41,8094.3,M636066442,0.0,0.0,0,0
99,CASH_OUT,37042.82,C956905222,43120.66,6077.84,C178927201,7711.05,44753.87,0,0
9,CASH_OUT,87201.76,C488436316,163253.64,76051.88,C707281088,12895.58,100097.34,0,0
78,PAYMENT,1378.38,C794945166,6319.38,4941.0,M614037655,0.0,0.0,0,0
54,TRANSFER,77676.16,C396618097,212720.09,135043.93,C144130760,56146.85,133823.01,0,0
95,PAYMENT,369.76,C454795914,2284.01,1914.25,M795612752,0.0,0.0,0,0
52,PAYMENT,2126.4,C999912828,7456.57,5330.17,M635915400,0.0,0.0,0,0
3,CASH_IN,45680.7,C258290859,7988.67,53669.37,C654059843,80795.35,35114.65,0,0
11,CASH_OUT,111376.71,C127154794,330435.58,219058.87,C240174860,31723.16,143099.87,0,0
97,PAYMENT,3380.1,C584642883,4077.98,697.88,M509123196,0.0,0.0,0,0
41,TRANSFER,52597.41,C806701483,78363.13,25765.72,C425268081,79280.29,131877.7,0,0
81,CASH_IN,14610.18,C631529611,1176.25,15786.43,C504487813,81210.81,66600.63,0,0
65,PAYMENT,2627.65,C858302909,4111.99,1484.34,M650878040,0.0,0.0,0,0
48,CASH_OUT,95047.01,C855809082,108486.39,13439.38,C773563645,44671.72,139718.73,0,0
54,CASH_OUT,135038.07,C104464143,143862.7,8824.63,C545126826,1312.34,136350.41,0,0
27,PAYMENT,2769.98,C422135540,23673.77,20903.79,M177298097,0.0,0.0,0,0
19,CASH_OUT,78151.08,C319318381,81697.62,3546.54,C773532691,20826.83,98977.91,0,0
3,DEBIT,1644.63,C821856853,1909.29,264.66,C718740490,3805.72,5450.35,0,0
12,CASH_OUT,22922.82,C798160783,39853.49,16930.67,C255960650,40795.51,63718.33,0,0
96,CASH_OUT,859244.4,C664844179,859244.4,0.0,C503851259,4848.74,864093.14,1,0
76,CASH_IN,16903.46,C658294552,19864.3,36767.76,C841180707,32013.71,15110.25,0,0
71,CASH_OUT,113535.93,C768630388,217817.91,104281.98,C277968787,41932.18,155468.11,0,0
56,CASH_OUT,80114.24,C786688228,157288.56,77174.32,C472769123,11356.42,91470.66,0,0
17,PAYMENT,4319.81,C982804364,13595.65,9275.84,M647269515,0.0,0.0,0,0
34,CASH_IN,12992.83,C303021597,12134.01,25126.84,C855460504,81826.59,68833.76,0,0
21,PAYMENT,710.68,C492177998,1203.6,492.92,M363115935,0.0,0.0,0,0
64,DEBIT,1396.9,C597877404,3242.2,1845.3,C134077472,4233.38,5630.28,0,0
57,PAYMENT,1724.54,C960231593,5226.82,3502.28,M274056391,0.0,0.0,0,0
74,PAYMENT,404.22,C813977944,803.81,399.59,M817012115,0.0,0.0,0,0
2,CASH_OUT,57434.8,C778812730,117670.51,60235.71,C427258676,15965.83,73400.63,0,0
49,CASH_OUT,25651.65,C612046054,55724.38,30072.73,C121425574,49388.65,75040.3,0,0
94,PAYMENT,1247.75,C308970522,9936.59,8688.84,M745883049,0.0,0.0,0,0
24,CASH_OUT,857.15,C392787282,889.24,32.09,C322410957,20716.24,21573.39,0,0
61,CASH_OUT,130995.46,C624316008,159653.6,28658.14,C607416289,40946.32,171941.78,0,0
55,CASH_OUT,74773.73,C720556736,110179.09,35405.36,C884812266,25086.44,99860.17,0,0
65,TRANSFER,65850.05,C661084098,156137.67,90287.62,C327932482,31694.34,97544.39,0,0
57,PAYMENT,131.99,C502775535,1146.69,1014.7,M898802042,0.0,0.0,0,0
32,PAYMENT,2913.93,C654535921,23331.68,20417.75,M983520645,0.0,0.0,0,0
29,PAYMENT,4844.23,C920917342,46271.03,41426.8,M389758574,0.0,0.0,0,0
9,CASH_OUT,106266.24,C449359982,262750.33,156484.09,C920611315,35015.86,141282.1,0,0
86,PAYMENT,2795.34,C553054055,23387.22,20591.88,M530430099,0.0,0.0,0,0
83,PAYMENT,3783.67,C707326507,33861.34,30077.67,M142285535,0.0,0.0,0,0
16,DEBIT,1391.12,C553456129,1785.24,394.12,C612926731,1977.04,3368.16,0,0
100,CASH_OUT,74512.69,C203208269,177195.95,102683.26,C340294732,1601.69,76114.38,0,0
19,CASH_OUT,143177.25,C598803400,222575.34,79398.09,C596467660,5893.28,149070.53,0,0
44,CASH_IN,2468.04,C918464025,12523.59,14991.63,C206917560,83833.52,81365.48,0,0
56,PAYMENT,4298.94,C125830942,19079.12,14780.18,M440786794,0.0,0.0,0,0
45,CASH_IN,9225.09,C978510324,2205.15,11430.24,C996649844,78644.05,69418.96,0,0
95,CASH_OUT,461798.4,C795349276,461798.4,0.0,C992785960,518.83,462317.23,1,0
2,CASH_IN,15954.92,C818264518,13466.69,29421.61,C235867560,2977.54,0.0,0,0
77,PAYMENT,1294.64,C817831634,9222.45,7927.81,M554021632,0.0,0.0,0,0
65,PAYMENT,737.67,C936379822,6203.77,5466.1,M509616187,0.0,0.0,0,0
81,CASH_OUT,134090.68,C825233908,288821.83,154731.15,C985116069,46315.93,180406.61,0,0
4,TRANSFER,214155.55,C619524536,682827.41,468671.86,C291320822,5257.01,219412.56,0,0
32,CASH_OUT,86041.32,C352013072,86041.32,0.0,C596094067,1834.96,87876.28,1,0
63,PAYMENT,217.9,C654351339,1231.5,1013.6,M114097170,0.0,0.0,0,0
26,PAYMENT,318.91,C433725254,596.53,277.62,M771405073,0.0,0.0,0,0
17,CASH_IN,11316.31,C253110789,14863.7,26180.01,C188249744,72009.54,60693.23,0,0
17,CASH_OUT,120149.63,C745471251,180798.87,60649.24,C340271240,40254.28,160403.91,0,0
88,CASH_OUT,140425.53,C822785656,175955.17,35529.64,C749567251,45162.5,185588.03,0,0
48,PAYMENT,3863.37,C549262283,32191.27,28327.9,M673927597,0.0,0.0,0,0
6,PAYMENT,4750.08,C349822837,26150.4,21400.32,M247825381,0.0,0.0,0,0
36,TRANSFER,140819.64,C134478330,399059.89,258240.25,C904509987,69299.49,210119.13,0,0
16,CASH_IN,31947.84,C412953988,11962.62,43910.46,C320905013,63710.98,31763.14,0,0
30,PAYMENT,1798.67,C181484595,6566.33,4767.66,M188496207,0.0,0.0,0,0
7,CASH_OUT,80367.35,C488799500,215086.99,134719.64,C268569854,19776.31,100143.66,0,0
53,CASH_OUT,94301.59,C709590736,142214.3,47912.71,C922800018,32745.34,127046.93,0,0
77,PAYMENT,240.14,C227154328,525.33,285.19,M729359157,0.0,0.0,0,0
74,CASH_OUT,73721.76,C408361258,85016.51,11294.75,C924619873,8786.25,82508.01,0,0
84,PAYMENT,4356.98,C361837363,21242.94,16885.96,M882543250,0.0,0.0,0,0
12,CASH_OUT,61889.35,C492756851,99465.21,37575.86,C267200433,4.62,61893.97,0,0
34,PAYMENT,1977.56,C228205532,18889.42,16911.86,M317031248,0.0,0.0,0,0
74,CASH_OUT,68033.72,C330678603,142310.14,74276.42,C382184330,5890.96,73924.68,0,0
99,CASH_OUT,105954.39,C656929800,202590.62,96636.23,C814207218,39346.15,145300.54,0,0
85,CASH_OUT,42529.93,C960099249,50010.21,7480.28,C978707717,6186.24,48716.17,0,0
45,PAYMENT,3242.27,C605658736,15442.33,12200.06,M915684902,0.0,0.0,0,0
47,TRANSFER,30952.42,C835779800,110591.18,79638.76,C353813127,31077.68,62030.1,0,0
54,CASH_OUT,66395.05,C365698202,79072.3,12677.25,C513681853,42172.05,108567.1,0,0
11,PAYMENT,511.52,C886699135,4210.81,3699.29,M534300167,0.0,0.0,0,0
47,PAYMENT,4059.19,C830154541,38362.28,34303.09,M845602677,0.0,0.0,0,0
78,TRANSFER,61031.3,C149628534,69131.14,8099.84,C439498723,39266.38,100297.68,0,0
86,CASH_IN,41535.93,C297652556,17899.13,59435.06,C199258043,43424.9,1888.97,0,0
23,CASH_OUT,501.09,C268075622,1191.96,690.87,C583724666,23495.62,23996.71,0,0
19,CASH_OUT,111571.53,C189529910,223906.15,112334.62,C885070927,11429.4,123000.93,0,0
24,CASH_OUT,96173.49,C387979376,135248.68,39075.19,C708121424,22406.84,118580.33,0,0
69,CASH_OUT,5983.82,C889382867,12160.64,6176.82,C515965279,31532.43,37516.25,0,0
45,PAYMENT,1386.16,C975652436,13400.72,12014.56,M751077748,0.0,0.0,0,0
81,CASH_IN,17425.29,C423410784,11154.21,28579.5,C104907047,19998.38,2573.09,0,0
21,CASH_OUT,92834.86,C836527450,208903.0,116068.14,C915571513,2988.76,95823.62,0,0
54,CASH_IN,15893.62,C394928476,8006.89,23900.51,C471326196,56088.57,40194.95,0,0
7,PAYMENT,2419.73,C807216663,17484.14,15064.41,M982240807,0.0,0.0,0,0
52,CASH_OUT,46951.0,C202097643,109405.96,62454.96,C435569630,18715.05,65666.05,0,0
7,PAYMENT,4830.22,C591655222,15076.83,10246.61,M145058111,0.0,0.0,0,0
59,PAYMENT,2449.26,C369176186,16300.66,13851.4,M347843014,0.0,0.0,0,0
56,CASH_IN,22014.84,C898120571,6780.73,28795.57,C515156661,19494.9,0.0,0,0
36,CASH_IN,9326.39,C935702900,13428.79,22755.18,C638549262,60857.63,51531.24,0,0
27,PAYMENT,3679.83,C712255073,31265.19,27585.36,M420629813,0.0,0.0,0,0
36,CASH_IN,44011.36,C852890318,203.02,44214.38,C696776072,94858.2,50846.84,0,0
12,TRANSFER,41994.62,C353810544,102638.01,60643.39,C621453189,69172.03,111166.65,0,0
67,CASH_IN,22462.31,C149062746,5013.43,27475.74,C560217320,2018.27,0.0,0,0
83,TRANSFER,122205.6,C780623472,266472.21,144266.61,C202253162,26303.92,148509.52,0,0
58,PAYMENT,394.57,C937784833,620.0,225.43,M759303485,0.0,0.0,0,0
88,CASH_OUT,125999.78,C862509565,168147.59,42147.81,C624737111,28269.89,154269.67,0,0
48,PAYMENT,1696.0,C601678009,14973.7,13277.7,M256381901,0.0,0.0,0,0
3,TRANSFER,210368.8,C976104224,535420.14,325051.34,C732956260,54743.75,265112.55,0,0
27,PAYMENT,2040.51,C619317577,3570.31,1529.8,M902067778,0.0,0.0,0,0
67,PAYMENT,1575.27,C760863928,5612.87,4037.6,M472959512,0.0,0.0,0,0
63,CASH_OUT,15762.63,C324267921,46687.02,30924.39,C333634771,34949.14,50711.77,0,0
94,PAYMENT,1696.84,C800744575,12814.1,11117.26,M682848040,0.0,0.0,0,0
77,CASH_OUT,81173.62,C199489074,214675.77,133502.15,C876192710,31460.07,112633.69,0,0
74,CASH_OUT,22202.4,C766013190,42141.92,19939.52,C913025234,47453.07,69655.47,0,0
94,CASH_IN,31316.74,C640789555,18556.07,49872.81,C411134568,51313.53,19996.79,0,0
46,CASH_OUT,65753.76,C779454449,84157.31,18403.55,C303435957,9654.64,75408.4,0,0
79,CASH_OUT,91022.44,C574797329,117330.79,26308.35,C500463881,3867.85,94890.29,0,0
43,CASH_OUT,119038.38,C388980197,318680.7,199642.32,C192352716,10509.29,129547.67,0,0
89,PAYMENT,783.66,C219471674,1010.19,226.53,M789830038,0.0,0.0,0,0
1,PAYMENT,513.3,C599305000,4240.77,3727.47,M529976876,0.0,0.0,0,0
91,CASH_IN,38657.26,C256297926,7390.42,46047.68,C142894428,39933.47,1276.21,0,0
33,CASH_IN,32532.09,C574642621,18796.59,51328.68,C250804079,97196.38,64664.29,0,0
8,CASH_OUT,69426.75,C491136945,90320.4,20893.65,C358099562,34265.33,103692.08,0,0
55,CASH_IN,908.23,C353666379,12052.69,12960.92,C309793051,8627.7,7719.47,0,0
81,CASH_OUT,14263.93,C422615928,14263.93,0.0,C176029916,1926.54,16190.47,1,0
61,DEBIT,1728.39,C887532217,1927.37,198.98,C795396891,3669.52,5397.91,0,0
17,PAYMENT,4495.41,C491541578,43829.2,39333.79,M954829815,0.0,0.0,0,0
82,PAYMENT,3046.36,C515122551,29884.02,26837.66,M951290613,0.0,0.0,0,0
16,PAYMENT,2197.39,C622521131,7902.49,5705.1,M281806799,0.0,0.0,0,0
37,PAYMENT,331.27,C214315434,364.0,32.73,M741142796,0.0,0.0,0,0
18,PAYMENT,554.14,C477059584,3928.44,3374.3,M141287038,0.0,0.0,0,0
74,DEBIT,1541.18,C595725097,3895.32,2354.14,C935504321,2684.55,4225.73,0,0
49,PAYMENT,4609.75,C160046549,19044.59,14434.84,M459048149,0.0,0.0,0,0
57,PAYMENT,3736.72,C479823041,15818.02,12081.3,M106238675,0.0,0.0,0,0
56,PAYMENT,1777.1,C415627526,10599.44,8822.34,M650358720,0.0,0.0,0,0
69,PAYMENT,1506.95,C100852145,4778.24,3271.29,M910705458,0.0,0.0,0,0
85,PAYMENT,4873.23,C415394753,45218.38,40345.15,M858434529,0.0,0.0,0,0
5,PAYMENT,1417.18,C859088046,2325.05,907.87,M587512424,0.0,0.0,0,0
18,PAYMENT,3293.93,C918843659,5316.04,2022.11,M522977752,0.0,0.0,0,0
11,CASH_IN,49270.04,C559676686,2722.51,51992.55,C127268476,85250.3,35980.26,0,0
65,CASH_IN,32929.81,C229153072,3594.87,36524.68,C671079725,2878.38,0.0,0,0
98,CASH_IN,8898.45,C180909963,12558.98,21457.43,C929839316,46931.35,38032.9,0,0
59,CASH_OUT,129448.48,C290255458,180166.27,50717.79,C660286768,29123.12,158571.6,0,0
30,DEBIT,1326.03,C496818788,2970.98,1644.95,C493215687,934.15,2260.18,0,0
18,PAYMENT,4956.11,C133830549,43720.57,38764.46,M349223189,0.0,0.0,0,0
15,TRANSFER,77265.62,C726745401,279415.46,202149.84,C878810937,50340.84,127606.46,0,0
91,CASH_OUT,113571.39,C362775165,180644.85,67073.46,C467695264,22233.6,135804.99,0,0
98,CASH_IN,10955.77,C665800022,7470.33,18426.1,C363570700,5131.71,0.0,0,0
74,CASH_OUT,132178.81,C429288079,208824.02,76645.21,C488756097,37158.99,169337.8,0,0
67,CASH_OUT,111976.8,C225104500,286729.31,174752.51,C557968054,898.44,112875.24,0,0
97,TRANSFER,697784.47,C434059012,697784.47,0.0,C762701437,2928.33,700712.8,1,0
45,TRANSFER,171753.15,C802953390,305529.79,133776.64,C731575530,50697.32,222450.47,0,0
85,PAYMENT,371.09,C430155209,2280.04,1908.95,M316665364,0.0,0.0,0,0
54,CASH_OUT,12455.93,C531942087,25849.93,13394.0,C676132087,7634.02,20089.95,0,0
86,PAYMENT,3374.49,C193520806,32458.45,29083.96,M354912023,0.0,0.0,0,0
34,PAYMENT,3157.73,C892449086,9337.94,6180.21,M522647841,0.0,0.0,0,0
80,CASH_OUT,19386.64,C227572362,34659.58,15272.94,C203810954,39744.86,59131.5,0,0
100,PAYMENT,4359.64,C926224353,42900.87,38541.23,M982764505,0.0,0.0,0,0
6,PAYMENT,3318.46,C248599901,13134.29,9815.83,M283086166,0.0,0.0,0,0
82,CASH_OUT,77306.23,C394678205,151104.58,73798.35,C333261266,22904.07,100210.3,0,0
46,CASH_IN,38629.71,C118247557,12724.9,51354.61,C936030207,93921.11,55291.4,0,0
75,PAYMENT,1125.1,C676888276,1844.42,719.32,M924531866,0.0,0.0,0,0
44,CASH_OUT,149916.83,C468376600,221756.08,71839.25,C977082994,18060.53,167977.36,0,0
17,CASH_OUT,17029.33,C624117847,32038.57,15009.24,C541613113,3166.8,20196.13,0,0
51,CASH_OUT,138297.16,C250980140,297734.3,159437.14,C109386819,16331.96,154629.12,0,0
63,CASH_OUT,145309.93,C229592059,268223.06,122913.13,C214469419,2860.31,148170.24,0,0
60,CASH_IN,20743.55,C219879025,17200.65,37944.2,C639016181,1552.46,0.0,0,0
17,PAYMENT,2997.4,C596542483,11580.26,8582.86,M781672153,0.0,0.0,0,0
89,CASH_OUT,36801.98,C131382183,96156.44,59354.46,C633760050,23699.19,60501.17,0,0
84,CASH_OUT,19429.85,C520861681,55880.33,36450.48,C861104727,15479.09,34908.94,0,0
67,CASH_OUT,99040.06,C869239841,176413.8,77373.74,C210373455,15416.21,114456.27,0,0
77,PAYMENT,4788.3,C110089056,28161.58,23373.28,M214180573,0.0,0.0,0,0
96,CASH_IN,8253.7,C245319411,16588.16,24841.86,C867812836,1972.3,0.0,0,0
30,TRANSFER,193200.16,C333255174,272786.36,79586.2,C129309334,71910.37,265110.53,0,0
88,PAYMENT,2288.11,C964937710,4280.74,1992.63,M936590144,0.0,0.0,0,0
99,PAYMENT,3884.26,C498791621,34721.6,30837.34,M421363492,0.0,0.0,0,0
70,PAYMENT,1787.64,C414863712,8975.62,7187.98,M118810873,0.0,0.0,0,0
33,PAYMENT,966.96,C874473159,7431.99,6465.03,M228370927,0.0,0.0,0,0
78,CASH_IN,39749.55,C699517725,29.11,39778.66,C646409482,35285.36,0.0,0,0
73,PAYMENT,4915.6,C202487017,23691.88,18776.28,M531424463,0.0,0.0,0,0
29,PAYMENT,2919.93,C833401240,8930.88,6010.95,M629731650,0.0,0.0,0,0
37,PAYMENT,4851.95,C881684761,36668.37,31816.42,M555086354,0.0,0.0,0,0
40,CASH_OUT,33958.43,C576693984,53694.34,19735.91,C537315952,42768.28,76726.71,0,0
12,CASH_IN,44351.41,C737513293,13870.07,58221.48,C546915228,79431.83,35080.42,0,0
97,TRANSFER,63441.75,C552651788,152953.02,89511.27,C187946147,59921.94,123363.69,0,0
36,CASH_OUT,145576.7,C468141835,379896.03,234319.33,C586239368,6909.0,152485.7,0,0
56,CASH_OUT,130481.0,C229429404,325596.72,195115.72,C343436246,42473.91,172954.91,0,0
11,TRANSFER,106601.72,C687995164,230848.54,124246.82,C377039590,3250.44,109852.16,0,0
1,PAYMENT,4688.75,C235352139,22767.04,18078.29,M330331543,0.0,0.0,0,0
100,CASH_IN,36560.05,C200010094,12696.81,49256.86,C592256138,70031.61,33471.56,0,0
68,PAYMENT,3297.08,C621681258,15165.8,11868.72,M443995524,0.0,0.0,0,0
84,CASH_OUT,4739.03,C678370314,12473.66,7734.63,C993443242,22258.84,26997.87,0,0
44,TRANSFER,67159.58,C645179180,124145.62,56986.04,C102754426,23884.47,91044.05,0,0
83,PAYMENT,352.81,C440006560,2927.99,2575.18,M498331717,0.0,0.0,0,0
96,DEBIT,889.74,C310277395,1583.34,693.6,C664790986,2972.32,3862.06,0,0
40,PAYMENT,1395.19,C261156324,10546.04,9150.85,M935386554,0.0,0.0,0,0
40,PAYMENT,1887.59,C968661351,3757.05,1869.46,M156421407,0.0,0.0,0,0
45,CASH_IN,29742.54,C282644562,7995.3,37737.84,C640090978,76362.01,46619.47,0,0
11,CASH_OUT,24002.42,C526346256,32776.37,8773.95,C706203548,41232.6,65235.02,0,0
17,PAYMENT,219.34,C110909909,1338.01,1118.67,M398648040,0.0,0.0,0,0
16,CASH_IN,19495.02,C739137271,7007.82,26502.84,C775652564,21924.78,2429.76,0,0
15,CASH_IN,3508.67,C440780867,6479.53,9988.2,C105980425,48572.39,45063.72,0,0
21,CASH_IN,4605.0,C232654592,8987.97,13592.97,C858305156,36931.4,32326.4,0,0
85,DEBIT,1567.09,C231119155,2628.44,1061.35,C407377982,3242.94,4810.03,0,0
80,DEBIT,155.79,C207354053,471.04,315.25,C328872698,749.04,904.83,0,0
95,CASH_OUT,122098.75,C438222298,333763.14,211664.39,C115253620,29860.77,151959.52,0,0
49,PAYMENT,2044.9,C971467813,9774.61,7729.71,M970654370,0.0,0.0,0,0
93,CASH_OUT,80229.61,C616772030,135051.2,54821.59,C923562283,36747.23,116976.84,0,0
75,PAYMENT,1185.18,C425556967,2719.82,1534.64,M691265526,0.0,0.0,0,0
75,PAYMENT,4707.68,C924926521,39473.55,34765.87,M172955065,0.0,0.0,0,0
96,PAYMENT,3632.41,C961299031,31851.55,28219.14,M365358704,0.0,0.0,0,0
47,PAYMENT,1220.37,C213669678,5618.64,4398.27,M732295732,0.0,0.0,0,0
61,CASH_IN,35391.72,C383915098,1366.19,36757.91,C958906815,88749.24,53357.52,0,0
14,PAYMENT,3895.09,C747670508,4878.37,983.28,M460209952,0.0,0.0,0,0
99,CASH_OUT,115358.24,C428784175,127169.93,11811.69,C812228196,49443.42,164801.66,0,0
79,PAYMENT,2277.86,C953982207,18521.43,16243.57,M950967842,0.0,0.0,0,0
74,CASH_OUT,115408.98,C232518956,291537.82,176128.84,C333664129,26454.33,141863.31,0,0
38,PAYMENT,503.55,C153773200,4465.11,3961.56,M287584639,0.0,0.0,0,0
24,CASH_IN,37952.02,C967472894,1395.18,39347.2,C576783515,78747.13,40795.11,0,0
3,PAYMENT,2059.64,C692322761,11873.33,9813.69,M117959560,0.0,0.0,0,0
93,PAYMENT,4351.56,C477070584,10670.2,6318.64,M808241088,0.0,0.0,0,0
70,PAYMENT,4698.78,C696940471,22370.32,17671.54,M386450980,0.0,0.0,0,0
40,PAYMENT,2452.7,C491043371,9956.12,7503.42,M575770773,0.0,0.0,0,0
10,TRANSFER,244811.93,C694853574,509947.61,265135.68,C454648416,41506.34,286318.27,0,0
16,CASH_OUT,134348.41,C191057929,174949.3,40600.89,C749083785,21431.42,155779.83,0,0
53,CASH_OUT,105524.62,C847850381,188422.88,82898.26,C918690821,4057.44,109582.06,0,0
90,CASH_OUT,89677.87,C734399876,223999.46,134321.59,C777582116,43864.69,133542.56,0,0
60,CASH_IN,4567.52,C585007134,2263.43,6830.95,C637577213,78094.38,73526.86,0,0
66,CASH_OUT,136110.12,C519481916,153152.46,17042.34,C517992968,2757.55,138867.67,0,0
10,CASH_IN,15729.81,C737425155,92.07,15821.88,C115790275,48902.82,33173.01,0,0
97,CASH_OUT,14925.32,C902663395,28854.67,13929.35,C983298323,32611.58,47536.9,0,0
95,PAYMENT,3089.69,C330832863,26903.88,23814.19,M572557156,0.0,0.0,0,0
60,CASH_OUT,140891.09,C318777077,390748.14,249857.05,C544708930,25311.6,166202.69,0,0
33,CASH_OUT,36883.89,C189082650,89672.74,52788.85,C991882236,46115.54,82999.43,0,0
66,CASH_OUT,86774.94,C943572065,118307.04,31532.1,C459565183,6234.46,93009.4,0,0
36,PAYMENT,825.2,C762263984,6594.81,5769.61,M363403074,0.0,0.0,0,0
2,CASH_OUT,122300.87,C309517616,245931.89,123631.02,C702994164,24748.49,147049.36,0,0
30,CASH_IN,11889.04,C754324436,4981.98,16871.02,C980099988,56766.5,44877.46,0,0
85,PAYMENT,4555.51,C645523224,24487.83,19932.32,M606308772,0.0,0.0,0,0
73,PAYMENT,3454.26,C206273380,10152.78,6698.52,M164463569,0.0,0.0,0,0
59,CASH_OUT,20281.94,C641378026,20457.89,175.95,C635613177,36810.7,57092.64,0,0
60,PAYMENT,4775.48,C579196694,33255.39,28479.91,M617724535,0.0,0.0,0,0
71,PAYMENT,2088.6,C796107135,4286.78,2198.18,M608242781,0.0,0.0,0,0
52,TRANSFER,40031.69,C655422035,51990.51,11958.82,C348001621,64093.76,104125.45,0,0
52,CASH_OUT,25705.16,C920037430,55253.04,29547.88,C479999237,4710.04,30415.2,0,0
86,DEBIT,847.98,C227552271,2528.91,1680.93,C690690799,3440.51,4288.49,0,0
27,PAYMENT,40.73,C627706578,70.29,29.56,M853578008,0.0,0.0,0,0
92,CASH_IN,20569.22,C664461415,16466.79,37036.01,C539625898,8301.32,0.0,0,0
63,CASH_OUT,137098.02,C233491252,142485.38,5387.36,C140105054,32755.16,169853.18,0,0
96,CASH_OUT,117012.66,C745250434,318257.16,201244.5,C704391021,26252.26,143264.92,0,0
86,PAYMENT,4112.46,C284756848,31407.99,27295.53,M351491330,0.0,0.0,0,0
4,CASH_IN,17687.31,C963104232,8559.41,26246.72,C851972908,29990.87,12303.56,0,0
47,PAYMENT,3187.28,C408017346,30812.57,27625.29,M287210273,0.0,0.0,0,0
44,CASH_OUT,130492.42,C294782734,302049.4,171556.98,C708082645,3479.27,133971.69,0,0
97,PAYMENT,1770.99,C693366694,4188.97,2417.98,M353792122,0.0,0.0,0,0
27,CASH_OUT,38047.49,C426341155,54702.38,16654.89,C500159634,16515.32,54562.81,0,0
32,CASH_OUT,50483.08,C277054043,83513.44,33030.36,C742078459,18842.38,69325.46,0,0
55,PAYMENT,654.68,C383725108,5639.5,4984.82,M727050254,0.0,0.0,0,0
98,PAYMENT,2748.35,C386749454,13585.22,10836.87,M409268943,0.0,0.0,0,0
72,CASH_OUT,105009.41,C604194453,249914.77,144905.36,C401973366,45182.58,150191.99,0,0
14,CASH_IN,25389.92,C145064341,12598.52,37988.44,C279364596,87216.08,61826.16,0,0
96,PAYMENT,1290.35,C556771901,3308.71,2018.36,M208988708,0.0,0.0,0,0
34,PAYMENT,4537.1,C584232533,28339.31,23802.21,M496895499,0.0,0.0,0,0
53,PAYMENT,3707.56,C337591250,12409.08,8701.52,M117415986,0.0,0.0,0,0
65,CASH_OUT,120643.17,C929481744,227465.08,106821.91,C754351049,39652.56,160295.73,0,0
54,CASH_OUT,44763.34,C531068038,54072.43,9309.09,C109058194,29142.46,73905.8,0,0
34,CASH_OUT,35521.76,C843854609,43920.87,8399.11,C817029885,15340.32,50862.08,0,0
92,PAYMENT,4139.63,C616263188,15054.46,10914.83,M164195017,0.0,0.0,0,0
71,TRANSFER,90322.13,C372826122,211579.53,121257.4,C585764529,31767.24,122089.37,0,0
66,PAYMENT,138.09,C322500199,1123.05,984.96,M891007412,0.0,0.0,0,0
52,PAYMENT,2893.82,C403789239,18268.2,15374.38,M862761737,0.0,0.0,0,0
31,CASH_OUT,121263.55,C922043724,329371.23,208107.68,C748404640,3358.44,124621.99,0,0
40,PAYMENT,4981.6,C141813915,49286.27,44304.67,M188418118,0.0,0.0,0,0
42,CASH_OUT,25192.48,C203032434,52298.32,27105.84,C930344435,366.53,25559.01,0,0
58,PAYMENT,2851.4,C598976917,12577.25,9725.85,M817461907,0.0,0.0,0,0
64,TRANSFER,233314.52,C838953322,397454.97,164140.45,C454982932,1019.95,234334.47,0,0
79,CASH_IN,23458.76,C118857307,3071.3,26530.06,C435199547,23508.41,49.65,0,0
89,PAYMENT,4379.76,C806957378,24788.31,20408.55,M320595661,0.0,0.0,0,0
23,PAYMENT,2103.89,C949592974,15785.62,13681.73,M989828324,0.0,0.0,0,0
41,CASH_IN,37555.36,C678168142,14438.25,51993.61,C910185625,96157.3,58601.94,0,0
33,CASH_OUT,92709.26,C836140136,145410.14,52700.88,C713083580,13789.98,106499.24,0,0
32,PAYMENT,477.39,C674435989,1098.86,621.47,M880382037,0.0,0.0,0,0
48,CASH_OUT,134728.37,C628646448,368823.99,234095.62,C716885481,24540.27,159268.64,0,0
39,CASH_OUT,81712.36,C872121274,143695.51,61983.15,C671159367,11483.2,93195.56,0,0
44,TRANSFER,160575.69,C297408206,464712.09,304136.4,C601358696,7105.39,167681.08,0,0
60,CASH_OUT,108430.02,C442864987,232619.15,124189.13,C232186465,36766.99,145197.01,0,0
89,PAYMENT,3408.81,C438349464,9156.4,5747.59,M278934197,0.0,0.0,0,0
90,PAYMENT,791.74,C960538333,4834.73,4042.99,M432554143,0.0,0.0,0,0
40,PAYMENT,1486.17,C280598962,13157.86,11671.69,M693507469,0.0,0.0,0,0
50,CASH_IN,40000.46,C284136527,7838.26,47838.72,C536094349,2540.04,0.0,0,0
80,PAYMENT,39.18,C354044979,292.78,253.6,M636034022,0.0,0.0,0,0
92,PAYMENT,1868.25,C760219077,3626.97,1758.72,M102939166,0.0,0.0,0,0
97,CASH_OUT,43166.98,C830255110,62523.63,19356.65,C381005764,9707.98,52874.96,0,0
25,CASH_IN,46393.9,C373601073,18695.02,65088.92,C588295435,55513.77,9119.87,0,0
4,CASH_OUT,116995.95,C838886075,234535.83,117539.88,C243974416,30235.59,147231.54,0,0
39,PAYMENT,4803.13,C331820924,9178.91,4375.78,M204281005,0.0,0.0,0,0
79,PAYMENT,1004.89,C627422192,8717.86,7712.97,M245737277,0.0,0.0,0,0
66,CASH_OUT,148914.03,C894230707,423282.29,274368.26,C187439417,21285.1,170199.13,0,0
20,CASH_OUT,36825.65,C533785255,54564.96,17739.31,C227563259,24431.29,61256.94,0,0
59,CASH_OUT,129351.61,C544277539,318102.96,188751.35,C940676056,11264.32,140615.93,0,0
34,CASH_IN,6093.05,C676965985,12139.54,18232.59,C933864175,98931.67,92838.62,0,0
58,PAYMENT,2404.77,C521109724,11469.51,9064.74,M484932777,0.0,0.0,0,0
52,CASH_IN,3167.41,C415878379,19357.99,22525.4,C689360922,1083.49,0.0,0,0
67,DEBIT,1424.82,C616684946,2153.49,728.67,C700038466,4385.63,5810.45,0,0
48,CASH_IN,47175.75,C399517810,11766.53,58942.28,C896925268,44315.95,0.0,0,0
85,PAYMENT,1645.98,C688978276,8003.57,6357.59,M904321647,0.0,0.0,0,0
93,PAYMENT,2980.84,C405460403,6604.86,3624.02,M655778818,0.0,0.0,0,0
30,CASH_OUT,105584.34,C197924383,150652.21,45067.87,C101166414,3896.94,109481.28,0,0
51,CASH_OUT,146810.78,C881531720,147830.61,1019.83,C996382881,1136.77,147947.55,0,0
29,CASH_IN,15107.58,C579426375,9219.68,24327.26,C483678064,88728.05,73620.47,0,0
33,TRANSFER,115777.84,C475935498,135377.23,19599.39,C791634879,30402.75,146180.59,0,0
37,CASH_OUT,20400.79,C925677464,60318.33,39917.54,C788832222,32294.04,52694.83,0,0
96,CASH_OUT,131738.82,C372461888,385284.16,253545.34,C129523994,39200.41,170939.23,0,0
12,TRANSFER,143185.82,C217612804,268434.43,125248.61,C626880492,67709.66,210895.48,0,0
80,TRANSFER,112357.19,C472335133,119370.61,7013.42,C568398403,23040.86,135398.05,0,0
73,CASH_IN,42152.95,C257568090,12373.93,54526.88,C969743735,31307.26,0.0,0,0
74,CASH_IN,48895.88,C340501969,17462.87,66358.75,C819239897,52390.87,3494.99,0,0
61,CASH_OUT,86137.4,C603834447,158667.87,72530.47,C455960435,48029.07,134166.47,0,0
50,PAYMENT,1952.45,C778210041,18578.1,16625.65,M480830539,0.0,0.0,0,0
67,CASH_OUT,103091.48,C675004218,221175.41,118083.93,C609838807,11782.1,114873.58,0,0
55,PAYMENT,2630.97,C376529928,25734.47,23103.5,M648858166,0.0,0.0,0,0
29,CASH_IN,7881.57,C748149205,12759.98,20641.55,C953158099,61541.28,53659.71,0,0
99,PAYMENT,3916.8,C977558198,8292.79,4375.99,M673328017,0.0,0.0,0,0
56,CASH_OUT,104295.45,C626233893,247256.89,142961.44,C369014246,27895.25,132190.7,0,0
6,TRANSFER,195667.32,C621668838,700244.81,504577.49,C159407206,6714.36,202381.68,0,0
61,CASH_OUT,67281.36,C627015393,79802.87,12521.51,C118514813,11079.82,78361.18,0,0
60,CASH_OUT,6714.13,C218713151,17042.57,10328.44,C163778626,39862.95,46577.08,0,0
48,CASH_OUT,87477.71,C781596264,186548.21,99070.5,C617748676,596.72,88074.43,0,0
20,CASH_OUT,125408.28,C747747224,199746.75,74338.47,C508217232,27452.23,152860.51,0,0
2,PAYMENT,1177.84,C878257769,8544.37,7366.53,M722530817,0.0,0.0,0,0
42,PAYMENT,297.22,C865900715,561.36,264.14,M518694576,0.0,0.0,0,0
3,CASH_OUT,36991.87,C547750962,87913.53,50921.66,C450255245,45507.31,82499.18,0,0
78,CASH_IN,47277.22,C278366024,5554.74,52831.96,C995076485,15145.52,0.0,0,0
34,PAYMENT,131.87,C946330579,1251.75,1119.88,M663527945,0.0,0.0,0,0
80,PAYMENT,3414.34,C142817871,15133.56,11719.22,M444603491,0.0,0.0,0,0
72,CASH_IN,24407.43,C976242839,580.87,24988.3,C352316238,27814.47,3407.04,0,0
8,PAYMENT,2672.24,C527464758,6616.81,3944.57,M564066437,0.0,0.0,0,0
74,CASH_IN,3280.12,C744974623,7540.21,10820.33,C468535879,72026.83,68746.71,0,0
86,CASH_OUT,87467.55,C591581751,117328.37,29860.82,C570342322,45541.93,133009.48,0,0
21,TRANSFER,17091.83,C624562407,33878.33,16786.5,C676534618,75480.25,92572.08,0,0
36,CASH_OUT,104887.67,C515112849,252828.25,147940.58,C162892945,12757.28,117644.95,0,0
48,CASH_OUT,80911.05,C112384564,212289.6,131378.55,C166265416,12975.03,93886.08,0,0
26,PAYMENT,1107.57,C476662146,9479.79,8372.22,M873191198,0.0,0.0,0,0
32,PAYMENT,3235.3,C454617185,27901.88,24666.58,M582954920,0.0,0.0,0,0
83,CASH_OUT,65257.28,C325045286,145761.19,80503.91,C458946122,44503.98,109761.26,0,0
45,TRANSFER,40742.77,C903154313,64380.72,23637.95,C461486522,31682.37,72425.14,0,0
22,CASH_IN,49037.06,C237039296,539.33,49576.39,C673510887,40008.01,0.0,0,0
63,CASH_IN,39796.33,C332313217,2001.87,41798.2,C455133789,50866.34,11070.01,0,0
94,CASH_OUT,27137.44,C549179485,35058.47,7921.03,C950901243,14509.65,41647.09,0,0
72,CASH_IN,5529.43,C485735987,17313.59,22843.02,C403019866,24288.88,18759.45,0,0
26,CASH_OUT,54959.27,C167525291,57946.1,2986.83,C492093935,18722.94,73682.21,0,0
88,CASH_OUT,93453.92,C894467258,121026.36,27572.44,C537618411,12005.1,105459.02,0,0
37,PAYMENT,1613.51,C788165352,9211.21,7597.7,M203354415,0.0,0.0,0,0
44,PAYMENT,1367.78,C746761915,9101.85,7734.07,M567244461,0.0,0.0,0,0
98,CASH_OUT,39727.13,C167496657,43128.44,3401.31,C351275639,10338.7,50065.83,0,0
32,PAYMENT,3735.13,C768913252,4979.7,1244.57,M329876553,0.0,0.0,0,0
83,CASH_OUT,138538.01,C240930757,357856.33,219318.32,C108220343,21834.03,160372.04,0,0
92,CASH_OUT,44576.5,C303901283,96212.16,51635.66,C162795957,27109.76,71686.26,0,0
21,TRANSFER,79637.5,C777909802,262821.49,183183.99,C972144388,32503.11,112140.61,0,0
53,PAYMENT,4412.51,C176856654,39975.8,35563.29,M465960428,0.0,0.0,0,0
29,CASH_OUT,78267.37,C274734337,167181.16,88913.79,C355837418,5160.17,83427.54,0,0
93,PAYMENT,4528.61,C543084388,10334.72,5806.11,M650349270,0.0,0.0,0,0
60,CASH_OUT,46332.5,C485752015,93852.64,47520.14,C486165467,24863.86,71196.36,0,0
41,CASH_OUT,74841.51,C914307019,106022.37,31180.86,C810715270,5951.26,80792.77,0,0
12,CASH_OUT,1687.69,C639198004,4549.95,2862.26,C356496309,40327.0,42014.69,0,0
85,TRANSFER,113634.22,C785885348,375910.79,262276.57,C396764585,55377.72,169011.94,0,0
34,PAYMENT,2770.95,C807714938,19804.26,17033.31,M960547563,0.0,0.0,0,0
95,CASH_OUT,111718.2,C302031360,239711.29,127993.09,C224668108,6370.87,118089.07,0,0
50,DEBIT,1746.83,C242024391,3481.06,1734.23,C293060906,3545.3,5292.13,0,0
33,CASH_OUT,14535.65,C776309403,24264.55,9728.9,C899500884,18048.1,32583.75,0,0
64,CASH_OUT,85998.27,C339199630,89238.43,3240.16,C826741310,16839.12,102837.39,0,0
3,CASH_OUT,128865.9,C302100867,252865.1,123999.2,C324658446,7257.71,136123.61,0,0
34,CASH_IN,4565.08,C839647637,7731.31,12296.39,C129474736,17127.83,12562.75,0,0
76,PAYMENT,459.31,C658178034,1784.41,1325.1,M803090584,0.0,0.0,0,0
43,CASH_IN,29361.98,C530974878,15949.75,45311.73,C873686824,27556.87,0.0,0,0
55,PAYMENT,558.98,C884311348,827.98,269.0,M276763565,0.0,0.0,0,0
35,CASH_OUT,74052.53,C761086303,111684.34,37631.81,C238317144,9568.73,83621.26,0,0
19,TRANSFER,139069.98,C839587442,362239.21,223169.23,C527238047,51541.13,190611.11,0,0
23,CASH_OUT,62336.17,C699299989,157870.52,95534.35,C213294985,28828.18,91164.35,0,0
46,CASH_IN,39676.35,C899161913,1487.01,41163.36,C880998560,16515.99,0.0,0,0
12,PAYMENT,3208.36,C752997384,18409.26,15200.9,M726454737,0.0,0.0,0,0
12,CASH_OUT,22310.35,C459227061,33020.36,10710.01,C250689986,30196.09,52506.44,0,0
49,CASH_OUT,106353.58,C147735409,317447.42,211093.84,C905749233,16983.47,123337.05,0,0
89,PAYMENT,1990.48,C974598695,11529.32,9538.84,M835184880,0.0,0.0,0,0
96,CASH_IN,43107.24,C438411395,2681.59,45788.83,C191509932,10501.76,0.0,0,0
57,CASH_IN,2001.14,C222046425,9903.69,11904.83,C555462192,62990.33,60989.19,0,0
48,PAYMENT,1320.16,C147907058,4449.74,3129.58,M599352182,0.0,0.0,0,0
3,CASH_OUT,76159.18,C150993352,164632.33,88473.15,C706086216,3242.0,79401.18,0,0
38,PAYMENT,3292.86,C991246046,3532.85,239.99,M394721069,0.0,0.0,0,0
89,CASH_IN,25588.01,C694491286,18518.45,44106.46,C712750316,16316.76,0.0,0,0
79,PAYMENT,3920.08,C903734960,22760.38,18840.3,M351258749,0.0,0.0,0,0
24,CASH_IN,17112.5,C795818062,7535.66,24648.16,C206783640,19236.38,2123.88,0,0
98,CASH_OUT,140852.25,C560811579,165772.01,24919.76,C211332241,6312.79,147165.04,0,0
21,PAYMENT,2603.97,C243319373,17218.69,14614.72,M264623956,0.0,0.0,0,0
68,PAYMENT,3498.89,C248414766,4096.59,597.7,M610031015,0.0,0.0,0,0
7,CASH_IN,16192.38,C403819555,14876.0,31068.38,C159630273,55168.47,38976.09,0,0
29,CASH_IN,39064.38,C864419171,4438.9,43503.28,C672806127,77096.01,38031.63,0,0
17,PAYMENT,3678.43,C709413742,34084.24,30405.81,M156762956,0.0,0.0,0,0
41,CASH_IN,39297.49,C186063733,3375.46,42672.95,C520681439,16743.37,0.0,0,0
93,CASH_OUT,147117.85,C175384500,147117.85,0.0,C750589201,4939.13,152056.98,1,0
26,PAYMENT,4364.35,C359906202,13367.43,9003.08,M322026871,0.0,0.0,0,0
33,CASH_OUT,18162.41,C319646669,30286.28,12123.87,C105869805,49987.94,68150.35,0,0
24,PAYMENT,1886.79,C400285831,16368.48,14481.69,M340385838,0.0,0.0,0,0
17,CASH_IN,3717.18,C322149687,16838.92,20556.1,C494601478,12438.08,8720.9,0,0
82,DEBIT,159.33,C161587757,418.22,258.89,C784523874,2614.12,2773.45,0,0
10,CASH_OUT,134906.82,C401048226,312473.67,177566.85,C705064109,8967.73,143874.55,0,0
5,PAYMENT,1978.85,C681968070,12633.19,10654.34,M713587962,0.0,0.0,0,0
75,PAYMENT,956.16,C838687565,1801.74,845.58,M964762970,0.0,0.0,0,0
32,CASH_OUT,74615.63,C689848541,148127.16,73511.53,C673131867,26810.63,101426.26,0,0
79,PAYMENT,4640.38,C711372996,14855.22,10214.84,M732528709,0.0,0.0,0,0
61,TRANSFER,132469.24,C379363689,249110.46,116641.22,C649014160,34068.84,166538.08,0,0
99,TRANSFER,84208.14,C782607567,175277.38,91069.24,C314070114,19194.33,103402.47,0,0
9,PAYMENT,3781.21,C744391846,27022.36,23241.15,M771081440,0.0,0.0,0,0
73,CASH_OUT,13735.87,C834829245,14360.01,624.14,C497602212,30067.13,43803.0,0,0
8,CASH_OUT,92835.07,C342263190,114721.17,21886.1,C133813100,45612.06,138447.13,0,0
91,CASH_OUT,31392.34,C434583699,69886.71,38494.37,C887547201,47963.79,79356.13,0,0
37,TRANSFER,222296.37,C300423564,260711.31,38414.94,C815874889,42530.3,264826.67,0,0
56,PAYMENT,4023.9,C689755049,9356.3,5332.4,M941895248,0.0,0.0,0,0
34,CASH_IN,13014.06,C396507730,2544.45,15558.51,C631425891,63403.48,50389.42,0,0
48,PAYMENT,1877.69,C187623171,7263.21,5385.52,M130266145,0.0,0.0,0,0
36,CASH_OUT,39245.92,C397302928,113984.89,74738.97,C863531123,32573.32,71819.24,0,0
89,CASH_OUT,97954.27,C285206511,249949.87,151995.6,C503052229,49558.2,147512.47,0,0
82,PAYMENT,4509.48,C552688876,5160.28,650.8,M536051952,0.0,0.0,0,0
60,CASH_OUT,6891.91,C223066202,13893.03,7001.12,C131998026,31568.95,38460.86,0,0
46,PAYMENT,4073.2,C732380409,15320.97,11247.77,M506286844,0.0,0.0,0,0
2,CASH_IN,14928.18,C892608419,11586.63,26514.81,C246569717,61175.15,46246.97,0,0
30,CASH_OUT,58096.86,C121939941,150596.9,92500.04,C368620831,28456.39,86553.25,0,0
26,PAYMENT,808.87,C943458769,5783.84,4974.97,M407751103,0.0,0.0,0,0
7,CASH_OUT,115884.21,C152253317,162640.72,46756.51,C923682643,12484.99,128369.2,0,0
79,PAYMENT,4749.34,C926471790,6434.53,1685.19,M959293519,0.0,0.0,0,0
96,PAYMENT,1500.22,C659498114,10657.23,9157.01,M878424329,0.0,0.0,0,0
95,CASH_OUT,101460.79,C137904833,114723.55,13262.76,C944994295,1073.3,102534.09,0,0
42,PAYMENT,4584.3,C690876838,32474.29,27889.99,M746635665,0.0,0.0,0,0
58,CASH_OUT,64693.1,C644458723,129694.32,65001.22,C334107913,16474.52,81167.62,0,0
92,CASH_IN,40600.59,C315577750,18141.49,58742.08,C196002353,6629.58,0.0,0,0
35,PAYMENT,1269.37,C977361720,3594.68,2325.31,M683188962,0.0,0.0,0,0
31,CASH_OUT,128742.58,C772225892,177900.22,49157.64,C678298594,15045.89,143788.47,0,0
85,CASH_IN,5287.76,C913873212,705.32,5993.08,C904989260,38938.54,33650.78,0,0
46,CASH_OUT,128027.9,C699896664,145223.25,17195.35,C960707039,21375.59,149403.49,0,0
66,PAYMENT,3347.93,C530391423,32927.45,29579.52,M298407302,0.0,0.0,0,0
32,PAYMENT,2131.07,C982792489,18599.79,16468.72,M141810202,0.0,0.0,0,0
100,PAYMENT,787.14,C532266824,7300.81,6513.67,M969587042,0.0,0.0,0,0
85,PAYMENT,161.71,C691926077,177.25,15.54,M770197070,0.0,0.0,0,0
62,CASH_IN,47124.99,C563129902,12146.35,59271.34,C277164387,43985.84,0.0,0,0
69,PAYMENT,3199.88,C141973293,29903.62,26703.74,M398238769,0.0,0.0,0,0
25,CASH_OUT,94772.38,C913160098,159251.86,64479.48,C131985809,19463.91,114236.29,0,0
35,CASH_OUT,126720.86,C352339994,268091.87,141371.01,C665629037,38349.3,165070.16,0,0
24,PAYMENT,1438.72,C281140337,7204.63,5765.91,M335356345,0.0,0.0,0,0
44,CASH_OUT,39022.77,C200434087,81862.55,42839.78,C456563737,41405.51,80428.28,0,0
36,PAYMENT,2335.6,C656515311,13208.55,10872.95,M488127434,0.0,0.0,0,0
53,PAYMENT,2155.76,C941635335,10120.55,7964.79,M899916756,0.0,0.0,0,0
84,PAYMENT,4598.49,C967797300,24608.72,20010.23,M931764920,0.0,0.0,0,0
24,CASH_IN,17370.64,C839689608,9376.2,26746.84,C651242041,69697.41,52326.77,0,0
78,CASH_OUT,53923.87,C735422310,132556.13,78632.26,C237967359,21100.75,75024.62,0,0
39,CASH_OUT,90715.74,C678529899,137407.91,46692.17,C355690120,23631.99,114347.73,0,0
13,PAYMENT,1756.02,C157036462,15775.06,14019.04,M515062252,0.0,0.0,0,0
82,CASH_OUT,69339.41,C905023052,172787.91,103448.5,C468999657,42788.66,112128.07,0,0
99,TRANSFER,174669.96,C488135963,530051.13,355381.17,C750158037,5270.31,179940.27,0,0
66,DEBIT,1262.08,C176605941,5077.98,3815.9,C916678525,2634.78,3896.86,0,0
84,CASH_IN,41850.82,C185129775,19303.2,61154.02,C565397586,79570.83,37720.01,0,0
97,CASH_IN,35470.97,C647187810,13769.79,49240.76,C781804304,69949.09,34478.12,0,0
12,PAYMENT,818.89,C323577467,3784.55,2965.66,M936973744,0.0,0.0,0,0
77,TRANSFER,140997.07,C369012503,140997.07,0.0,C810185724,3478.05,144475.12,1,0
39,CASH_OUT,90265.46,C786908786,110657.28,20391.82,C120699260,17939.63,108205.09,0,0
55,TRANSFER,52228.92,C108443504,80302.67,28073.75,C965942293,2367.04,54595.96,0,0
8,CASH_OUT,2355.21,C488271081,6947.72,4592.51,C543220163,5442.66,7797.87,0,0
89,CASH_IN,29664.31,C952920067,9683.83,39348.14,C512273781,64815.07,35150.76,0,0
40,CASH_OUT,36178.12,C326073427,87061.53,50883.41,C259687864,1839.88,38018.0,0,0
93,TRANSFER,220629.18,C103300793,362075.72,141446.54,C830274097,29432.39,250061.57,0,0
88,PAYMENT,3120.86,C411150812,7688.12,4567.26,M813308517,0.0,0.0,0,0
34,CASH_IN,30412.4,C420652120,4326.64,34739.04,C128267121,85973.18,55560.78,0,0
90,CASH_OUT,31543.98,C255502389,78757.91,47213.93,C963673300,36765.94,68309.92,0,0
32,CASH_OUT,76734.85,C883024695,119881.14,43146.29,C367862922,5751.0,82485.85,0,0
48,CASH_OUT,117325.35,C280590847,340856.57,223531.22,C677174482,48067.61,165392.96,0,0
53,PAYMENT,3987.58,C148556923,30233.43,26245.85,M457324681,0.0,0.0,0,0
68,CASH_OUT,42860.05,C558154399,70168.61,27308.56,C512389604,8920.79,51780.84,0,0
96,PAYMENT,4869.82,C552539416,30170.82,25301.0,M486441343,0.0,0.0,0,0
55,CASH_OUT,103259.52,C891885100,249109.54,145850.02,C280486879,3119.4,106378.92,0,0
9,PAYMENT,3869.04,C775936026,18640.59,14771.55,M835948208,0.0,0.0,0,0
2,PAYMENT,2875.54,C238232995,20636.85,17761.31,M512306429,0.0,0.0,0,0
57,CASH_IN,36569.85,C596885595,13206.66,49776.51,C754126431,66594.88,30025.03,0,0
44,CASH_OUT,44145.58,C300741736,46199.59,2054.01,C883022242,4230.34,48375.92,0,0
76,CASH_OUT,43220.65,C720978931,96501.76,53281.11,C367394651,44478.38,87699.03,0,0
73,TRANSFER,247007.55,C998396384,648734.16,401726.61,C628524423,14044.54,261052.09,0,1
23,TRANSFER,171282.01,C485669380,261766.67,90484.66,C733873057,32489.62,203771.63,0,0
24,CASH_IN,8380.21,C116656158,5267.52,13647.73,C549495817,55903.3,47523.09,0,0
90,CASH_IN,7770.38,C108528676,5813.21,13583.59,C213062876,16662.37,8891.99,0,0
4,CASH_IN,45930.2,C655137912,19872.96,65803.16,C661905788,59540.86,13610.66,0,0
75,CASH_IN,34435.91,C610318004,7427.97,41863.88,C266421332,9858.51,0.0,0,0
44,CASH_OUT,101584.59,C870883944,201590.44,100005.85,C851634174,25706.14,127290.73,0,0
26,PAYMENT,322.3,C906074127,2485.93,2163.63,M519190425,0.0,0.0,0,0
57,CASH_IN,18125.96,C540154492,11209.14,29335.1,C477940598,8567.93,0.0,0,0
100,CASH_OUT,79635.84,C697057829,128783.33,49147.49,C141315764,17207.82,96843.66,0,0
26,PAYMENT,4031.19,C556145108,39772.02,35740.83,M701242434,0.0,0.0,0,0
2,CASH_OUT,15381.98,C718133944,45791.67,30409.69,C943423396,7380.27,22762.25,0,0
23,CASH_IN,3695.94,C927175323,1350.65,5046.59,C730676755,26956.34,23260.4,0,0
52,CASH_OUT,19180.44,C695295870,44687.72,25507.28,C551450815,18957.26,38137.7,0,0
12,TRANSFER,89790.79,C437369840,144370.63,54579.84,C283876670,73265.55,163056.34,0,0
22,PAYMENT,2797.19,C581539143,25349.74,22552.55,M161789291,0.0,0.0,0,0
81,CASH_OUT,149614.15,C408570854,176658.2,27044.05,C901834280,48916.89,198531.04,0,0
6,PAYMENT,3569.39,C247141682,18788.19,15218.8,M963251765,0.0,0.0,0,0
48,CASH_OUT,59014.82,C390827816,129200.82,70186.0,C881827342,25139.49,84154.31,0,0
11,CASH_OUT,8566.31,C310986781,14010.99,5444.68,C394381403,517.61,9083.92,0,0
15,CASH_IN,40988.63,C297940734,6214.78,47203.41,C525203859,7517.52,0.0,0,0
10,CASH_IN,21492.75,C718216692,14189.98,35682.73,C534245762,42351.7,20858.95,0,0
3,CASH_OUT,144766.35,C773282001,282154.7,137388.35,C167429343,43911.72,188678.07,0,0
2,PAYMENT,1034.12,C509620403,2116.82,1082.7,M840226363,0.0,0.0,0,0
46,PAYMENT,773.76,C214365722,6773.63,5999.87,M375616439,0.0,0.0,0,0
34,CASH_IN,32577.85,C513277550,2777.86,35355.71,C554702326,70473.15,37895.3,0,0
95,CASH_OUT,18208.29,C448144622,39183.04,20974.75,C834534311,6866.47,25074.76,0,0
84,TRANSFER,50828.2,C408614476,80195.57,29367.37,C348923721,75331.26,126159.46,0,0
50,CASH_IN,5136.03,C533036927,11928.8,17064.83,C935966295,64859.88,59723.85,0,0
25,PAYMENT,1205.31,C921921869,9942.44,8737.13,M160961339,0.0,0.0,0,0
88,DEBIT,1398.79,C671670179,1476.56,77.77,C535371662,1031.9,2430.69,0,0
71,PAYMENT,1937.35,C687052578,10263.12,8325.77,M571622115,0.0,0.0,0,0
12,PAYMENT,2166.95,C784186371,13958.22,11791.27,M371418117,0.0,0.0,0,0
90,PAYMENT,4267.5,C851920005,5122.03,854.53,M789855263,0.0,0.0,0,0
92,PAYMENT,1527.18,C780639124,7572.92,6045.74,M865662572,0.0,0.0,0,0
77,CASH_OUT,149786.99,C275283088,363902.93,214115.94,C319656512,5398.02,155185.01,0,0
75,CASH_IN,15291.92,C489137566,17245.27,32537.19,C332686795,64127.15,48835.23,0,0
6,TRANSFER,99794.77,C947493681,287978.97,188184.2,C407613928,40083.92,139878.69,0,0
45,CASH_OUT,39125.07,C444508846,83104.88,43979.81,C489969500,13281.52,52406.59,0,0
82,CASH_OUT,131388.16,C523589517,384928.57,253540.41,C450756034,5913.38,137301.54,0,0
1,PAYMENT,2621.26,C514909754,14912.81,12291.55,M462472142,0.0,0.0,0,0
81,CASH_OUT,59391.1,C447768046,132214.34,72823.24,C450695315,38026.58,97417.68,0,0
59,CASH_IN,32407.24,C411340750,11089.51,43496.75,C289642463,96783.78,64376.54,0,0
64,CASH_IN,22622.72,C498984826,4322.8,26945.52,C424945099,30929.51,8306.79,0,0
52,CASH_OUT,73591.3,C215923129,84407.85,10816.55,C576271425,4039.52,77630.82,0,0
87,CASH_IN,27682.91,C841880917,6666.14,34349.05,C340658499,38361.3,10678.39,0,0
17,TRANSFER,378557.52,C408131663,378557.52,0.0,C141825428,3717.79,382275.31,1,0
74,CASH_OUT,49284.83,C276670424,92836.9,43552.07,C658712474,34014.76,83299.59,0,0
95,CASH_IN,33113.37,C140531056,12360.63,45474.0,C922816526,60127.4,27014.03,0,0
73,PAYMENT,3490.35,C639449617,5077.34,1586.99,M264494545,0.0,0.0,0,0
9,PAYMENT,4278.12,C711928993,32342.97,28064.85,M661652825,0.0,0.0,0,0
48,PAYMENT,65.77,C946202078,459.94,394.17,M663245360,0.0,0.0,0,0
73,PAYMENT,3812.07,C341074444,23149.74,19337.67,M137790581,0.0,0.0,0,0
88,CASH_IN,37774.67,C838840227,10009.52,47784.19,C637972378,75258.27,37483.6,0,0
21,TRANSFER,144881.84,C216070149,395149.31,250267.47,C434961542,72642.09,217523.93,0,0
65,PAYMENT,3922.49,C719477895,26068.34,22145.85,M918375813,0.0,0.0,0,0
97,TRANSFER,15685.96,C379290514,44663.37,28977.41,C475588498,49019.85,64705.81,0,0
37,CASH_OUT,103332.83,C603260608,186517.52,83184.69,C851333320,13612.31,116945.14,0,0
18,PAYMENT,269.0,C892204952,1474.98,1205.98,M173259976,0.0,0.0,0,0
22,PAYMENT,4511.87,C877504949,37653.04,33141.17,M496081382,0.0,0.0,0,0
45,TRANSFER,245343.21,C242455183,963104.21,717761.0,C798024936,14225.02,259568.23,0,0
82,CASH_IN,3812.29,C945195456,4281.6,8093.89,C675347404,27250.35,23438.06,0,0
41,TRANSFER,145569.82,C676625202,220129.02,74559.2,C197623316,34389.36,179959.18,0,0
78,CASH_OUT,74472.23,C570403386,178572.67,104100.44,C952913236,1026.88,75499.11,0,0
16,TRANSFER,238130.04,C899143659,259824.36,21694.32,C951222282,74483.45,312613.49,0,0
38,PAYMENT,593.12,C264609469,5883.26,5290.14,M427410286,0.0,0.0,0,0
71,PAYMENT,2011.14,C126624066,10083.36,8072.22,M336614898,0.0,0.0,0,0
5,PAYMENT,3936.13,C618257139,20525.97,16589.84,M335250877,0.0,0.0,0,0
34,PAYMENT,2945.7,C650069517,27679.51,24733.81,M607138389,0.0,0.0,0,0
38,TRANSFER,49355.02,C478755735,152896.86,103541.84,C759576839,8352.81,57707.83,0,0
71,PAYMENT,1260.45,C898509546,11116.73,9856.28,M766323040,0.0,0.0,0,0
12,PAYMENT,3558.35,C418079033,21444.88,17886.53,M479041274,0.0,0.0,0,0
84,CASH_OUT,92974.22,C329777179,121173.05,28198.83,C437234196,43035.17,136009.39,0,0
80,PAYMENT,2920.44,C805849060,11235.89,8315.45,M661333669,0.0,0.0,0,0
78,CASH_OUT,114059.23,C658806232,257502.6,143443.37,C727052650,28484.65,142543.88,0,0
35,CASH_OUT,67412.2,C390360213,135386.57,67974.37,C141953985,5863.42,73275.62,0,0
44,CASH_IN,48228.54,C553081060,17335.87,65564.41,C955345361,78973.17,30744.63,0,0
31,CASH_OUT,79616.12,C619941291,219404.46,139788.34,C293342602,42034.59,121650.71,0,0
59,CASH_OUT,5687.71,C661315067,14937.75,9250.04,C528093064,31405.92,37093.63,0,0
35,CASH_IN,8126.53,C197136989,1150.64,9277.17,C722542127,78227.5,70100.97,0,0
80,PAYMENT,3674.26,C616197305,14636.91,10962.65,M974726647,0.0,0.0,0,0
66,PAYMENT,1002.57,C101581303,7992.89,6990.32,M581861290,0.0,0.0,0,0
1,TRANSFER,3638.33,C668139316,7837.91,4199.58,C450962891,2212.28,5850.61,0,0
12,PAYMENT,2576.2,C890100698,4086.19,1509.99,M805845675,0.0,0.0,0,0
1,PAYMENT,4687.78,C862023079,11172.53,6484.75,M142885885,0.0,0.0,0,0
79,PAYMENT,648.84,C639051860,5965.68,5316.84,M759688210,0.0,0.0,0,0
41,CASH_OUT,69928.4,C583156434,118111.13,48182.73,C655511084,43898.01,113826.41,0,0
99,CASH_IN,10125.58,C638027221,6650.36,16775.94,C258705317,66207.9,56082.32,0,0
11,PAYMENT,2046.19,C683826742,2146.91,100.72,M302959775,0.0,0.0,0,0
73,CASH_IN,31572.18,C859680301,11483.38,43055.56,C389433828,32189.65,617.47,0,0
52,PAYMENT,2859.19,C293154584,20512.14,17652.95,M718360105,0.0,0.0,0,0
71,CASH_OUT,59839.2,C191352864,152449.35,92610.15,C566531276,6518.76,66357.96,0,0
91,CASH_IN,12279.01,C716416868,6227.55,18506.56,C176496452,89332.07,77053.06,0,0
41,PAYMENT,413.77,C991674621,1484.29,1070.52,M247295778,0.0,0.0,0,0
69,CASH_OUT,74275.5,C533755155,116803.19,42527.69,C598123804,46227.52,120503.02,0,0
37,PAYMENT,2497.14,C108949508,5803.8,3306.66,M836078695,0.0,0.0,0,0
98,CASH_OUT,11351.01,C316958854,15740.06,4389.05,C817597823,30594.49,41945.5,0,0
70,CASH_OUT,10094.97,C505082191,17938.91,7843.94,C152045272,21018.93,31113.9,0,0
72,CASH_OUT,113311.04,C709795510,158467.2,45156.16,C247024288,41614.19,154925.23,0,0
4,PAYMENT,1879.08,C171105799,12230.2,10351.12,M160114780,0.0,0.0,0,0
10,TRANSFER,269775.39,C383141489,269775.39,0.0,C814371740,624.34,270399.73,1,0
13,CASH_IN,34558.66,C207435042,6719.35,41278.01,C321092375,50774.08,16215.42,0,0
44,TRANSFER,56445.44,C826321952,177289.85,120844.41,C836840867,74453.41,130898.85,0,0
68,PAYMENT,405.16,C645276696,655.02,249.86,M299528037,0.0,0.0,0,0
74,CASH_OUT,54558.98,C102980741,69602.84,15043.86,C114613019,19218.37,73777.35,0,0
17,PAYMENT,3902.79,C920760420,21530.63,17627.84,M529363615,0.0,0.0,0,0
31,TRANSFER,233592.33,C927479704,339803.95,106211.62,C971779315,76939.46,310531.79,0,0
10,PAYMENT,876.7,C513784436,1329.07,452.37,M809849060,0.0,0.0,0,0
55,TRANSFER,5901.41,C974459132,9759.68,3858.27,C563863347,10777.0,16678.41,0,0
90,CASH_OUT,14074.08,C454291430,21205.98,7131.9,C521079032,40457.57,54531.65,0,0
41,PAYMENT,4566.46,C952923229,42315.17,37748.71,M427008211,0.0,0.0,0,0
63,TRANSFER,105565.49,C452465217,109602.81,4037.32,C946065080,922.04,106487.53,0,0
94,PAYMENT,1049.31,C988282415,3835.23,2785.92,M242408411,0.0,0.0,0,0
12,TRANSFER,245145.14,C109103960,452833.71,207688.57,C907109642,31850.91,276996.05,0,0
80,CASH_IN,10339.88,C179530865,19179.63,29519.51,C807597897,42252.36,31912.48,0,0
42,CASH_OUT,19740.52,C382024304,58419.23,38678.71,C325292708,48208.62,67949.14,0,0
16,CASH_IN,48863.64,C449085932,13190.4,62054.04,C506652481,68351.14,19487.5,0,0
83,TRANSFER,210847.37,C230366157,275837.03,64989.66,C763547759,17921.15,228768.52,0,0
37,CASH_IN,4639.18,C184676105,17123.18,21762.36,C830949166,15380.68,10741.5,0,0
89,PAYMENT,2999.92,C873764645,9624.09,6624.17,M710261100,0.0,0.0,0,0
55,TRANSFER,246724.43,C611232011,916731.34,670006.91,C851082116,58742.22,305466.65,0,0
33,CASH_OUT,105016.86,C184996530,197350.92,92334.06,C975263361,18360.84,123377.7,0,0
10,PAYMENT,3559.77,C197218961,16523.5,12963.73,M812095032,0.0,0.0,0,0
39,TRANSFER,217592.67,C931696431,250809.74,33217.07,C542508175,17374.25,234966.92,0,0
99,CASH_OUT,115819.6,C718105609,255909.25,140089.65,C735837671,48332.94,164152.54,0,0
4,CASH_OUT,76810.53,C656192815,110039.77,33229.24,C263580290,18244.53,95055.06,0,0
87,CASH_OUT,22696.67,C637371044,44611.26,21914.59,C126373949,14771.61,37468.28,0,0
65,CASH_OUT,160714.13,C870578265,160714.13,0.0,C876073121,4591.24,165305.37,1,0
51,PAYMENT,2995.93,C250941039,6677.51,3681.58,M197006089,0.0,0.0,0,0
42,CASH_IN,17955.24,C415001254,2911.4,20866.64,C562446417,53585.47,35630.23,0,0
47,CASH_OUT,50581.29,C637387937,61088.28,10506.99,C373334269,17130.44,67711.73,0,0
100,TRANSFER,121088.65,C196452534,470192.17,349103.52,C356508624,13316.7,134405.35,0,0
82,CASH_IN,7845.31,C589287766,2665.38,10510.69,C534014323,65687.6,57842.29,0,0
21,CASH_IN,25705.33,C182594982,8089.79,33795.12,C200978263,55629.33,29924.0,0,0
48,CASH_OUT,24710.46,C990171357,32235.08,7524.62,C328468998,367.5,25077.96,0,0
82,PAYMENT,1275.82,C402394369,4809.78,3533.96,M172838419,0.0,0.0,0,0
35,CASH_IN,43325.32,C991536817,10923.64,54248.96,C308915593,90250.27,46924.95,0,0
94,TRANSFER,87387.76,C904531425,111631.32,24243.56,C125801967,15907.16,103294.92,0,0
62,PAYMENT,3011.7,C956727731,8036.33,5024.63,M927308670,0.0,0.0,0,0
39,CASH_OUT,37607.64,C723160986,59669.59,22061.95,C150421098,18816.78,56424.42,0,0
31,CASH_OUT,86987.67,C567285228,234795.3,147807.63,C743940505,22308.26,109295.93,0,0
84,PAYMENT,426.84,C852922731,3539.15,3112.31,M791040857,0.0,0.0,0,0
49,CASH_OUT,62736.66,C876549150,71316.29,8579.63,C500048549,28059.34,90796.0,0,0
28,CASH_IN,21193.38,C860695792,5124.51,26317.89,C741234259,10432.66,0.0,0,0
76,CASH_OUT,18843.9,C981422844,45372.3,26528.4,C827116086,20938.65,39782.55,0,0
97,CASH_IN,22600.98,C802601350,1870.48,24471.46,C272064671,21215.19,0.0,0,0
34,CASH_IN,42384.33,C464876250,3570.83,45955.16,C364102119,3127.71,0.0,0,0
52,TRANSFER,209009.23,C391878557,742403.86,533394.63,C840777094,63991.93,273001.16,0,0
8,CASH_OUT,62635.41,C251085001,112840.96,50205.55,C512522033,370.45,63005.86,0,0
33,CASH_OUT,133500.23,C597536841,292589.18,159088.95,C846146468,54.87,133555.1,0,0
47,CASH_OUT,124587.85,C392624015,352346.64,227758.79,C375919523,47209.39,171797.24,0,0
28,PAYMENT,1199.12,C417602552,1371.04,171.92,M197420069,0.0,0.0,0,0
21,CASH_OUT,93450.13,C176365212,186177.03,92726.9,C800110782,6797.76,100247.89,0,0
42,CASH_OUT,139864.04,C930712117,375713.97,235849.93,C761004783,15057.74,154921.78,0,0
37,CASH_OUT,143087.74,C669828484,229008.08,85920.34,C628316550,40051.33,183139.07,0,0
17,CASH_OUT,19494.84,C591465381,39503.78,20008.94,C856477620,26457.06,45951.9,0,0
34,CASH_OUT,68259.43,C327268503,172181.64,103922.21,C462388455,18956.31,87215.74,0,0
70,PAYMENT,3677.42,C857261987,33386.42,29709.0,M483281071,0.0,0.0,0,0
88,CASH_OUT,93624.72,C376358226,168011.61,74386.89,C295055231,31733.04,125357.76,0,0
89,CASH_OUT,45054.62,C105224364,47141.52,2086.9,C468826759,9249.57,54304.19,0,0
83,CASH_OUT,107818.93,C511530564,207047.84,99228.91,C708980151,31021.09,138840.02,0,0
91,CASH_IN,15521.48,C772366837,14732.67,30254.15,C801514571,27988.88,12467.4,0,0
13,CASH_OUT,587359.3,C526847550,587359.3,0.0,C902475071,754.58,588113.88,1,0
4,CASH_OUT,26003.8,C558127005,73242.52,47238.72,C330549659,13749.09,39752.89,0,0
98,TRANSFER,320066.64,C802057639,320066.64,0.0,C615902341,4537.27,324603.91,1,0
22,TRANSFER,116928.06,C945634034,445374.36,328446.3,C991731789,24216.31,141144.37,0,0
22,PAYMENT,2890.89,C961323023,12455.32,9564.43,M860378644,0.0,0.0,0,0
13,CASH_OUT,125234.37,C956024190,161465.53,36231.16,C692088966,4595.1,129829.47,0,0
11,TRANSFER,162306.28,C755401159,531922.49,369616.21,C101646890,51416.03,213722.31,0,0
70,CASH_OUT,1099.1,C309522106,2906.9,1807.8,C993894892,18477.03,19576.13,0,0
48,CASH_OUT,45382.85,C526355917,61877.14,16494.29,C579623601,42672.43,88055.28,0,0
10,PAYMENT,992.76,C169226321,4954.75,3961.99,M793623149,0.0,0.0,0,0
48,CASH_OUT,106739.01,C210154881,288444.25,181705.24,C653953485,14253.15,120992.16,0,0
20,PAYMENT,898.44,C255270986,1313.33,414.89,M864555170,0.0,0.0,0,0
54,PAYMENT,4152.11,C897416495,38493.26,34341.15,M749476211,0.0,0.0,0,0
97,CASH_OUT,106673.19,C548706636,234100.09,127426.9,C292546728,11570.75,118243.94,0,0
11,CASH_OUT,3454.82,C734380277,4352.99,898.17,C345029226,43000.55,46455.37,0,0
98,PAYMENT,2206.45,C538937500,4374.86,2168.41,M770467435,0.0,0.0,0,0
72,TRANSFER,201285.14,C803460415,201285.14,0.0,C920104159,4268.47,205553.61,1,0
67,PAYMENT,4299.24,C450868832,19432.34,15133.1,M541158894,0.0,0.0,0,0
34,CASH_OUT,89702.63,C938466759,222238.18,132535.55,C902308936,12230.26,101932.89,0,0
77,CASH_OUT,88239.36,C265699765,194691.76,106452.4,C891602149,47567.46,135806.82,0,0
86,PAYMENT,2299.12,C855167444,17762.04,15462.92,M712441715,0.0,0.0,0,0
12,CASH_OUT,57733.92,C644459924,121739.63,64005.71,C723123952,39590.89,97324.81,0,0
31,CASH_OUT,128416.35,C350785761,139626.4,11210.05,C541066404,37235.26,165651.61,0,0
70,PAYMENT,3627.36,C324150872,21704.46,18077.1,M554597289,0.0,0.0,0,0
24,PAYMENT,4835.37,C839683759,30553.62,25718.25,M819118723,0.0,0.0,0,0
23,CASH_OUT,50837.46,C435243089,66095.1,15257.64,C185134853,1060.11,51897.57,0,0
21,TRANSFER,100313.56,C290725138,260614.34,160300.78,C103583486,26724.39,127037.95,0,0
11,PAYMENT,2759.48,C755335262,13697.94,10938.46,M168766169,0.0,0.0,0,0
17,TRANSFER,28234.89,C896606119,32583.81,4348.92,C736015682,11476.74,39711.63,0,0
71,PAYMENT,3568.85,C446033849,12043.4,8474.55,M631390697,0.0,0.0,0,0
97,CASH_OUT,28769.11,C976113956,55237.24,26468.13,C216914125,37402.56,66171.67,0,0
46,TRANSFER,176011.49,C130286569,676355.16,500343.67,C477615830,45088.52,221100.01,0,0
34,PAYMENT,4503.4,C200683004,29916.29,25412.89,M453506845,0.0,0.0,0,0
98,CASH_IN,14373.77,C469243620,166.34,14540.11,C674558056,92286.75,77912.98,0,0
91,TRANSFER,207496.97,C780287364,669329.02,461832.05,C996437267,46290.51,253787.48,0,0
14,CASH_IN,878.57,C358301976,3740.6,4619.17,C594830511,3830.04,2951.47,0,0
21,PAYMENT,2691.0,C774399203,24882.78,22191.78,M815817439,0.0,0.0,0,0
34,TRANSFER,580741.87,C359229220,580741.87,0.0,C393646461,3955.15,584697.02,1,0
97,CASH_OUT,5825.22,C211548125,12966.01,7140.79,C130963459,35665.52,41490.74,0,0
56,PAYMENT,501.71,C234471604,3724.65,3222.94,M168180783,0.0,0.0,0,0
73,CASH_OUT,116904.91,C237657276,233005.06,116100.15,C726484197,854.43,117759.34,0,0
86,PAYMENT,205.83,C863503662,1585.7,1379.87,M368431133,0.0,0.0,0,0
23,PAYMENT,3557.07,C510417471,22223.77,18666.7,M564696381,0.0,0.0,0,0
30,PAYMENT,4983.92,C189479909,39922.11,34938.19,M596820037,0.0,0.0,0,0
23,CASH_IN,47490.35,C201319576,15642.22,63132.57,C285645410,37839.21,0.0,0,0
64,DEBIT,1427.94,C209321507,7085.62,5657.68,C949608711,4267.28,5695.22,0,0
98,CASH_OUT,136954.68,C681223246,359253.24,222298.56,C185537642,27446.83,164401.51,0,0
57,CASH_OUT,21972.73,C781881435,37493.31,15520.58,C517912164,43497.55,65470.28,0,0
88,CASH_OUT,122760.29,C845439994,248595.94,125835.65,C500722831,28763.18,151523.47,0,0
91,PAYMENT,4239.75,C753741918,24287.5,20047.75,M378807844,0.0,0.0,0,0
3,CASH_OUT,117298.85,C694043150,189318.83,72019.98,C591005307,33985.78,151284.63,0,0
35,PAYMENT,576.73,C393815375,3481.51,2904.78,M768882058,0.0,0.0,0,0
21,CASH_OUT,135367.63,C672353892,372141.84,236774.21,C438663589,13524.11,148891.74,0,0
13,PAYMENT,3594.41,C268522141,26364.99,22770.58,M728916168,0.0,0.0,0,0
83,CASH_OUT,113817.66,C911324946,137254.12,23436.46,C155625244,32524.57,146342.23,0,0
69,CASH_OUT,144841.92,C272538668,247590.57,102748.65,C568993235,34645.07,179486.99,0,0
15,PAYMENT,275.91,C821734711,2177.82,1901.91,M552798452,0.0,0.0,0,0
82,CASH_OUT,79417.88,C607319842,184314.9,104897.02,C832429575,24264.75,103682.63,0,0
84,CASH_IN,10383.38,C833572515,18911.91,29295.29,C613500698,86107.01,75723.63,0,0
96,CASH_OUT,76776.1,C283368785,160720.17,83944.07,C851220552,23807.92,100584.02,0,0
57,CASH_IN,26179.9,C741720343,3444.14,29624.04,C467268165,31163.74,4983.84,0,0
54,PAYMENT,3965.9,C809409274,23227.3,19261.4,M536869717,0.0,0.0,0,0
67,CASH_OUT,30857.55,C242503964,59207.52,28349.97,C139247989,35683.87,66541.42,0,0
47,TRANSFER,143191.61,C728022146,527226.37,384034.76,C580320597,77623.74,220815.35,0,0
53,CASH_IN,24336.07,C767729743,4071.1,28407.17,C184230838,14576.02,0.0,0,0
2,PAYMENT,2304.44,C502148053,21867.14,19562.7,M877686250,0.0,0.0,0,0
90,DEBIT,921.42,C925818648,4134.65,3213.23,C104022109,4565.67,5487.09,0,0
71,PAYMENT,4362.8,C666585408,42228.7,37865.9,M554340903,0.0,0.0,0,0
15,CASH_OUT,18626.9,C508294370,36299.97,17673.07,C371375678,7656.35,26283.25,0,0
14,PAYMENT,2858.87,C175604661,22857.05,19998.18,M369075781,0.0,0.0,0,0
64,PAYMENT,3083.32,C233755303,11904.55,8821.23,M560546896,0.0,0.0,0,0
62,PAYMENT,2006.53,C170161976,12426.82,10420.29,M179545125,0.0,0.0,0,0
44,CASH_IN,48145.51,C156495374,8606.17,56751.68,C487949907,19326.04,0.0,0,0
24,PAYMENT,86.31,C102268385,491.81,405.5,M842669602,0.0,0.0,0,0
38,TRANSFER,176727.39,C869068553,412343.03,235615.64,C228785230,34581.28,211308.67,0,0
7,TRANSFER,74475.86,C530433938,291649.45,217173.59,C660223249,71499.56,145975.42,0,0
77,CASH_OUT,102145.29,C443152572,107345.56,5200.27,C874471936,24868.64,127013.93,0,0
4,CASH_OUT,67118.08,C349232173,142713.61,75595.53,C611966881,32140.93,99259.01,0,0
55,CASH_OUT,4981.14,C680645164,8903.46,3922.32,C472898686,34316.93,39298.07,0,0
100,CASH_OUT,48979.32,C421733001,104578.43,55599.11,C124953585,1610.45,50589.77,0,0
68,CASH_IN,7147.33,C279327988,1588.02,8735.35,C229114508,73259.06,66111.73,0,0
73,CASH_OUT,47566.76,C389616289,135330.19,87763.43,C870697234,24411.88,71978.64,0,0
74,PAYMENT,1689.88,C508326415,1893.82,203.94,M675685030,0.0,0.0,0,0
91,CASH_IN,49311.02,C243190757,13236.02,62547.04,C331073681,31672.7,0.0,0,0
37,CASH_IN,9294.69,C201192189,12442.37,21737.06,C852125249,74169.98,64875.29,0,0
29,CASH_OUT,20608.64,C917187478,44012.63,23403.99,C700663963,14043.7,34652.34,0,0
23,PAYMENT,4717.06,C626690096,32208.46,27491.4,M293710153,0.0,0.0,0,0
77,CASH_OUT,133726.37,C289975300,359984.18,226257.81,C858456398,38599.18,172325.55,0,0
91,CASH_IN,4187.09,C241356185,16916.06,21103.15,C995569858,6548.75,2361.66,0,0
23,CASH_IN,5504.9,C966791318,13138.75,18643.65,C976475705,32183.35,26678.45,0,0
1,CASH_OUT,85287.42,C538116049,143404.2,58116.78,C177271956,34118.06,119405.48,0,0
61,TRANSFER,70661.72,C789742847,200885.98,130224.26,C187276164,61687.79,132349.51,0,0
58,CASH_IN,30724.62,C137204552,4915.7,35640.32,C762474187,30215.41,0.0,0,0
73,CASH_OUT,28452.66,C289967170,49903.42,21450.76,C470175314,49263.34,77716.0,0,0
40,CASH_IN,40290.56,C106926488,13755.49,54046.05,C769654032,12356.18,0.0,0,0
95,CASH_IN,2372.65,C537715480,15250.05,17622.7,C504840151,72529.75,70157.1,0,0
31,CASH_IN,8746.74,C369006948,10245.68,18992.42,C423713330,76912.44,68165.7,0,0
65,CASH_OUT,84156.29,C925584388,204196.33,120040.04,C192345517,7132.21,91288.5,0,0
59,PAYMENT,440.51,C416387957,815.96,375.45,M765456801,0.0,0.0,0,0
74,PAYMENT,2070.84,C821283444,8562.45,6491.61,M492203150,0.0,0.0,0,0
85,CASH_IN,45007.34,C872830248,6185.69,51193.03,C644518647,41430.9,0.0,0,0
95,TRANSFER,54726.97,C779231134,157203.37,102476.4,C325177291,23246.36,77973.33,0,0
92,CASH_OUT,65417.79,C247930241,86707.2,21289.41,C290080389,30157.93,95575.72,0,0
86,CASH_IN,28273.99,C210898998,11900.44,40174.43,C284423041,17424.49,0.0,0,0
57,CASH_IN,12290.89,C999652612,15647.43,27938.32,C113796010,12708.7,417.81,0,0
34,PAYMENT,3797.35,C251957685,14359.35,10562.0,M964207402,0.0,0.0,0,0
50,PAYMENT,100.39,C837314966,828.11,727.72,M452760649,0.0,0.0,0,0
4,PAYMENT,2777.67,C994001774,19904.08,17126.41,M507492505,0.0,0.0,0,0
3,CASH_OUT,47278.74,C479034438,91745.32,44466.58,C336857562,1881.75,49160.49,0,0
25,TRANSFER,186846.37,C225967304,455300.25,268453.88,C909956465,19407.45,206253.82,0,0
59,CASH_OUT,26590.67,C570929255,57865.6,31274.93,C875814098,47238.4,73829.07,0,0
9,CASH_OUT,48781.77,C839622550,94399.46,45617.69,C245967878,39483.43,88265.2,0,0
37,CASH_OUT,67505.71,C515288053,99593.75,32088.04,C903233413,24528.12,92033.83,0,0
79,CASH_IN,15527.42,C349830241,1869.45,17396.87,C197404735,33259.31,17731.89,0,0
13,CASH_OUT,54512.64,C643145488,98106.48,43593.84,C897278608,28328.64,82841.28,0,0
73,TRANSFER,110839.92,C634538765,270596.23,159756.31,C663088897,66552.66,177392.58,0,0
85,PAYMENT,2669.67,C267851051,20611.95,17942.28,M246438473,0.0,0.0,0,0
73,PAYMENT,1925.1,C370743043,10680.87,8755.77,M863302178,0.0,0.0,0,0
81,CASH_IN,6926.07,C980470108,10808.96,17735.03,C667812152,64290.48,57364.41,0,0
21,CASH_OUT,99172.6,C756152630,217181.84,118009.24,C851454793,39365.38,138537.98,0,0
99,PAYMENT,1571.9,C667477531,15442.77,13870.87,M461692600,0.0,0.0,0,0
91,CASH_OUT,52385.6,C615185000,127995.24,75609.64,C954059995,14389.47,66775.07,0,0
49,CASH_OUT,38809.97,C164487484,59353.24,20543.27,C972738280,22028.74,60838.71,0,0
48,PAYMENT,4753.02,C577488537,9003.13,4250.11,M489431174,0.0,0.0,0,0
89,CASH_IN,21670.75,C202265468,4971.54,26642.29,C880236611,35229.2,13558.45,0,0
15,CASH_OUT,146601.25,C743254102,331556.54,184955.29,C542667554,2126.56,148727.81,0,0
74,PAYMENT,1663.01,C974370733,15998.81,14335.8,M446993509,0.0,0.0,0,0
67,PAYMENT,2767.06,C896618355,12040.89,9273.83,M231799713,0.0,0.0,0,0
34,CASH_OUT,63188.49,C477802873,165987.07,102798.58,C883006462,36889.28,100077.77,0,0
56,CASH_OUT,15868.0,C785111610,24760.54,8892.54,C926722781,36202.62,52070.62,0,0
24,CASH_IN,1532.76,C785257010,10055.55,11588.31,C667110830,75446.56,73913.8,0,0
26,CASH_OUT,1161.93,C792722274,2612.18,1450.25,C427351075,2949.22,4111.15,0,0
77,CASH_OUT,54557.85,C805627914,66999.59,12441.74,C585903027,37966.0,92523.85,0,0
31,CASH_IN,25035.74,C595431160,16073.74,41109.48,C219354239,83949.67,58913.93,0,0
34,CASH_IN,17562.17,C621237911,8755.38,26317.55,C965325849,36784.86,19222.69,0,0
52,CASH_OUT,95679.64,C705165937,234984.28,139304.64,C872608028,41065.17,136744.81,0,0
48,CASH_OUT,75572.49,C911754549,104611.09,29038.6,C420020724,41959.8,117532.29,0,0
29,PAYMENT,353.37,C202272739,2857.74,2504.37,M891593366,0.0,0.0,0,0
42,PAYMENT,2421.81,C616229701,6514.03,4092.22,M469261714,0.0,0.0,0,0
55,PAYMENT,1744.41,C373724419,7499.83,5755.42,M388967162,0.0,0.0,0,0
53,PAYMENT,3305.48,C270036116,4121.49,816.01,M807879171,0.0,0.0,0,0
39,CASH_OUT,137941.4,C733175666,307555.02,169613.62,C782061852,2093.74,140035.14,0,0
13,CASH_IN,36351.89,C247415405,235.77,36587.66,C967575589,10873.26,0.0,0,0
27,PAYMENT,760.09,C245474065,4086.74,3326.65,M834391465,0.0,0.0,0,0
46,PAYMENT,1631.19,C714655891,4177.77,2546.58,M597173429,0.0,0.0,0,0
75,PAYMENT,4900.01,C965197166,13695.28,8795.27,M593343922,0.0,0.0,0,0
11,PAYMENT,4137.27,C151593244,36068.49,31931.22,M869151313,0.0,0.0,0,0
81,CASH_OUT,118312.71,C431714152,255454.61,137141.9,C135824891,36617.99,154930.7,0,0
55,PAYMENT,2006.96,C480507688,15412.78,13405.82,M244388219,0.0,0.0,0,0
21,CASH_IN,20455.23,C798409334,12201.68,32656.91,C963483721,22625.86,2170.63,0,0
34,DEBIT,1336.0,C365594731,2396.32,1060.32,C560805888,3561.66,4897.66,0,0
45,CASH_IN,48825.83,C792526922,19701.54,68527.37,C981625287,47063.36,0.0,0,0
4,PAYMENT,4441.07,C180475880,10683.15,6242.08,M935930624,0.0,0.0,0,0
45,CASH_OUT,96407.06,C700485168,226303.73,129896.67,C126776418,11367.22,107774.28,0,0
25,CASH_IN,34525.65,C254249947,13972.06,48497.71,C748222654,22057.44,0.0,0,0
72,CASH_OUT,100178.4,C223919142,144641.31,44462.91,C204525419,33032.67,133211.07,0,0
59,PAYMENT,703.21,C653520069,2719.15,2015.94,M758276886,0.0,0.0,0,0
90,CASH_OUT,20244.39,C344767409,38185.4,17941.01,C898567178,41291.17,61535.56,0,0
78,CASH_OUT,147027.8,C519710523,425996.19,278968.39,C319263036,3185.46,150213.26,0,0
11,PAYMENT,4963.92,C751252216,12584.04,7620.12,M617187507,0.0,0.0,0,0
20,CASH_IN,33449.96,C970074123,17581.55,51031.51,C491988789,11829.77,0.0,0,0
45,CASH_OUT,76179.48,C685932741,190627.63,114448.15,C970009392,1789.97,77969.45,0,0
89,PAYMENT,2071.13,C984285361,17777.98,15706.85,M398593298,0.0,0.0,0,0
43,CASH_IN,19576.64,C353881638,8282.09,27858.73,C961771921,14418.65,0.0,0,0
5,CASH_OUT,121275.1,C933273151,191122.31,69847.21,C971808980,14213.94,135489.04,0,0
48,CASH_OUT,66888.98,C646250686,106545.31,39656.33,C147085363,32576.41,99465.39,0,0
7,CASH_OUT,141619.03,C848846217,387600.29,245981.26,C784907325,24543.93,166162.96,0,0
34,CASH_OUT,117512.01,C130578211,124209.46,6697.45,C456033513,23525.12,141037.13,0,0
57,CASH_OUT,71913.98,C902448600,190996.58,119082.6,C316968866,13556.64,85470.62,0,0
98,CASH_OUT,95620.03,C663406120,171706.73,76086.7,C670712137,48221.19,143841.22,0,0
12,CASH_OUT,125231.17,C199713203,331291.58,206060.41,C771209441,39121.78,164352.95,0,0
44,CASH_IN,4267.53,C597631383,849.01,5116.54,C645850703,45843.35,41575.82,0,0
13,CASH_OUT,18811.47,C721626156,53300.96,34489.49,C165162109,18869.76,37681.23,0,0
61,TRANSFER,203021.42,C367070195,438266.91,235245.49,C784021486,31929.09,234950.51,0,0
84,CASH_OUT,110376.06,C555309840,215834.99,105458.93,C360224411,46073.43,156449.49,0,0
69,CASH_OUT,52492.76,C500376095,140049.62,87556.86,C118954709,33707.55,86200.31,0,0
58,TRANSFER,232581.25,C824262657,597861.56,365280.31,C920027849,18005.49,250586.74,0,0
94,CASH_OUT,139541.06,C661875225,264424.78,124883.72,C466591875,6559.88,146100.94,0,0
76,CASH_OUT,117206.07,C149392070,278434.97,161228.9,C518826971,45444.37,162650.44,0,0
91,CASH_IN,24718.01,C516888067,3014.69,27732.7,C736074159,11222.52,0.0,0,0
57,PAYMENT,2695.26,C837616532,7391.37,4696.11,M296125033,0.0,0.0,0,0
80,PAYMENT,1231.79,C932971152,4497.13,3265.34,M274162223,0.0,0.0,0,0
97,CASH_OUT,27675.89,C851463849,36763.5,9087.61,C940961771,12530.02,40205.91,0,0
36,CASH_OUT,6686.45,C496189219,12184.01,5497.56,C334677931,38377.26,45063.71,0,0
43,CASH_OUT,124102.6,C366416788,250920.88,126818.28,C986905821,44596.83,168699.43,0,0
19,CASH_OUT,72103.37,C104737159,103480.68,31377.31,C110357517,18198.93,90302.3,0,0
74,CASH_IN,24930.96,C932075780,14500.6,39431.56,C868252490,18865.59,0.0,0,0
72,CASH_OUT,121915.29,C101074879,273268.23,151352.94,C990531175,32652.94,154568.23,0,0
19,CASH_IN,1626.95,C360056579,2197.91,3824.86,C852178601,2874.8,1247.85,0,0
17,PAYMENT,1000.19,C617087085,4137.77,3137.58,M198751865,0.0,0.0,0,0
3,CASH_OUT,143646.6,C608874541,160762.78,17116.18,C218279447,17467.38,161113.98,0,0
25,PAYMENT,4052.77,C297405810,14085.63,10032.86,M433406385,0.0,0.0,0,0
15,PAYMENT,1669.93,C595500646,14660.1,12990.17,M522498407,0.0,0.0,0,0
13,TRANSFER,84534.28,C802164038,240905.65,156371.37,C760752396,13940.99,98475.27,0,0
56,CASH_OUT,48091.19,C352013447,55501.12,7409.93,C483405477,34659.95,82751.14,0,0
31,CASH_IN,4553.84,C568740794,3082.76,7636.6,C362779545,55979.47,51425.63,0,0
80,CASH_OUT,82276.01,C597546118,212614.09,130338.08,C920313601,18740.83,101016.84,0,0
98,TRANSFER,99770.93,C400933997,272374.2,172603.27,C905488247,4331.85,104102.78,0,0
28,PAYMENT,2435.6,C253233612,11690.85,9255.25,M323908049,0.0,0.0,0,0
2,CASH_OUT,13283.84,C672115331,15935.51,2651.67,C864729711,2372.63,15656.47,0,0
95,CASH_OUT,121088.05,C748149267,242675.37,121587.32,C583473665,39050.18,160138.23,0,0
23,CASH_IN,9009.07,C126614158,15647.73,24656.8,C456681425,41759.6,32750.53,0,0
78,CASH_IN,44247.03,C836602505,10069.21,54316.24,C656868272,86498.68,42251.65,0,0
33,CASH_OUT,39149.78,C298176644,56895.61,17745.83,C315400441,49281.8,88431.58,0,0
17,PAYMENT,4876.92,C338834252,44080.99,39204.07,M376230726,0.0,0.0,0,0
70,CASH_OUT,70704.01,C107118090,116545.86,45841.85,C120815706,35079.19,105783.2,0,0
58,PAYMENT,2152.9,C102416360,17700.11,15547.21,M181717883,0.0,0.0,0,0
42,PAYMENT,2935.11,C258604568,23390.77,20455.66,M252098390,0.0,0.0,0,0
23,CASH_OUT,84021.36,C455397438,122983.0,38961.64,C596126873,20252.37,104273.73,0,0
74,CASH_IN,39731.74,C181936313,2599.81,42331.55,C207083934,9509.31,0.0,0,0
34,CASH_OUT,16256.44,C804399637,23799.13,7542.69,C423473126,22538.11,38794.55,0,0
78,CASH_OUT,116448.28,C219385981,186585.36,70137.08,C355164255,2387.47,118835.75,0,0
70,CASH_OUT,33578.49,C674101952,85750.0,52171.51,C753600959,13898.85,47477.34,0,0
81,CASH_OUT,47427.51,C873695765,75887.26,28459.75,C622504463,28106.92,75534.43,0,0
32,PAYMENT,1861.44,C805399640,14920.62,13059.18,M255735166,0.0,0.0,0,0
59,PAYMENT,3032.1,C703595485,12125.69,9093.59,M177244613,0.0,0.0,0,0
60,PAYMENT,2148.03,C818000528,6504.5,4356.47,M429341319,0.0,0.0,0,0
35,CASH_IN,23691.58,C415091480,1610.39,25301.97,C991065414,16804.73,0.0,0,0
74,PAYMENT,1646.78,C362024137,13024.04,11377.26,M957926104,0.0,0.0,0,0
19,CASH_OUT,15758.64,C350741721,46069.81,30311.17,C522520422,38701.16,54459.8,0,0
54,CASH_OUT,40063.5,C212985973,119599.1,79535.6,C940478147,10958.77,51022.27,0,0
57,CASH_IN,35246.22,C780525215,7354.82,42601.04,C795389979,59250.15,24003.93,0,0
52,CASH_IN,15716.73,C341609039,15437.82,31154.55,C864791379,57209.85,41493.12,0,0
24,CASH_IN,37761.35,C109258707,3667.02,41428.37,C672608950,73204.27,35442.92,0,0
11,TRANSFER,6273.64,C773706432,22590.23,16316.59,C722077234,8874.52,15148.16,0,0
21,TRANSFER,4473.87,C446560674,12283.19,7809.32,C303785198,72706.43,77180.3,0,0
17,PAYMENT,3227.59,C935924516,14348.86,11121.27,M488856231,0.0,0.0,0,0
55,CASH_OUT,130560.11,C511749730,169829.25,39269.14,C185909132,16855.78,147415.89,0,0
73,CASH_OUT,89005.4,C543674807,126981.97,37976.57,C715344632,42873.16,131878.56,0,0
100,CASH_OUT,134627.28,C257416872,397422.77,262795.49,C189658290,48125.96,182753.24,0,0
20,DEBIT,764.3,C435913717,3193.82,2429.52,C223649481,2569.7,3334.0,0,0
43,CASH_IN,11748.8,C243866809,15301.54,27050.34,C499556522,50277.3,38528.5,0,0
47,CASH_IN,7259.88,C260689244,3522.95,10782.83,C503383841,68233.59,60973.71,0,0
53,CASH_OUT,87438.66,C953212504,119246.07,31807.41,C924086239,32982.44,120421.1,0,0
75,PAYMENT,4321.29,C251237750,24166.46,19845.17,M415697820,0.0,0.0,0,0
100,CASH_OUT,19500.35,C378341816,42465.99,22965.64,C447974614,29036.24,48536.59,0,0
38,CASH_OUT,42857.11,C903681751,59492.74,16635.63,C377842291,4254.04,47111.15,0,0
69,TRANSFER,46441.74,C227117388,147742.26,101300.52,C256253951,61234.8,107676.54,0,0
30,PAYMENT,2160.28,C993630305,17521.81,15361.53,M121665545,0.0,0.0,0,0
54,PAYMENT,2769.27,C497206461,8841.73,6072.46,M571008888,0.0,0.0,0,0
8,TRANSFER,223544.76,C805024801,860975.24,637430.48,C332813761,51046.63,274591.39,0,0
6,PAYMENT,1808.5,C799530232,1879.51,71.01,M146801065,0.0,0.0,0,0
32,PAYMENT,4497.5,C164064827,11969.0,7471.5,M219498988,0.0,0.0,0,0
15,PAYMENT,173.61,C997997354,1092.73,919.12,M398465149,0.0,0.0,0,0
39,PAYMENT,3663.1,C269118504,29768.49,26105.39,M569083854,0.0,0.0,0,0
73,TRANSFER,113142.67,C787021552,416266.32,303123.65,C554395870,24660.75,137803.42,0,0
89,PAYMENT,3645.51,C290812817,34771.91,31126.4,M853775825,0.0,0.0,0,0
60,TRANSFER,208119.72,C795472980,790430.2,582310.48,C635126623,23348.92,231468.64,0,0
39,CASH_OUT,80510.46,C295616478,98012.63,17502.17,C389353749,21928.6,102439.06,0,0
60,CASH_OUT,102598.63,C928691060,243065.66,140467.03,C821914900,41218.21,143816.84,0,0
77,CASH_IN,16404.04,C506852607,13203.3,29607.34,C792551787,9962.77,0.0,0,0
69,CASH_OUT,88375.06,C531427170,240729.13,152354.07,C627715157,1163.16,89538.22,0,0
18,CASH_IN,45516.98,C678827227,10139.91,55656.89,C839505679,92144.4,46627.42,0,0
55,PAYMENT,305.85,C766823010,579.01,273.16,M894664845,0.0,0.0,0,0
2,CASH_IN,22937.16,C100833085,6253.22,29190.38,C178552321,29627.02,6689.86,0,0
35,PAYMENT,165.31,C236592599,254.06,88.75,M710600292,0.0,0.0,0,0
56,CASH_IN,33332.68,C138822127,14573.29,47905.97,C688399507,57068.71,23736.03,0,0
65,CASH_OUT,11816.04,C791118651,33713.67,21897.63,C396809027,4920.46,16736.5,0,0
73,CASH_IN,28103.95,C349804684,5672.29,33776.24,C514025061,22005.34,0.0,0,0
27,PAYMENT,1924.58,C953312462,14205.65,12281.07,M605670877,0.0,0.0,0,0
41,CASH_IN,22070.44,C759158247,4310.22,26380.66,C934969743,68796.67,46726.23,0,0
38,CASH_OUT,119532.25,C626371835,262455.07,142922.82,C521132336,27170.67,146702.92,0,0
93,TRANSFER,148336.03,C262037706,180081.07,31745.04,C225655296,73924.84,222260.87,0,0
61,CASH_OUT,113850.29,C249027517,215997.11,102146.82,C603703167,262.56,114112.85,0,0
96,CASH_OUT,113055.25,C490184816,151414.03,38358.78,C123300625,27282.01,140337.26,0,0
99,CASH_OUT,82793.9,C249775416,100542.08,17748.18,C456498995,5809.77,88603.67,0,0
56,CASH_OUT,128767.52,C800150455,198385.97,69618.45,C459668515,40115.82,168883.34,0,0
27,PAYMENT,4620.32,C837430793,21673.94,17053.62,M594291418,0.0,0.0,0,0
12,CASH_IN,31973.18,C819433407,8932.6,40905.78,C460508244,27256.03,0.0,0,0
74,CASH_OUT,11994.48,C257366852,27255.74,15261.26,C483770585,4058.05,16052.53,0,0
63,CASH_IN,8973.2,C187212522,14927.57,23900.77,C890042804,81240.14,72266.94,0,0
13,CASH_IN,38327.55,C253139764,10942.72,49270.27,C432368523,96925.76,58598.21,0,0
36,CASH_OUT,8501.9,C326140103,23979.36,15477.46,C285801953,36735.81,45237.71,0,0
65,CASH_IN,45332.23,C258301477,9794.51,55126.74,C860330588,35677.54,0.0,0,0
56,CASH_OUT,93094.44,C853866212,278420.0,185325.56,C206542097,40296.99,133391.43,0,0
17,CASH_OUT,45272.11,C193512060,135481.75,90209.64,C822694988,49360.98,94633.09,0,0
78,PAYMENT,2384.8,C568301555,10294.04,7909.24,M647690382,0.0,0.0,0,0
91,CASH_OUT,57560.06,C294420172,122329.23,64769.17,C273943651,16616.54,74176.6,0,0
91,PAYMENT,823.34,C112187618,4698.84,3875.5,M472271797,0.0,0.0,0,0
75,CASH_OUT,99643.03,C447605203,286766.47,187123.44,C984230489,37141.82,136784.85,0,0
97,PAYMENT,1659.7,C886916528,4734.06,3074.36,M360112864,0.0,0.0,0,0
76,CASH_IN,33843.88,C684652875,13218.37,47062.25,C566160259,10256.24,0.0,0,0
76,DEBIT,648.87,C734511209,1937.92,1289.05,C687467504,4043.78,4692.65,0,0
71,CASH_OUT,26684.31,C487108839,71000.41,44316.1,C606696308,17810.57,44494.88,0,0
69,DEBIT,1737.35,C838993413,7875.89,6138.54,C378837532,311.07,2048.42,0,0
86,CASH_IN,12903.96,C447252539,1479.94,14383.9,C938303850,77933.49,65029.53,0,0
95,CASH_IN,37547.17,C760408044,10825.29,48372.46,C124724610,27900.61,0.0,0,0
56,CASH_OUT,3891.8,C291139369,10549.68,6657.88,C492653615,38537.24,42429.04,0,0
42,PAYMENT,2303.86,C187040987,15979.24,13675.38,M859894230,0.0,0.0,0,0
55,TRANSFER,18469.21,C387406467,60935.12,42465.91,C707981001,53858.43,72327.64,0,0
53,TRANSFER,179487.81,C457257753,233547.15,54059.34,C980727404,12827.47,192315.28,0,0
25,PAYMENT,1113.18,C830761164,3103.65,1990.47,M117952150,0.0,0.0,0,0
3,CASH_IN,32851.72,C762708231,11457.17,44308.89,C873239484,84746.39,51894.67,0,0
73,CASH_OUT,57636.36,C111896665,66013.4,8377.04,C527515827,22685.25,80321.61,0,0
34,TRANSFER,25170.94,C970681342,85188.91,60017.97,C385482051,16488.85,41659.79,0,0
79,PAYMENT,4400.35,C834937767,42951.82,38551.47,M880909484,0.0,0.0,0,0
36,CASH_IN,35086.26,C236245128,4993.54,40079.8,C242475723,71428.09,36341.83,0,0
98,PAYMENT,1226.49,C683127510,7533.36,6306.87,M193179911,0.0,0.0,0,0
70,CASH_OUT,13767.54,C272223663,30677.72,16910.18,C895058691,48704.3,62471.84,0,0
8,TRANSFER,93681.85,C650036781,216556.91,122875.06,C707431423,2566.72,96248.57,0,0
61,CASH_OUT,21548.87,C321362854,44092.73,22543.86,C390930074,20601.57,42150.44,0,0
27,CASH_OUT,93551.96,C384299976,203266.73,109714.77,C772808571,1169.75,94721.71,0,0
54,CASH_OUT,111081.37,C762710205,216464.93,105383.56,C200703392,22616.97,133698.34,0,0
4,CASH_OUT,10721.84,C224623936,26191.38,15469.54,C352651266,29635.33,40357.17,0,0
15,CASH_IN,47449.6,C360971128,17375.05,64824.65,C258567048,82193.26,34743.66,0,0
79,PAYMENT,4264.14,C100290700,6184.08,1919.94,M764943338,0.0,0.0,0,0
7,CASH_OUT,5744.8,C286043308,8793.12,3048.32,C147744586,27710.5,33455.3,0,0
77,PAYMENT,3140.41,C476365139,19850.24,16709.83,M809569787,0.0,0.0,0,0
74,PAYMENT,4237.92,C772568561,33341.7,29103.78,M555775011,0.0,0.0,0,0
36,CASH_IN,48420.8,C645750195,4184.75,52605.55,C625049703,9059.36,0.0,0,0
65,CASH_IN,15900.86,C722652915,14347.15,30248.01,C694217022,7020.47,0.0,0,0
76,CASH_OUT,939284.79,C116724094,939284.79,0.0,C209118284,3313.11,942597.9,1,0
36,CASH_IN,33499.62,C479167941,11721.6,45221.22,C535349662,52256.53,18756.91,0,0
19,CASH_IN,22263.13,C307305046,17616.62,39879.75,C885051933,69648.14,47385.01,0,0
36,PAYMENT,1156.29,C358428472,7438.36,6282.07,M763907349,0.0,0.0,0,0
17,PAYMENT,2568.06,C567988362,20003.55,17435.49,M799762892,0.0,0.0,0,0
13,PAYMENT,4256.36,C405332410,27888.42,23632.06,M663491001,0.0,0.0,0,0
92,PAYMENT,2498.66,C803771909,12817.29,10318.63,M790256940,0.0,0.0,0,0
57,CASH_OUT,122631.76,C123894155,294522.99,171891.23,C605735834,44383.2,167014.96,0,0
91,CASH_IN,41567.12,C359029536,5193.44,46760.56,C665828379,84662.74,43095.62,0,0
77,PAYMENT,2009.67,C244506497,6855.02,4845.35,M181043141,0.0,0.0,0,0
47,TRANSFER,163578.47,C204927181,185323.6,21745.13,C532129489,62993.19,226571.66,0,0
20,CASH_IN,18346.39,C239303571,19695.8,38042.19,C653314213,70664.75,52318.36,0,0
23,PAYMENT,2380.89,C914060565,2844.57,463.68,M372191501,0.0,0.0,0,0
63,CASH_IN,29339.81,C180925466,16445.91,45785.72,C367862292,73543.24,44203.43,0,0
70,CASH_OUT,88499.99,C912239392,99294.11,10794.12,C694425527,19355.3,107855.29,0,0
14,TRANSFER,67001.25,C381987344,67001.25,0.0,C813808912,4769.68,71770.93,1,0
53,CASH_OUT,56106.15,C421604966,110778.41,54672.26,C437740312,37515.57,93621.72,0,0
39,CASH_OUT,104486.7,C281634125,233614.99,129128.29,C844746804,42390.86,146877.56,0,0
16,CASH_OUT,52795.19,C512351122,86003.75,33208.56,C561052655,6991.51,59786.7,0,0
50,CASH_OUT,79414.24,C602564736,216130.57,136716.33,C694021782,574.05,79988.29,0,0
11,TRANSFER,217300.52,C170330343,437378.74,220078.22,C222912620,1576.96,218877.48,0,0
15,CASH_OUT,12101.46,C841415799,29800.89,17699.43,C884030674,49178.95,61280.41,0,0
41,CASH_OUT,9834.37,C861863296,15545.43,5711.06,C682152066,14997.83,24832.2,0,0
33,TRANSFER,154309.36,C173424224,205266.25,50956.89,C605137683,55360.52,209669.88,0,0
70,CASH_OUT,112531.41,C916006412,266930.06,154398.65,C501364498,17023.38,129554.79,0,0
99,CASH_OUT,85705.29,C462422604,191216.6,105511.31,C141453097,18084.74,103790.03,0,0
71,DEBIT,588.7,C849778765,2458.85,1870.15,C865486796,1232.33,1821.03,0,0
63,CASH_OUT,142072.6,C493605858,255261.51,113188.91,C171750905,26491.36,168563.96,0,0
38,CASH_IN,16126.2,C125425133,7648.13,23774.33,C949243852,56248.75,40122.55,0,0
60,CASH_OUT,127816.1,C455564697,374006.5,246190.4,C707841924,30805.16,158621.26,0,0
86,CASH_OUT,66864.35,C739570485,107794.95,40930.6,C183050142,34291.93,101156.28,0,0
64,PAYMENT,4944.15,C482810555,26534.24,21590.09,M702212957,0.0,0.0,0,0
9,CASH_OUT,48128.8,C169580577,53719.26,5590.46,C746959695,29051.54,77180.34,0,0
7,CASH_OUT,59494.37,C144592452,111132.24,51637.87,C356308622,418.18,59912.55,0,0
19,PAYMENT,4412.51,C888798386,12779.19,8366.68,M884889041,0.0,0.0,0,0
37,CASH_IN,12526.45,C212987932,3692.54,16218.99,C369155621,66277.57,53751.12,0,0
90,CASH_OUT,34961.4,C454907373,96211.58,61250.18,C957293021,47313.39,82274.79,0,0
50,CASH_IN,4945.44,C926552926,11742.49,16687.93,C839369106,88182.94,83237.5,0,0
53,CASH_IN,23560.72,C502347821,12438.33,35999.05,C415747781,16870.97,0.0,0,0
87,CASH_OUT,10110.3,C658252128,21678.07,11567.77,C917152142,38990.49,49100.79,0,0
12,CASH_OUT,66407.91,C770916891,162157.47,95749.56,C553250483,27336.31,93744.22,0,0
92,CASH_IN,9482.93,C263858136,4122.88,13605.81,C259218523,18977.09,9494.16,0,0
32,CASH_IN,13262.16,C325577036,12840.71,26102.87,C454362380,8332.89,0.0,0,0
74,TRANSFER,224130.23,C826027747,543224.37,319094.14,C115923631,75480.43,299610.66,0,0
63,PAYMENT,1460.69,C737126357,8376.75,6916.06,M998560662,0.0,0.0,0,0
59,PAYMENT,3331.83,C113673918,13348.93,10017.1,M559478337,0.0,0.0,0,0
48,CASH_IN,16463.24,C626432311,11420.29,27883.53,C862333884,75669.14,59205.9,0,0
37,TRANSFER,128691.78,C341730484,343904.82,215213.04,C233525943,50449.74,179141.52,0,0
55,CASH_OUT,111727.51,C650171664,203368.99,91641.48,C390080916,10078.59,121806.1,0,0
42,PAYMENT,2480.26,C573318556,11965.6,9485.34,M567557361,0.0,0.0,0,0
67,PAYMENT,292.03,C741531280,2447.81,2155.78,M930655747,0.0,0.0,0,0
54,CASH_IN,14593.95,C242584768,7148.27,21742.22,C161729243,42057.6,27463.65,0,0
94,PAYMENT,2780.65,C472056967,19675.77,16895.12,M864896624,0.0,0.0,0,0
37,CASH_IN,16031.52,C838439961,14372.81,30404.33,C356897080,44098.15,28066.63,0,0
55,CASH_OUT,25265.36,C932544766,37075.79,11810.43,C472560611,26862.97,52128.33,0,0
82,PAYMENT,2380.77,C752192946,20979.49,18598.72,M620540297,0.0,0.0,0,0
3,CASH_OUT,44192.28,C290306358,109724.7,65532.42,C674080176,8422.67,52614.95,0,0
24,CASH_OUT,27209.2,C215238810,80610.04,53400.84,C480987586,21204.59,48413.79,0,0
88,CASH_IN,43959.55,C734691587,16999.95,60959.5,C510706397,20043.41,0.0,0,0
100,CASH_IN,23021.52,C273371748,3437.95,26459.47,C531126807,16732.62,0.0,0,0
33,CASH_OUT,51673.05,C833378225,80261.94,28588.89,C367040757,39185.49,90858.54,0,0
97,CASH_IN,45623.51,C683176704,15401.52,61025.03,C109163182,28902.68,0.0,0,0
14,CASH_OUT,144039.89,C837492998,327319.83,183279.94,C917926197,25115.23,169155.12,0,0
49,PAYMENT,941.67,C560316655,2965.86,2024.19,M177038394,0.0,0.0,0,0
54,CASH_OUT,86444.16,C259341757,238835.06,152390.9,C779281033,9905.21,96349.37,0,0
69,PAYMENT,3380.96,C480412754,24095.13,20714.17,M874086851,0.0,0.0,0,0
53,CASH_IN,49704.65,C807989829,9956.64,59661.29,C483534575,25192.41,0.0,0,0
99,PAYMENT,422.53,C124211427,2997.25,2574.72,M578306974,0.0,0.0,0,0
9,PAYMENT,3441.52,C827552620,6414.29,2972.77,M420979374,0.0,0.0,0,0
79,CASH_OUT,7902.71,C858909915,23148.15,15245.44,C517796891,264.53,8167.24,0,0
26,CASH_OUT,88252.99,C914076782,132611.45,44358.46,C512528694,24520.5,112773.49,0,0
37,CASH_OUT,37277.25,C566674536,93470.41,56193.16,C454772432,43732.95,81010.2,0,0
64,TRANSFER,153512.29,C501937833,285619.28,132106.99,C834587946,19154.16,172666.45,0,0
83,CASH_OUT,78705.58,C831822410,180007.45,101301.87,C527986678,34116.94,112822.52,0,0
72,PAYMENT,1720.37,C325182695,3876.72,2156.35,M169503511,0.0,0.0,0,0
59,PAYMENT,4282.96,C795689887,33770.92,29487.96,M553749809,0.0,0.0,0,0
55,CASH_OUT,12450.09,C504872553,24682.04,12231.95,C125591724,16075.72,28525.81,0,0
15,CASH_OUT,149133.73,C912488192,255838.05,106704.32,C366594153,37774.55,186908.28,0,0
65,PAYMENT,424.42,C386298150,594.43,170.01,M576095915,0.0,0.0,0,0
67,CASH_OUT,86327.79,C838374035,150921.62,64593.83,C578651079,23153.16,109480.95,0,0
45,TRANSFER,207766.33,C506776019,617310.75,409544.42,C135003475,12005.97,219772.3,0,0
94,CASH_IN,19140.42,C697013957,9639.89,28780.31,C400048778,59323.05,40182.63,0,0
27,CASH_OUT,60999.56,C986282066,88183.54,27183.98,C503993768,23421.79,84421.35,0,0
9,TRANSFER,177620.49,C401531313,432952.35,255331.86,C871881681,64155.28,241775.77,0,0
83,PAYMENT,938.59,C261319410,6024.04,5085.45,M488933925,0.0,0.0,0,0
59,CASH_OUT,89171.22,C389178469,147922.02,58750.8,C106233457,2192.35,91363.57,0,0
86,TRANSFER,18114.48,C937412892,28963.28,10848.8,C790420574,30666.47,48780.95,0,0
80,CASH_OUT,67977.91,C560412262,162115.16,94137.25,C613483794,6051.19,74029.1,0,0
59,TRANSFER,28177.25,C911495781,94251.69,66074.44,C213700517,48772.47,76949.72,0,0
73,PAYMENT,2947.66,C178831808,6185.13,3237.47,M909049009,0.0,0.0,0,0
59,CASH_OUT,27172.07,C687940745,61291.71,34119.64,C119975163,25811.21,52983.28,0,0
42,CASH_IN,12382.42,C854233642,11579.17,23961.59,C677968834,10565.52,0.0,0,0
75,CASH_IN,31548.93,C732037910,226.96,31775.89,C422740172,40145.75,8596.82,0,0
17,PAYMENT,4172.23,C753875594,33579.85,29407.62,M716182316,0.0,0.0,0,0
46,CASH_OUT,94534.16,C560591776,251862.64,157328.48,C547203716,10791.72,105325.88,0,0
4,CASH_OUT,42011.6,C280302367,56791.89,14780.29,C681721208,37323.64,79335.24,0,0
84,CASH_OUT,43756.67,C504350473,63206.77,19450.1,C199924985,20316.54,64073.21,0,0
60,CASH_OUT,63360.67,C568294151,88957.18,25596.51,C139732456,13635.6,76996.27,0,0
21,TRANSFER,199368.64,C810728390,230541.44,31172.8,C414256405,29863.99,229232.63,0,0
68,TRANSFER,106766.75,C485353099,197196.01,90429.26,C749086625,45617.05,152383.8,0,0
7,PAYMENT,1915.95,C428005325,3626.8,1710.85,M563449694,0.0,0.0,0,0
14,CASH_IN,37846.11,C889401015,886.71,38732.82,C243247463,55055.36,17209.25,0,0
51,CASH_OUT,102208.04,C233007467,178346.24,76138.2,C359779054,29702.18,131910.22,0,0
97,CASH_IN,17635.65,C629926445,5095.31,22730.96,C284842392,43664.39,26028.74,0,0
46,CASH_OUT,134948.09,C630810146,201912.44,66964.35,C789693165,24375.34,159323.43,0,0
88,PAYMENT,86.04,C977154054,321.02,234.98,M245340361,0.0,0.0,0,0
16,CASH_IN,41759.88,C876328776,1649.64,43409.52,C578533665,10516.01,0.0,0,0
62,CASH_OUT,74692.43,C428455028,189829.43,115137.0,C944347580,38542.14,113234.57,0,0
37,CASH_OUT,7586.26,C863394412,13971.84,6385.58,C250624992,28063.12,35649.38,0,0
76,CASH_IN,38674.38,C940736866,3678.87,42353.25,C526125807,64601.98,25927.6,0,0
67,CASH_OUT,103087.28,C777559442,110660.3,7573.02,C283045753,41736.21,144823.49,0,0
59,CASH_OUT,27477.68,C109615290,58795.43,31317.75,C385894632,20253.45,47731.13,0,0
66,CASH_OUT,52204.45,C509006472,154789.97,102585.52,C848673952,48832.3,101036.75,0,0
42,PAYMENT,3860.66,C974988696,35599.21,31738.55,M884382540,0.0,0.0,0,0
97,PAYMENT,2157.58,C834389102,11200.94,9043.36,M397281439,0.0,0.0,0,0
49,CASH_OUT,127919.88,C978950598,194690.96,66771.08,C420165131,7202.98,135122.86,0,0
42,CASH_OUT,92549.72,C430763906,197224.27,104674.55,C736918536,47621.2,140170.92,0,0
12,PAYMENT,3318.36,C329086910,14093.67,10775.31,M455479984,0.0,0.0,0,0
72,PAYMENT,4023.47,C814817198,21494.22,17470.75,M454205969,0.0,0.0,0,0
46,PAYMENT,4055.48,C615850694,29883.77,25828.29,M808304553,0.0,0.0,0,0
26,CASH_OUT,71518.31,C516707955,157389.02,85870.71,C704577929,4511.12,76029.43,0,0
68,TRANSFER,220475.12,C769159960,263717.47,43242.35,C863368317,11554.58,232029.7,0,0
22,CASH_OUT,45704.9,C954858358,72000.2,26295.3,C776644713,36396.31,82101.21,0,0
85,PAYMENT,333.04,C544339294,2489.39,2156.35,M144758304,0.0,0.0,0,0
81,PAYMENT,1624.27,C349269501,8591.95,6967.68,M184173272,0.0,0.0,0,0
70,CASH_OUT,100048.56,C813824999,117613.4,17564.84,C126386985,32737.02,132785.58,0,0
36,PAYMENT,634.47,C861753301,4746.67,4112.2,M218767591,0.0,0.0,0,0
86,CASH_IN,37695.58,C185514406,308.48,38004.06,C760779310,51385.03,13689.45,0,0
32,CASH_OUT,56198.03,C152432124,80386.7,24188.67,C607792264,46773.91,102971.94,0,0
18,PAYMENT,3737.1,C406907606,13205.58,9468.48,M749586853,0.0,0.0,0,0
3,CASH_OUT,49290.23,C392260212,78920.46,29630.23,C646357450,48638.06,97928.29,0,0
81,PAYMENT,4671.97,C322392664,44151.56,39479.59,M524196654,0.0,0.0,0,0
10,CASH_IN,12082.55,C444277942,1007.01,13089.56,C398668947,23047.95,10965.4,0,0
38,CASH_OUT,123437.6,C145347243,329475.99,206038.39,C424262405,15195.72,138633.32,0,0
44,PAYMENT,2545.75,C691072065,7409.15,4863.4,M588906086,0.0,0.0,0,0
47,PAYMENT,2829.65,C214737306,18346.71,15517.06,M632953308,0.0,0.0,0,0
39,CASH_IN,9439.48,C102859112,5249.11,14688.59,C750373616,11208.05,1768.57,0,0
31,PAYMENT,4225.85,C551839773,18731.1,14505.25,M333077596,0.0,0.0,0,0
47,CASH_IN,11184.76,C976805431,6639.45,17824.21,C587972689,76974.22,65789.46,0,0
15,PAYMENT,386.42,C927241215,3542.88,3156.46,M582153143,0.0,0.0,0,0
55,CASH_OUT,126811.06,C590523712,380274.3,253463.24,C313907621,42666.77,169477.83,0,0
6,CASH_IN,49805.99,C359454580,5341.12,55147.11,C637895095,68341.59,18535.6,0,0
20,CASH_IN,34202.96,C480940552,19555.39,53758.35,C762325843,99071.8,64868.84,0,0
24,PAYMENT,4373.06,C368227631,21813.6,17440.54,M180943908,0.0,0.0,0,0
75,PAYMENT,3458.73,C862099714,18627.81,15169.08,M953040219,0.0,0.0,0,0
62,TRANSFER,106422.75,C432705736,106422.75,0.0,C505344558,1072.78,107495.53,1,0
44,TRANSFER,239141.31,C848835684,239141.31,0.0,C855776143,1574.31,240715.62,1,1
21,PAYMENT,2318.61,C693506495,13430.82,11112.21,M126011809,0.0,0.0,0,0
100,CASH_OUT,111573.82,C180152447,254136.18,142562.36,C725754532,43917.07,155490.89,0,0
38,CASH_IN,8005.76,C380036237,16255.32,24261.08,C686021691,60434.48,52428.72,0,0
25,PAYMENT,1794.05,C505626309,5841.9,4047.85,M244667571,0.0,0.0,0,0
51,PAYMENT,3592.85,C295047890,24462.93,20870.08,M229847349,0.0,0.0,0,0
70,CASH_OUT,527.45,C883279377,1014.52,487.07,C530253315,27557.65,28085.1,0,0
92,DEBIT,42.08,C376429550,133.05,90.97,C479390612,319.19,361.27,0,0
53,CASH_IN,43207.59,C873401277,213.44,43421.03,C109000052,19298.05,0.0,0,0
27,CASH_IN,30490.22,C638590681,13463.5,43953.72,C513782013,88393.63,57903.41,0,0
77,PAYMENT,1510.59,C319497661,11942.94,10432.35,M326810757,0.0,0.0,0,0
34,CASH_OUT,109515.55,C768986243,261757.75,152242.2,C251770634,33413.03,142928.58,0,0
80,CASH_OUT,943142.5,C103983540,943142.5,0.0,C748828476,1234.66,944377.16,1,0
46,CASH_OUT,33161.58,C244458240,65801.66,32640.08,C700075651,25432.96,58594.54,0,0
11,PAYMENT,4605.02,C649009234,11044.65,6439.63,M967647911,0.0,0.0,0,0
7,CASH_IN,21483.67,C720465595,7808.23,29291.9,C783193458,73083.16,51599.49,0,0
11,CASH_OUT,10529.52,C906219798,22009.04,11479.52,C530097895,26233.97,36763.49,0,0
96,DEBIT,701.79,C694135942,742.69,40.9,C354006948,4634.73,5336.52,0,0
59,CASH_OUT,81097.83,C104218426,81097.83,0.0,C909057555,2431.43,83529.26,1,0
63,TRANSFER,152770.32,C315466821,448602.33,295832.01,C291600816,8674.44,161444.76,0,0
51,DEBIT,1686.78,C893838119,3956.33,2269.55,C737506993,4158.62,5845.4,0,0
14,PAYMENT,3515.2,C989862107,28040.26,24525.06,M896045379,0.0,0.0,0,0
59,CASH_IN,42896.84,C362063464,16876.73,59773.57,C290385594,99301.4,56404.56,0,0
10,CASH_IN,10930.67,C575295669,8702.99,19633.66,C594468212,48920.59,37989.92,0,0
78,CASH_IN,37442.99,C341292392,9587.32,47030.31,C236715628,94989.4,57546.41,0,0
16,CASH_OUT,56518.83,C972717220,96982.44,40463.61,C745652639,8859.33,65378.16,0,0
70,PAYMENT,893.2,C175258431,5516.35,4623.15,M801298681,0.0,0.0,0,0
97,PAYMENT,4904.78,C979150792,5040.4,135.62,M989072843,0.0,0.0,0,0
38,CASH_OUT,27676.08,C341844881,46268.24,18592.16,C308670012,36059.05,63735.13,0,0
68,CASH_OUT,141498.47,C795090262,364042.94,222544.47,C480035335,28873.59,170372.06,0,0
67,DEBIT,1194.51,C801680220,4920.21,3725.7,C547652803,1419.98,2614.49,0,0
31,CASH_OUT,38931.3,C400103143,110087.57,71156.27,C714633783,29239.08,68170.38,0,0
41,CASH_IN,35440.19,C434820002,3079.98,38520.17,C803611574,50946.63,15506.44,0,0
64,CASH_IN,27252.69,C732016882,8573.78,35826.47,C783597900,68393.79,41141.1,0,0
16,CASH_OUT,62668.75,C251822107,178612.86,115944.11,C640583702,7597.25,70266.0,0,0
88,CASH_IN,24900.87,C609396906,13402.85,38303.72,C271540556,5268.44,0.0,0,0
78,CASH_OUT,107771.52,C522780580,182630.58,74859.06,C142804636,39406.82,147178.34,0,0
76,TRANSFER,228897.34,C855054186,435022.52,206125.18,C634409591,66136.87,295034.21,0,0
8,CASH_IN,7693.12,C656307931,3239.34,10932.46,C276799196,93539.05,85845.93,0,0
2,PAYMENT,1000.51,C278777701,5427.78,4427.27,M880452269,0.0,0.0,0,0
86,CASH_OUT,117740.36,C543411119,289812.97,172072.61,C522298769,7355.75,125096.11,0,0
16,CASH_OUT,53971.69,C813936096,114044.83,60073.14,C625462480,2046.74,56018.43,0,0
83,CASH_IN,8243.95,C749554418,3069.83,11313.78,C982151713,99252.45,91008.5,0,0
56,CASH_OUT,126957.27,C191271843,238759.58,111802.31,C767035780,4101.77,131059.04,0,0
15,PAYMENT,3168.29,C151986781,7496.45,4328.16,M885716415,0.0,0.0,0,0
38,PAYMENT,4094.85,C148321492,33904.0,29809.15,M560170181,0.0,0.0,0,0
65,CASH_OUT,37236.78,C142028540,111039.04,73802.26,C570039364,26203.43,63440.21,0,0
9,CASH_IN,25084.29,C931453319,18179.87,43264.16,C251766763,13748.02,0.0,0,0
50,CASH_OUT,73645.35,C869591033,215500.33,141854.98,C636424728,34518.03,108163.38,0,0
81,PAYMENT,3501.6,C640034553,12153.5,8651.9,M624570895,0.0,0.0,0,0
31,CASH_OUT,36238.16,C221057584,79284.0,43045.84,C785135687,26414.33,62652.49,0,0
52,PAYMENT,4487.01,C210472590,32804.42,28317.41,M252328549,0.0,0.0,0,0
63,PAYMENT,1070.0,C361602151,9140.02,8070.02,M734346025,0.0,0.0,0,0
14,CASH_IN,37579.71,C801874646,17496.2,55075.91,C419662531,4190.81,0.0,0,0
60,PAYMENT,1943.95,C706717769,13380.83,11436.88,M675163687,0.0,0.0,0,0
75,CASH_OUT,79201.3,C729562581,103754.27,24552.97,C933665199,44336.24,123537.54,0,0
96,PAYMENT,1874.74,C919642916,16059.24,14184.5,M777846827,0.0,0.0,0,0
29,CASH_IN,21052.6,C429730298,7433.65,28486.25,C455749066,58971.5,37918.9,0,0
54,CASH_OUT,72246.79,C844682433,187444.35,115197.56,C611816541,4121.0,76367.79,0,0
3,CASH_IN,32660.62,C259831058,18657.87,51318.49,C100931617,66795.98,34135.36,0,0
26,CASH_OUT,227561.41,C367072490,227561.41,0.0,C664951315,3356.25,230917.66,1,0
52,CASH_OUT,38933.25,C236979608,78922.79,39989.54,C837293786,7774.56,46707.81,0,0
88,CASH_OUT,71138.35,C241763305,134289.29,63150.94,C551111120,32234.22,103372.57,0,0
26,CASH_OUT,129003.2,C467872376,360366.76,231363.56,C768550205,25944.6,154947.8,0,0
2,PAYMENT,560.83,C963589906,2939.15,2378.32,M583249931,0.0,0.0,0,0
1,PAYMENT,2601.51,C229959717,7384.76,4783.25,M365435516,0.0,0.0,0,0
40,PAYMENT,2353.81,C251753535,16171.0,13817.19,M682857882,0.0,0.0,0,0
72,PAYMENT,4215.25,C790311363,22375.55,18160.3,M342150114,0.0,0.0,0,0
41,TRANSFER,109188.04,C161099173,250750.68,141562.64,C975164910,33137.83,142325.87,0,0
12,CASH_IN,36169.2,C110356496,16139.72,52308.92,C890814637,87145.8,50976.6,0,0
11,PAYMENT,2445.45,C536398872,7734.75,5289.3,M914073098,0.0,0.0,0,0
4,CASH_OUT,43657.37,C252902956,98782.18,55124.81,C308739111,45635.44,89292.81,0,0
63,TRANSFER,61565.19,C792333529,202805.28,141240.09,C228156091,39444.02,101009.21,0,0
43,CASH_OUT,63942.75,C418461071,153213.86,89271.11,C389684139,30625.06,94567.81,0,0
70,CASH_OUT,48656.43,C185724841,58278.92,9622.49,C615989236,35094.5,83750.93,0,0
51,CASH_OUT,148055.12,C106893748,293659.41,145604.29,C976591420,4843.53,152898.65,0,0
52,PAYMENT,4636.2,C684851504,5080.22,444.02,M598490052,0.0,0.0,0,0
5,CASH_IN,2827.33,C783066189,16848.54,19675.87,C422781818,41251.34,38424.01,0,0
42,CASH_IN,41495.69,C640136501,12482.58,53978.27,C386437094,23714.29,0.0,0,0
68,PAYMENT,1194.19,C196903897,9504.22,8310.03,M231293747,0.0,0.0,0,0
78,PAYMENT,4294.27,C401309071,38741.5,34447.23,M250325647,0.0,0.0,0,0
81,PAYMENT,1161.69,C871443460,9604.02,8442.33,M331549411,0.0,0.0,0,0
75,CASH_IN,36113.61,C220026868,8257.86,44371.47,C493488269,34643.63,0.0,0,0
17,PAYMENT,53.36,C892212155,369.77,316.41,M970161858,0.0,0.0,0,0
91,CASH_IN,16867.07,C497868623,11712.1,28579.17,C959372397,86055.21,69188.14,0,0
23,CASH_OUT,37250.04,C212479669,59950.42,22700.38,C692866520,38848.57,76098.61,0,0
10,CASH_OUT,22487.68,C664005696,22896.63,408.95,C752950895,33633.39,56121.07,0,0
82,PAYMENT,2447.35,C227697300,9669.03,7221.68,M746733407,0.0,0.0,0,0
49,CASH_OUT,121996.4,C452699013,293482.07,171485.67,C819532005,47355.43,169351.83,0,0
26,CASH_OUT,38927.97,C855979006,97136.99,58209.02,C748128701,1156.92,40084.89,0,0
3,CASH_OUT,51093.6,C587466702,107196.68,56103.08,C443624866,4467.04,55560.64,0,0
50,PAYMENT,2303.29,C183572632,16353.91,14050.62,M761183026,0.0,0.0,0,0
52,PAYMENT,2712.12,C324674061,25938.59,23226.47,M203709736,0.0,0.0,0,0
87,CASH_OUT,59515.83,C212927452,137903.92,78388.09,C661204449,4250.3,63766.13,0,0
13,CASH_IN,37592.91,C809829892,9843.75,47436.66,C924174273,47136.16,9543.25,0,0
78,CASH_OUT,4889.27,C419073389,5791.53,902.26,C393045122,36314.49,41203.76,0,0
57,CASH_IN,29467.43,C309163581,12288.27,41755.7,C781753635,46169.19,16701.76,0,0
65,CASH_IN,39517.37,C451188751,5652.93,45170.3,C628291148,34041.5,0.0,0,0
44,CASH_IN,10155.97,C191230681,15193.44,25349.41,C615852872,89346.64,79190.67,0,0
99,CASH_IN,19801.44,C112617233,12602.8,32404.24,C537008782,67419.33,47617.89,0,0
79,CASH_IN,42537.16,C499556921,11540.87,54078.03,C377114900,55244.61,12707.45,0,0
33,CASH_OUT,75566.34,C925328186,187482.53,111916.19,C222337296,23143.95,98710.29,0,0
54,CASH_OUT,53266.7,C207445079,142385.58,89118.88,C432840339,21707.44,74974.14,0,0
49,CASH_IN,38965.88,C710401558,609.54,39575.42,C256777689,20161.72,0.0,0,0
75,CASH_OUT,104002.65,C896127498,240876.95,136874.3,C960063170,39071.55,143074.2,0,0
15,CASH_IN,22441.35,C611365210,10264.76,32706.11,C488736388,11796.35,0.0,0,0
98,CASH_IN,41434.85,C308659087,11742.43,53177.28,C376721617,88464.54,47029.69,0,0
85,DEBIT,1923.04,C857167893,7174.3,5251.26,C583858741,704.58,2627.62,0,0
73,CASH_IN,2593.56,C520620533,2053.27,4646.83,C108454944,84915.32,82321.76,0,0
78,PAYMENT,1711.15,C408040624,2966.37,1255.22,M226662904,0.0,0.0,0,0
68,PAYMENT,4746.49,C614502084,25604.83,20858.34,M867226818,0.0,0.0,0,0
96,PAYMENT,2789.99,C336558240,6896.71,4106.72,M295193275,0.0,0.0,0,0
65,DEBIT,1633.41,C351429015,5397.51,3764.1,C885460919,2929.63,4563.04,0,0
63,DEBIT,430.73,C803122317,2023.66,1592.93,C241389348,4315.25,4745.98,0,0
94,CASH_IN,23059.18,C987957620,12695.45,35754.63,C551792747,33546.45,10487.27,0,0
59,TRANSFER,765715.28,C709804832,765715.28,0.0,C425814692,3472.35,769187.63,1,0
80,PAYMENT,2970.55,C205173253,13586.2,10615.65,M364339783,0.0,0.0,0,0
32,CASH_OUT,96948.09,C271200630,211621.47,114673.38,C519832695,12428.67,109376.76,0,0
79,CASH_OUT,118565.46,C729037950,127322.99,8757.53,C840338262,2411.21,120976.67,0,0
15,PAYMENT,2271.35,C269820594,20175.67,17904.32,M875340444,0.0,0.0,0,0
69,PAYMENT,2919.03,C847886206,20047.99,17128.96,M530010569,0.0,0.0,0,0
54,TRANSFER,156511.45,C899880385,308631.93,152120.48,C341168373,17000.2,173511.65,0,0
30,PAYMENT,4951.8,C526041566,23736.37,18784.57,M891478687,0.0,0.0,0,0
32,PAYMENT,2598.94,C894771417,5772.64,3173.7,M238217410,0.0,0.0,0,0
12,CASH_IN,29470.2,C981149980,3647.84,33118.04,C988331077,63198.3,33728.1,0,0
79,PAYMENT,1858.12,C132893947,9028.21,7170.09,M734970011,0.0,0.0,0,0
79,CASH_OUT,52743.04,C572553155,118996.74,66253.7,C328766544,7568.71,60311.75,0,0
91,CASH_OUT,125628.06,C751375404,278047.02,152418.96,C503536163,43519.67,169147.73,0,0
91,PAYMENT,1428.07,C303546093,6499.02,5070.95,M243538161,0.0,0.0,0,0
93,PAYMENT,387.68,C161078360,1917.85,1530.17,M236060156,0.0,0.0,0,0
60,CASH_OUT,108508.95,C496136201,224322.15,115813.2,C263980356,9340.34,117849.29,0,0
96,TRANSFER,198953.49,C291069859,241987.72,43034.23,C566684177,66515.1,265468.59,0,0
99,PAYMENT,2826.58,C247004924,14305.29,11478.71,M832769359,0.0,0.0,0,0
26,CASH_OUT,115554.51,C749247830,167489.27,51934.76,C870173255,20841.61,136396.12,0,0
100,PAYMENT,1120.55,C364769288,4420.49,3299.94,M103278382,0.0,0.0,0,0
86,CASH_OUT,13894.93,C388484957,39044.39,25149.46,C114003647,19649.37,33544.3,0,0
100,CASH_IN,23046.4,C416428807,17066.24,40112.64,C996845363,97210.14,74163.74,0,0
72,CASH_OUT,33344.68,C533020417,37927.62,4582.94,C296683608,44620.09,77964.77,0,0
35,PAYMENT,522.54,C269321921,5214.61,4692.07,M108564266,0.0,0.0,0,0
8,PAYMENT,1084.6,C819942770,4843.33,3758.73,M978869972,0.0,0.0,0,0
5,CASH_OUT,71237.51,C661803025,94742.14,23504.63,C179664509,24527.47,95764.98,0,0
65,PAYMENT,287.96,C764264926,2599.21,2311.25,M848954148,0.0,0.0,0,0
3,PAYMENT,576.54,C526901220,892.19,315.65,M134045293,0.0,0.0,0,0
86,PAYMENT,2269.15,C448709567,3604.06,1334.91,M132495867,0.0,0.0,0,0
2,PAYMENT,1043.25,C780799423,3644.06,2600.81,M154446946,0.0,0.0,0,0
4,TRANSFER,113662.19,C362896251,377213.83,263551.64,C461477391,19652.65,133314.84,0,0
27,CASH_IN,28268.5,C246786040,6628.53,34897.03,C195271220,37460.59,9192.09,0,0
80,CASH_IN,40451.85,C162154450,6071.77,46523.62,C661045640,88733.08,48281.23,0,0
58,PAYMENT,5.43,C753837603,29.54,24.11,M390912744,0.0,0.0,0,0
61,CASH_IN,43479.47,C235718766,8628.4,52107.87,C995348812,69314.61,25835.14,0,0
24,CASH_IN,17175.26,C135530684,19346.91,36522.17,C190625378,59958.87,42783.61,0,0
13,CASH_IN,11828.47,C963382466,17126.17,28954.64,C564091344,20410.26,8581.79,0,0
29,DEBIT,663.84,C404598982,2477.32,1813.48,C870853764,263.61,927.45,0,0
80,DEBIT,1176.05,C205000044,3036.67,1860.62,C294144833,472.47,1648.52,0,0
93,CASH_OUT,69178.27,C626772995,179168.33,109990.06,C886808192,8463.29,77641.56,0,0
55,CASH_OUT,138905.2,C280627976,237690.09,98784.89,C203130465,23693.79,162598.99,0,0
58,PAYMENT,475.99,C369583169,512.1,36.11,M870366950,0.0,0.0,0,0
24,TRANSFER,32968.35,C826744963,75481.43,42513.08,C541971285,2551.33,35519.68,0,0
37,CASH_OUT,85679.49,C346143073,166822.52,81143.03,C873196249,18268.75,103948.24,0,0
90,CASH_OUT,30962.71,C444774443,53934.67,22971.96,C845951520,23297.58,54260.29,0,0
71,CASH_OUT,94288.47,C399253122,234541.27,140252.8,C844503763,33003.57,127292.04,0,0
83,CASH_OUT,138958.12,C696426568,145231.47,6273.35,C339737188,11100.65,150058.77,0,0
13,TRANSFER,402203.16,C445872820,402203.16,0.0,C342514695,1942.49,404145.65,1,0
99,CASH_IN,39790.47,C886673778,17995.89,57786.36,C213206543,18225.8,0.0,0,0
21,PAYMENT,1762.81,C834773724,6559.3,4796.49,M771336642,0.0,0.0,0,0
24,PAYMENT,4424.41,C148498317,32378.27,27953.86,M552724457,0.0,0.0,0,0
34,PAYMENT,3254.18,C830441124,17841.03,14586.85,M828762119,0.0,0.0,0,0
98,PAYMENT,4887.95,C950167054,40640.35,35752.4,M795834545,0.0,0.0,0,0
3,PAYMENT,2209.22,C269633510,21929.92,19720.7,M100725768,0.0,0.0,0,0
81,PAYMENT,858.72,C395533528,8347.92,7489.2,M909853997,0.0,0.0,0,0
25,CASH_IN,34633.19,C101618906,3910.04,38543.23,C976660776,97640.04,63006.85,0,0
3,CASH_OUT,80271.67,C227029844,195908.74,115637.07,C788722430,3161.88,83433.55,0,0
22,PAYMENT,3504.07,C356413764,17661.84,14157.77,M382515849,0.0,0.0,0,0
42,CASH_IN,27388.16,C462661837,11322.84,38711.0,C240224505,49048.45,21660.29,0,0
34,TRANSFER,207945.71,C122541876,444331.8,236386.09,C247364121,62993.13,270938.84,0,0
16,CASH_OUT,59506.57,C558843089,154490.6,94984.03,C622222422,41583.72,101090.29,0,0
91,PAYMENT,3367.27,C110960630,22377.95,19010.68,M889972571,0.0,0.0,0,0
25,CASH_OUT,34892.26,C570417771,75901.74,41009.48,C335903593,34248.7,69140.96,0,0
95,PAYMENT,2600.36,C196476756,8741.14,6140.78,M545997993,0.0,0.0,0,0
28,PAYMENT,2859.0,C504889751,9408.29,6549.29,M501694717,0.0,0.0,0,0
77,CASH_OUT,1539.41,C711312655,4190.7,2651.29,C561446614,5576.2,7115.61,0,0
55,CASH_OUT,140162.7,C199122523,366693.23,226530.53,C952110109,32398.49,172561.19,0,0
76,CASH_OUT,39213.16,C249956163,115586.65,76373.49,C750112695,18718.09,57931.25,0,0
18,PAYMENT,1096.26,C330353853,1457.52,361.26,M203998542,0.0,0.0,0,0
46,PAYMENT,306.47,C764304695,2034.86,1728.39,M107639026,0.0,0.0,0,0
66,PAYMENT,2969.8,C108357729,20982.12,18012.32,M497149083,0.0,0.0,0,0
16,CASH_OUT,145854.15,C548505886,333112.2,187258.05,C132770955,8695.73,154549.88,0,0
73,CASH_OUT,67501.21,C549411194,148342.6,80841.39,C508431375,3175.47,70676.68,0,0
50,PAYMENT,4073.79,C890577157,14849.82,10776.03,M957369138,0.0,0.0,0,0
55,PAYMENT,3121.1,C108605274,6511.07,3389.97,M731111457,0.0,0.0,0,0
74,CASH_OUT,808605.43,C950816810,808605.43,0.0,C151288764,4513.67,813119.1,1,0
69,CASH_OUT,58822.15,C262727467,130359.35,71537.2,C269058334,16897.31,75719.46,0,0
86,CASH_IN,13698.95,C827334609,7161.74,20860.69,C573152913,22450.57,8751.62,0,0
80,TRANSFER,694725.51,C119069792,694725.51,0.0,C627978826,3569.35,698294.86,1,1
67,PAYMENT,801.06,C642390322,4672.84,3871.78,M683127878,0.0,0.0,0,0
100,PAYMENT,1662.96,C804086195,13626.43,11963.47,M233654018,0.0,0.0,0,0
62,PAYMENT,1994.23,C486098163,10442.63,8448.4,M280137414,0.0,0.0,0,0
44,CASH_OUT,16254.99,C762100986,17725.67,1470.68,C875434424,36937.42,53192.41,0,0
80,PAYMENT,2323.72,C512230991,20726.29,18402.57,M559675039,0.0,0.0,0,0
82,PAYMENT,680.6,C491740160,2287.25,1606.65,M753167936,0.0,0.0,0,0
42,CASH_OUT,100572.42,C781107293,203205.96,102633.54,C120675681,14481.97,115054.39,0,0
22,PAYMENT,3513.84,C490511624,28476.74,24962.9,M362552615,0.0,0.0,0,0
54,CASH_IN,40954.08,C214131975,14133.37,55087.45,C295632706,41175.79,221.71,0,0
57,CASH_IN,47537.17,C167168555,10403.2,57940.37,C387795155,3212.32,0.0,0,0
2,PAYMENT,2768.71,C184459779,21732.91,18964.2,M106275331,0.0,0.0,0,0
31,PAYMENT,576.38,C818825964,2988.71,2412.33,M334037646,0.0,0.0,0,0
16,CASH_OUT,24438.12,C707317600,45762.72,21324.6,C919212243,12762.92,37201.04,0,0
6,CASH_OUT,85791.34,C969533218,140959.76,55168.42,C302120588,23781.45,109572.79,0,0
75,CASH_OUT,82477.86,C764157741,235937.78,153459.92,C434594896,19058.12,101535.98,0,0
6,CASH_OUT,137233.03,C695140721,271278.12,134045.09,C750100764,24794.9,162027.93,0,0
54,PAYMENT,2135.19,C264013159,19617.31,17482.12,M435418436,0.0,0.0,0,0
57,CASH_IN,34657.12,C992582047,16955.76,51612.88,C979357576,79709.52,45052.4,0,0
9,TRANSFER,173111.14,C105517170,387875.69,214764.55,C605126843,6097.31,179208.45,0,0
3,TRANSFER,105601.98,C615415905,131110.27,25508.29,C480847085,47741.83,153343.81,0,0
71,CASH_OUT,163739.84,C425071171,163739.84,0.0,C425269662,723.74,164463.58,1,0
60,CASH_IN,6532.07,C692326390,1314.96,7847.03,C192573170,40417.84,33885.77,0,0
69,CASH_IN,12544.57,C717287602,19321.11,31865.68,C575419205,56753.69,44209.12,0,0
51,CASH_OUT,23123.13,C627151698,23299.59,176.46,C487437109,4381.42,27504.55,0,0
14,PAYMENT,1262.99,C935687722,11191.35,9928.36,M596031443,0.0,0.0,0,0
7,TRANSFER,158625.21,C963787048,620618.74,461993.53,C643475260,21967.54,180592.75,0,0
36,PAYMENT,8.31,C890886854,53.39,45.08,M550007194,0.0,0.0,0,0
60,PAYMENT,2597.34,C592134043,10623.81,8026.47,M776364739,0.0,0.0,0,0
48,CASH_OUT,78515.84,C524085631,140197.84,61682.0,C979782070,28850.97,107366.81,0,0
21,CASH_OUT,103635.56,C403286126,241897.1,138261.54,C192547842,6454.83,110090.39,0,0
84,CASH_OUT,14131.72,C243832413,29832.08,15700.36,C586172634,42043.8,56175.52,0,0
6,CASH_OUT,5085.32,C175872400,14887.32,9802.0,C537611075,28469.72,33555.04,0,0
86,CASH_IN,8080.77,C595918162,7667.05,15747.82,C888504451,16197.32,8116.55,0,0
62,PAYMENT,376.87,C730968145,3128.2,2751.33,M157331978,0.0,0.0,0,0
43,CASH_OUT,20454.14,C587129280,25497.55,5043.41,C627164268,13294.1,33748.24,0,0
39,CASH_IN,3033.02,C190723988,7678.73,10711.75,C754711634,2866.0,0.0,0,0
85,PAYMENT,4052.25,C801186813,4502.26,450.01,M752834146,0.0,0.0,0,0
13,PAYMENT,753.75,C607115620,2095.28,1341.53,M462189456,0.0,0.0,0,0
66,PAYMENT,1481.23,C520639451,11930.14,10448.91,M158593156,0.0,0.0,0,0
78,CASH_IN,21783.62,C564775853,9746.84,31530.46,C271606116,66913.13,45129.51,0,0
39,PAYMENT,4550.62,C408913843,43180.83,38630.21,M864820968,0.0,0.0,0,0
31,PAYMENT,2941.68,C892005907,25738.05,22796.37,M476486996,0.0,0.0,0,0
62,TRANSFER,208062.24,C119787476,208062.24,0.0,C826930601,1892.64,209954.88,1,0
1,PAYMENT,1825.65,C807468896,17192.48,15366.83,M774253538,0.0,0.0,0,0
56,CASH_IN,42146.34,C114810549,14131.77,56278.11,C363185142,19900.12,0.0,0,0
97,PAYMENT,4747.22,C632766694,23214.78,18467.56,M521263136,0.0,0.0,0,0
74,PAYMENT,1443.12,C197820759,5947.15,4504.03,M589955505,0.0,0.0,0,0
9,CASH_OUT,144351.2,C515564787,156390.83,12039.63,C987664050,16447.57,160798.77,0,0
90,CASH_OUT,89325.16,C202396373,96001.61,6676.45,C422544802,40417.06,129742.22,0,0
66,CASH_IN,5345.76,C396839909,3183.47,8529.23,C551277189,65023.58,59677.82,0,0
53,CASH_OUT,17948.03,C981370046,18510.78,562.75,C702147405,8407.41,26355.44,0,0
48,CASH_OUT,40119.98,C819595113,92118.31,51998.33,C833953718,30456.55,70576.53,0,0
88,PAYMENT,2901.95,C318203162,16155.84,13253.89,M753753155,0.0,0.0,0,0
38,PAYMENT,3476.78,C137931259,26927.06,23450.28,M741707324,0.0,0.0,0,0
68,TRANSFER,81376.94,C743111853,108687.3,27310.36,C120912992,29038.46,110415.4,0,0
74,CASH_OUT,70489.07,C356858396,174076.57,103587.5,C951053161,14414.02,84903.09,0,0
59,PAYMENT,4495.05,C110090412,40953.88,36458.83,M599561877,0.0,0.0,0,0
22,PAYMENT,1746.59,C116040051,3194.71,1448.12,M339121961,0.0,0.0,0,0
26,PAYMENT,386.93,C772826911,3493.57,3106.64,M180960086,0.0,0.0,0,0
46,PAYMENT,1176.49,C803808754,7736.18,6559.69,M406163675,0.0,0.0,0,0
76,CASH_OUT,73497.09,C808605988,139136.96,65639.87,C259553112,24217.07,97714.16,0,0
93,PAYMENT,1841.33,C650430935,16948.58,15107.25,M336942857,0.0,0.0,0,0
88,CASH_OUT,59051.21,C466026739,68345.43,9294.22,C176457313,31032.49,90083.7,0,0
65,CASH_IN,15708.56,C674838329,16525.88,32234.44,C966781918,23554.62,7846.06,0,0
34,CASH_IN,13356.73,C493463402,2104.72,15461.45,C241616184,55801.66,42444.93,0,0
23,PAYMENT,637.89,C209867551,4009.68,3371.79,M660834469,0.0,0.0,0,0
90,PAYMENT,1804.78,C277783040,13994.78,12190.0,M398947609,0.0,0.0,0,0
99,CASH_OUT,14266.85,C921078969,19035.86,4769.01,C908128706,16130.34,30397.19,0,0
69,TRANSFER,148492.23,C516074078,561436.94,412944.71,C618656232,17316.05,165808.28,0,0
95,CASH_OUT,93002.96,C361505234,118589.09,25586.13,C164341850,24936.32,117939.28,0,0
59,TRANSFER,37663.93,C676128415,63989.4,26325.47,C722067721,5762.68,43426.61,0,0
82,PAYMENT,665.82,C229344220,2306.9,1641.08,M141195640,0.0,0.0,0,0
40,CASH_IN,11380.1,C810103026,17414.3,28794.4,C136244918,73377.83,61997.73,0,0
80,CASH_OUT,22472.76,C379342292,30119.02,7646.26,C495051256,28362.14,50834.9,0,0
99,CASH_OUT,146099.58,C349926429,218523.2,72423.62,C207518427,12057.64,158157.22,0,0
47,PAYMENT,272.17,C559021927,787.22,515.05,M670948228,0.0,0.0,0,0
74,PAYMENT,1532.36,C310939708,10964.33,9431.97,M348246601,0.0,0.0,0,0
22,CASH_OUT,31592.24,C719135866,52939.33,21347.09,C644290384,47163.67,78755.91,0,0
11,PAYMENT,1076.92,C462130814,10095.6,9018.68,M872529595,0.0,0.0,0,0
59,CASH_OUT,1704.85,C975942568,2189.01,484.16,C558346197,23919.41,25624.26,0,0
63,CASH_OUT,24816.04,C302320914,44837.21,20021.17,C971887294,11420.91,36236.95,0,0
47,CASH_OUT,26960.02,C176379467,51803.2,24843.18,C928864810,49307.17,76267.19,0,0
27,CASH_IN,45246.68,C518197538,18921.24,64167.92,C727150493,2933.66,0.0,0,0
68,CASH_IN,32886.26,C998476583,3426.75,36313.01,C702752744,23228.35,0.0,0,0
48,CASH_IN,36401.82,C935759851,11274.31,47676.13,C840698205,27587.74,0.0,0,0
71,CASH_OUT,51773.14,C506192359,59311.74,7538.6,C776836206,41460.73,93233.87,0,0
85,PAYMENT,3015.1,C578798403,7537.16,4522.06,M557538651,0.0,0.0,0,0
85,CASH_IN,48261.24,C772909894,11393.36,59654.6,C103858794,18140.19,0.0,0,0
92,CASH_OUT,56341.35,C140118673,85164.36,28823.01,C787539531,26736.67,83078.02,0,0
83,CASH_IN,44567.45,C407819509,4558.53,49125.98,C206173603,76557.61,31990.16,0,0
66,CASH_IN,7134.66,C545908525,480.02,7614.68,C340853982,43286.41,36151.75,0,0
48,PAYMENT,4671.48,C296018050,24040.24,19368.76,M522166686,0.0,0.0,0,0
22,CASH_OUT,24594.03,C362863730,37872.24,13278.21,C507437181,46269.56,70863.59,0,0
15,CASH_OUT,25863.79,C448717183,49663.49,23799.7,C763706947,34480.5,60344.29,0,0
74,CASH_OUT,113117.23,C312283213,190142.34,77025.11,C728665727,8076.27,121193.5,0,0
15,PAYMENT,1996.73,C598232236,10555.51,8558.78,M423590493,0.0,0.0,0,0
18,CASH_IN,16261.05,C179444831,14648.98,30910.03,C932410732,82606.76,66345.71,0,0
35,CASH_OUT,102419.93,C189290037,285335.54,182915.61,C100697964,33343.07,135763.0,0,0
40,CASH_IN,32154.88,C861678303,17909.66,50064.54,C555059083,85307.03,53152.15,0,0
30,PAYMENT,676.54,C117439414,4169.21,3492.67,M530863241,0.0,0.0,0,0
53,CASH_OUT,116824.16,C257037633,189343.45,72519.29,C252457406,26936.3,143760.46,0,0
21,PAYMENT,4756.64,C417280810,10700.11,5943.47,M744501483,0.0,0.0,0,0
25,CASH_IN,23810.06,C961609527,7348.83,31158.89,C829211472,2265.8,0.0,0,0
19,CASH_IN,2242.82,C199886596,17945.75,20188.57,C348541776,52456.16,50213.34,0,0
4,PAYMENT,4373.83,C891666319,9741.59,5367.76,M214499625,0.0,0.0,0,0
74,CASH_IN,16982.07,C586563056,16107.75,33089.82,C353507570,98911.01,81928.94,0,0
8,PAYMENT,3155.22,C334820678,3840.72,685.5,M498644301,0.0,0.0,0,0
44,PAYMENT,430.74,C283890958,3203.33,2772.59,M499900489,0.0,0.0,0,0
62,CASH_IN,2014.94,C794728043,4631.99,6646.93,C870062349,8412.25,6397.31,0,0
72,CASH_OUT,104986.49,C840237366,131712.23,26725.74,C537788306,31689.52,136676.01,0,0
53,CASH_IN,21636.34,C860123760,16004.4,37640.74,C904568031,33228.1,11591.76,0,0
19,CASH_OUT,55224.12,C868446134,57551.73,2327.61,C430896521,48340.26,103564.38,0,0
73,CASH_OUT,110414.38,C256980036,317811.29,207396.91,C619157832,2020.99,112435.37,0,0
54,TRANSFER,44584.0,C774676863,174932.39,130348.39,C778118071,27676.13,72260.13,0,0
91,CASH_IN,28888.53,C167177312,17439.59,46328.12,C958459117,19509.02,0.0,0,0
53,CASH_IN,1711.65,C559996020,4557.87,6269.52,C139196925,25549.89,23838.24,0,0
7,CASH_OUT,29547.75,C632434303,33877.95,4330.2,C282061804,49528.97,79076.72,0,0
100,CASH_IN,36249.08,C771536189,18272.22,54521.3,C261649510,49783.55,13534.47,0,0
91,CASH_OUT,90827.86,C796147212,268453.7,177625.84,C101559757,20277.25,111105.11,0,0
68,CASH_IN,18195.48,C150641543,1854.92,20050.4,C743478813,45375.45,27179.97,0,0
65,PAYMENT,2228.31,C979389668,3005.92,777.61,M767956122,0.0,0.0,0,0
29,PAYMENT,3358.07,C988102787,28894.7,25536.63,M515669761,0.0,0.0,0,0
77,CASH_IN,40711.67,C180094972,17163.03,57874.7,C439724201,5638.22,0.0,0,0
98,CASH_OUT,147078.54,C403867539,204179.6,57101.06,C994027897,11374.16,158452.7,0,0
61,CASH_IN,29830.41,C165693093,17326.9,47157.31,C325298519,66434.27,36603.86,0,0
75,CASH_IN,36766.45,C483008202,7627.84,44394.29,C790250484,61621.71,24855.26,0,0
69,CASH_OUT,40270.88,C184242563,55782.07,15511.19,C511808619,12789.66,53060.54,0,0
31,PAYMENT,4607.32,C865355140,10107.77,5500.45,M446522472,0.0,0.0,0,0
33,CASH_IN,12388.62,C973057837,4002.84,16391.46,C451511533,53260.14,40871.52,0,0
85,TRANSFER,42416.66,C535654642,99325.67,56909.01,C421989113,44197.65,86614.31,0,0
73,CASH_IN,37778.99,C157483870,2518.72,40297.71,C521614743,67337.84,29558.85,0,0
21,TRANSFER,58384.06,C391579290,188434.4,130050.34,C650431932,22234.89,80618.95,0,0
13,PAYMENT,1358.0,C575507600,11719.7,10361.7,M655094022,0.0,0.0,0,0
47,CASH_OUT,4335.59,C826306463,9931.39,5595.8,C814763773,13066.53,17402.12,0,0
65,PAYMENT,1959.14,C863017352,2411.57,452.43,M492779292,0.0,0.0,0,0
82,PAYMENT,1850.4,C677561127,3699.46,1849.06,M405195367,0.0,0.0,0,0
59,PAYMENT,2131.33,C864118082,3703.24,1571.91,M542438495,0.0,0.0,0,0
72,CASH_IN,9143.96,C107488394,10940.6,20084.56,C407944831,67699.9,58555.94,0,0
95,CASH_OUT,22861.75,C821895231,29373.16,6511.41,C576077104,13773.51,36635.26,0,0
50,DEBIT,819.68,C716688859,1401.51,581.83,C296851498,482.83,1302.51,0,0
62,PAYMENT,1293.13,C906912903,8687.52,7394.39,M305373896,0.0,0.0,0,0
94,PAYMENT,3948.41,C994713443,8180.09,4231.68,M595257084,0.0,0.0,0,0
4,CASH_OUT,27357.79,C448981305,46772.24,19414.45,C327761953,12917.62,40275.41,0,0
66,CASH_OUT,110329.84,C219071165,122910.32,12580.48,C121370039,43759.17,154089.01,0,0
1,CASH_OUT,138586.27,C705915629,384161.44,245575.17,C234283913,42118.51,180704.78,0,0
73,PAYMENT,142.75,C881426891,773.32,630.57,M741816840,0.0,0.0,0,0
4,TRANSFER,151343.69,C510849034,220690.88,69347.19,C451066210,49757.34,201101.03,0,0
90,TRANSFER,926205.06,C473321713,926205.06,0.0,C624963576,1982.89,928187.95,1,1
40,PAYMENT,1552.23,C782097607,4719.4,3167.17,M759799861,0.0,0.0,0,0
60,CASH_OUT,95370.15,C979395613,282944.37,187574.22,C495669330,47399.4,142769.55,0,0
67,PAYMENT,855.15,C408689865,3855.67,3000.52,M416548807,0.0,0.0,0,0
82,TRANSFER,39684.71,C631130130,71912.66,32227.95,C929359146,51403.04,91087.75,0,0
59,CASH_OUT,110944.85,C843658732,308292.88,197348.03,C564282926,20073.3,131018.15,0,0
48,PAYMENT,3269.86,C548273280,25943.05,22673.19,M419405897,0.0,0.0,0,0
42,PAYMENT,1315.46,C222358216,7563.15,6247.69,M625579419,0.0,0.0,0,0
32,TRANSFER,31849.73,C671915981,125942.64,94092.91,C715796573,24589.9,56439.63,0,0
56,CASH_OUT,74681.7,C963830093,131793.92,57112.22,C393152423,8978.29,83659.99,0,0
89,CASH_OUT,122305.1,C884362665,217068.46,94763.36,C211190223,30027.3,152332.4,0,0
87,PAYMENT,3311.38,C575788930,21403.71,18092.33,M621475287,0.0,0.0,0,0
15,CASH_IN,34920.82,C412788206,9179.11,44099.93,C155769677,21157.57,0.0,0,0
31,CASH_IN,11862.73,C729243930,15047.8,26910.53,C646127934,39119.82,27257.09,0,0
56,TRANSFER,184401.04,C632257271,588835.97,404434.93,C739777846,79922.11,264323.15,0,0
35,CASH_IN,32138.54,C155319151,19790.73,51929.27,C367370380,21787.27,0.0,0,0
19,CASH_OUT,57276.22,C401270241,167162.17,109885.95,C725526230,7649.53,64925.75,0,0
60,PAYMENT,456.65,C228756206,3276.23,2819.58,M967150570,0.0,0.0,0,0
100,PAYMENT,3076.89,C118753331,7295.47,4218.58,M493682606,0.0,0.0,0,0
61,CASH_IN,3290.41,C760229298,7762.32,11052.73,C646119914,88359.79,85069.38,0,0
24,CASH_IN,26300.58,C270564185,14338.08,40638.66,C276898564,90205.94,63905.36,0,0
74,CASH_IN,45753.22,C126564074,16388.06,62141.28,C349003443,42902.59,0.0,0,0
31,TRANSFER,214646.64,C645907499,784160.64,569514.0,C683761760,19319.58,233966.22,0,0
90,PAYMENT,4827.54,C236507849,32316.21,27488.67,M939231372,0.0,0.0,0,0
93,CASH_IN,31266.08,C228583854,15722.92,46989.0,C134875237,64169.95,32903.87,0,0
32,CASH_OUT,135655.64,C966153808,212539.62,76883.98,C553064757,10476.46,146132.1,0,0
23,PAYMENT,4182.59,C419844736,7451.67,3269.08,M200551789,0.0,0.0,0,0
19,CASH_OUT,112084.28,C256627467,297640.1,185555.82,C960380468,1717.19,113801.47,0,0
7,PAYMENT,1569.9,C196579827,4438.21,2868.31,M482999793,0.0,0.0,0,0
30,PAYMENT,1676.37,C845092763,13405.57,11729.2,M497838862,0.0,0.0,0,0
85,PAYMENT,3289.86,C274275053,9654.25,6364.39,M501509647,0.0,0.0,0,0
63,CASH_OUT,35305.52,C837898928,54223.9,18918.38,C412383966,10755.31,46060.83,0,0
11,CASH_OUT,66679.49,C254513193,190229.05,123549.56,C200108623,20912.74,87592.23,0,0
8,PAYMENT,2357.31,C352159078,23503.92,21146.61,M480428530,0.0,0.0,0,0
29,PAYMENT,2424.62,C728238027,5587.47,3162.85,M568006548,0.0,0.0,0,0
32,CASH_IN,19665.4,C826101325,11548.51,31213.91,C252655630,27603.0,7937.6,0,0
78,CASH_OUT,82430.25,C853703117,207287.44,124857.19,C605547798,40099.75,122530.0,0,0
41,PAYMENT,3459.09,C577998010,13630.31,10171.22,M538724149,0.0,0.0,0,0
84,PAYMENT,1067.78,C517885994,1702.2,634.42,M336326489,0.0,0.0,0,0
22,PAYMENT,1370.15,C617743557,11722.17,10352.02,M369389966,0.0,0.0,0,0
75,PAYMENT,1825.64,C708663326,17577.13,15751.49,M439660140,0.0,0.0,0,0
85,PAYMENT,2087.64,C984275842,7660.36,5572.72,M568708283,0.0,0.0,0,0
65,PAYMENT,2413.54,C805165232,10018.67,7605.13,M216198604,0.0,0.0,0,0
32,CASH_OUT,47896.96,C387263790,96123.97,48227.01,C681344415,2699.88,50596.84,0,0
32,TRANSFER,813949.41,C614496717,813949.41,0.0,C807438097,2767.04,816716.45,1,0
34,TRANSFER,45073.64,C918150683,162785.96,117712.32,C214257751,23875.58,68949.22,0,0
49,CASH_OUT,85690.15,C278208378,117803.2,32113.05,C518293601,5842.23,91532.38,0,0
64,PAYMENT,4335.06,C872840670,17975.06,13640.0,M232772727,0.0,0.0,0,0
2,PAYMENT,3798.94,C548481302,35219.04,31420.1,M851228478,0.0,0.0,0,0
99,CASH_IN,32275.73,C702416787,11187.06,43462.79,C791397593,20050.25,0.0,0,0
72,CASH_IN,47348.82,C296568144,13088.69,60437.51,C460382610,23003.1,0.0,0,0
37,TRANSFER,106912.39,C713283921,273982.42,167070.03,C577626860,66483.03,173395.42,0,0
25,PAYMENT,2690.97,C200768359,4984.84,2293.87,M455446264,0.0,0.0,0,0
15,PAYMENT,3165.25,C473084374,12411.13,9245.88,M496329017,0.0,0.0,0,0
29,CASH_OUT,46882.63,C469742752,82846.34,35963.71,C210282113,29433.53,76316.16,0,0
100,PAYMENT,3638.34,C623454129,35872.23,32233.89,M421158083,0.0,0.0,0,0
41,CASH_OUT,103571.08,C597947770,138263.12,34692.04,C605136666,34536.6,138107.68,0,0
69,PAYMENT,3823.32,C911472797,8358.38,4535.06,M709659120,0.0,0.0,0,0
80,PAYMENT,4688.24,C798921553,5784.11,1095.87,M940663765,0.0,0.0,0,0
40,CASH_OUT,8586.5,C384915553,25220.77,16634.27,C503057094,36596.15,45182.65,0,0
17,PAYMENT,4059.42,C391923807,6019.42,1960.0,M430282480,0.0,0.0,0,0
40,CASH_OUT,95300.14,C795294431,113190.5,17890.36,C891389821,11106.45,106406.59,0,0
56,CASH_OUT,27150.43,C982982227,44592.49,17442.06,C415429295,4003.45,31153.88,0,0
12,CASH_OUT,8464.8,C769573796,11496.61,3031.81,C985463197,43003.9,51468.7,0,0
41,CASH_OUT,129824.76,C505851578,298175.41,168350.65,C621028695,43539.11,173363.87,0,0
81,CASH_IN,8404.09,C582543215,19161.95,27566.04,C136249528,26053.3,17649.21,0,0
64,CASH_IN,19570.47,C323308727,15908.83,35479.3,C627246915,41960.77,22390.3,0,0
92,TRANSFER,345611.17,C517235860,345611.17,0.0,C246294625,1966.01,347577.18,1,0
7,CASH_OUT,78682.43,C283085932,176207.07,97524.64,C874364174,42058.36,120740.79,0,0
31,PAYMENT,2111.31,C117221150,8517.13,6405.82,M115633640,0.0,0.0,0,0
79,TRANSFER,148654.55,C714109940,434692.88,286038.33,C663961987,56329.0,204983.55,0,0
81,CASH_OUT,74285.25,C595430891,147451.94,73166.69,C671442511,27098.84,101384.09,0,0
7,PAYMENT,4872.12,C320708138,35443.55,30571.43,M539460908,0.0,0.0,0,0
78,PAYMENT,1378.7,C235497187,8642.08,7263.38,M779760958,0.0,0.0,0,0
23,CASH_OUT,44467.77,C927204490,119391.28,74923.51,C421207063,16312.45,60780.22,0,0
75,CASH_OUT,86617.73,C930361458,214814.16,128196.43,C593739907,30888.8,117506.53,0,0
75,CASH_OUT,42275.32,C154267347,116877.69,74602.37,C741580895,32713.0,74988.32,0,0
22,CASH_OUT,1762.84,C218107894,2848.98,1086.14,C655149428,2050.48,3813.32,0,0
45,CASH_OUT,66387.29,C961995665,124869.64,58482.35,C256571398,46210.66,112597.95,0,0
9,CASH_OUT,149032.69,C302210968,210982.4,61949.71,C424375336,15926.85,164959.54,0,0
65,PAYMENT,221.61,C760465943,2034.11,1812.5,M940983577,0.0,0.0,0,0
55,PAYMENT,4897.82,C651145692,10732.13,5834.31,M441187845,0.0,0.0,0,0
55,PAYMENT,3720.62,C146836177,35431.61,31710.99,M344182593,0.0,0.0,0,0
52,CASH_OUT,20840.64,C842630509,26066.65,5226.01,C748263098,44655.82,65496.46,0,0
53,PAYMENT,4823.35,C484708210,24441.14,19617.79,M322947698,0.0,0.0,0,0
22,CASH_OUT,103801.75,C594096279,304306.0,200504.25,C806218351,30094.37,133896.12,0,0
58,CASH_OUT,52502.16,C627502839,156710.34,104208.18,C597202093,31322.97,83825.13,0,0
84,CASH_OUT,18088.06,C112458001,22503.41,4415.35,C188730795,32070.47,50158.53,0,0
40,CASH_OUT,61257.8,C692975437,182824.78,121566.98,C341270488,45646.49,106904.29,0,0
74,CASH_IN,24790.09,C549241856,13903.45,38693.54,C379310017,86195.8,61405.71,0,0
15,PAYMENT,2376.9,C555031725,22984.24,20607.34,M364512739,0.0,0.0,0,0
64,CASH_OUT,109619.92,C432294431,326692.1,217072.18,C815200536,5085.83,114705.75,0,0
84,PAYMENT,4861.53,C811530233,43770.38,38908.85,M570464462,0.0,0.0,0,0
100,CASH_OUT,23983.54,C612544312,46566.47,22582.93,C207281279,34339.32,58322.86,0,0
100,CASH_OUT,62584.66,C663673646,154339.06,91754.4,C409602992,8531.71,71116.37,0,0
66,PAYMENT,2703.59,C842318351,14839.7,12136.11,M535371900,0.0,0.0,0,0
88,TRANSFER,161683.19,C200344359,408325.31,246642.12,C554629125,1458.44,163141.63,0,0
100,CASH_OUT,27376.27,C731130400,51063.22,23686.95,C238548086,45535.61,72911.88,0,0
1,PAYMENT,3289.38,C674899834,13996.18,10706.8,M281525693,0.0,0.0,0,0
2,PAYMENT,4177.72,C136629671,10264.52,6086.8,M355367302,0.0,0.0,0,0
31,PAYMENT,4630.58,C438238241,33833.47,29202.89,M521929719,0.0,0.0,0,0
86,PAYMENT,3853.47,C692456620,15340.3,11486.83,M239917245,0.0,0.0,0,0
29,CASH_IN,5002.51,C263589464,16982.97,21985.48,C680426455,73377.89,68375.38,0,0
71,PAYMENT,2754.72,C383011015,12945.05,10190.33,M575983174,0.0,0.0,0,0
92,CASH_IN,13684.99,C737426805,16019.68,29704.67,C947711366,94379.28,80694.29,0,0
76,CASH_OUT,101034.81,C336448207,196030.85,94996.04,C384848723,24225.36,125260.17,0,0
8,CASH_OUT,951077.4,C573318637,951077.4,0.0,C412021939,2000.03,953077.43,1,0
36,TRANSFER,45537.97,C873936345,150848.16,105310.19,C141284391,50523.04,96061.01,0,0
64,PAYMENT,982.01,C205705141,5205.09,4223.08,M663449144,0.0,0.0,0,0
74,PAYMENT,3210.5,C344625145,8455.88,5245.38,M490430996,0.0,0.0,0,0
23,CASH_OUT,57431.34,C157548227,57431.34,0.0,C107610664,401.02,57832.36,1,0
35,TRANSFER,859272.92,C338890502,859272.92,0.0,C330633903,4686.8,863959.72,1,0
44,PAYMENT,1353.04,C731052193,3081.2,1728.16,M188349807,0.0,0.0,0,0
81,CASH_OUT,85950.02,C770534487,235430.86,149480.84,C503585185,32838.56,118788.58,0,0
17,PAYMENT,1930.95,C490459543,17013.08,15082.13,M585795047,0.0,0.0,0,0
13,CASH_OUT,129307.11,C400066089,196590.97,67283.86,C186190530,33538.03,162845.14,0,0
79,CASH_OUT,56085.41,C515892751,136828.35,80742.94,C591494788,31601.06,87686.47,0,0
87,CASH_OUT,45494.61,C780039397,105425.84,59931.23,C371314895,35761.82,81256.43,0,0
71,CASH_OUT,90086.57,C915501167,211867.15,121780.58,C883571847,38054.22,128140.79,0,0
44,CASH_IN,25634.67,C754692568,1320.35,26955.02,C775937688,9317.4,0.0,0,0
12,CASH_IN,39840.26,C223853455,18016.62,57856.88,C236127850,23744.04,0.0,0,0
86,CASH_IN,33852.93,C961181927,7724.68,41577.61,C867581473,2109.2,0.0,0,0
29,DEBIT,1617.45,C101702569,3713.22,2095.77,C681596390,2054.23,3671.68,0,0
14,PAYMENT,1630.79,C272247459,15449.2,13818.41,M615055374,0.0,0.0,0,0
29,PAYMENT,4312.3,C914290253,8192.06,3879.76,M587259523,0.0,0.0,0,0
50,CASH_OUT,1983.83,C698779777,3252.06,1268.23,C465712145,41131.44,43115.27,0,0
93,CASH_OUT,61800.15,C726582441,142251.4,80451.25,C820711272,39098.67,100898.82,0,0
95,TRANSFER,129417.35,C933737960,421026.7,291609.35,C764918032,72075.52,201492.87,0,0
11,PAYMENT,1319.99,C312300775,8156.1,6836.11,M681966388,0.0,0.0,0,0
100,CASH_IN,45275.23,C802089212,7534.39,52809.62,C929425473,30925.39,0.0,0,0
84,CASH_OUT,40056.6,C444200194,48181.03,8124.43,C262463133,25734.35,65790.95,0,0
13,PAYMENT,4077.35,C640479208,23651.4,19574.05,M369725069,0.0,0.0,0,0
23,PAYMENT,3519.84,C671855941,21219.4,17699.56,M637152602,0.0,0.0,0,0
68,CASH_OUT,131144.84,C904225572,235904.82,104759.98,C548982293,14837.55,145982.39,0,0
24,PAYMENT,3736.41,C183988650,12456.66,8720.25,M748596832,0.0,0.0,0,0
46,PAYMENT,2131.47,C550056006,9869.38,7737.91,M908126208,0.0,0.0,0,0
81,DEBIT,1324.12,C957995699,6475.8,5151.68,C658107760,2154.6,3478.72,0,0
94,DEBIT,1508.15,C578476787,4552.98,3044.83,C717675194,1188.22,2696.37,0,0
27,PAYMENT,3706.7,C741810558,11485.37,7778.67,M544652427,0.0,0.0,0,0
34,CASH_IN,17398.47,C119635030,16331.17,33729.64,C205591327,99303.37,81904.9,0,0
20,PAYMENT,3465.76,C992649957,28701.32,25235.56,M770809983,0.0,0.0,0,0
93,PAYMENT,828.8,C446278097,6855.63,6026.83,M896929074,0.0,0.0,0,0
40,PAYMENT,1983.29,C973631388,12775.19,10791.9,M730995948,0.0,0.0,0,0
23,PAYMENT,2673.0,C860229059,3767.97,1094.97,M394539550,0.0,0.0,0,0
6,PAYMENT,915.89,C836598184,1690.08,774.19,M717650280,0.0,0.0,0,0
80,TRANSFER,236880.89,C448875327,881347.35,644466.46,C888469616,63762.68,300643.57,0,0
23,CASH_OUT,104766.86,C229244346,170906.44,66139.58,C593997037,420.93,105187.79,0,0
23,CASH_IN,38887.36,C923425368,19577.93,58465.29,C888621182,55456.97,16569.61,0,0
100,PAYMENT,4122.52,C889556480,15731.86,11609.34,M873309842,0.0,0.0,0,0
88,TRANSFER,65709.45,C782008471,205227.85,139518.4,C908199028,21841.05,87550.5,0,0
64,CASH_IN,11674.45,C754344451,19585.15,31259.6,C411909178,1156.51,0.0,0,0
26,CASH_OUT,2222.5,C205946419,2915.79,693.29,C233875517,4988.83,7211.33,0,0
98,PAYMENT,3560.66,C946604736,9271.6,5710.94,M260643932,0.0,0.0,0,0
90,PAYMENT,212.95,C992555626,801.56,588.61,M195764351,0.0,0.0,0,0
55,PAYMENT,321.73,C994449085,535.58,213.85,M422014834,0.0,0.0,0,0
42,PAYMENT,2605.5,C225941338,5011.71,2406.21,M662899443,0.0,0.0,0,0
81,TRANSFER,163985.25,C989562867,163985.25,0.0,C131198390,2067.3,166052.55,1,0
66,PAYMENT,2824.8,C649631327,11881.57,9056.77,M215298327,0.0,0.0,0,0
48,PAYMENT,472.99,C614329730,2428.57,1955.58,M294898680,0.0,0.0,0,0
62,CASH_OUT,80114.01,C140507249,139895.31,59781.3,C884539206,703.86,80817.87,0,0
81,CASH_OUT,118134.79,C560193439,152626.31,34491.52,C211264367,13124.95,131259.74,0,0
37,CASH_IN,16747.4,C865429893,7082.83,23830.23,C730751558,19835.56,3088.16,0,0
40,PAYMENT,1564.15,C914426538,6081.3,4517.15,M325320091,0.0,0.0,0,0
92,CASH_IN,35089.69,C261786361,7372.79,42462.48,C504661498,95380.76,60291.07,0,0
73,CASH_OUT,42755.79,C459748735,89214.27,46458.48,C788603957,24695.62,67451.41,0,0
50,CASH_IN,12451.1,C548968760,16269.56,28720.66,C271476207,93441.4,80990.3,0,0
62,PAYMENT,3423.15,C237213199,29349.55,25926.4,M422561333,0.0,0.0,0,0
52,CASH_OUT,115499.17,C855438611,142622.01,27122.84,C841193655,45806.52,161305.69,0,0
70,TRANSFER,583323.58,C292943702,583323.58,0.0,C333549461,2438.98,585762.56,1,0
3,TRANSFER,811230.98,C212277389,811230.98,0.0,C382046333,1768.44,812999.42,1,0
93,CASH_OUT,96583.04,C358689711,124994.6,28411.56,C232427634,22824.67,119407.71,0,0
16,CASH_IN,47681.6,C103573647,15573.3,63254.9,C170847922,79648.23,31966.63,0,0
38,CASH_OUT,149351.02,C222340468,390407.57,241056.55,C578961845,3349.78,152700.8,0,0
13,PAYMENT,1534.85,C484404444,9087.85,7553.0,M601266959,0.0,0.0,0,0
57,CASH_OUT,109049.48,C145478504,243147.95,134098.47,C478557676,21747.03,130796.51,0,0
17,CASH_IN,46220.11,C662500855,13767.93,59988.04,C362407290,34051.34,0.0,0,0
66,CASH_IN,31706.31,C382713132,5411.76,37118.07,C826313554,12489.86,0.0,0,0
4,CASH_OUT,35299.29,C301938429,92509.13,57209.84,C581024661,49791.87,85091.16,0,0
89,CASH_OUT,45237.36,C109990686,54373.48,9136.12,C810456933,26015.46,71252.82,0,0
55,PAYMENT,4365.24,C392844527,25664.89,21299.65,M867153483,0.0,0.0,0,0
25,CASH_IN,12110.02,C681513487,17126.32,29236.34,C103980685,85949.93,73839.91,0,0
71,CASH_OUT,60258.0,C895325695,154377.17,94119.17,C474241052,8602.9,68860.9,0,0
2,CASH_OUT,60315.34,C819616320,66891.07,6575.73,C928241129,21249.06,81564.4,0,0
8,CASH_OUT,54662.18,C824403104,66793.53,12131.35,C155364901,18279.54,72941.72,0,0
75,PAYMENT,1370.46,C461677118,11252.4,9881.94,M708197748,0.0,0.0,0,0
28,CASH_OUT,84703.47,C980547182,122153.02,37449.55,C882449471,32875.4,117578.87,0,0
24,CASH_OUT,104045.6,C677006598,297715.03,193669.43,C792842747,8661.74,112707.34,0,0
43,CASH_IN,33434.4,C596228880,10338.09,43772.49,C658256551,98776.65,65342.25,0,0
52,CASH_OUT,116845.83,C657212948,253392.75,136546.92,C383138961,31823.06,148668.89,0,0
14,TRANSFER,131939.13,C891967953,489176.15,357237.02,C568344697,20352.15,152291.28,0,0
4,CASH_IN,15870.34,C946393426,2987.68,18858.02,C778812108,37205.29,21334.95,0,0
65,PAYMENT,1392.85,C941558920,9112.28,7719.43,M242312411,0.0,0.0,0,0
44,PAYMENT,2146.2,C524661188,16512.46,14366.26,M949041920,0.0,0.0,0,0
96,CASH_IN,32889.99,C281486664,5141.85,38031.84,C821351429,17024.29,0.0,0,0
81,PAYMENT,1376.53,C306846339,12669.03,11292.5,M981278352,0.0,0.0,0,0
7,TRANSFER,56252.53,C444378828,66190.0,9937.47,C303806198,24584.95,80837.48,0,0
19,CASH_OUT,38764.35,C448126205,108501.53,69737.18,C988780552,2593.91,41358.26,0,0
94,CASH_OUT,679776.07,C506266415,679776.07,0.0,C806283231,715.07,680491.14,1,0
30,CASH_IN,24744.04,C938340587,9157.06,33901.1,C927682093,32899.19,8155.15,0,0
94,TRANSFER,14761.4,C534894837,51121.07,36359.67,C296538210,49434.59,64195.99,0,0
88,CASH_OUT,71439.07,C604463645,143833.29,72394.22,C267837613,19569.24,91008.31,0,0
75,CASH_IN,17233.32,C998373329,11956.09,29189.41,C901910509,83453.57,66220.25,0,0
29,CASH_OUT,141219.91,C425041955,296958.88,155738.97,C937742398,43448.55,184668.46,0,0
24,CASH_OUT,119790.49,C480106125,188507.03,68716.54,C639264550,47630.82,167421.31,0,0
3,CASH_IN,7108.04,C920475331,11562.11,18670.15,C689775766,60507.14,53399.1,0,0
59,PAYMENT,1481.26,C660721312,11926.77,10445.51,M674735990,0.0,0.0,0,0
31,TRANSFER,210183.91,C155858323,792650.36,582466.45,C889743047,13871.11,224055.02,0,0
89,PAYMENT,3243.61,C413390456,29005.72,25762.11,M420122455,0.0,0.0,0,0
13,PAYMENT,236.83,C778399002,619.34,382.51,M969315458,0.0,0.0,0,0
56,CASH_OUT,79411.57,C190992937,144643.26,65231.69,C265045572,45655.46,125067.03,0,0
1,PAYMENT,3776.41,C324652751,20387.11,16610.7,M953298111,0.0,0.0,0,0
89,PAYMENT,2909.87,C812921644,17404.68,14494.81,M608159580,0.0,0.0,0,0
80,PAYMENT,3132.5,C725728324,20922.05,17789.55,M594740501,0.0,0.0,0,0
27,PAYMENT,3060.81,C354164898,25247.83,22187.02,M200405760,0.0,0.0,0,0
73,CASH_OUT,35531.0,C786030276,88973.23,53442.23,C753284406,37945.85,73476.85,0,0
30,CASH_OUT,107266.67,C723805279,231240.43,123973.76,C665803901,34674.95,141941.62,0,0
14,CASH_IN,30574.47,C639376963,19851.03,50425.5,C302581790,59528.42,28953.95,0,0
68,CASH_OUT,12687.12,C663368481,23784.68,11097.56,C602746506,45360.39,58047.51,0,0
54,PAYMENT,4445.84,C427667311,11771.22,7325.38,M331478831,0.0,0.0,0,0
40,PAYMENT,3233.46,C284308700,27998.06,24764.6,M889173702,0.0,0.0,0,0
95,CASH_IN,10292.97,C853307914,11240.99,21533.96,C254781920,96760.57,86467.6,0,0
45,CASH_OUT,817.6,C836184335,2330.78,1513.18,C703687862,3171.78,3989.38,0,0
13,CASH_OUT,21193.72,C675846278,38472.7,17278.98,C606497318,9608.7,30802.42,0,0
12,CASH_OUT,55989.96,C890690604,94842.45,38852.49,C690547490,36943.31,92933.27,0,0
52,CASH_OUT,47987.76,C397616114,118946.47,70958.71,C327645802,33593.44,81581.2,0,0
44,PAYMENT,3609.37,C434618074,34190.36,30580.99,M934120892,0.0,0.0,0,0
13,CASH_OUT,146198.4,C202174331,243796.11,97597.71,C924632414,44420.42,190618.82,0,0
39,CASH_IN,35427.32,C418218082,2382.07,37809.39,C692867539,23169.02,0.0,0,0
95,PAYMENT,53.66,C965079822,294.94,241.28,M552604373,0.0,0.0,0,0
12,CASH_IN,38032.87,C299033911,2851.91,40884.78,C739890586,78866.21,40833.34,0,0
100,CASH_OUT,18300.57,C423312122,37523.19,19222.62,C373596878,2442.79,20743.36,0,0
9,PAYMENT,3263.6,C153333127,23777.14,20513.54,M806763027,0.0,0.0,0,0
19,PAYMENT,1965.15,C932850970,10280.33,8315.18,M683247918,0.0,0.0,0,0
38,CASH_OUT,126402.12,C892577986,321491.63,195089.51,C497082311,21142.58,147544.7,0,0
84,PAYMENT,3129.89,C525568516,22832.46,19702.57,M879524067,0.0,0.0,0,0
41,CASH_OUT,59059.79,C150544007,175285.54,116225.75,C847814942,24666.83,83726.62,0,0
34,TRANSFER,256051.03,C748843691,256051.03,0.0,C918441952,2868.77,258919.8,1,1
26,PAYMENT,237.9,C132755072,1653.18,1415.28,M792980560,0.0,0.0,0,0
48,PAYMENT,2930.18,C655121856,22932.86,20002.68,M570726097,0.0,0.0,0,0
18,PAYMENT,3200.14,C825506692,11866.21,8666.07,M266188924,0.0,0.0,0,0
7,PAYMENT,168.26,C290667636,1657.92,1489.66,M412913089,0.0,0.0,0,0
53,DEBIT,1707.6,C515901668,7388.82,5681.22,C828833045,4080.33,5787.93,0,0
88,PAYMENT,4991.47,C707225056,17978.59,12987.12,M534728546,0.0,0.0,0,0
98,CASH_OUT,126694.27,C305366899,277450.43,150756.16,C597889349,2475.87,129170.14,0,0
38,PAYMENT,2025.97,C549431487,2669.97,644.0,M891060070,0.0,0.0,0,0
40,PAYMENT,3824.61,C347305375,11219.17,7394.56,M785722215,0.0,0.0,0,0
98,CASH_IN,48189.86,C584799743,12582.31,60772.17,C775573615,38376.7,0.0,0,0
37,CASH_OUT,60423.05,C923112466,116191.05,55768.0,C231706467,9548.18,69971.23,0,0
62,PAYMENT,112.11,C344550216,138.7,26.59,M159438642,0.0,0.0,0,0
11,PAYMENT,4605.3,C802129979,39372.97,34767.67,M219434017,0.0,0.0,0,0
55,CASH_IN,23698.95,C394279862,13355.6,37054.55,C262290463,51360.9,27661.95,0,0
46,CASH_IN,8861.11,C479288737,3786.0,12647.11,C966082198,94549.13,85688.02,0,0
44,PAYMENT,881.62,C447006489,4823.9,3942.28,M804361803,0.0,0.0,0,0
65,CASH_IN,21286.32,C131021832,17140.75,38427.07,C360400251,37583.44,16297.12,0,0
53,PAYMENT,3015.38,C599954258,22560.47,19545.09,M422238449,0.0,0.0,0,0
9,CASH_OUT,22618.37,C531763581,49789.29,27170.92,C277816375,20730.95,43349.32,0,0
98,PAYMENT,1377.89,C135106082,4957.69,3579.8,M677252858,0.0,0.0,0,0
64,CASH_IN,49571.53,C451587166,9234.26,58805.79,C202335967,50567.67,996.14,0,0
84,PAYMENT,1287.23,C530147075,6700.56,5413.33,M561064446,0.0,0.0,0,0
77,PAYMENT,1108.01,C135490349,7087.23,5979.22,M939548124,0.0,0.0,0,0
70,CASH_OUT,10834.69,C266765379,19037.65,8202.96,C248240250,31787.95,42622.64,0,0
80,CASH_OUT,75920.24,C568650265,204303.08,128382.84,C871526168,41852.25,117772.49,0,0
46,CASH_IN,45027.92,C549017351,6388.07,51415.99,C399444821,36954.29,0.0,0,0
59,CASH_OUT,115512.18,C315104360,329292.08,213779.9,C716798546,44662.18,160174.36,0,0
13,CASH_IN,16797.75,C797889971,2751.99,19549.74,C256819248,29401.06,12603.31,0,0
57,PAYMENT,954.57,C761369770,6138.37,5183.8,M660721366,0.0,0.0,0,0
42,CASH_IN,24007.52,C334946399,14681.32,38688.84,C388622680,57878.68,33871.16,0,0
23,PAYMENT,128.83,C311047815,633.31,504.48,M706805016,0.0,0.0,0,0
27,CASH_IN,8549.27,C913417083,19723.55,28272.82,C733043578,43569.84,35020.57,0,0
50,CASH_OUT,81256.28,C773268117,92781.43,11525.15,C963148795,33354.12,114610.4,0,0
24,CASH_IN,6633.01,C403439088,17517.28,24150.29,C781582020,95132.44,88499.43,0,0
56,CASH_IN,45272.85,C810572351,11858.74,57131.59,C262176514,19207.05,0.0,0,0
40,PAYMENT,2271.12,C415304275,19187.32,16916.2,M450864287,0.0,0.0,0,0
76,CASH_IN,46112.34,C295417054,14356.57,60468.91,C797883290,41364.64,0.0,0,0
2,CASH_OUT,28812.97,C868596889,38711.58,9898.61,C402641424,37700.89,66513.86,0,0
60,TRANSFER,857517.51,C774449070,857517.51,0.0,C543124592,4693.45,862210.96,1,0
92,CASH_OUT,30335.24,C395752497,57377.99,27042.75,C253214356,41229.13,71564.37,0,0
89,PAYMENT,3792.46,C523272165,28115.42,24322.96,M402523984,0.0,0.0,0,0
17,CASH_IN,32529.19,C443101281,15598.38,48127.57,C119226902,36195.66,3666.47,0,0
54,CASH_OUT,67335.72,C510684364,117924.44,50588.72,C505333621,34136.52,101472.24,0,0
23,TRANSFER,144952.09,C904592121,185448.64,40496.55,C138482956,23943.56,168895.65,0,0
19,CASH_OUT,8601.3,C440970538,9721.73,1120.43,C835258495,25902.37,34503.67,0,0
79,PAYMENT,3948.77,C306424872,33239.63,29290.86,M519687196,0.0,0.0,0,0
19,CASH_OUT,54687.85,C378551365,136222.76,81534.91,C646096027,49805.88,104493.73,0,0
54,CASH_OUT,140565.18,C554173839,172145.47,31580.29,C835967305,29992.04,170557.22,0,0
75,PAYMENT,26.4,C384934480,36.03,9.63,M346124013,0.0,0.0,0,0
93,PAYMENT,75.98,C710745805,309.4,233.42,M263971681,0.0,0.0,0,0
30,PAYMENT,670.41,C422490952,3027.83,2357.42,M853201867,0.0,0.0,0,0
52,CASH_OUT,67881.24,C598637732,168054.83,100173.59,C252560338,19278.21,87159.45,0,0
8,PAYMENT,2681.89,C848086939,4752.22,2070.33,M361143429,0.0,0.0,0,0
92,CASH_OUT,37760.78,C749096026,53666.91,15906.13,C597013797,16508.86,54269.64,0,0
70,PAYMENT,2944.89,C324418605,23325.03,20380.14,M522685169,0.0,0.0,0,0
44,CASH_IN,12470.38,C217326729,10725.72,23196.1,C304235259,14878.05,2407.67,0,0
96,TRANSFER,142491.76,C760904107,376721.37,234229.61,C536019893,32.48,142524.24,0,0
49,PAYMENT,2398.78,C742026586,13935.25,11536.47,M530361198,0.0,0.0,0,0
42,CASH_OUT,98779.89,C505777943,162467.64,63687.75,C136345929,5230.65,104010.54,0,0
51,PAYMENT,3328.58,C684926787,18199.7,14871.12,M567355185,0.0,0.0,0,0
58,CASH_OUT,15165.56,C539203518,28226.55,13060.99,C664994654,16660.28,31825.84,0,0
95,CASH_IN,3872.53,C191178542,14442.26,18314.79,C641713121,76476.21,72603.68,0,0
9,CASH_IN,4652.57,C706993563,15611.76,20264.33,C699460009,53644.48,48991.91,0,0
2,CASH_OUT,148667.11,C557433604,204722.08,56054.97,C473725524,34163.39,182830.5,0,0
49,CASH_OUT,79067.18,C812458132,106000.57,26933.39,C374294163,14200.68,93267.86,0,0
18,CASH_OUT,27654.77,C521239642,61793.84,34139.07,C841052105,4532.29,32187.06,0,0
11,PAYMENT,2829.34,C781815037,6326.91,3497.57,M484499870,0.0,0.0,0,0
98,PAYMENT,726.27,C805619076,2935.17,2208.9,M953440301,0.0,0.0,0,0
56,PAYMENT,3648.83,C732157125,21128.95,17480.12,M908054052,0.0,0.0,0,0
86,CASH_OUT,86510.49,C214077454,128644.32,42133.83,C790401984,18683.59,105194.08,0,0
80,CASH_OUT,100722.18,C523802474,295731.97,195009.79,C241989740,27978.02,128700.2,0,0
72,CASH_OUT,25036.14,C164756261,28116.51,3080.37,C765102292,35942.05,60978.19,0,0
67,CASH_OUT,17012.28,C104664655,47065.52,30053.24,C248518128,41272.07,58284.35,0,0
10,CASH_IN,19367.44,C821681612,14473.3,33840.74,C230522429,64080.32,44712.88,0,0
97,CASH_IN,16034.0,C751088958,10399.99,26433.99,C788684924,40246.75,24212.75,0,0
66,PAYMENT,1071.82,C837771850,2913.62,1841.8,M454520274,0.0,0.0,0,0
35,CASH_OUT,87559.64,C247922246,109675.23,22115.59,C228743171,43094.74,130654.38,0,0
13,CASH_OUT,140141.66,C636263065,230857.99,90716.33,C611544570,11576.73,151718.39,0,0
93,PAYMENT,4871.75,C900427880,9154.86,4283.11,M157656107,0.0,0.0,0,0
43,CASH_OUT,85479.36,C118153736,101091.99,15612.63,C819971028,36044.83,121524.19,0,0
90,CASH_OUT,124579.3,C291614199,207188.14,82608.84,C395744142,48623.81,173203.11,0,0
85,CASH_IN,18042.95,C808777380,381.57,18424.52,C215847550,86873.63,68830.68,0,0
74,CASH_OUT,135179.89,C263537044,262269.89,127090.0,C683647450,1658.6,136838.49,0,0
28,CASH_OUT,69468.16,C998710123,170894.14,101425.98,C115573397,36808.94,106277.1,0,0
5,CASH_OUT,106238.11,C949421482,117636.56,11398.45,C881603066,44890.34,151128.45,0,0
77,CASH_OUT,63912.81,C370933847,101767.66,37854.85,C824771740,40958.47,104871.28,0,0
90,CASH_OUT,47787.28,C771318744,86593.67,38806.39,C511017218,21759.5,69546.78,0,0
65,PAYMENT,3130.83,C166582406,28220.11,25089.28,M515721250,0.0,0.0,0,0
81,CASH_OUT,149018.84,C630833402,208167.24,59148.4,C137669367,9905.78,158924.62,0,0
39,CASH_OUT,16734.68,C260509374,48879.14,32144.46,C949294921,9856.59,26591.27,0,0
11,CASH_OUT,43932.37,C617760172,61327.22,17394.85,C990624412,17879.91,61812.28,0,0
52,DEBIT,217.61,C621806732,501.63,284.02,C471429372,1435.57,1653.18,0,0
31,PAYMENT,1859.94,C712425712,13259.78,11399.84,M983359820,0.0,0.0,0,0
49,CASH_OUT,19108.81,C324081095,47961.8,28852.99,C614051496,26768.63,45877.44,0,0
90,CASH_OUT,121223.2,C935402644,122054.89,831.69,C105527740,31908.57,153131.77,0,0
21,CASH_IN,9154.91,C406281188,16786.63,25941.54,C288290663,69593.07,60438.16,0,0
5,CASH_OUT,105724.63,C486949792,183612.37,77887.74,C394181098,23210.92,128935.55,0,0
47,PAYMENT,1199.67,C918877539,5638.5,4438.83,M543318944,0.0,0.0,0,0
16,CASH_OUT,27537.16,C245641613,50703.05,23165.89,C296935010,44392.63,71929.79,0,0
73,CASH_OUT,143361.18,C174506118,325854.73,182493.55,C302381105,24910.07,168271.25,0,0
35,CASH_OUT,3279.06,C232151333,3953.34,674.28,C147809267,14836.92,18115.98,0,0
19,PAYMENT,3970.64,C406719360,29948.98,25978.34,M469505387,0.0,0.0,0,0
69,PAYMENT,581.13,C129635852,1515.07,933.94,M380477683,0.0,0.0,0,0
2,CASH_OUT,84614.63,C413097844,209772.53,125157.9,C426320130,12129.2,96743.83,0,0
28,TRANSFER,197771.63,C941460924,457554.79,259783.16,C486485904,41921.43,239693.06,0,0
45,TRANSFER,179016.46,C475054281,570646.83,391630.37,C339673990,24804.83,203821.29,0,0
65,CASH_OUT,42703.28,C916384252,89058.64,46355.36,C177318698,31343.05,74046.33,0,0
63,PAYMENT,2007.69,C407761324,18579.69,16572.0,M765380090,0.0,0.0,0,0
86,PAYMENT,1063.3,C551659683,5413.97,4350.67,M934168821,0.0,0.0,0,0
26,TRANSFER,112230.78,C576903733,112230.78,0.0,C666726463,4657.89,116888.67,1,0
7,CASH_OUT,36224.55,C845105527,61275.58,25051.03,C220853189,17997.1,54221.65,0,0
96,CASH_IN,42280.14,C833944764,14112.85,56392.99,C304700754,99801.57,57521.43,0,0
58,CASH_OUT,65875.52,C725203135,141111.06,75235.54,C300569309,22007.09,87882.61,0,0
71,CASH_OUT,25715.66,C924913247,54799.64,29083.98,C459910894,32976.52,58692.18,0,0
61,CASH_IN,36383.73,C890099255,2761.65,39145.38,C857820386,21526.83,0.0,0,0
40,CASH_OUT,145171.81,C620337292,407955.86,262784.05,C815731734,6744.42,151916.23,0,0
25,TRANSFER,239918.2,C496594605,257650.61,17732.41,C671446570,2346.1,242264.3,0,0
13,PAYMENT,1436.84,C620716920,7708.92,6272.08,M152725202,0.0,0.0,0,0
97,CASH_OUT,90178.35,C849156816,164368.57,74190.22,C571607001,35077.59,125255.94,0,0
55,PAYMENT,1080.49,C266944844,4353.67,3273.18,M919795579,0.0,0.0,0,0
85,PAYMENT,2167.56,C289212844,17725.43,15557.87,M642761406,0.0,0.0,0,0
74,PAYMENT,1295.01,C278607682,7316.5,6021.49,M293313837,0.0,0.0,0,0
62,TRANSFER,169279.39,C735550652,169279.39,0.0,C940487246,2078.42,171357.81,1,0
69,CASH_OUT,118141.12,C161469115,347014.42,228873.3,C903665412,1292.06,119433.18,0,0
54,CASH_OUT,4453.25,C783347422,5687.44,1234.19,C340724985,30996.01,35449.26,0,0
61,PAYMENT,1608.15,C461808085,14842.5,13234.35,M921324845,0.0,0.0,0,0
20,CASH_OUT,634985.47,C829113607,634985.47,0.0,C508718147,4060.87,639046.34,1,0
57,PAYMENT,717.88,C610220123,3379.82,2661.94,M762866515,0.0,0.0,0,0
99,PAYMENT,1551.55,C107223665,14668.96,13117.41,M954057129,0.0,0.0,0,0
21,CASH_IN,46167.48,C188700059,9784.64,55952.12,C728762664,64549.21,18381.73,0,0
96,PAYMENT,1513.35,C952293873,3451.71,1938.36,M362521055,0.0,0.0,0,0
59,TRANSFER,819352.93,C417733288,819352.93,0.0,C809294673,2293.86,821646.79,1,0
44,CASH_OUT,35801.71,C162193817,77948.73,42147.02,C198774376,11356.29,47158.0,0,0
14,CASH_IN,414.7,C757228527,3791.23,4205.93,C392170476,60756.5,60341.8,0,0
83,PAYMENT,2260.79,C256389404,7335.76,5074.97,M624942192,0.0,0.0,0,0
18,CASH_OUT,63466.07,C154660511,85105.96,21639.89,C507049911,48486.42,111952.49,0,0
79,CASH_OUT,85099.76,C750262890,186600.06,101500.3,C347939168,11545.62,96645.38,0,0
9,PAYMENT,665.4,C513886549,1877.18,1211.78,M117783990,0.0,0.0,0,0
15,PAYMENT,2943.86,C939309279,16643.19,13699.33,M664770094,0.0,0.0,0,0
42,CASH_OUT,64416.74,C582509549,164457.44,100040.7,C376351483,15713.53,80130.27,0,0
95,PAYMENT,4948.92,C831176039,24603.71,19654.79,M689020467,0.0,0.0,0,0
60,CASH_OUT,53779.65,C139383204,64723.34,10943.69,C574103130,23034.63,76814.28,0,0
38,CASH_OUT,106713.2,C220959939,139506.96,32793.76,C678023583,21772.01,128485.21,0,0
82,CASH_OUT,114033.5,C239056278,257099.31,143065.81,C691919737,2457.82,116491.32,0,0
19,DEBIT,850.69,C157783846,2940.84,2090.15,C488504034,2448.62,3299.31,0,0
20,CASH_OUT,18529.06,C704518264,24060.84,5531.78,C543425740,13470.46,31999.52,0,0
12,CASH_OUT,28653.19,C990568217,50267.32,21614.13,C388258432,30248.47,58901.66,0,0
30,PAYMENT,1458.43,C224221153,2628.46,1170.03,M219596078,0.0,0.0,0,0
55,TRANSFER,173640.43,C613640397,335447.06,161806.63,C608898251,10746.92,184387.35,0,0
99,TRANSFER,75648.12,C896452140,252522.3,176874.18,C882321926,32214.72,107862.84,0,0
60,CASH_OUT,9323.36,C848602687,15661.92,6338.56,C839010654,14484.81,23808.17,0,0
71,PAYMENT,3432.77,C789113525,31557.92,28125.15,M911374902,0.0,0.0,0,0
75,CASH_OUT,10228.74,C533548878,27659.15,17430.41,C131698835,7958.98,18187.72,0,0
48,PAYMENT,994.11,C244237954,5490.99,4496.88,M295404184,0.0,0.0,0,0
12,TRANSFER,49015.28,C523509129,137709.19,88693.91,C441189853,40924.47,89939.75,0,0
47,CASH_OUT,105027.66,C987723971,225178.73,120151.07,C815174578,2021.49,107049.15,0,0
34,TRANSFER,548777.64,C369575884,548777.64,0.0,C676267690,1964.43,550742.07,1,0
50,PAYMENT,3666.61,C953793008,21596.11,17929.5,M422338978,0.0,0.0,0,0
54,PAYMENT,4209.39,C129219903,16074.58,11865.19,M516931956,0.0,0.0,0,0
53,TRANSFER,92059.02,C718853630,248968.9,156909.88,C140657269,56390.6,148449.62,0,0
93,PAYMENT,2090.53,C873988497,3134.63,1044.1,M314842361,0.0,0.0,0,0
53,TRANSFER,39061.06,C904745462,140378.3,101317.24,C354194771,78096.48,117157.54,0,0
1,DEBIT,1023.4,C505952856,4548.59,3525.19,C552023094,1377.32,2400.72,0,0
59,CASH_OUT,70702.83,C663204337,198122.36,127419.53,C645345460,14536.38,85239.21,0,0
51,TRANSFER,227030.44,C603276564,725803.54,498773.1,C149617477,845.37,227875.81,0,0
1,PAYMENT,3008.76,C537194241,20098.98,17090.22,M628930743,0.0,0.0,0,0
87,CASH_OUT,66315.29,C179308612,197308.11,130992.82,C471048258,14957.71,81273.0,0,0
55,CASH_OUT,55154.49,C428296909,99638.61,44484.12,C923547996,12737.47,67891.96,0,0
84,TRANSFER,117637.9,C180346223,237120.8,119482.9,C384566044,55416.37,173054.27,0,0
83,PAYMENT,2950.3,C251715311,6229.32,3279.02,M119346520,0.0,0.0,0,0
30,PAYMENT,926.47,C516680385,6710.01,5783.54,M918772601,0.0,0.0,0,0
60,CASH_OUT,51704.86,C463999473,96826.06,45121.2,C270494328,3848.72,55553.58,0,0
15,CASH_OUT,108623.94,C680075399,306609.74,197985.8,C126527569,41105.45,149729.39,0,0
95,PAYMENT,2645.0,C973851617,7222.6,4577.6,M948260570,0.0,0.0,0,0
61,PAYMENT,691.65,C927603754,6779.0,6087.35,M690936560,0.0,0.0,0,0
17,PAYMENT,1483.55,C680017903,14121.81,12638.26,M173123290,0.0,0.0,0,0
21,PAYMENT,466.07,C927825086,4312.05,3845.98,M864084847,0.0,0.0,0,0
91,PAYMENT,1247.41,C421214817,5429.49,4182.08,M760391005,0.0,0.0,0,0
77,PAYMENT,2027.26,C605006657,6745.77,4718.51,M148105326,0.0,0.0,0,0
39,PAYMENT,515.82,C820418839,1887.74,1371.92,M299253012,0.0,0.0,0,0
62,PAYMENT,3749.15,C532117948,19116.82,15367.67,M239841896,0.0,0.0,0,0
23,DEBIT,397.29,C552345128,843.23,445.94,C384071934,1169.88,1567.17,0,0
67,CASH_OUT,33399.02,C734340885,34012.8,613.78,C524463440,42618.1,76017.12,0,0
81,DEBIT,625.16,C885859825,1274.01,648.85,C259880979,1813.64,2438.8,0,0
9,TRANSFER,146145.5,C600948542,455149.69,309004.19,C741250089,22073.38,168218.88,0,0
23,CASH_OUT,71037.77,C114782866,146279.89,75242.12,C918871311,29324.22,100361.99,0,0
95,CASH_IN,8273.5,C594886752,19855.04,28128.54,C396686966,34430.47,26156.97,0,0
87,PAYMENT,2775.76,C919241705,5912.76,3137.0,M943117319,0.0,0.0,0,0
4,DEBIT,1176.32,C131566102,4840.01,3663.69,C459261644,648.87,1825.19,0,0
63,PAYMENT,2317.23,C740031190,4353.81,2036.58,M696020884,0.0,0.0,0,0
29,CASH_OUT,122603.79,C478921345,241985.94,119382.15,C470475638,24105.5,146709.29,0,0
99,PAYMENT,4585.98,C706496928,7384.92,2798.94,M440908961,0.0,0.0,0,0
68,PAYMENT,4726.21,C179811669,6789.81,2063.6,M817490982,0.0,0.0,0,0
90,PAYMENT,1985.47,C216392212,12772.24,10786.77,M458632005,0.0,0.0,0,0
68,CASH_OUT,70580.66,C421593943,118199.59,47618.93,C875840127,39069.85,109650.51,0,0
94,PAYMENT,2168.59,C682271212,13844.29,11675.7,M872223246,0.0,0.0,0,0
26,PAYMENT,3211.98,C319457073,29905.73,26693.75,M355619239,0.0,0.0,0,0
38,PAYMENT,97.52,C994978706,835.31,737.79,M639236743,0.0,0.0,0,0
55,PAYMENT,3806.13,C455052582,17732.44,13926.31,M156778439,0.0,0.0,0,0
6,TRANSFER,17405.04,C614814659,27507.58,10102.54,C455894276,73758.82,91163.86,0,0
94,CASH_IN,15701.91,C210811807,2742.59,18444.5,C421322967,77572.59,61870.68,0,0
19,CASH_IN,29364.28,C831563639,19417.77,48782.05,C107274967,6244.12,0.0,0,0
31,TRANSFER,20961.47,C793000324,74739.31,53777.84,C714895338,45908.19,66869.66,0,0
13,CASH_IN,19586.64,C951069250,12113.83,31700.47,C992785957,31906.78,12320.14,0,0
2,PAYMENT,3832.92,C284462987,31888.94,28056.02,M651093592,0.0,0.0,0,0
88,CASH_OUT,61782.93,C445389494,152819.51,91036.58,C162033292,25009.58,86792.51,0,0
73,CASH_OUT,419179.18,C437253608,419179.18,0.0,C391488572,1937.43,421116.61,1,0
52,CASH_OUT,27691.54,C322183597,59365.01,31673.47,C271801968,29605.64,57297.18,0,0
90,PAYMENT,3182.08,C619106028,12593.39,9411.31,M302059403,0.0,0.0,0,0
35,PAYMENT,2099.21,C814987021,14507.9,12408.69,M617577036,0.0,0.0,0,0
6,CASH_OUT,30874.53,C999689808,79658.02,48783.49,C962075155,34938.78,65813.31,0,0
30,PAYMENT,4438.33,C843338269,15267.21,10828.88,M610564546,0.0,0.0,0,0
56,CASH_OUT,80880.2,C732479947,122649.02,41768.82,C722116070,820.06,81700.26,0,0
34,PAYMENT,734.95,C162825060,6544.62,5809.67,M595042189,0.0,0.0,0,0
62,CASH_OUT,88920.36,C125795071,255212.25,166291.89,C772481396,42025.38,130945.74,0,0
99,PAYMENT,4099.86,C404077884,36300.79,32200.93,M884231079,0.0,0.0,0,0
69,CASH_OUT,13548.29,C422807973,16880.55,3332.26,C849932764,6982.51,20530.8,0,0
41,TRANSFER,115412.38,C226463759,216093.75,100681.37,C590612133,7216.99,122629.37,0,0
78,PAYMENT,141.21,C918981746,1011.65,870.44,M265347454,0.0,0.0,0,0
95,PAYMENT,2121.98,C840397560,19634.59,17512.61,M179929734,0.0,0.0,0,0
82,CASH_IN,36476.59,C383346670,19580.03,56056.62,C983733458,12850.39,0.0,0,0
9,CASH_OUT,57725.14,C103551249,152160.77,94435.63,C840088692,24103.32,81828.46,0,0
50,PAYMENT,72.69,C987514459,494.32,421.63,M991760977,0.0,0.0,0,0
22,CASH_IN,6026.5,C727813474,4861.79,10888.29,C947336680,96914.66,90888.16,0,0
77,PAYMENT,1249.44,C895666663,8653.26,7403.82,M237144535,0.0,0.0,0,0
1,CASH_OUT,98189.44,C469141527,165159.26,66969.82,C304793911,26884.29,125073.73,0,0
37,PAYMENT,2661.83,C371587583,25961.42,23299.59,M954524200,0.0,0.0,0,0
43,CASH_OUT,56643.79,C683503591,155158.86,98515.07,C445505799,49038.73,105682.52,0,0
50,PAYMENT,1467.07,C666700694,6808.21,5341.14,M246254923,0.0,0.0,0,0
85,PAYMENT,1326.01,C244193987,10186.08,8860.07,M214929002,0.0,0.0,0,0
86,CASH_OUT,22650.51,C641903228,56723.97,34073.46,C879757156,28929.8,51580.31,0,0
36,CASH_IN,37084.39,C115250362,3492.28,40576.67,C748348443,59585.24,22500.85,0,0
17,CASH_OUT,4382.84,C283188932,7510.8,3127.96,C812480457,45763.62,50146.46,0,0
7,PAYMENT,3492.59,C226345661,8959.43,5466.84,M627313543,0.0,0.0,0,0
76,CASH_OUT,126301.99,C669261655,241996.4,115694.41,C578090317,28362.58,154664.57,0,0
9,TRANSFER,18178.91,C454794895,33366.15,15187.24,C355555531,38833.16,57012.07,0,0
11,PAYMENT,3033.34,C263447025,3622.3,588.96,M306765234,0.0,0.0,0,0
15,PAYMENT,2393.86,C549267758,10774.61,8380.75,M173833701,0.0,0.0,0,0
38,CASH_OUT,2809.92,C165720036,3816.67,1006.75,C684506615,26732.06,29541.98,0,0
51,TRANSFER,75571.59,C374377213,247119.39,171547.8,C983375690,23793.83,99365.42,0,0
31,CASH_OUT,145853.87,C474213212,386727.22,240873.35,C305993653,25883.59,171737.46,0,0
40,CASH_IN,41849.17,C998906236,851.6,42700.77,C101030786,39438.45,0.0,0,0
13,PAYMENT,3162.47,C465355266,27189.08,24026.61,M831589220,0.0,0.0,0,0
10,PAYMENT,1144.95,C468965063,7873.96,6729.01,M440245422,0.0,0.0,0,0
18,CASH_OUT,149916.59,C446840262,414484.22,264567.63,C142102640,42740.68,192657.27,0,0
70,CASH_OUT,116410.09,C100772905,204659.08,88248.99,C643267978,9276.71,125686.8,0,0
73,CASH_IN,34072.62,C582008349,12859.84,46932.46,C706118438,98666.66,64594.04,0,0
16,CASH_IN,10110.39,C661603140,15240.44,25350.83,C140410901,80018.8,69908.41,0,0
6,TRANSFER,130304.01,C159471828,271549.17,141245.16,C318165239,31826.43,162130.44,0,0
87,PAYMENT,4090.21,C737006108,21162.82,17072.61,M487554574,0.0,0.0,0,0
100,TRANSFER,111947.93,C258500127,298430.02,186482.09,C510190265,47507.61,159455.54,0,0
32,CASH_OUT,90246.35,C275387345,143645.75,53399.4,C905021918,25794.43,116040.78,0,0
14,CASH_OUT,146543.68,C472244219,307338.65,160794.97,C752367808,20582.81,167126.49,0,0
71,PAYMENT,4996.42,C800235246,5660.05,663.63,M997677788,0.0,0.0,0,0
66,CASH_OUT,52906.5,C227621129,113215.21,60308.71,C869711410,49903.88,102810.38,0,0
89,CASH_IN,1348.62,C231122932,14688.09,16036.71,C274938712,31121.56,29772.94,0,0
11,TRANSFER,46061.79,C641942969,176128.73,130066.94,C980496878,79883.58,125945.37,0,0
85,CASH_OUT,22338.95,C351933427,50929.97,28591.02,C261894802,38542.89,60881.84,0,0
45,TRANSFER,100347.25,C940924182,358016.63,257669.38,C263898908,22084.96,122432.21,0,0
24,CASH_OUT,109887.12,C447549695,300576.84,190689.72,C395627385,29934.0,139821.12,0,0
57,CASH_OUT,86637.98,C241794996,204806.74,118168.76,C529824220,20336.88,106974.86,0,0
84,PAYMENT,4262.44,C452794611,18840.35,14577.91,M672972597,0.0,0.0,0,0
69,CASH_IN,2842.64,C891412300,11513.84,14356.48,C335591393,98283.8,95441.16,0,0
6,PAYMENT,3827.63,C405511316,29069.35,25241.72,M548392236,0.0,0.0,0,0
50,CASH_OUT,48969.05,C462711422,62006.05,13037.0,C528297429,26496.84,75465.89,0,0
72,CASH_OUT,132833.27,C874296165,134176.71,1343.44,C400646165,4447.97,137281.24,0,0
60,PAYMENT,260.16,C939035379,1744.41,1484.25,M948273358,0.0,0.0,0,0
89,CASH_OUT,48709.98,C835098955,124307.86,75597.88,C924970419,11452.4,60162.38,0,0
34,CASH_IN,47437.58,C270782032,1865.09,49302.67,C318788403,3538.38,0.0,0,0
45,PAYMENT,4924.42,C903170583,18399.08,13474.66,M496416310,0.0,0.0,0,0
6,PAYMENT,3058.31,C610173760,5062.89,2004.58,M925159146,0.0,0.0,0,0
30,TRANSFER,121950.57,C371570728,382762.7,260812.13,C600738478,29725.37,151675.94,0,0
62,DEBIT,1197.2,C145698578,5885.66,4688.46,C144051620,3606.63,4803.83,0,0
36,CASH_OUT,46862.65,C182142091,90949.52,44086.87,C429008084,21252.51,68115.16,0,0
98,CASH_IN,32818.55,C422662742,19306.25,52124.8,C573493588,39760.11,6941.56,0,0
92,CASH_OUT,143217.25,C206075687,184520.64,41303.39,C255094339,13852.39,157069.64,0,0
68,CASH_OUT,113653.15,C507071250,321641.28,207988.13,C250174497,3943.29,117596.44,0,0
28,CASH_IN,8713.71,C736820440,2414.91,11128.62,C167883991,14982.44,6268.73,0,0
75,PAYMENT,485.55,C817966331,4025.25,3539.7,M135690309,0.0,0.0,0,0
95,CASH_OUT,84800.44,C392486848,116426.17,31625.73,C761917495,23220.15,108020.59,0,0
94,PAYMENT,835.29,C209121575,7314.36,6479.07,M990024026,0.0,0.0,0,0
87,CASH_OUT,119608.43,C609490977,152083.05,32474.62,C793263796,7769.31,127377.74,0,0
40,TRANSFER,117519.39,C942211135,185921.38,68401.99,C996696177,54264.55,171783.94,0,0
45,PAYMENT,4678.65,C767868236,27331.17,22652.52,M933030595,0.0,0.0,0,0
74,CASH_IN,26121.78,C229539022,11608.39,37730.17,C990112199,77736.47,51614.69,0,0
68,CASH_IN,31422.09,C381848009,15533.89,46955.98,C226226714,41643.92,10221.83,0,0
34,TRANSFER,93878.18,C868079872,301000.26,207122.08,C634464106,34818.1,128696.28,0,0
90,CASH_OUT,46627.71,C589179779,112859.19,66231.48,C791939208,23269.83,69897.54,0,0
74,CASH_IN,28752.47,C389599251,10859.92,39612.39,C624932198,70372.18,41619.71,0,0
71,CASH_OUT,65437.84,C682787203,176039.78,110601.94,C406046409,34427.53,99865.37,0,0
67,CASH_OUT,6523.73,C902241177,14749.87,8226.14,C493887114,38900.92,45424.65,0,0
36,PAYMENT,2951.88,C937765446,25141.34,22189.46,M117183561,0.0,0.0,0,0
96,PAYMENT,1179.79,C193684208,3338.24,2158.45,M103077456,0.0,0.0,0,0
66,CASH_OUT,6803.63,C850742158,8146.0,1342.37,C330310285,47498.22,54301.85,0,0
78,PAYMENT,3312.81,C893978083,23905.71,20592.9,M158703982,0.0,0.0,0,0
90,CASH_OUT,27530.14,C468610566,47085.18,19555.04,C434143501,35363.15,62893.29,0,0
77,CASH_IN,24035.64,C566356688,9718.58,33754.22,C403035036,76329.09,52293.45,0,0
40,PAYMENT,4390.66,C358633898,7775.34,3384.68,M184564737,0.0,0.0,0,0
34,DEBIT,221.18,C909030969,810.79,589.61,C348758691,790.92,1012.1,0,0
56,CASH_OUT,90738.58,C317758061,182173.7,91435.12,C764360436,48936.6,139675.18,0,0
67,CASH_IN,47189.83,C488452267,2911.69,50101.52,C575215255,1984.92,0.0,0,0
69,CASH_OUT,45038.61,C704435323,46537.22,1498.61,C975903641,16561.98,61600.59,0,0
58,CASH_OUT,4132.22,C276409721,12237.2,8104.98,C204701827,28585.21,32717.43,0,0
91,PAYMENT,3612.07,C730122695,20397.59,16785.52,M493264998,0.0,0.0,0,0
23,PAYMENT,551.28,C182621546,1107.09,555.81,M396291256,0.0,0.0,0,0
17,PAYMENT,2126.9,C184401435,17134.88,15007.98,M919290447,0.0,0.0,0,0
64,PAYMENT,3172.07,C629042590,19575.57,16403.5,M990684745,0.0,0.0,0,0
98,CASH_OUT,983.82,C612153089,1571.38,587.56,C477698143,19499.33,20483.15,0,0
57,CASH_IN,29644.87,C274574609,11777.01,41421.88,C526802165,7465.14,0.0,0,0
26,PAYMENT,2472.2,C961919613,24505.28,22033.08,M150242357,0.0,0.0,0,0
56,CASH_IN,13456.36,C736164778,16614.62,30070.98,C363598427,9579.63,0.0,0,0
11,CASH_OUT,113961.92,C797818850,206334.51,92372.59,C200395400,18858.48,132820.4,0,0
11,PAYMENT,1320.86,C616261483,12540.74,11219.88,M137923057,0.0,0.0,0,0
22,CASH_IN,20813.22,C147258075,16312.49,37125.71,C215624631,32945.28,12132.06,0,0
39,CASH_OUT,803420.47,C916173290,803420.47,0.0,C366623584,3734.96,807155.43,1,0
16,CASH_IN,27507.95,C266148029,7056.63,34564.58,C874028813,24589.22,0.0,0,0
89,CASH_IN,9458.26,C170467095,1746.18,11204.44,C591638597,39677.57,30219.31,0,0
34,CASH_OUT,45612.36,C995972094,73548.32,27935.96,C255678099,36335.48,81947.84,0,0
52,PAYMENT,4295.81,C149604657,25675.17,21379.36,M255427067,0.0,0.0,0,0
30,CASH_OUT,78124.14,C278916307,214342.97,136218.83,C348910141,31047.23,109171.37,0,0
30,TRANSFER,215343.52,C254319982,382053.49,166709.97,C762436526,29075.95,244419.47,0,0
39,CASH_OUT,53807.94,C981889514,70082.02,16274.08,C298584850,20899.34,74707.28,0,0
24,CASH_IN,35816.45,C167753684,739.68,36556.13,C591429705,20957.51,0.0,0,0
7,TRANSFER,104433.28,C516133637,410158.38,305725.1,C946228305,25012.32,129445.6,0,0
56,CASH_OUT,49098.49,C153689612,74838.94,25740.45,C567940971,717.75,49816.24,0,0
91,TRANSFER,96826.65,C509343829,327001.12,230174.47,C812630453,52161.52,148988.17,0,0
73,CASH_OUT,25580.55,C293334613,56762.82,31182.27,C184791618,19127.21,44707.76,0,0
59,TRANSFER,1660.54,C717301394,3688.73,2028.19,C287942172,8517.2,10177.74,0,0
6,PAYMENT,4482.32,C426424160,36505.37,32023.05,M105324697,0.0,0.0,0,0
9,CASH_OUT,101592.56,C733639638,177171.29,75578.73,C473696649,21258.51,122851.07,0,0
90,CASH_OUT,44343.15,C827892854,90612.87,46269.72,C283471482,32259.3,76602.45,0,0
93,CASH_IN,38109.46,C242603228,12729.21,50838.67,C641986065,76406.2,38296.74,0,0
32,CASH_OUT,38573.03,C476326283,94150.1,55577.07,C216001265,2407.37,40980.4,0,0
74,CASH_OUT,82926.24,C144960954,186586.84,103660.6,C142279655,2651.84,85578.08,0,0
6,PAYMENT,350.92,C729313117,2797.31,2446.39,M125253306,0.0,0.0,0,0
16,PAYMENT,59.45,C839048352,173.83,114.38,M453120816,0.0,0.0,0,0
60,CASH_OUT,136187.4,C163122517,279325.5,143138.1,C637085539,15598.08,151785.48,0,0
78,CASH_OUT,33474.29,C893657022,81068.59,47594.3,C394042538,14007.83,47482.12,0,0
85,DEBIT,429.14,C466822211,992.96,563.82,C743722897,4578.69,5007.83,0,0
97,CASH_OUT,38591.01,C483236930,51871.53,13280.52,C943590330,48494.83,87085.84,0,0
19,CASH_OUT,104079.82,C831017246,186467.9,82388.08,C141642429,43947.88,148027.7,0,0
96,CASH_IN,39394.89,C940833730,14827.56,54222.45,C345211832,36992.47,0.0,0,0
1,PAYMENT,2941.22,C112141776,24148.69,21207.47,M989997332,0.0,0.0,0,0
87,PAYMENT,4928.87,C294120184,18690.45,13761.58,M554300802,0.0,0.0,0,0
70,PAYMENT,162.83,C920301073,1452.63,1289.8,M562145358,0.0,0.0,0,0
88,CASH_OUT,57057.1,C129343354,143675.42,86618.32,C623393732,4341.43,61398.53,0,0
79,PAYMENT,2891.65,C904607295,3808.57,916.92,M288364801,0.0,0.0,0,0
77,CASH_OUT,777148.43,C702831564,777148.43,0.0,C506487543,3180.75,780329.18,1,0
52,CASH_OUT,83202.16,C973123232,130600.28,47398.12,C701576895,39168.39,122370.55,0,0
4,CASH_IN,14082.59,C935949119,19830.63,33913.22,C968285490,53413.8,39331.21,0,0
21,CASH_IN,35298.09,C692362342,193.39,35491.48,C702269164,8449.14,0.0,0,0
13,CASH_OUT,123514.89,C477559154,157345.48,33830.59,C113848767,14070.89,137585.78,0,0
21,PAYMENT,1133.32,C436660421,8050.07,6916.75,M605070693,0.0,0.0,0,0
82,CASH_OUT,23010.61,C313579170,30445.29,7434.68,C918739736,47674.99,70685.6,0,0
66,PAYMENT,2867.04,C730125913,15239.71,12372.67,M714857387,0.0,0.0,0,0
59,CASH_IN,31209.33,C583127884,6826.69,38036.02,C384621456,91893.08,60683.75,0,0
18,CASH_OUT,141876.06,C699483213,210835.54,68959.48,C657212859,7461.98,149338.04,0,0
62,PAYMENT,2631.47,C581250646,21342.61,18711.14,M882863371,0.0,0.0,0,0
63,CASH_OUT,42872.84,C740745103,116387.67,73514.83,C816211902,12425.92,55298.76,0,0
88,CASH_OUT,33353.35,C108136255,91151.66,57798.31,C862712875,1619.15,34972.5,0,0
89,CASH_OUT,25941.46,C329764562,31538.71,5597.25,C207029277,41421.86,67363.32,0,0
52,CASH_OUT,106826.33,C359238756,178786.32,71959.99,C227807104,41235.78,148062.11,0,0
38,CASH_OUT,3635.4,C336642661,10272.73,6637.33,C423655601,36929.51,40564.91,0,0
96,CASH_OUT,10328.75,C595378308,23901.19,13572.44,C688870662,35679.08,46007.83,0,0
5,PAYMENT,894.07,C158269903,5384.77,4490.7,M370484159,0.0,0.0,0,0
61,PAYMENT,4340.76,C327088752,31049.64,26708.88,M914558145,0.0,0.0,0,0
6,CASH_OUT,102221.09,C876776417,276956.68,174735.59,C662657008,9738.57,111959.66,0,0
67,TRANSFER,245247.68,C555581409,964632.21,719384.53,C655510091,9025.82,254273.5,0,0
44,PAYMENT,1208.64,C528788810,2506.41,1297.77,M806672010,0.0,0.0,0,0
89,PAYMENT,965.36,C619884429,3389.43,2424.07,M364697908,0.0,0.0,0,0
68,PAYMENT,3062.21,C324466780,18809.02,15746.81,M217362383,0.0,0.0,0,0
48,PAYMENT,2524.45,C212984008,9931.48,7407.03,M936993180,0.0,0.0,0,0
50,CASH_IN,6305.61,C846723590,8536.67,14842.28,C853055712,14639.27,8333.66,0,0
73,PAYMENT,595.45,C422679822,3363.86,2768.41,M319177811,0.0,0.0,0,0
21,CASH_OUT,44434.57,C527101934,85299.44,40864.87,C423511951,41868.19,86302.76,0,0
98,CASH_OUT,92262.7,C278914614,271146.74,178884.04,C490127233,10087.93,102350.63,0,0
48,CASH_OUT,87966.42,C744673400,180639.76,92673.34,C118012944,30941.21,118907.63,0,0
52,CASH_OUT,145863.26,C282976474,191336.67,45473.41,C791330310,42630.52,188493.78,0,0
25,PAYMENT,3473.3,C506084357,22215.03,18741.73,M441397938,0.0,0.0,0,0
95,CASH_OUT,72529.11,C102774172,142560.36,70031.25,C802448013,41916.88,114445.99,0,0
41,CASH_OUT,47399.88,C277150029,119796.13,72396.25,C627502276,7563.24,54963.12,0,0
30,PAYMENT,909.0,C259003151,2177.24,1268.24,M697071746,0.0,0.0,0,0
33,CASH_IN,39436.57,C483426624,4822.52,44259.09,C470228863,66053.34,26616.77,0,0
16,PAYMENT,1060.47,C334403617,6507.79,5447.32,M218791028,0.0,0.0,0,0
76,PAYMENT,645.88,C551109264,3418.81,2772.93,M876261688,0.0,0.0,0,0
90,PAYMENT,2868.31,C677930953,19144.2,16275.89,M686930005,0.0,0.0,0,0
3,CASH_OUT,552.02,C976659977,1190.5,638.48,C333969748,2264.49,2816.51,0,0
49,PAYMENT,1027.94,C555548847,1035.79,7.85,M334518477,0.0,0.0,0,0
2,CASH_OUT,71859.26,C604011128,98355.73,26496.47,C465830215,2568.84,74428.1,0,0
98,PAYMENT,4527.0,C582452834,38386.34,33859.34,M258214411,0.0,0.0,0,0
28,PAYMENT,1102.71,C248783057,7966.44,6863.73,M881409059,0.0,0.0,0,0
49,PAYMENT,4753.0,C604201501,46144.71,41391.71,M476468571,0.0,0.0,0,0
45,CASH_OUT,118671.98,C914349140,301552.71,182880.73,C357941156,35175.29,153847.27,0,0
20,PAYMENT,3391.71,C526854182,4526.07,1134.36,M132102862,0.0,0.0,0,0
14,CASH_OUT,144454.3,C823986776,208693.22,64238.92,C310642659,21987.22,166441.52,0,0
67,CASH_OUT,1017.28,C164390815,1047.83,30.55,C676438777,23729.27,24746.55,0,0
18,CASH_OUT,91357.13,C102198503,256063.99,164706.86,C104594803,33635.32,124992.45,0,0
38,CASH_IN,6652.84,C258927104,9517.09,16169.93,C188632141,74786.19,68133.35,0,0
42,PAYMENT,125.91,C803740977,317.71,191.8,M427296749,0.0,0.0,0,0
27,CASH_IN,3094.93,C102124225,10970.87,14065.8,C119513871,38313.43,35218.5,0,0
77,CASH_OUT,27663.68,C798963775,46143.45,18479.77,C371744479,26096.03,53759.71,0,0
69,PAYMENT,3419.95,C526081956,11908.33,8488.38,M628040785,0.0,0.0,0,0
57,TRANSFER,222464.31,C569735065,771857.55,549393.24,C569019932,6314.67,228778.98,0,0
55,CASH_IN,9358.47,C759135517,8520.34,17878.81,C777194209,5003.37,0.0,0,0
22,TRANSFER,17421.11,C381283935,62490.73,45069.62,C282950234,18611.5,36032.61,0,0
5,CASH_OUT,123131.23,C665135403,180952.7,57821.47,C732051990,27652.22,150783.45,0,0
61,PAYMENT,2221.86,C643103454,20739.73,18517.87,M159757124,0.0,0.0,0,0
33,CASH_IN,30314.34,C280162221,14367.14,44681.48,C903079055,78001.4,47687.06,0,0
35,CASH_IN,38440.69,C183504266,4380.49,42821.18,C280622991,35189.7,0.0,0,0
24,CASH_OUT,118208.04,C634545407,298946.06,180738.02,C229700675,40346.29,158554.33,0,0
34,TRANSFER,78028.58,C741065526,180046.95,102018.37,C705491190,70074.59,148103.17,0,0
47,CASH_OUT,68071.12,C559591173,118613.96,50542.84,C247875836,46300.19,114371.31,0,0
50,CASH_OUT,26497.45,C286521875,43350.06,16852.61,C736212983,36905.26,63402.71,0,0
12,PAYMENT,3169.27,C565694083,15406.55,12237.28,M533140455,0.0,0.0,0,0
62,CASH_OUT,116237.57,C485195859,244487.56,128249.99,C622881542,8788.51,125026.08,0,0
79,CASH_OUT,62237.42,C571318858,186509.69,124272.27,C691874571,9611.96,71849.38,0,0
95,PAYMENT,770.86,C240974031,4251.65,3480.79,M200313598,0.0,0.0,0,0
43,CASH_OUT,42634.98,C652118299,68185.04,25550.06,C792863736,43363.05,85998.03,0,0
47,TRANSFER,225746.77,C403788949,640848.74,415101.97,C382626443,60925.11,286671.88,0,0
6,PAYMENT,871.65,C130794826,2298.85,1427.2,M993088552,0.0,0.0,0,0
85,CASH_OUT,30031.25,C615748688,42461.36,12430.11,C127633490,31909.53,61940.78,0,0
91,CASH_OUT,15968.59,C976555613,22050.19,6081.6,C243586973,3145.78,19114.37,0,0
8,TRANSFER,241037.46,C813848970,744256.26,503218.8,C247016174,65255.47,306292.93,0,0
73,CASH_IN,24352.81,C906045994,4589.36,28942.17,C116606288,13938.15,0.0,0,0
4,CASH_OUT,1155.72,C624473843,2052.61,896.89,C531418689,38021.26,39176.98,0,0
30,CASH_IN,45240.84,C377724867,15802.33,61043.17,C194958483,42928.76,0.0,0,0
11,TRANSFER,931372.58,C383139583,931372.58,0.0,C587693627,3939.78,935312.36,1,0
21,PAYMENT,776.79,C614223965,4576.64,3799.85,M159995868,0.0,0.0,0,0
80,CASH_OUT,113924.39,C658360212,169641.89,55717.5,C915994350,39031.18,152955.57,0,0
54,CASH_IN,1630.72,C907509543,4168.56,5799.28,C843616161,25849.78,24219.06,0,0
10,CASH_OUT,21547.61,C403959566,47704.98,26157.37,C450620232,18014.35,39561.96,0,0
77,CASH_IN,9953.88,C734351958,3867.52,13821.4,C619990881,46502.56,36548.68,0,0
31,CASH_IN,8581.88,C922424132,13164.0,21745.88,C964783242,88105.39,79523.51,0,0
68,CASH_OUT,64338.5,C268030171,162211.89,97873.39,C447066146,41951.52,106290.02,0,0
61,CASH_IN,37998.26,C353010546,8684.87,46683.13,C793383880,79150.97,41152.71,0,0
66,PAYMENT,4466.39,C895429952,26227.29,21760.9,M400232979,0.0,0.0,0,0
45,PAYMENT,2249.47,C340857191,19738.27,17488.8,M839197050,0.0,0.0,0,0
76,CASH_OUT,139778.72,C953875024,281633.03,141854.31,C353736066,21311.99,161090.71,0,0
89,TRANSFER,9489.02,C685823118,26071.35,16582.33,C496442646,11847.5,21336.52,0,0
97,CASH_OUT,113789.02,C993821073,131692.44,17903.42,C301960858,36077.54,149866.56,0,0
72,PAYMENT,2356.55,C204800493,7842.28,5485.73,M895555607,0.0,0.0,0,0
74,PAYMENT,2233.28,C311008573,9736.77,7503.49,M686175950,0.0,0.0,0,0
41,PAYMENT,4718.68,C937270243,11714.54,6995.86,M256357107,0.0,0.0,0,0
95,CASH_IN,25921.82,C156727602,17515.98,43437.8,C678774087,80095.35,54173.53,0,0
45,CASH_OUT,102697.21,C923973312,242018.36,139321.15,C155877346,17107.05,119804.26,0,0
17,PAYMENT,2654.47,C862631115,8875.63,6221.16,M252252010,0.0,0.0,0,0
94,PAYMENT,4591.71,C728380379,13636.09,9044.38,M412246300,0.0,0.0,0,0
59,PAYMENT,3210.31,C327746886,31267.91,28057.6,M741180590,0.0,0.0,0,0
78,PAYMENT,1914.25,C926741898,5159.64,3245.39,M431535716,0.0,0.0,0,0
2,PAYMENT,555.06,C475556852,1359.85,804.79,M668026820,0.0,0.0,0,0
44,PAYMENT,2392.1,C352093240,18765.55,16373.45,M822418424,0.0,0.0,0,0
52,CASH_IN,40430.94,C675992495,19944.83,60375.77,C214694782,30003.76,0.0,0,0
58,CASH_OUT,92374.27,C518740692,128523.39,36149.12,C580134151,34075.84,126450.11,0,0
61,CASH_OUT,142728.18,C917289898,207691.91,64963.73,C526818051,36166.79,178894.97,0,0
85,PAYMENT,3095.27,C809180864,5795.58,2700.31,M534547817,0.0,0.0,0,0
36,CASH_OUT,80027.27,C854711076,141233.46,61206.19,C362652326,49657.7,129684.97,0,0
60,CASH_OUT,18075.27,C309237446,39917.98,21842.71,C128421680,11335.46,29410.73,0,0
36,TRANSFER,127201.98,C787479760,381724.93,254522.95,C550590774,20099.93,147301.91,0,0
10,PAYMENT,1541.52,C951078441,12976.77,11435.25,M904187231,0.0,0.0,0,0
64,PAYMENT,2786.37,C324876907,11783.78,8997.41,M119467577,0.0,0.0,0,0
25,CASH_IN,40871.67,C368520783,252.31,41123.98,C989328868,97485.25,56613.58,0,0
3,CASH_OUT,8785.01,C255031661,23289.58,14504.57,C693367852,32173.41,40958.42,0,0
83,PAYMENT,2953.63,C597408493,6150.94,3197.31,M835680345,0.0,0.0,0,0
51,PAYMENT,577.84,C369085856,2279.0,1701.16,M246544896,0.0,0.0,0,0
27,CASH_OUT,71476.76,C473984594,174688.34,103211.58,C570477095,22622.36,94099.12,0,0
42,TRANSFER,853722.16,C748901638,853722.16,0.0,C995233308,273.8,853995.96,1,1
91,TRANSFER,31637.21,C412360952,42016.79,10379.58,C573323381,75777.96,107415.17,0,0
58,CASH_OUT,97374.84,C686301924,161608.7,64233.86,C162071486,27332.78,124707.62,0,0
75,CASH_OUT,33006.99,C322478872,62850.59,29843.6,C317970120,11719.23,44726.22,0,0
58,CASH_OUT,98702.04,C336234705,143316.44,44614.4,C591663969,48052.53,146754.57,0,0
36,CASH_OUT,68258.88,C496287154,112939.68,44680.8,C624033772,123.65,68382.53,0,0
17,PAYMENT,146.54,C979237335,264.94,118.4,M860962737,0.0,0.0,0,0
28,CASH_IN,47769.33,C283816626,8542.0,56311.33,C886843517,33368.52,0.0,0,0
84,TRANSFER,216739.7,C852368171,744879.0,528139.3,C777358085,37625.25,254364.95,0,0
28,PAYMENT,1144.41,C877819947,3414.43,2270.02,M751472531,0.0,0.0,0,0
22,PAYMENT,3929.37,C364328543,30092.47,26163.1,M864717990,0.0,0.0,0,0
27,CASH_OUT,35782.23,C156221065,38255.01,2472.78,C956384754,30718.13,66500.36,0,0
50,TRANSFER,196989.79,C496996648,498914.27,301924.48,C786744780,49567.08,246556.87,0,0
95,CASH_OUT,82399.53,C759182324,208974.09,126574.56,C812582088,15988.33,98387.86,0,0
54,CASH_OUT,72204.79,C101568217,87868.35,15663.56,C301189013,15316.9,87521.69,0,0
96,CASH_IN,6549.27,C971630639,11729.3,18278.57,C164404084,56597.05,50047.78,0,0
95,CASH_OUT,31106.14,C848732917,84099.89,52993.75,C109370610,32005.75,63111.89,0,0
10,CASH_OUT,706449.44,C214479227,706449.44,0.0,C716042634,2115.62,708565.06,1,0
20,CASH_OUT,10163.28,C609241268,11898.44,1735.16,C993108266,21593.83,31757.11,0,0
99,CASH_IN,34977.6,C943854460,6279.22,41256.82,C893557750,85489.9,50512.3,0,0
76,CASH_IN,5030.25,C392177384,3191.22,8221.47,C330952719,37751.91,32721.66,0,0
32,CASH_OUT,141525.34,C802879944,214361.85,72836.51,C462456889,41079.6,182604.94,0,0
23,PAYMENT,2250.3,C850251037,22277.6,20027.3,M243040275,0.0,0.0,0,0
79,CASH_IN,40384.0,C922029059,19621.12,60005.12,C471348848,95040.87,54656.87,0,0
11,PAYMENT,3981.99,C188379960,9359.33,5377.34,M109115922,0.0,0.0,0,0
94,DEBIT,1470.81,C326763783,4439.69,2968.88,C733177858,703.49,2174.3,0,0
18,CASH_IN,31824.83,C910662740,15141.55,46966.38,C100197929,66427.26,34602.43,0,0
62,TRANSFER,47957.81,C265439752,153336.62,105378.81,C619124046,41890.24,89848.05,0,0
52,CASH_OUT,57478.96,C378088986,112246.17,54767.21,C108584526,33166.84,90645.8,0,0
97,PAYMENT,3628.4,C509992924,25020.81,21392.41,M427986788,0.0,0.0,0,0
15,CASH_OUT,64225.14,C586962881,94581.46,30356.32,C184017446,22307.36,86532.5,0,0
4,TRANSFER,33917.16,C827059836,118082.04,84164.88,C470383380,28727.22,62644.38,0,0
